_id_material,material_id,_id_reaction,Al,Sc,Ti,Cr,Mn,Fe,Co,Ni,Cu,Zn,Ga,Sr,Y,Zr,Nb,Sn,La,Ce,Pr,Nd,Sm,Eu,Gd,Tb,Ho,Yb,Lu,Hf,Bi,Pm,Sbet,calcination_temp,calcination_time,single_phase_binary,gas_co_content,gas_o2_content,flow_mL_h_g,pretreatment_temp,pretreatment_o2_vol%,pretreatment_time_h,temperature,conversion
6967aede5c48023e106c03e4,6967aede5c48023e106c03e4,6967aede38e7cc6db0ba7314,0.0,0.0,0.0,0.0,0.0,0.0,0.0,0.0,0.0,0.0,0.0,0.0,0.0,0.0,0.0,0.0,0.0,1.0,0.0,0.0,0.0,0.0,0.0,0.0,0.0,0.0,0.0,0.0,0.0,0.0,67.7,500.0,4.0,1,0.01,0.2,12000.0,0.0,0.0,0.0,364.0,0.5
6967aede5c48023e106c03e4,6967aede5c48023e106c03e4,6967aede38e7cc6db0ba7314,0.0,0.0,0.0,0.0,0.0,0.0,0.0,0.0,0.0,0.0,0.0,0.0,0.0,0.0,0.0,0.0,0.0,1.0,0.0,0.0,0.0,0.0,0.0,0.0,0.0,0.0,0.0,0.0,0.0,0.0,67.7,500.0,4.0,1,0.01,0.2,12000.0,0.0,0.0,0.0,322.0,0.2
6967aede5c48023e106c03e4,6967aede5c48023e106c03e4,6967aede38e7cc6db0ba7314,0.0,0.0,0.0,0.0,0.0,0.0,0.0,0.0,0.0,0.0,0.0,0.0,0.0,0.0,0.0,0.0,0.0,1.0,0.0,0.0,0.0,0.0,0.0,0.0,0.0,0.0,0.0,0.0,0.0,0.0,67.7,500.0,4.0,1,0.01,0.2,12000.0,0.0,0.0,0.0,395.0,0.7
6967aedf5c48023e106c03e5,6967aedf5c48023e106c03e5,6967aedf38e7cc6db0ba7315,0.0,0.0,0.0,0.0,0.0,0.0,0.0,0.0,0.0,0.0,0.0,0.0,0.0,0.0,0.0,0.0,0.0,1.0,0.0,0.0,0.0,0.0,0.0,0.0,0.0,0.0,0.0,0.0,0.0,0.0,31.6,500.0,4.0,1,0.01,0.2,12000.0,0.0,0.0,0.0,300.0,0.2
6967aedf5c48023e106c03e5,6967aedf5c48023e106c03e5,6967aedf38e7cc6db0ba7315,0.0,0.0,0.0,0.0,0.0,0.0,0.0,0.0,0.0,0.0,0.0,0.0,0.0,0.0,0.0,0.0,0.0,1.0,0.0,0.0,0.0,0.0,0.0,0.0,0.0,0.0,0.0,0.0,0.0,0.0,31.6,500.0,4.0,1,0.01,0.2,12000.0,0.0,0.0,0.0,335.0,0.5
6967aedf5c48023e106c03e5,6967aedf5c48023e106c03e5,6967aedf38e7cc6db0ba7315,0.0,0.0,0.0,0.0,0.0,0.0,0.0,0.0,0.0,0.0,0.0,0.0,0.0,0.0,0.0,0.0,0.0,1.0,0.0,0.0,0.0,0.0,0.0,0.0,0.0,0.0,0.0,0.0,0.0,0.0,31.6,500.0,4.0,1,0.01,0.2,12000.0,0.0,0.0,0.0,381.0,0.8
6967aedf5c48023e106c03e6,6967aedf5c48023e106c03e6,6967aedf38e7cc6db0ba7316,0.0,0.0,0.0,0.0,0.0,0.0,0.0,0.0,0.0,0.0,0.0,0.0,0.0,0.0,0.0,0.0,0.0,1.0,0.0,0.0,0.0,0.0,0.0,0.0,0.0,0.0,0.0,0.0,0.0,0.0,87.6,500.0,4.0,1,0.01,0.2,12000.0,0.0,0.0,0.0,315.0,0.2
6967aedf5c48023e106c03e6,6967aedf5c48023e106c03e6,6967aedf38e7cc6db0ba7316,0.0,0.0,0.0,0.0,0.0,0.0,0.0,0.0,0.0,0.0,0.0,0.0,0.0,0.0,0.0,0.0,0.0,1.0,0.0,0.0,0.0,0.0,0.0,0.0,0.0,0.0,0.0,0.0,0.0,0.0,87.6,500.0,4.0,1,0.01,0.2,12000.0,0.0,0.0,0.0,355.0,0.5
6967aedf5c48023e106c03e6,6967aedf5c48023e106c03e6,6967aedf38e7cc6db0ba7316,0.0,0.0,0.0,0.0,0.0,0.0,0.0,0.0,0.0,0.0,0.0,0.0,0.0,0.0,0.0,0.0,0.0,1.0,0.0,0.0,0.0,0.0,0.0,0.0,0.0,0.0,0.0,0.0,0.0,0.0,87.6,500.0,4.0,1,0.01,0.2,12000.0,0.0,0.0,0.0,380.0,0.7
6967aee05c48023e106c03e7,6967aee05c48023e106c03e7,6967aee038e7cc6db0ba7317,0.0,0.0,0.0,0.0,0.0,0.0,0.0,0.0,0.0,0.0,0.0,0.0,0.0,0.0,0.0,0.0,0.0,1.0,0.0,0.0,0.0,0.0,0.0,0.0,0.0,0.0,0.0,0.0,0.0,0.0,98.2,500.0,4.0,1,0.01,0.2,12000.0,0.0,0.0,0.0,265.0,0.2
6967aee05c48023e106c03e7,6967aee05c48023e106c03e7,6967aee038e7cc6db0ba7317,0.0,0.0,0.0,0.0,0.0,0.0,0.0,0.0,0.0,0.0,0.0,0.0,0.0,0.0,0.0,0.0,0.0,1.0,0.0,0.0,0.0,0.0,0.0,0.0,0.0,0.0,0.0,0.0,0.0,0.0,98.2,500.0,4.0,1,0.01,0.2,12000.0,0.0,0.0,0.0,304.0,0.5
6967aee05c48023e106c03e7,6967aee05c48023e106c03e7,6967aee038e7cc6db0ba7317,0.0,0.0,0.0,0.0,0.0,0.0,0.0,0.0,0.0,0.0,0.0,0.0,0.0,0.0,0.0,0.0,0.0,1.0,0.0,0.0,0.0,0.0,0.0,0.0,0.0,0.0,0.0,0.0,0.0,0.0,98.2,500.0,4.0,1,0.01,0.2,12000.0,0.0,0.0,0.0,365.0,0.9
6967aee05c48023e106c03e8,6967aee05c48023e106c03e8,6967aee038e7cc6db0ba7318,0.0,0.0,0.0,0.0,0.0,0.0,0.0,0.0,0.0,0.0,0.0,0.0,0.0,0.0,0.0,0.0,0.0,1.0,0.0,0.0,0.0,0.0,0.0,0.0,0.0,0.0,0.0,0.0,0.0,0.0,69.9,500.0,4.0,1,0.01,0.2,12000.0,0.0,0.0,0.0,189.93870284400776,0.05697797824356593
6967aee05c48023e106c03e8,6967aee05c48023e106c03e8,6967aee038e7cc6db0ba7318,0.0,0.0,0.0,0.0,0.0,0.0,0.0,0.0,0.0,0.0,0.0,0.0,0.0,0.0,0.0,0.0,0.0,1.0,0.0,0.0,0.0,0.0,0.0,0.0,0.0,0.0,0.0,0.0,0.0,0.0,69.9,500.0,4.0,1,0.01,0.2,12000.0,0.0,0.0,0.0,200.06219858475683,0.11958458098017662
6967aee05c48023e106c03e8,6967aee05c48023e106c03e8,6967aee038e7cc6db0ba7318,0.0,0.0,0.0,0.0,0.0,0.0,0.0,0.0,0.0,0.0,0.0,0.0,0.0,0.0,0.0,0.0,0.0,1.0,0.0,0.0,0.0,0.0,0.0,0.0,0.0,0.0,0.0,0.0,0.0,0.0,69.9,500.0,4.0,1,0.01,0.2,12000.0,0.0,0.0,0.0,209.98422499661964,0.344919076678164
6967aee05c48023e106c03e8,6967aee05c48023e106c03e8,6967aee038e7cc6db0ba7318,0.0,0.0,0.0,0.0,0.0,0.0,0.0,0.0,0.0,0.0,0.0,0.0,0.0,0.0,0.0,0.0,0.0,1.0,0.0,0.0,0.0,0.0,0.0,0.0,0.0,0.0,0.0,0.0,0.0,0.0,69.9,500.0,4.0,1,0.01,0.2,12000.0,0.0,0.0,0.0,212.2842204894758,0.4999147178107114
6967aee05c48023e106c03e8,6967aee05c48023e106c03e8,6967aee038e7cc6db0ba7318,0.0,0.0,0.0,0.0,0.0,0.0,0.0,0.0,0.0,0.0,0.0,0.0,0.0,0.0,0.0,0.0,0.0,1.0,0.0,0.0,0.0,0.0,0.0,0.0,0.0,0.0,0.0,0.0,0.0,0.0,69.9,500.0,4.0,1,0.01,0.2,12000.0,0.0,0.0,0.0,219.93464641456708,1.0005495963309707
6967aee15220ac46b0141225,6967aee15220ac46b0141225,6967aee138e7cc6db0ba731b,0.0,0.0,0.0,0.0,0.0,0.0,0.0,0.0,0.19607843137254902,0.0,0.0,0.0,0.0,0.23529411764705882,0.0,0.0,0.0,0.5686274509803921,0.0,0.0,0.0,0.0,0.0,0.0,0.0,0.0,0.0,0.0,0.0,0.0,84.2,500.0,4.0,0,0.01,0.025,18000.0,200.0,0.0,0.5,75.0,0.5
6967aee15220ac46b0141225,6967aee15220ac46b0141225,6967aee138e7cc6db0ba731b,0.0,0.0,0.0,0.0,0.0,0.0,0.0,0.0,0.19607843137254902,0.0,0.0,0.0,0.0,0.23529411764705882,0.0,0.0,0.0,0.5686274509803921,0.0,0.0,0.0,0.0,0.0,0.0,0.0,0.0,0.0,0.0,0.0,0.0,84.2,500.0,4.0,0,0.01,0.025,18000.0,200.0,0.0,0.5,115.0,1.0
6967aee15220ac46b0141225,6967aee15220ac46b0141225,6967aee138e7cc6db0ba731b,0.0,0.0,0.0,0.0,0.0,0.0,0.0,0.0,0.19607843137254902,0.0,0.0,0.0,0.0,0.23529411764705882,0.0,0.0,0.0,0.5686274509803921,0.0,0.0,0.0,0.0,0.0,0.0,0.0,0.0,0.0,0.0,0.0,0.0,84.2,500.0,4.0,0,0.01,0.025,18000.0,200.0,0.0,0.5,88.0,0.9
6967aee15220ac46b0141225,6967aee15220ac46b0141225,6967aee138e7cc6db0ba731b,0.0,0.0,0.0,0.0,0.0,0.0,0.0,0.0,0.19607843137254902,0.0,0.0,0.0,0.0,0.23529411764705882,0.0,0.0,0.0,0.5686274509803921,0.0,0.0,0.0,0.0,0.0,0.0,0.0,0.0,0.0,0.0,0.0,0.0,84.2,500.0,4.0,0,0.01,0.025,18000.0,200.0,0.0,0.5,50.0,0.14
6967aee15220ac46b0141225,6967aee15220ac46b0141225,6967aee138e7cc6db0ba731b,0.0,0.0,0.0,0.0,0.0,0.0,0.0,0.0,0.19607843137254902,0.0,0.0,0.0,0.0,0.23529411764705882,0.0,0.0,0.0,0.5686274509803921,0.0,0.0,0.0,0.0,0.0,0.0,0.0,0.0,0.0,0.0,0.0,0.0,84.2,500.0,4.0,0,0.01,0.025,18000.0,200.0,0.0,0.5,60.0,0.29
6967aee15220ac46b0141225,6967aee15220ac46b0141225,6967aee138e7cc6db0ba731b,0.0,0.0,0.0,0.0,0.0,0.0,0.0,0.0,0.19607843137254902,0.0,0.0,0.0,0.0,0.23529411764705882,0.0,0.0,0.0,0.5686274509803921,0.0,0.0,0.0,0.0,0.0,0.0,0.0,0.0,0.0,0.0,0.0,0.0,84.2,500.0,4.0,0,0.01,0.025,18000.0,200.0,0.0,0.5,70.0,0.8
6967aee35220ac46b0141227,6967aee35220ac46b0141227,6967aee438e7cc6db0ba7324,0.0,0.0,0.0,0.0,0.0,0.0,0.0,0.0,0.22,0.0,0.0,0.0,0.0,0.0,0.0,0.0,0.0,0.78,0.0,0.0,0.0,0.0,0.0,0.0,0.0,0.0,0.0,0.0,0.0,0.0,59.7,500.0,4.0,1,0.01,0.025,18000.0,200.0,0.0,0.5,75.0,0.5
6967aee35220ac46b0141227,6967aee35220ac46b0141227,6967aee438e7cc6db0ba7324,0.0,0.0,0.0,0.0,0.0,0.0,0.0,0.0,0.22,0.0,0.0,0.0,0.0,0.0,0.0,0.0,0.0,0.78,0.0,0.0,0.0,0.0,0.0,0.0,0.0,0.0,0.0,0.0,0.0,0.0,59.7,500.0,4.0,1,0.01,0.025,18000.0,200.0,0.0,0.5,90.0,0.9
6967aee35220ac46b0141227,6967aee35220ac46b0141227,6967aee438e7cc6db0ba7324,0.0,0.0,0.0,0.0,0.0,0.0,0.0,0.0,0.22,0.0,0.0,0.0,0.0,0.0,0.0,0.0,0.0,0.78,0.0,0.0,0.0,0.0,0.0,0.0,0.0,0.0,0.0,0.0,0.0,0.0,59.7,500.0,4.0,1,0.01,0.025,18000.0,200.0,0.0,0.5,60.0,0.24
6967aee35220ac46b0141227,6967aee35220ac46b0141227,6967aee438e7cc6db0ba7324,0.0,0.0,0.0,0.0,0.0,0.0,0.0,0.0,0.22,0.0,0.0,0.0,0.0,0.0,0.0,0.0,0.0,0.78,0.0,0.0,0.0,0.0,0.0,0.0,0.0,0.0,0.0,0.0,0.0,0.0,59.7,500.0,4.0,1,0.01,0.025,18000.0,200.0,0.0,0.5,70.0,0.38
6967aee35220ac46b0141227,6967aee35220ac46b0141227,6967aee438e7cc6db0ba7324,0.0,0.0,0.0,0.0,0.0,0.0,0.0,0.0,0.22,0.0,0.0,0.0,0.0,0.0,0.0,0.0,0.0,0.78,0.0,0.0,0.0,0.0,0.0,0.0,0.0,0.0,0.0,0.0,0.0,0.0,59.7,500.0,4.0,1,0.01,0.025,18000.0,200.0,0.0,0.5,80.0,0.61
6967aee95c48023e106c03f2,6967aee95c48023e106c03f2,6967aee938e7cc6db0ba7337,0.0,0.0,0.0,0.0,0.0,0.0,0.0,0.0,0.0,0.0,0.0,0.0,0.0,0.0,0.0,0.0,0.0,1.0,0.0,0.0,0.0,0.0,0.0,0.0,0.0,0.0,0.0,0.0,0.0,0.0,60.3,500.0,3.0,1,0.01,0.05,10000.000000000002,300.0,0.0,1.0,248.0,0.5
6967aee95c48023e106c03f2,6967aee95c48023e106c03f2,6967aee938e7cc6db0ba7337,0.0,0.0,0.0,0.0,0.0,0.0,0.0,0.0,0.0,0.0,0.0,0.0,0.0,0.0,0.0,0.0,0.0,1.0,0.0,0.0,0.0,0.0,0.0,0.0,0.0,0.0,0.0,0.0,0.0,0.0,60.3,500.0,3.0,1,0.01,0.05,10000.000000000002,300.0,0.0,1.0,200.0,0.3
6967aee95c48023e106c03f2,6967aee95c48023e106c03f2,6967aee938e7cc6db0ba7337,0.0,0.0,0.0,0.0,0.0,0.0,0.0,0.0,0.0,0.0,0.0,0.0,0.0,0.0,0.0,0.0,0.0,1.0,0.0,0.0,0.0,0.0,0.0,0.0,0.0,0.0,0.0,0.0,0.0,0.0,60.3,500.0,3.0,1,0.01,0.05,10000.000000000002,300.0,0.0,1.0,150.0,0.09300000000000001
6967aee95c48023e106c03f2,6967aee95c48023e106c03f2,6967aee938e7cc6db0ba7337,0.0,0.0,0.0,0.0,0.0,0.0,0.0,0.0,0.0,0.0,0.0,0.0,0.0,0.0,0.0,0.0,0.0,1.0,0.0,0.0,0.0,0.0,0.0,0.0,0.0,0.0,0.0,0.0,0.0,0.0,60.3,500.0,3.0,1,0.01,0.05,10000.000000000002,300.0,0.0,1.0,275.0,0.624
6967aee95c48023e106c03f2,6967aee95c48023e106c03f2,6967aee938e7cc6db0ba7337,0.0,0.0,0.0,0.0,0.0,0.0,0.0,0.0,0.0,0.0,0.0,0.0,0.0,0.0,0.0,0.0,0.0,1.0,0.0,0.0,0.0,0.0,0.0,0.0,0.0,0.0,0.0,0.0,0.0,0.0,60.3,500.0,3.0,1,0.01,0.05,10000.000000000002,300.0,0.0,1.0,325.0,0.83
6967aee95c48023e106c03f2,6967aee95c48023e106c03f2,6967aee938e7cc6db0ba7337,0.0,0.0,0.0,0.0,0.0,0.0,0.0,0.0,0.0,0.0,0.0,0.0,0.0,0.0,0.0,0.0,0.0,1.0,0.0,0.0,0.0,0.0,0.0,0.0,0.0,0.0,0.0,0.0,0.0,0.0,60.3,500.0,3.0,1,0.01,0.05,10000.000000000002,300.0,0.0,1.0,350.0,0.9
6967af0c5c48023e106c0420,6967af0c5c48023e106c0420,6967af0c38e7cc6db0ba73a6,0.0,0.0,0.0,0.0,0.5,0.0,0.0,0.0,0.0,0.0,0.0,0.0,0.0,0.0,0.0,0.0,0.0,0.5,0.0,0.0,0.0,0.0,0.0,0.0,0.0,0.0,0.0,0.0,0.0,0.0,105.4,400.0,6.0,0,0.01,0.2,60000.0,0.0,0.0,0.0,50.0,0.059000000000000004
6967af0c5c48023e106c0420,6967af0c5c48023e106c0420,6967af0c38e7cc6db0ba73a6,0.0,0.0,0.0,0.0,0.5,0.0,0.0,0.0,0.0,0.0,0.0,0.0,0.0,0.0,0.0,0.0,0.0,0.5,0.0,0.0,0.0,0.0,0.0,0.0,0.0,0.0,0.0,0.0,0.0,0.0,105.4,400.0,6.0,0,0.01,0.2,60000.0,0.0,0.0,0.0,70.0,0.11
6967af0c5c48023e106c0420,6967af0c5c48023e106c0420,6967af0c38e7cc6db0ba73a6,0.0,0.0,0.0,0.0,0.5,0.0,0.0,0.0,0.0,0.0,0.0,0.0,0.0,0.0,0.0,0.0,0.0,0.5,0.0,0.0,0.0,0.0,0.0,0.0,0.0,0.0,0.0,0.0,0.0,0.0,105.4,400.0,6.0,0,0.01,0.2,60000.0,0.0,0.0,0.0,90.0,0.157
6967af0c5c48023e106c0420,6967af0c5c48023e106c0420,6967af0c38e7cc6db0ba73a6,0.0,0.0,0.0,0.0,0.5,0.0,0.0,0.0,0.0,0.0,0.0,0.0,0.0,0.0,0.0,0.0,0.0,0.5,0.0,0.0,0.0,0.0,0.0,0.0,0.0,0.0,0.0,0.0,0.0,0.0,105.4,400.0,6.0,0,0.01,0.2,60000.0,0.0,0.0,0.0,110.0,0.313
6967af0c5c48023e106c0420,6967af0c5c48023e106c0420,6967af0c38e7cc6db0ba73a6,0.0,0.0,0.0,0.0,0.5,0.0,0.0,0.0,0.0,0.0,0.0,0.0,0.0,0.0,0.0,0.0,0.0,0.5,0.0,0.0,0.0,0.0,0.0,0.0,0.0,0.0,0.0,0.0,0.0,0.0,105.4,400.0,6.0,0,0.01,0.2,60000.0,0.0,0.0,0.0,130.0,0.527
6967af0c5c48023e106c0420,6967af0c5c48023e106c0420,6967af0c38e7cc6db0ba73a6,0.0,0.0,0.0,0.0,0.5,0.0,0.0,0.0,0.0,0.0,0.0,0.0,0.0,0.0,0.0,0.0,0.0,0.5,0.0,0.0,0.0,0.0,0.0,0.0,0.0,0.0,0.0,0.0,0.0,0.0,105.4,400.0,6.0,0,0.01,0.2,60000.0,0.0,0.0,0.0,150.0,0.727
6967af0c5c48023e106c0420,6967af0c5c48023e106c0420,6967af0c38e7cc6db0ba73a6,0.0,0.0,0.0,0.0,0.5,0.0,0.0,0.0,0.0,0.0,0.0,0.0,0.0,0.0,0.0,0.0,0.0,0.5,0.0,0.0,0.0,0.0,0.0,0.0,0.0,0.0,0.0,0.0,0.0,0.0,105.4,400.0,6.0,0,0.01,0.2,60000.0,0.0,0.0,0.0,170.0,0.88
6967af0c5c48023e106c0420,6967af0c5c48023e106c0420,6967af0c38e7cc6db0ba73a6,0.0,0.0,0.0,0.0,0.5,0.0,0.0,0.0,0.0,0.0,0.0,0.0,0.0,0.0,0.0,0.0,0.0,0.5,0.0,0.0,0.0,0.0,0.0,0.0,0.0,0.0,0.0,0.0,0.0,0.0,105.4,400.0,6.0,0,0.01,0.2,60000.0,0.0,0.0,0.0,190.0,0.95
6967af0c5220ac46b014124a,6967af0c5220ac46b014124a,6967af0c38e7cc6db0ba73a8,0.0,0.0,0.0,0.0,0.42857142857142855,0.0,0.0,0.0,0.0,0.0,0.0,0.0,0.0,0.0,0.0,0.0,0.0,0.5714285714285714,0.0,0.0,0.0,0.0,0.0,0.0,0.0,0.0,0.0,0.0,0.0,0.0,94.4,400.0,6.0,0,0.01,0.2,60000.0,0.0,0.0,0.0,70.0,0.03
6967af0c5220ac46b014124a,6967af0c5220ac46b014124a,6967af0c38e7cc6db0ba73a8,0.0,0.0,0.0,0.0,0.42857142857142855,0.0,0.0,0.0,0.0,0.0,0.0,0.0,0.0,0.0,0.0,0.0,0.0,0.5714285714285714,0.0,0.0,0.0,0.0,0.0,0.0,0.0,0.0,0.0,0.0,0.0,0.0,94.4,400.0,6.0,0,0.01,0.2,60000.0,0.0,0.0,0.0,90.0,0.075
6967af0c5220ac46b014124a,6967af0c5220ac46b014124a,6967af0c38e7cc6db0ba73a8,0.0,0.0,0.0,0.0,0.42857142857142855,0.0,0.0,0.0,0.0,0.0,0.0,0.0,0.0,0.0,0.0,0.0,0.0,0.5714285714285714,0.0,0.0,0.0,0.0,0.0,0.0,0.0,0.0,0.0,0.0,0.0,0.0,94.4,400.0,6.0,0,0.01,0.2,60000.0,0.0,0.0,0.0,110.0,0.154
6967af0c5220ac46b014124a,6967af0c5220ac46b014124a,6967af0c38e7cc6db0ba73a8,0.0,0.0,0.0,0.0,0.42857142857142855,0.0,0.0,0.0,0.0,0.0,0.0,0.0,0.0,0.0,0.0,0.0,0.0,0.5714285714285714,0.0,0.0,0.0,0.0,0.0,0.0,0.0,0.0,0.0,0.0,0.0,0.0,94.4,400.0,6.0,0,0.01,0.2,60000.0,0.0,0.0,0.0,130.0,0.29600000000000004
6967af0c5220ac46b014124a,6967af0c5220ac46b014124a,6967af0c38e7cc6db0ba73a8,0.0,0.0,0.0,0.0,0.42857142857142855,0.0,0.0,0.0,0.0,0.0,0.0,0.0,0.0,0.0,0.0,0.0,0.0,0.5714285714285714,0.0,0.0,0.0,0.0,0.0,0.0,0.0,0.0,0.0,0.0,0.0,0.0,94.4,400.0,6.0,0,0.01,0.2,60000.0,0.0,0.0,0.0,150.0,0.49
6967af0c5220ac46b014124a,6967af0c5220ac46b014124a,6967af0c38e7cc6db0ba73a8,0.0,0.0,0.0,0.0,0.42857142857142855,0.0,0.0,0.0,0.0,0.0,0.0,0.0,0.0,0.0,0.0,0.0,0.0,0.5714285714285714,0.0,0.0,0.0,0.0,0.0,0.0,0.0,0.0,0.0,0.0,0.0,0.0,94.4,400.0,6.0,0,0.01,0.2,60000.0,0.0,0.0,0.0,170.0,0.687
6967af0c5220ac46b014124a,6967af0c5220ac46b014124a,6967af0c38e7cc6db0ba73a8,0.0,0.0,0.0,0.0,0.42857142857142855,0.0,0.0,0.0,0.0,0.0,0.0,0.0,0.0,0.0,0.0,0.0,0.0,0.5714285714285714,0.0,0.0,0.0,0.0,0.0,0.0,0.0,0.0,0.0,0.0,0.0,0.0,94.4,400.0,6.0,0,0.01,0.2,60000.0,0.0,0.0,0.0,190.0,0.835
6967af0c5220ac46b014124a,6967af0c5220ac46b014124a,6967af0c38e7cc6db0ba73a8,0.0,0.0,0.0,0.0,0.42857142857142855,0.0,0.0,0.0,0.0,0.0,0.0,0.0,0.0,0.0,0.0,0.0,0.0,0.5714285714285714,0.0,0.0,0.0,0.0,0.0,0.0,0.0,0.0,0.0,0.0,0.0,0.0,94.4,400.0,6.0,0,0.01,0.2,60000.0,0.0,0.0,0.0,210.0,0.92
6967af0c5220ac46b014124a,6967af0c5220ac46b014124a,6967af0c38e7cc6db0ba73a8,0.0,0.0,0.0,0.0,0.42857142857142855,0.0,0.0,0.0,0.0,0.0,0.0,0.0,0.0,0.0,0.0,0.0,0.0,0.5714285714285714,0.0,0.0,0.0,0.0,0.0,0.0,0.0,0.0,0.0,0.0,0.0,0.0,94.4,400.0,6.0,0,0.01,0.2,60000.0,0.0,0.0,0.0,230.0,0.968
6967af0d5220ac46b014124d,6967af0d5220ac46b014124d,6967af0d38e7cc6db0ba73ab,0.0,0.0,0.0,0.0,0.24812030075187969,0.0,0.0,0.0,0.0,0.0,0.0,0.0,0.0,0.0,0.0,0.0,0.0,0.7518796992481203,0.0,0.0,0.0,0.0,0.0,0.0,0.0,0.0,0.0,0.0,0.0,0.0,77.9,400.0,6.0,1,0.01,0.2,60000.0,0.0,0.0,0.0,70.0,0.016
6967af0d5220ac46b014124d,6967af0d5220ac46b014124d,6967af0d38e7cc6db0ba73ab,0.0,0.0,0.0,0.0,0.24812030075187969,0.0,0.0,0.0,0.0,0.0,0.0,0.0,0.0,0.0,0.0,0.0,0.0,0.7518796992481203,0.0,0.0,0.0,0.0,0.0,0.0,0.0,0.0,0.0,0.0,0.0,0.0,77.9,400.0,6.0,1,0.01,0.2,60000.0,0.0,0.0,0.0,90.0,0.037000000000000005
6967af0d5220ac46b014124d,6967af0d5220ac46b014124d,6967af0d38e7cc6db0ba73ab,0.0,0.0,0.0,0.0,0.24812030075187969,0.0,0.0,0.0,0.0,0.0,0.0,0.0,0.0,0.0,0.0,0.0,0.0,0.7518796992481203,0.0,0.0,0.0,0.0,0.0,0.0,0.0,0.0,0.0,0.0,0.0,0.0,77.9,400.0,6.0,1,0.01,0.2,60000.0,0.0,0.0,0.0,110.0,0.07400000000000001
6967af0d5220ac46b014124d,6967af0d5220ac46b014124d,6967af0d38e7cc6db0ba73ab,0.0,0.0,0.0,0.0,0.24812030075187969,0.0,0.0,0.0,0.0,0.0,0.0,0.0,0.0,0.0,0.0,0.0,0.0,0.7518796992481203,0.0,0.0,0.0,0.0,0.0,0.0,0.0,0.0,0.0,0.0,0.0,0.0,77.9,400.0,6.0,1,0.01,0.2,60000.0,0.0,0.0,0.0,130.0,0.17600000000000002
6967af0d5220ac46b014124d,6967af0d5220ac46b014124d,6967af0d38e7cc6db0ba73ab,0.0,0.0,0.0,0.0,0.24812030075187969,0.0,0.0,0.0,0.0,0.0,0.0,0.0,0.0,0.0,0.0,0.0,0.0,0.7518796992481203,0.0,0.0,0.0,0.0,0.0,0.0,0.0,0.0,0.0,0.0,0.0,0.0,77.9,400.0,6.0,1,0.01,0.2,60000.0,0.0,0.0,0.0,150.0,0.297
6967af0d5220ac46b014124d,6967af0d5220ac46b014124d,6967af0d38e7cc6db0ba73ab,0.0,0.0,0.0,0.0,0.24812030075187969,0.0,0.0,0.0,0.0,0.0,0.0,0.0,0.0,0.0,0.0,0.0,0.0,0.7518796992481203,0.0,0.0,0.0,0.0,0.0,0.0,0.0,0.0,0.0,0.0,0.0,0.0,77.9,400.0,6.0,1,0.01,0.2,60000.0,0.0,0.0,0.0,170.0,0.45799999999999996
6967af0d5220ac46b014124d,6967af0d5220ac46b014124d,6967af0d38e7cc6db0ba73ab,0.0,0.0,0.0,0.0,0.24812030075187969,0.0,0.0,0.0,0.0,0.0,0.0,0.0,0.0,0.0,0.0,0.0,0.0,0.7518796992481203,0.0,0.0,0.0,0.0,0.0,0.0,0.0,0.0,0.0,0.0,0.0,0.0,77.9,400.0,6.0,1,0.01,0.2,60000.0,0.0,0.0,0.0,190.0,0.625
6967af0d5220ac46b014124d,6967af0d5220ac46b014124d,6967af0d38e7cc6db0ba73ab,0.0,0.0,0.0,0.0,0.24812030075187969,0.0,0.0,0.0,0.0,0.0,0.0,0.0,0.0,0.0,0.0,0.0,0.0,0.7518796992481203,0.0,0.0,0.0,0.0,0.0,0.0,0.0,0.0,0.0,0.0,0.0,0.0,77.9,400.0,6.0,1,0.01,0.2,60000.0,0.0,0.0,0.0,210.0,0.7809999999999999
6967af0d5220ac46b014124d,6967af0d5220ac46b014124d,6967af0d38e7cc6db0ba73ab,0.0,0.0,0.0,0.0,0.24812030075187969,0.0,0.0,0.0,0.0,0.0,0.0,0.0,0.0,0.0,0.0,0.0,0.0,0.7518796992481203,0.0,0.0,0.0,0.0,0.0,0.0,0.0,0.0,0.0,0.0,0.0,0.0,77.9,400.0,6.0,1,0.01,0.2,60000.0,0.0,0.0,0.0,230.0,0.883
6967af0d5220ac46b014124d,6967af0d5220ac46b014124d,6967af0d38e7cc6db0ba73ab,0.0,0.0,0.0,0.0,0.24812030075187969,0.0,0.0,0.0,0.0,0.0,0.0,0.0,0.0,0.0,0.0,0.0,0.0,0.7518796992481203,0.0,0.0,0.0,0.0,0.0,0.0,0.0,0.0,0.0,0.0,0.0,0.0,77.9,400.0,6.0,1,0.01,0.2,60000.0,0.0,0.0,0.0,250.0,0.963
6967af159890fdd35aa2c562,6967af159890fdd35aa2c562,6967af1538e7cc6db0ba73c5,0.0,0.0,0.0,0.0,0.0,0.0,0.0,0.0,0.0,0.0,0.0,0.0,0.0,0.0,0.0,0.0,0.0,1.0,0.0,0.0,0.0,0.0,0.0,0.0,0.0,0.0,0.0,0.0,0.0,0.0,72.0,500.0,3.0,1,0.01,0.198,16000.000000000002,0.0,0.0,0.0,90.0213315830496,0.14066669631738127
6967af159890fdd35aa2c562,6967af159890fdd35aa2c562,6967af1538e7cc6db0ba73c5,0.0,0.0,0.0,0.0,0.0,0.0,0.0,0.0,0.0,0.0,0.0,0.0,0.0,0.0,0.0,0.0,0.0,1.0,0.0,0.0,0.0,0.0,0.0,0.0,0.0,0.0,0.0,0.0,0.0,0.0,72.0,500.0,3.0,1,0.01,0.198,16000.000000000002,0.0,0.0,0.0,149.8030930795422,0.1498954812310977
6967af159890fdd35aa2c562,6967af159890fdd35aa2c562,6967af1538e7cc6db0ba73c5,0.0,0.0,0.0,0.0,0.0,0.0,0.0,0.0,0.0,0.0,0.0,0.0,0.0,0.0,0.0,0.0,0.0,1.0,0.0,0.0,0.0,0.0,0.0,0.0,0.0,0.0,0.0,0.0,0.0,0.0,72.0,500.0,3.0,1,0.01,0.198,16000.000000000002,0.0,0.0,0.0,245.7295811625713,0.2398594556128803
6967af159890fdd35aa2c562,6967af159890fdd35aa2c562,6967af1538e7cc6db0ba73c5,0.0,0.0,0.0,0.0,0.0,0.0,0.0,0.0,0.0,0.0,0.0,0.0,0.0,0.0,0.0,0.0,0.0,1.0,0.0,0.0,0.0,0.0,0.0,0.0,0.0,0.0,0.0,0.0,0.0,0.0,72.0,500.0,3.0,1,0.01,0.198,16000.000000000002,0.0,0.0,0.0,299.58362390778194,0.5102628535847714
6967af159890fdd35aa2c562,6967af159890fdd35aa2c562,6967af1538e7cc6db0ba73c5,0.0,0.0,0.0,0.0,0.0,0.0,0.0,0.0,0.0,0.0,0.0,0.0,0.0,0.0,0.0,0.0,0.0,1.0,0.0,0.0,0.0,0.0,0.0,0.0,0.0,0.0,0.0,0.0,0.0,0.0,72.0,500.0,3.0,1,0.01,0.198,16000.000000000002,0.0,0.0,0.0,30.048816507363497,0.0004781177726383206
6967af159890fdd35aa2c563,6967af159890fdd35aa2c563,6967af1538e7cc6db0ba73c6,0.0,0.0,0.0,0.0,0.0,0.0,0.0,0.0,0.2,0.0,0.0,0.0,0.0,0.0,0.0,0.0,0.0,0.8,0.0,0.0,0.0,0.0,0.0,0.0,0.0,0.0,0.0,0.0,0.0,0.0,130.0,500.0,3.0,0,0.01,0.198,16000.000000000002,0.0,0.0,0.0,29.757558354186322,0.00018902330546166163
6967af159890fdd35aa2c563,6967af159890fdd35aa2c563,6967af1538e7cc6db0ba73c6,0.0,0.0,0.0,0.0,0.0,0.0,0.0,0.0,0.2,0.0,0.0,0.0,0.0,0.0,0.0,0.0,0.0,0.8,0.0,0.0,0.0,0.0,0.0,0.0,0.0,0.0,0.0,0.0,0.0,0.0,130.0,500.0,3.0,0,0.01,0.198,16000.000000000002,0.0,0.0,0.0,69.78299216474545,0.2501111901796833
6967af159890fdd35aa2c563,6967af159890fdd35aa2c563,6967af1538e7cc6db0ba73c6,0.0,0.0,0.0,0.0,0.0,0.0,0.0,0.0,0.2,0.0,0.0,0.0,0.0,0.0,0.0,0.0,0.0,0.8,0.0,0.0,0.0,0.0,0.0,0.0,0.0,0.0,0.0,0.0,0.0,0.0,130.0,500.0,3.0,0,0.01,0.198,16000.000000000002,0.0,0.0,0.0,90.08286499569266,0.7284847002312757
6967af159890fdd35aa2c563,6967af159890fdd35aa2c563,6967af1538e7cc6db0ba73c6,0.0,0.0,0.0,0.0,0.0,0.0,0.0,0.0,0.2,0.0,0.0,0.0,0.0,0.0,0.0,0.0,0.0,0.8,0.0,0.0,0.0,0.0,0.0,0.0,0.0,0.0,0.0,0.0,0.0,0.0,130.0,500.0,3.0,0,0.01,0.198,16000.000000000002,0.0,0.0,0.0,109.57049677975141,0.8593555417185554
6967af159890fdd35aa2c563,6967af159890fdd35aa2c563,6967af1538e7cc6db0ba73c6,0.0,0.0,0.0,0.0,0.0,0.0,0.0,0.0,0.2,0.0,0.0,0.0,0.0,0.0,0.0,0.0,0.0,0.8,0.0,0.0,0.0,0.0,0.0,0.0,0.0,0.0,0.0,0.0,0.0,0.0,130.0,500.0,3.0,0,0.01,0.198,16000.000000000002,0.0,0.0,0.0,129.9175452270583,0.9790072940757872
6967af169890fdd35aa2c564,6967af169890fdd35aa2c564,6967af1638e7cc6db0ba73c7,0.0,0.0,0.0,0.0,0.0,0.0,0.0,0.0,0.2,0.0,0.0,0.0,0.0,0.0,0.0,0.0,0.0,0.8,0.0,0.0,0.0,0.0,0.0,0.0,0.0,0.0,0.0,0.0,0.0,0.0,117.0,300.0,3.0,1,0.01,0.198,16000.000000000002,0.0,0.0,0.0,60.041039671682626,0.0005357699501246883
6967af169890fdd35aa2c564,6967af169890fdd35aa2c564,6967af1638e7cc6db0ba73c7,0.0,0.0,0.0,0.0,0.0,0.0,0.0,0.0,0.2,0.0,0.0,0.0,0.0,0.0,0.0,0.0,0.0,0.8,0.0,0.0,0.0,0.0,0.0,0.0,0.0,0.0,0.0,0.0,0.0,0.0,117.0,300.0,3.0,1,0.01,0.198,16000.000000000002,0.0,0.0,0.0,89.75156733505492,0.232183213840399
6967af169890fdd35aa2c564,6967af169890fdd35aa2c564,6967af1638e7cc6db0ba73c7,0.0,0.0,0.0,0.0,0.0,0.0,0.0,0.0,0.2,0.0,0.0,0.0,0.0,0.0,0.0,0.0,0.0,0.8,0.0,0.0,0.0,0.0,0.0,0.0,0.0,0.0,0.0,0.0,0.0,0.0,117.0,300.0,3.0,1,0.01,0.198,16000.000000000002,0.0,0.0,0.0,119.75442036035905,0.6970854114713216
6967af169890fdd35aa2c564,6967af169890fdd35aa2c564,6967af1638e7cc6db0ba73c7,0.0,0.0,0.0,0.0,0.0,0.0,0.0,0.0,0.2,0.0,0.0,0.0,0.0,0.0,0.0,0.0,0.0,0.8,0.0,0.0,0.0,0.0,0.0,0.0,0.0,0.0,0.0,0.0,0.0,0.0,117.0,300.0,3.0,1,0.01,0.198,16000.000000000002,0.0,0.0,0.0,149.96400798847085,0.8712009039900249
6967af169890fdd35aa2c564,6967af169890fdd35aa2c564,6967af1638e7cc6db0ba73c7,0.0,0.0,0.0,0.0,0.0,0.0,0.0,0.0,0.2,0.0,0.0,0.0,0.0,0.0,0.0,0.0,0.0,0.8,0.0,0.0,0.0,0.0,0.0,0.0,0.0,0.0,0.0,0.0,0.0,0.0,117.0,300.0,3.0,1,0.01,0.198,16000.000000000002,0.0,0.0,0.0,209.5101575016277,0.999912328553616
6967af169890fdd35aa2c565,6967af169890fdd35aa2c565,6967af1638e7cc6db0ba73c8,0.0,0.0,0.0,0.0,0.0,0.0,0.0,0.0,0.2,0.0,0.0,0.0,0.0,0.0,0.0,0.0,0.0,0.8,0.0,0.0,0.0,0.0,0.0,0.0,0.0,0.0,0.0,0.0,0.0,0.0,104.0,600.0,3.0,0,0.01,0.198,16000.000000000002,0.0,0.0,0.0,60.110829059891586,0.08217736907730673
6967af169890fdd35aa2c565,6967af169890fdd35aa2c565,6967af1638e7cc6db0ba73c8,0.0,0.0,0.0,0.0,0.0,0.0,0.0,0.0,0.2,0.0,0.0,0.0,0.0,0.0,0.0,0.0,0.0,0.8,0.0,0.0,0.0,0.0,0.0,0.0,0.0,0.0,0.0,0.0,0.0,0.0,104.0,600.0,3.0,0,0.01,0.198,16000.000000000002,0.0,0.0,0.0,89.97410330877781,0.5092834320448878
6967af169890fdd35aa2c565,6967af169890fdd35aa2c565,6967af1638e7cc6db0ba73c8,0.0,0.0,0.0,0.0,0.0,0.0,0.0,0.0,0.2,0.0,0.0,0.0,0.0,0.0,0.0,0.0,0.0,0.8,0.0,0.0,0.0,0.0,0.0,0.0,0.0,0.0,0.0,0.0,0.0,0.0,104.0,600.0,3.0,0,0.01,0.198,16000.000000000002,0.0,0.0,0.0,119.81235872038158,0.804405003117207
6967af169890fdd35aa2c565,6967af169890fdd35aa2c565,6967af1638e7cc6db0ba73c8,0.0,0.0,0.0,0.0,0.0,0.0,0.0,0.0,0.2,0.0,0.0,0.0,0.0,0.0,0.0,0.0,0.0,0.8,0.0,0.0,0.0,0.0,0.0,0.0,0.0,0.0,0.0,0.0,0.0,0.0,104.0,600.0,3.0,0,0.01,0.198,16000.000000000002,0.0,0.0,0.0,149.9521569602844,0.899694124064838
6967af169890fdd35aa2c565,6967af169890fdd35aa2c565,6967af1638e7cc6db0ba73c8,0.0,0.0,0.0,0.0,0.0,0.0,0.0,0.0,0.2,0.0,0.0,0.0,0.0,0.0,0.0,0.0,0.0,0.8,0.0,0.0,0.0,0.0,0.0,0.0,0.0,0.0,0.0,0.0,0.0,0.0,104.0,600.0,3.0,0,0.01,0.198,16000.000000000002,0.0,0.0,0.0,179.63503222455503,0.9751402743142146
6967af165220ac46b0141252,6967af165220ac46b0141252,6967af1638e7cc6db0ba73c9,0.0,0.0,0.0,0.0,0.0,0.0,0.0,0.0,0.25,0.0,0.0,0.0,0.0,0.0,0.0,0.0,0.0,0.75,0.0,0.0,0.0,0.0,0.0,0.0,0.0,0.0,0.0,0.0,0.0,0.0,95.0,500.0,3.0,0,0.01,0.198,16000.000000000002,0.0,0.0,0.0,29.90374866317588,9.088522206289258e-05
6967af165220ac46b0141252,6967af165220ac46b0141252,6967af1638e7cc6db0ba73c9,0.0,0.0,0.0,0.0,0.0,0.0,0.0,0.0,0.25,0.0,0.0,0.0,0.0,0.0,0.0,0.0,0.0,0.75,0.0,0.0,0.0,0.0,0.0,0.0,0.0,0.0,0.0,0.0,0.0,0.0,95.0,500.0,3.0,0,0.01,0.198,16000.000000000002,0.0,0.0,0.0,80.27069820414172,0.3076464766828914
6967af165220ac46b0141252,6967af165220ac46b0141252,6967af1638e7cc6db0ba73c9,0.0,0.0,0.0,0.0,0.0,0.0,0.0,0.0,0.25,0.0,0.0,0.0,0.0,0.0,0.0,0.0,0.0,0.75,0.0,0.0,0.0,0.0,0.0,0.0,0.0,0.0,0.0,0.0,0.0,0.0,95.0,500.0,3.0,0,0.01,0.198,16000.000000000002,0.0,0.0,0.0,109.98736093556856,0.7710096338335387
6967af165220ac46b0141252,6967af165220ac46b0141252,6967af1638e7cc6db0ba73c9,0.0,0.0,0.0,0.0,0.0,0.0,0.0,0.0,0.25,0.0,0.0,0.0,0.0,0.0,0.0,0.0,0.0,0.75,0.0,0.0,0.0,0.0,0.0,0.0,0.0,0.0,0.0,0.0,0.0,0.0,95.0,500.0,3.0,0,0.01,0.198,16000.000000000002,0.0,0.0,0.0,150.1779191377658,0.87065013228849
6967af165220ac46b0141252,6967af165220ac46b0141252,6967af1638e7cc6db0ba73c9,0.0,0.0,0.0,0.0,0.0,0.0,0.0,0.0,0.25,0.0,0.0,0.0,0.0,0.0,0.0,0.0,0.0,0.75,0.0,0.0,0.0,0.0,0.0,0.0,0.0,0.0,0.0,0.0,0.0,0.0,95.0,500.0,3.0,0,0.01,0.198,16000.000000000002,0.0,0.0,0.0,190.1922248920124,0.950184799951528
6967af265c48023e106c0449,6967af265c48023e106c0449,6967af2638e7cc6db0ba73fd,0.0,0.0,0.0,0.0,0.0,0.0,0.0,0.0,0.1,0.0,0.0,0.0,0.0,0.0,0.0,0.0,0.0,0.9,0.0,0.0,0.0,0.0,0.0,0.0,0.0,0.0,0.0,0.0,0.0,0.0,44.2,600.0,4.0,1,0.01,0.1,30000.0,0.0,0.0,0.0,70.0,0.154
6967af265c48023e106c0449,6967af265c48023e106c0449,6967af2638e7cc6db0ba73fd,0.0,0.0,0.0,0.0,0.0,0.0,0.0,0.0,0.1,0.0,0.0,0.0,0.0,0.0,0.0,0.0,0.0,0.9,0.0,0.0,0.0,0.0,0.0,0.0,0.0,0.0,0.0,0.0,0.0,0.0,44.2,600.0,4.0,1,0.01,0.1,30000.0,0.0,0.0,0.0,84.0,0.5
6967af265c48023e106c0449,6967af265c48023e106c0449,6967af2638e7cc6db0ba73fd,0.0,0.0,0.0,0.0,0.0,0.0,0.0,0.0,0.1,0.0,0.0,0.0,0.0,0.0,0.0,0.0,0.0,0.9,0.0,0.0,0.0,0.0,0.0,0.0,0.0,0.0,0.0,0.0,0.0,0.0,44.2,600.0,4.0,1,0.01,0.1,30000.0,0.0,0.0,0.0,60.0,0.1
6967af265c48023e106c0449,6967af265c48023e106c0449,6967af2638e7cc6db0ba73fd,0.0,0.0,0.0,0.0,0.0,0.0,0.0,0.0,0.1,0.0,0.0,0.0,0.0,0.0,0.0,0.0,0.0,0.9,0.0,0.0,0.0,0.0,0.0,0.0,0.0,0.0,0.0,0.0,0.0,0.0,44.2,600.0,4.0,1,0.01,0.1,30000.0,0.0,0.0,0.0,95.0,0.77
6967af275220ac46b0141261,6967af275220ac46b0141261,6967af2738e7cc6db0ba73ff,0.0,0.0,0.0,0.0,0.1,0.0,0.0,0.0,0.0,0.0,0.0,0.0,0.0,0.0,0.0,0.0,0.0,0.9,0.0,0.0,0.0,0.0,0.0,0.0,0.0,0.0,0.0,0.0,0.0,0.0,54.5,600.0,4.0,1,0.01,0.1,30000.0,0.0,0.0,0.0,168.0,0.5
6967af275220ac46b0141261,6967af275220ac46b0141261,6967af2738e7cc6db0ba73ff,0.0,0.0,0.0,0.0,0.1,0.0,0.0,0.0,0.0,0.0,0.0,0.0,0.0,0.0,0.0,0.0,0.0,0.9,0.0,0.0,0.0,0.0,0.0,0.0,0.0,0.0,0.0,0.0,0.0,0.0,54.5,600.0,4.0,1,0.01,0.1,30000.0,0.0,0.0,0.0,124.0,0.1
6967af275220ac46b0141261,6967af275220ac46b0141261,6967af2738e7cc6db0ba73ff,0.0,0.0,0.0,0.0,0.1,0.0,0.0,0.0,0.0,0.0,0.0,0.0,0.0,0.0,0.0,0.0,0.0,0.9,0.0,0.0,0.0,0.0,0.0,0.0,0.0,0.0,0.0,0.0,0.0,0.0,54.5,600.0,4.0,1,0.01,0.1,30000.0,0.0,0.0,0.0,110.0,0.05
6967af275220ac46b0141261,6967af275220ac46b0141261,6967af2738e7cc6db0ba73ff,0.0,0.0,0.0,0.0,0.1,0.0,0.0,0.0,0.0,0.0,0.0,0.0,0.0,0.0,0.0,0.0,0.0,0.9,0.0,0.0,0.0,0.0,0.0,0.0,0.0,0.0,0.0,0.0,0.0,0.0,54.5,600.0,4.0,1,0.01,0.1,30000.0,0.0,0.0,0.0,140.0,0.205
6967af275220ac46b0141261,6967af275220ac46b0141261,6967af2738e7cc6db0ba73ff,0.0,0.0,0.0,0.0,0.1,0.0,0.0,0.0,0.0,0.0,0.0,0.0,0.0,0.0,0.0,0.0,0.0,0.9,0.0,0.0,0.0,0.0,0.0,0.0,0.0,0.0,0.0,0.0,0.0,0.0,54.5,600.0,4.0,1,0.01,0.1,30000.0,0.0,0.0,0.0,180.0,0.66
6967af285c48023e106c044b,6967af285c48023e106c044b,6967af2838e7cc6db0ba7403,0.0,0.0,0.0,0.0,0.0,0.0,0.0,0.1,0.0,0.0,0.0,0.0,0.0,0.0,0.0,0.0,0.0,0.9,0.0,0.0,0.0,0.0,0.0,0.0,0.0,0.0,0.0,0.0,0.0,0.0,30.1,600.0,4.0,1,0.01,0.1,30000.0,0.0,0.0,0.0,131.0,0.5
6967af285c48023e106c044b,6967af285c48023e106c044b,6967af2838e7cc6db0ba7403,0.0,0.0,0.0,0.0,0.0,0.0,0.0,0.1,0.0,0.0,0.0,0.0,0.0,0.0,0.0,0.0,0.0,0.9,0.0,0.0,0.0,0.0,0.0,0.0,0.0,0.0,0.0,0.0,0.0,0.0,30.1,600.0,4.0,1,0.01,0.1,30000.0,0.0,0.0,0.0,99.0,0.1
6967af285c48023e106c044b,6967af285c48023e106c044b,6967af2838e7cc6db0ba7403,0.0,0.0,0.0,0.0,0.0,0.0,0.0,0.1,0.0,0.0,0.0,0.0,0.0,0.0,0.0,0.0,0.0,0.9,0.0,0.0,0.0,0.0,0.0,0.0,0.0,0.0,0.0,0.0,0.0,0.0,30.1,600.0,4.0,1,0.01,0.1,30000.0,0.0,0.0,0.0,90.0,0.06
6967af285c48023e106c044b,6967af285c48023e106c044b,6967af2838e7cc6db0ba7403,0.0,0.0,0.0,0.0,0.0,0.0,0.0,0.1,0.0,0.0,0.0,0.0,0.0,0.0,0.0,0.0,0.0,0.9,0.0,0.0,0.0,0.0,0.0,0.0,0.0,0.0,0.0,0.0,0.0,0.0,30.1,600.0,4.0,1,0.01,0.1,30000.0,0.0,0.0,0.0,120.0,0.316
6967af285c48023e106c044b,6967af285c48023e106c044b,6967af2838e7cc6db0ba7403,0.0,0.0,0.0,0.0,0.0,0.0,0.0,0.1,0.0,0.0,0.0,0.0,0.0,0.0,0.0,0.0,0.0,0.9,0.0,0.0,0.0,0.0,0.0,0.0,0.0,0.0,0.0,0.0,0.0,0.0,30.1,600.0,4.0,1,0.01,0.1,30000.0,0.0,0.0,0.0,150.0,0.662
6967af285c48023e106c044b,6967af285c48023e106c044b,6967af2838e7cc6db0ba7403,0.0,0.0,0.0,0.0,0.0,0.0,0.0,0.1,0.0,0.0,0.0,0.0,0.0,0.0,0.0,0.0,0.0,0.9,0.0,0.0,0.0,0.0,0.0,0.0,0.0,0.0,0.0,0.0,0.0,0.0,30.1,600.0,4.0,1,0.01,0.1,30000.0,0.0,0.0,0.0,165.0,0.825
6967af299890fdd35aa2c568,6967af299890fdd35aa2c568,6967af2938e7cc6db0ba7405,0.0,0.0,0.0,0.0,0.0,0.0,0.1,0.0,0.0,0.0,0.0,0.0,0.0,0.0,0.0,0.0,0.0,0.9,0.0,0.0,0.0,0.0,0.0,0.0,0.0,0.0,0.0,0.0,0.0,0.0,27.3,600.0,4.0,1,0.01,0.1,30000.0,0.0,0.0,0.0,150.0,0.5
6967af299890fdd35aa2c568,6967af299890fdd35aa2c568,6967af2938e7cc6db0ba7405,0.0,0.0,0.0,0.0,0.0,0.0,0.1,0.0,0.0,0.0,0.0,0.0,0.0,0.0,0.0,0.0,0.0,0.9,0.0,0.0,0.0,0.0,0.0,0.0,0.0,0.0,0.0,0.0,0.0,0.0,27.3,600.0,4.0,1,0.01,0.1,30000.0,0.0,0.0,0.0,109.0,0.1
6967af299890fdd35aa2c568,6967af299890fdd35aa2c568,6967af2938e7cc6db0ba7405,0.0,0.0,0.0,0.0,0.0,0.0,0.1,0.0,0.0,0.0,0.0,0.0,0.0,0.0,0.0,0.0,0.0,0.9,0.0,0.0,0.0,0.0,0.0,0.0,0.0,0.0,0.0,0.0,0.0,0.0,27.3,600.0,4.0,1,0.01,0.1,30000.0,0.0,0.0,0.0,93.0,0.049
6967af299890fdd35aa2c568,6967af299890fdd35aa2c568,6967af2938e7cc6db0ba7405,0.0,0.0,0.0,0.0,0.0,0.0,0.1,0.0,0.0,0.0,0.0,0.0,0.0,0.0,0.0,0.0,0.0,0.9,0.0,0.0,0.0,0.0,0.0,0.0,0.0,0.0,0.0,0.0,0.0,0.0,27.3,600.0,4.0,1,0.01,0.1,30000.0,0.0,0.0,0.0,120.0,0.172
6967af299890fdd35aa2c568,6967af299890fdd35aa2c568,6967af2938e7cc6db0ba7405,0.0,0.0,0.0,0.0,0.0,0.0,0.1,0.0,0.0,0.0,0.0,0.0,0.0,0.0,0.0,0.0,0.0,0.9,0.0,0.0,0.0,0.0,0.0,0.0,0.0,0.0,0.0,0.0,0.0,0.0,27.3,600.0,4.0,1,0.01,0.1,30000.0,0.0,0.0,0.0,140.0,0.34
6967af299890fdd35aa2c568,6967af299890fdd35aa2c568,6967af2938e7cc6db0ba7405,0.0,0.0,0.0,0.0,0.0,0.0,0.1,0.0,0.0,0.0,0.0,0.0,0.0,0.0,0.0,0.0,0.0,0.9,0.0,0.0,0.0,0.0,0.0,0.0,0.0,0.0,0.0,0.0,0.0,0.0,27.3,600.0,4.0,1,0.01,0.1,30000.0,0.0,0.0,0.0,170.0,0.7
6967af299890fdd35aa2c569,6967af299890fdd35aa2c569,6967af2938e7cc6db0ba7407,0.0,0.0,0.0,0.0,0.0,0.0,0.0,0.0,0.0,0.0,0.0,0.0,0.0,0.0,0.0,0.0,0.0,1.0,0.0,0.0,0.0,0.0,0.0,0.0,0.0,0.0,0.0,0.0,0.0,0.0,18.1,600.0,4.0,1,0.01,0.1,30000.0,0.0,0.0,0.0,236.0,0.5
6967af299890fdd35aa2c569,6967af299890fdd35aa2c569,6967af2938e7cc6db0ba7407,0.0,0.0,0.0,0.0,0.0,0.0,0.0,0.0,0.0,0.0,0.0,0.0,0.0,0.0,0.0,0.0,0.0,1.0,0.0,0.0,0.0,0.0,0.0,0.0,0.0,0.0,0.0,0.0,0.0,0.0,18.1,600.0,4.0,1,0.01,0.1,30000.0,0.0,0.0,0.0,199.0,0.1
6967af299890fdd35aa2c569,6967af299890fdd35aa2c569,6967af2938e7cc6db0ba7407,0.0,0.0,0.0,0.0,0.0,0.0,0.0,0.0,0.0,0.0,0.0,0.0,0.0,0.0,0.0,0.0,0.0,1.0,0.0,0.0,0.0,0.0,0.0,0.0,0.0,0.0,0.0,0.0,0.0,0.0,18.1,600.0,4.0,1,0.01,0.1,30000.0,0.0,0.0,0.0,175.0,0.024
6967af299890fdd35aa2c569,6967af299890fdd35aa2c569,6967af2938e7cc6db0ba7407,0.0,0.0,0.0,0.0,0.0,0.0,0.0,0.0,0.0,0.0,0.0,0.0,0.0,0.0,0.0,0.0,0.0,1.0,0.0,0.0,0.0,0.0,0.0,0.0,0.0,0.0,0.0,0.0,0.0,0.0,18.1,600.0,4.0,1,0.01,0.1,30000.0,0.0,0.0,0.0,220.0,0.285
6967af299890fdd35aa2c569,6967af299890fdd35aa2c569,6967af2938e7cc6db0ba7407,0.0,0.0,0.0,0.0,0.0,0.0,0.0,0.0,0.0,0.0,0.0,0.0,0.0,0.0,0.0,0.0,0.0,1.0,0.0,0.0,0.0,0.0,0.0,0.0,0.0,0.0,0.0,0.0,0.0,0.0,18.1,600.0,4.0,1,0.01,0.1,30000.0,0.0,0.0,0.0,255.0,0.79
6967af299890fdd35aa2c569,6967af299890fdd35aa2c569,6967af2938e7cc6db0ba7407,0.0,0.0,0.0,0.0,0.0,0.0,0.0,0.0,0.0,0.0,0.0,0.0,0.0,0.0,0.0,0.0,0.0,1.0,0.0,0.0,0.0,0.0,0.0,0.0,0.0,0.0,0.0,0.0,0.0,0.0,18.1,600.0,4.0,1,0.01,0.1,30000.0,0.0,0.0,0.0,270.0,0.86
6967af2a5220ac46b0141262,6967af2a5220ac46b0141262,6967af2a38e7cc6db0ba7409,0.0,0.0,0.0,0.0,0.0,0.0,0.0,0.0,0.09,0.0,0.0,0.0,0.0,0.0,0.0,0.0,0.0,0.91,0.0,0.0,0.0,0.0,0.0,0.0,0.0,0.0,0.0,0.0,0.0,0.0,240.0,450.0,2.0,1,0.04,0.2,60000.0,0.0,0.0,0.0,65.0,0.5
6967af2a5220ac46b0141262,6967af2a5220ac46b0141262,6967af2a38e7cc6db0ba7409,0.0,0.0,0.0,0.0,0.0,0.0,0.0,0.0,0.09,0.0,0.0,0.0,0.0,0.0,0.0,0.0,0.0,0.91,0.0,0.0,0.0,0.0,0.0,0.0,0.0,0.0,0.0,0.0,0.0,0.0,240.0,450.0,2.0,1,0.04,0.2,60000.0,0.0,0.0,0.0,57.0,0.03
6967af2a5220ac46b0141262,6967af2a5220ac46b0141262,6967af2a38e7cc6db0ba7409,0.0,0.0,0.0,0.0,0.0,0.0,0.0,0.0,0.09,0.0,0.0,0.0,0.0,0.0,0.0,0.0,0.0,0.91,0.0,0.0,0.0,0.0,0.0,0.0,0.0,0.0,0.0,0.0,0.0,0.0,240.0,450.0,2.0,1,0.04,0.2,60000.0,0.0,0.0,0.0,63.7,0.09
6967af2a5220ac46b0141262,6967af2a5220ac46b0141262,6967af2a38e7cc6db0ba7409,0.0,0.0,0.0,0.0,0.0,0.0,0.0,0.0,0.09,0.0,0.0,0.0,0.0,0.0,0.0,0.0,0.0,0.91,0.0,0.0,0.0,0.0,0.0,0.0,0.0,0.0,0.0,0.0,0.0,0.0,240.0,450.0,2.0,1,0.04,0.2,60000.0,0.0,0.0,0.0,68.9,0.8
6967af2a5220ac46b0141262,6967af2a5220ac46b0141262,6967af2a38e7cc6db0ba7409,0.0,0.0,0.0,0.0,0.0,0.0,0.0,0.0,0.09,0.0,0.0,0.0,0.0,0.0,0.0,0.0,0.0,0.91,0.0,0.0,0.0,0.0,0.0,0.0,0.0,0.0,0.0,0.0,0.0,0.0,240.0,450.0,2.0,1,0.04,0.2,60000.0,0.0,0.0,0.0,90.0,0.914
6967af2a5220ac46b0141262,6967af2a5220ac46b0141262,6967af2a38e7cc6db0ba7409,0.0,0.0,0.0,0.0,0.0,0.0,0.0,0.0,0.09,0.0,0.0,0.0,0.0,0.0,0.0,0.0,0.0,0.91,0.0,0.0,0.0,0.0,0.0,0.0,0.0,0.0,0.0,0.0,0.0,0.0,240.0,450.0,2.0,1,0.04,0.2,60000.0,0.0,0.0,0.0,110.0,0.966
6967af2a5220ac46b0141263,6967af2a5220ac46b0141263,6967af2a38e7cc6db0ba740a,0.0,0.0,0.0,0.0,0.0,0.0,0.09,0.0,0.0,0.0,0.0,0.0,0.0,0.0,0.0,0.0,0.0,0.91,0.0,0.0,0.0,0.0,0.0,0.0,0.0,0.0,0.0,0.0,0.0,0.0,175.0,450.0,2.0,1,0.04,0.2,60000.0,0.0,0.0,0.0,115.0,0.5
6967af2a5220ac46b0141263,6967af2a5220ac46b0141263,6967af2a38e7cc6db0ba740a,0.0,0.0,0.0,0.0,0.0,0.0,0.09,0.0,0.0,0.0,0.0,0.0,0.0,0.0,0.0,0.0,0.0,0.91,0.0,0.0,0.0,0.0,0.0,0.0,0.0,0.0,0.0,0.0,0.0,0.0,175.0,450.0,2.0,1,0.04,0.2,60000.0,0.0,0.0,0.0,87.0,0.03
6967af2a5220ac46b0141263,6967af2a5220ac46b0141263,6967af2a38e7cc6db0ba740a,0.0,0.0,0.0,0.0,0.0,0.0,0.09,0.0,0.0,0.0,0.0,0.0,0.0,0.0,0.0,0.0,0.0,0.91,0.0,0.0,0.0,0.0,0.0,0.0,0.0,0.0,0.0,0.0,0.0,0.0,175.0,450.0,2.0,1,0.04,0.2,60000.0,0.0,0.0,0.0,100.0,0.09
6967af2a5220ac46b0141263,6967af2a5220ac46b0141263,6967af2a38e7cc6db0ba740a,0.0,0.0,0.0,0.0,0.0,0.0,0.09,0.0,0.0,0.0,0.0,0.0,0.0,0.0,0.0,0.0,0.0,0.91,0.0,0.0,0.0,0.0,0.0,0.0,0.0,0.0,0.0,0.0,0.0,0.0,175.0,450.0,2.0,1,0.04,0.2,60000.0,0.0,0.0,0.0,113.5,0.2
6967af2a5220ac46b0141263,6967af2a5220ac46b0141263,6967af2a38e7cc6db0ba740a,0.0,0.0,0.0,0.0,0.0,0.0,0.09,0.0,0.0,0.0,0.0,0.0,0.0,0.0,0.0,0.0,0.0,0.91,0.0,0.0,0.0,0.0,0.0,0.0,0.0,0.0,0.0,0.0,0.0,0.0,175.0,450.0,2.0,1,0.04,0.2,60000.0,0.0,0.0,0.0,119.0,0.8
6967af2a5220ac46b0141263,6967af2a5220ac46b0141263,6967af2a38e7cc6db0ba740a,0.0,0.0,0.0,0.0,0.0,0.0,0.09,0.0,0.0,0.0,0.0,0.0,0.0,0.0,0.0,0.0,0.0,0.91,0.0,0.0,0.0,0.0,0.0,0.0,0.0,0.0,0.0,0.0,0.0,0.0,175.0,450.0,2.0,1,0.04,0.2,60000.0,0.0,0.0,0.0,126.0,0.925
6967af2a5220ac46b0141263,6967af2a5220ac46b0141263,6967af2a38e7cc6db0ba740a,0.0,0.0,0.0,0.0,0.0,0.0,0.09,0.0,0.0,0.0,0.0,0.0,0.0,0.0,0.0,0.0,0.0,0.91,0.0,0.0,0.0,0.0,0.0,0.0,0.0,0.0,0.0,0.0,0.0,0.0,175.0,450.0,2.0,1,0.04,0.2,60000.0,0.0,0.0,0.0,137.0,0.97
6967af2b5220ac46b0141264,6967af2b5220ac46b0141264,6967af2b38e7cc6db0ba740b,0.0,0.0,0.0,0.0,0.0,0.0,0.0,0.0,0.0,0.0,0.0,0.0,0.0,0.0,0.0,0.0,0.0,0.91,0.0,0.0,0.09,0.0,0.0,0.0,0.0,0.0,0.0,0.0,0.0,0.0,160.0,450.0,2.0,1,0.04,0.2,60000.0,0.0,0.0,0.0,124.0,0.5
6967af2b5220ac46b0141264,6967af2b5220ac46b0141264,6967af2b38e7cc6db0ba740b,0.0,0.0,0.0,0.0,0.0,0.0,0.0,0.0,0.0,0.0,0.0,0.0,0.0,0.0,0.0,0.0,0.0,0.91,0.0,0.0,0.09,0.0,0.0,0.0,0.0,0.0,0.0,0.0,0.0,0.0,160.0,450.0,2.0,1,0.04,0.2,60000.0,0.0,0.0,0.0,74.0,0.02
6967af2b5220ac46b0141264,6967af2b5220ac46b0141264,6967af2b38e7cc6db0ba740b,0.0,0.0,0.0,0.0,0.0,0.0,0.0,0.0,0.0,0.0,0.0,0.0,0.0,0.0,0.0,0.0,0.0,0.91,0.0,0.0,0.09,0.0,0.0,0.0,0.0,0.0,0.0,0.0,0.0,0.0,160.0,450.0,2.0,1,0.04,0.2,60000.0,0.0,0.0,0.0,100.0,0.09
6967af2b5220ac46b0141264,6967af2b5220ac46b0141264,6967af2b38e7cc6db0ba740b,0.0,0.0,0.0,0.0,0.0,0.0,0.0,0.0,0.0,0.0,0.0,0.0,0.0,0.0,0.0,0.0,0.0,0.91,0.0,0.0,0.09,0.0,0.0,0.0,0.0,0.0,0.0,0.0,0.0,0.0,160.0,450.0,2.0,1,0.04,0.2,60000.0,0.0,0.0,0.0,113.5,0.2
6967af2b5220ac46b0141264,6967af2b5220ac46b0141264,6967af2b38e7cc6db0ba740b,0.0,0.0,0.0,0.0,0.0,0.0,0.0,0.0,0.0,0.0,0.0,0.0,0.0,0.0,0.0,0.0,0.0,0.91,0.0,0.0,0.09,0.0,0.0,0.0,0.0,0.0,0.0,0.0,0.0,0.0,160.0,450.0,2.0,1,0.04,0.2,60000.0,0.0,0.0,0.0,127.7,0.5
6967af2b5220ac46b0141264,6967af2b5220ac46b0141264,6967af2b38e7cc6db0ba740b,0.0,0.0,0.0,0.0,0.0,0.0,0.0,0.0,0.0,0.0,0.0,0.0,0.0,0.0,0.0,0.0,0.0,0.91,0.0,0.0,0.09,0.0,0.0,0.0,0.0,0.0,0.0,0.0,0.0,0.0,160.0,450.0,2.0,1,0.04,0.2,60000.0,0.0,0.0,0.0,160.0,0.7
6967af2b5220ac46b0141264,6967af2b5220ac46b0141264,6967af2b38e7cc6db0ba740b,0.0,0.0,0.0,0.0,0.0,0.0,0.0,0.0,0.0,0.0,0.0,0.0,0.0,0.0,0.0,0.0,0.0,0.91,0.0,0.0,0.09,0.0,0.0,0.0,0.0,0.0,0.0,0.0,0.0,0.0,160.0,450.0,2.0,1,0.04,0.2,60000.0,0.0,0.0,0.0,243.5,0.9
6967af2b5220ac46b0141264,6967af2b5220ac46b0141264,6967af2b38e7cc6db0ba740b,0.0,0.0,0.0,0.0,0.0,0.0,0.0,0.0,0.0,0.0,0.0,0.0,0.0,0.0,0.0,0.0,0.0,0.91,0.0,0.0,0.09,0.0,0.0,0.0,0.0,0.0,0.0,0.0,0.0,0.0,160.0,450.0,2.0,1,0.04,0.2,60000.0,0.0,0.0,0.0,290.5,0.95
6967af2b5c48023e106c044c,6967af2b5c48023e106c044c,6967af2b38e7cc6db0ba740c,0.0,0.0,0.0,0.0,0.0,0.0,0.045,0.0,0.045,0.0,0.0,0.0,0.0,0.0,0.0,0.0,0.0,0.91,0.0,0.0,0.0,0.0,0.0,0.0,0.0,0.0,0.0,0.0,0.0,0.0,240.0,450.0,2.0,1,0.04,0.2,60000.0,0.0,0.0,0.0,48.0,0.02
6967af2b5c48023e106c044c,6967af2b5c48023e106c044c,6967af2b38e7cc6db0ba740c,0.0,0.0,0.0,0.0,0.0,0.0,0.045,0.0,0.045,0.0,0.0,0.0,0.0,0.0,0.0,0.0,0.0,0.91,0.0,0.0,0.0,0.0,0.0,0.0,0.0,0.0,0.0,0.0,0.0,0.0,240.0,450.0,2.0,1,0.04,0.2,60000.0,0.0,0.0,0.0,54.4,0.2
6967af2b5c48023e106c044c,6967af2b5c48023e106c044c,6967af2b38e7cc6db0ba740c,0.0,0.0,0.0,0.0,0.0,0.0,0.045,0.0,0.045,0.0,0.0,0.0,0.0,0.0,0.0,0.0,0.0,0.91,0.0,0.0,0.0,0.0,0.0,0.0,0.0,0.0,0.0,0.0,0.0,0.0,240.0,450.0,2.0,1,0.04,0.2,60000.0,0.0,0.0,0.0,56.9,0.6
6967af2b5c48023e106c044c,6967af2b5c48023e106c044c,6967af2b38e7cc6db0ba740c,0.0,0.0,0.0,0.0,0.0,0.0,0.045,0.0,0.045,0.0,0.0,0.0,0.0,0.0,0.0,0.0,0.0,0.91,0.0,0.0,0.0,0.0,0.0,0.0,0.0,0.0,0.0,0.0,0.0,0.0,240.0,450.0,2.0,1,0.04,0.2,60000.0,0.0,0.0,0.0,58.2,0.8
6967af2b5c48023e106c044c,6967af2b5c48023e106c044c,6967af2b38e7cc6db0ba740c,0.0,0.0,0.0,0.0,0.0,0.0,0.045,0.0,0.045,0.0,0.0,0.0,0.0,0.0,0.0,0.0,0.0,0.91,0.0,0.0,0.0,0.0,0.0,0.0,0.0,0.0,0.0,0.0,0.0,0.0,240.0,450.0,2.0,1,0.04,0.2,60000.0,0.0,0.0,0.0,70.0,0.9
6967af2b5c48023e106c044c,6967af2b5c48023e106c044c,6967af2b38e7cc6db0ba740c,0.0,0.0,0.0,0.0,0.0,0.0,0.045,0.0,0.045,0.0,0.0,0.0,0.0,0.0,0.0,0.0,0.0,0.91,0.0,0.0,0.0,0.0,0.0,0.0,0.0,0.0,0.0,0.0,0.0,0.0,240.0,450.0,2.0,1,0.04,0.2,60000.0,0.0,0.0,0.0,86.0,0.95
6967af2b5c48023e106c044d,6967af2b5c48023e106c044d,6967af2b38e7cc6db0ba740d,0.0,0.0,0.0,0.0,0.0,0.0,0.0,0.0,0.0,0.0,0.0,0.0,0.0,0.0,0.0,0.0,0.0,1.0,0.0,0.0,0.0,0.0,0.0,0.0,0.0,0.0,0.0,0.0,0.0,0.0,124.0,450.0,2.0,1,0.04,0.2,60000.0,0.0,0.0,0.0,300.0,0.5
6967af2b5c48023e106c044d,6967af2b5c48023e106c044d,6967af2b38e7cc6db0ba740d,0.0,0.0,0.0,0.0,0.0,0.0,0.0,0.0,0.0,0.0,0.0,0.0,0.0,0.0,0.0,0.0,0.0,1.0,0.0,0.0,0.0,0.0,0.0,0.0,0.0,0.0,0.0,0.0,0.0,0.0,124.0,450.0,2.0,1,0.04,0.2,60000.0,0.0,0.0,0.0,200.0,0.03
6967af2b5c48023e106c044d,6967af2b5c48023e106c044d,6967af2b38e7cc6db0ba740d,0.0,0.0,0.0,0.0,0.0,0.0,0.0,0.0,0.0,0.0,0.0,0.0,0.0,0.0,0.0,0.0,0.0,1.0,0.0,0.0,0.0,0.0,0.0,0.0,0.0,0.0,0.0,0.0,0.0,0.0,124.0,450.0,2.0,1,0.04,0.2,60000.0,0.0,0.0,0.0,238.0,0.1
6967af2b5c48023e106c044d,6967af2b5c48023e106c044d,6967af2b38e7cc6db0ba740d,0.0,0.0,0.0,0.0,0.0,0.0,0.0,0.0,0.0,0.0,0.0,0.0,0.0,0.0,0.0,0.0,0.0,1.0,0.0,0.0,0.0,0.0,0.0,0.0,0.0,0.0,0.0,0.0,0.0,0.0,124.0,450.0,2.0,1,0.04,0.2,60000.0,0.0,0.0,0.0,278.7,0.3
6967af2b5c48023e106c044d,6967af2b5c48023e106c044d,6967af2b38e7cc6db0ba740d,0.0,0.0,0.0,0.0,0.0,0.0,0.0,0.0,0.0,0.0,0.0,0.0,0.0,0.0,0.0,0.0,0.0,1.0,0.0,0.0,0.0,0.0,0.0,0.0,0.0,0.0,0.0,0.0,0.0,0.0,124.0,450.0,2.0,1,0.04,0.2,60000.0,0.0,0.0,0.0,328.3,0.7
6967af2b5c48023e106c044d,6967af2b5c48023e106c044d,6967af2b38e7cc6db0ba740d,0.0,0.0,0.0,0.0,0.0,0.0,0.0,0.0,0.0,0.0,0.0,0.0,0.0,0.0,0.0,0.0,0.0,1.0,0.0,0.0,0.0,0.0,0.0,0.0,0.0,0.0,0.0,0.0,0.0,0.0,124.0,450.0,2.0,1,0.04,0.2,60000.0,0.0,0.0,0.0,364.0,0.9
6967af2b5c48023e106c044d,6967af2b5c48023e106c044d,6967af2b38e7cc6db0ba740d,0.0,0.0,0.0,0.0,0.0,0.0,0.0,0.0,0.0,0.0,0.0,0.0,0.0,0.0,0.0,0.0,0.0,1.0,0.0,0.0,0.0,0.0,0.0,0.0,0.0,0.0,0.0,0.0,0.0,0.0,124.0,450.0,2.0,1,0.04,0.2,60000.0,0.0,0.0,0.0,388.0,0.95
6967af305c48023e106c0458,6967af305c48023e106c0458,6967af3038e7cc6db0ba741b,0.0,0.0,0.0,0.0,0.0,0.0,0.0,0.2,0.0,0.0,0.0,0.0,0.0,0.0,0.0,0.0,0.0,0.8,0.0,0.0,0.0,0.0,0.0,0.0,0.0,0.0,0.0,0.0,0.0,0.0,13.3,500.0,6.0,1,0.04,0.2,60000.0,0.0,0.0,0.0,128.0,0.5
6967af305c48023e106c0458,6967af305c48023e106c0458,6967af3038e7cc6db0ba741b,0.0,0.0,0.0,0.0,0.0,0.0,0.0,0.2,0.0,0.0,0.0,0.0,0.0,0.0,0.0,0.0,0.0,0.8,0.0,0.0,0.0,0.0,0.0,0.0,0.0,0.0,0.0,0.0,0.0,0.0,13.3,500.0,6.0,1,0.04,0.2,60000.0,0.0,0.0,0.0,245.0,1.0
6967af305c48023e106c0458,6967af305c48023e106c0458,6967af3038e7cc6db0ba741b,0.0,0.0,0.0,0.0,0.0,0.0,0.0,0.2,0.0,0.0,0.0,0.0,0.0,0.0,0.0,0.0,0.0,0.8,0.0,0.0,0.0,0.0,0.0,0.0,0.0,0.0,0.0,0.0,0.0,0.0,13.3,500.0,6.0,1,0.04,0.2,60000.0,0.0,0.0,0.0,114.0,0.1
6967af305c48023e106c0458,6967af305c48023e106c0458,6967af3038e7cc6db0ba741b,0.0,0.0,0.0,0.0,0.0,0.0,0.0,0.2,0.0,0.0,0.0,0.0,0.0,0.0,0.0,0.0,0.0,0.8,0.0,0.0,0.0,0.0,0.0,0.0,0.0,0.0,0.0,0.0,0.0,0.0,13.3,500.0,6.0,1,0.04,0.2,60000.0,0.0,0.0,0.0,103.0,0.05
6967af305c48023e106c0458,6967af305c48023e106c0458,6967af3038e7cc6db0ba741b,0.0,0.0,0.0,0.0,0.0,0.0,0.0,0.2,0.0,0.0,0.0,0.0,0.0,0.0,0.0,0.0,0.0,0.8,0.0,0.0,0.0,0.0,0.0,0.0,0.0,0.0,0.0,0.0,0.0,0.0,13.3,500.0,6.0,1,0.04,0.2,60000.0,0.0,0.0,0.0,122.0,0.2
6967af305c48023e106c0458,6967af305c48023e106c0458,6967af3038e7cc6db0ba741b,0.0,0.0,0.0,0.0,0.0,0.0,0.0,0.2,0.0,0.0,0.0,0.0,0.0,0.0,0.0,0.0,0.0,0.8,0.0,0.0,0.0,0.0,0.0,0.0,0.0,0.0,0.0,0.0,0.0,0.0,13.3,500.0,6.0,1,0.04,0.2,60000.0,0.0,0.0,0.0,143.0,0.7
6967af305c48023e106c0458,6967af305c48023e106c0458,6967af3038e7cc6db0ba741b,0.0,0.0,0.0,0.0,0.0,0.0,0.0,0.2,0.0,0.0,0.0,0.0,0.0,0.0,0.0,0.0,0.0,0.8,0.0,0.0,0.0,0.0,0.0,0.0,0.0,0.0,0.0,0.0,0.0,0.0,13.3,500.0,6.0,1,0.04,0.2,60000.0,0.0,0.0,0.0,189.5,0.9
6967af305c48023e106c045a,6967af305c48023e106c045a,6967af3038e7cc6db0ba741d,0.0,0.0,0.0,0.0,0.2,0.0,0.0,0.0,0.0,0.0,0.0,0.0,0.0,0.0,0.0,0.0,0.0,0.8,0.0,0.0,0.0,0.0,0.0,0.0,0.0,0.0,0.0,0.0,0.0,0.0,63.0,500.0,6.0,1,0.04,0.2,60000.0,0.0,0.0,0.0,136.0,0.5
6967af305c48023e106c045a,6967af305c48023e106c045a,6967af3038e7cc6db0ba741d,0.0,0.0,0.0,0.0,0.2,0.0,0.0,0.0,0.0,0.0,0.0,0.0,0.0,0.0,0.0,0.0,0.0,0.8,0.0,0.0,0.0,0.0,0.0,0.0,0.0,0.0,0.0,0.0,0.0,0.0,63.0,500.0,6.0,1,0.04,0.2,60000.0,0.0,0.0,0.0,230.0,1.0
6967af305c48023e106c045a,6967af305c48023e106c045a,6967af3038e7cc6db0ba741d,0.0,0.0,0.0,0.0,0.2,0.0,0.0,0.0,0.0,0.0,0.0,0.0,0.0,0.0,0.0,0.0,0.0,0.8,0.0,0.0,0.0,0.0,0.0,0.0,0.0,0.0,0.0,0.0,0.0,0.0,63.0,500.0,6.0,1,0.04,0.2,60000.0,0.0,0.0,0.0,110.0,0.1
6967af305c48023e106c045a,6967af305c48023e106c045a,6967af3038e7cc6db0ba741d,0.0,0.0,0.0,0.0,0.2,0.0,0.0,0.0,0.0,0.0,0.0,0.0,0.0,0.0,0.0,0.0,0.0,0.8,0.0,0.0,0.0,0.0,0.0,0.0,0.0,0.0,0.0,0.0,0.0,0.0,63.0,500.0,6.0,1,0.04,0.2,60000.0,0.0,0.0,0.0,100.0,0.054000000000000006
6967af305c48023e106c045a,6967af305c48023e106c045a,6967af3038e7cc6db0ba741d,0.0,0.0,0.0,0.0,0.2,0.0,0.0,0.0,0.0,0.0,0.0,0.0,0.0,0.0,0.0,0.0,0.0,0.8,0.0,0.0,0.0,0.0,0.0,0.0,0.0,0.0,0.0,0.0,0.0,0.0,63.0,500.0,6.0,1,0.04,0.2,60000.0,0.0,0.0,0.0,123.7,0.2
6967af305c48023e106c045a,6967af305c48023e106c045a,6967af3038e7cc6db0ba741d,0.0,0.0,0.0,0.0,0.2,0.0,0.0,0.0,0.0,0.0,0.0,0.0,0.0,0.0,0.0,0.0,0.0,0.8,0.0,0.0,0.0,0.0,0.0,0.0,0.0,0.0,0.0,0.0,0.0,0.0,63.0,500.0,6.0,1,0.04,0.2,60000.0,0.0,0.0,0.0,141.0,0.6
6967af305c48023e106c045a,6967af305c48023e106c045a,6967af3038e7cc6db0ba741d,0.0,0.0,0.0,0.0,0.2,0.0,0.0,0.0,0.0,0.0,0.0,0.0,0.0,0.0,0.0,0.0,0.0,0.8,0.0,0.0,0.0,0.0,0.0,0.0,0.0,0.0,0.0,0.0,0.0,0.0,63.0,500.0,6.0,1,0.04,0.2,60000.0,0.0,0.0,0.0,164.5,0.8
6967af305c48023e106c045a,6967af305c48023e106c045a,6967af3038e7cc6db0ba741d,0.0,0.0,0.0,0.0,0.2,0.0,0.0,0.0,0.0,0.0,0.0,0.0,0.0,0.0,0.0,0.0,0.0,0.8,0.0,0.0,0.0,0.0,0.0,0.0,0.0,0.0,0.0,0.0,0.0,0.0,63.0,500.0,6.0,1,0.04,0.2,60000.0,0.0,0.0,0.0,191.0,0.9
6967af305c48023e106c045b,6967af305c48023e106c045b,6967af3038e7cc6db0ba741e,0.0,0.0,0.0,0.0,0.0,0.0,0.0,0.0,0.2,0.0,0.0,0.0,0.0,0.0,0.0,0.0,0.0,0.8,0.0,0.0,0.0,0.0,0.0,0.0,0.0,0.0,0.0,0.0,0.0,0.0,16.2,500.0,6.0,1,0.04,0.2,60000.0,0.0,0.0,0.0,63.0,0.5
6967af305c48023e106c045b,6967af305c48023e106c045b,6967af3038e7cc6db0ba741e,0.0,0.0,0.0,0.0,0.0,0.0,0.0,0.0,0.2,0.0,0.0,0.0,0.0,0.0,0.0,0.0,0.0,0.8,0.0,0.0,0.0,0.0,0.0,0.0,0.0,0.0,0.0,0.0,0.0,0.0,16.2,500.0,6.0,1,0.04,0.2,60000.0,0.0,0.0,0.0,76.0,1.0
6967af305c48023e106c045b,6967af305c48023e106c045b,6967af3038e7cc6db0ba741e,0.0,0.0,0.0,0.0,0.0,0.0,0.0,0.0,0.2,0.0,0.0,0.0,0.0,0.0,0.0,0.0,0.0,0.8,0.0,0.0,0.0,0.0,0.0,0.0,0.0,0.0,0.0,0.0,0.0,0.0,16.2,500.0,6.0,1,0.04,0.2,60000.0,0.0,0.0,0.0,52.0,0.05
6967af305c48023e106c045b,6967af305c48023e106c045b,6967af3038e7cc6db0ba741e,0.0,0.0,0.0,0.0,0.0,0.0,0.0,0.0,0.2,0.0,0.0,0.0,0.0,0.0,0.0,0.0,0.0,0.8,0.0,0.0,0.0,0.0,0.0,0.0,0.0,0.0,0.0,0.0,0.0,0.0,16.2,500.0,6.0,1,0.04,0.2,60000.0,0.0,0.0,0.0,49.2,0.02
6967af305c48023e106c045b,6967af305c48023e106c045b,6967af3038e7cc6db0ba741e,0.0,0.0,0.0,0.0,0.0,0.0,0.0,0.0,0.2,0.0,0.0,0.0,0.0,0.0,0.0,0.0,0.0,0.8,0.0,0.0,0.0,0.0,0.0,0.0,0.0,0.0,0.0,0.0,0.0,0.0,16.2,500.0,6.0,1,0.04,0.2,60000.0,0.0,0.0,0.0,62.3,0.2
6967af305c48023e106c045b,6967af305c48023e106c045b,6967af3038e7cc6db0ba741e,0.0,0.0,0.0,0.0,0.0,0.0,0.0,0.0,0.2,0.0,0.0,0.0,0.0,0.0,0.0,0.0,0.0,0.8,0.0,0.0,0.0,0.0,0.0,0.0,0.0,0.0,0.0,0.0,0.0,0.0,16.2,500.0,6.0,1,0.04,0.2,60000.0,0.0,0.0,0.0,65.0,0.8
6967af315c48023e106c045c,6967af315c48023e106c045c,6967af3138e7cc6db0ba741f,0.0,0.0,0.0,0.0,0.0,0.0,0.2,0.0,0.0,0.0,0.0,0.0,0.0,0.0,0.0,0.0,0.0,0.8,0.0,0.0,0.0,0.0,0.0,0.0,0.0,0.0,0.0,0.0,0.0,0.0,11.9,500.0,6.0,1,0.04,0.2,60000.0,0.0,0.0,0.0,120.0,0.5
6967af315c48023e106c045c,6967af315c48023e106c045c,6967af3138e7cc6db0ba741f,0.0,0.0,0.0,0.0,0.0,0.0,0.2,0.0,0.0,0.0,0.0,0.0,0.0,0.0,0.0,0.0,0.0,0.8,0.0,0.0,0.0,0.0,0.0,0.0,0.0,0.0,0.0,0.0,0.0,0.0,11.9,500.0,6.0,1,0.04,0.2,60000.0,0.0,0.0,0.0,152.0,1.0
6967af315c48023e106c045c,6967af315c48023e106c045c,6967af3138e7cc6db0ba741f,0.0,0.0,0.0,0.0,0.0,0.0,0.2,0.0,0.0,0.0,0.0,0.0,0.0,0.0,0.0,0.0,0.0,0.8,0.0,0.0,0.0,0.0,0.0,0.0,0.0,0.0,0.0,0.0,0.0,0.0,11.9,500.0,6.0,1,0.04,0.2,60000.0,0.0,0.0,0.0,100.0,0.054000000000000006
6967af315c48023e106c045c,6967af315c48023e106c045c,6967af3138e7cc6db0ba741f,0.0,0.0,0.0,0.0,0.0,0.0,0.2,0.0,0.0,0.0,0.0,0.0,0.0,0.0,0.0,0.0,0.0,0.8,0.0,0.0,0.0,0.0,0.0,0.0,0.0,0.0,0.0,0.0,0.0,0.0,11.9,500.0,6.0,1,0.04,0.2,60000.0,0.0,0.0,0.0,113.0,0.15
6967af315c48023e106c045c,6967af315c48023e106c045c,6967af3138e7cc6db0ba741f,0.0,0.0,0.0,0.0,0.0,0.0,0.2,0.0,0.0,0.0,0.0,0.0,0.0,0.0,0.0,0.0,0.0,0.8,0.0,0.0,0.0,0.0,0.0,0.0,0.0,0.0,0.0,0.0,0.0,0.0,11.9,500.0,6.0,1,0.04,0.2,60000.0,0.0,0.0,0.0,87.0,0.02
6967af315c48023e106c045c,6967af315c48023e106c045c,6967af3138e7cc6db0ba741f,0.0,0.0,0.0,0.0,0.0,0.0,0.2,0.0,0.0,0.0,0.0,0.0,0.0,0.0,0.0,0.0,0.0,0.8,0.0,0.0,0.0,0.0,0.0,0.0,0.0,0.0,0.0,0.0,0.0,0.0,11.9,500.0,6.0,1,0.04,0.2,60000.0,0.0,0.0,0.0,120.6,0.7
6967af315c48023e106c045c,6967af315c48023e106c045c,6967af3138e7cc6db0ba741f,0.0,0.0,0.0,0.0,0.0,0.0,0.2,0.0,0.0,0.0,0.0,0.0,0.0,0.0,0.0,0.0,0.0,0.8,0.0,0.0,0.0,0.0,0.0,0.0,0.0,0.0,0.0,0.0,0.0,0.0,11.9,500.0,6.0,1,0.04,0.2,60000.0,0.0,0.0,0.0,128.0,0.9
6967af365c48023e106c0462,6967af365c48023e106c0462,6967af3638e7cc6db0ba742f,0.0,0.0,0.0,0.0,0.0,0.0,0.0,0.0,0.09090909090909091,0.0,0.0,0.0,0.0,0.18181818181818182,0.0,0.0,0.0,0.7272727272727273,0.0,0.0,0.0,0.0,0.0,0.0,0.0,0.0,0.0,0.0,0.0,0.0,226.0,400.0,4.0,1,0.1,0.18,11000.0,0.0,0.0,0.0,130.0,1.0
6967af365c48023e106c0462,6967af365c48023e106c0462,6967af3638e7cc6db0ba742f,0.0,0.0,0.0,0.0,0.0,0.0,0.0,0.0,0.09090909090909091,0.0,0.0,0.0,0.0,0.18181818181818182,0.0,0.0,0.0,0.7272727272727273,0.0,0.0,0.0,0.0,0.0,0.0,0.0,0.0,0.0,0.0,0.0,0.0,226.0,400.0,4.0,1,0.1,0.18,11000.0,0.0,0.0,0.0,85.0,0.41200000000000003
6967af365c48023e106c0462,6967af365c48023e106c0462,6967af3638e7cc6db0ba742f,0.0,0.0,0.0,0.0,0.0,0.0,0.0,0.0,0.09090909090909091,0.0,0.0,0.0,0.0,0.18181818181818182,0.0,0.0,0.0,0.7272727272727273,0.0,0.0,0.0,0.0,0.0,0.0,0.0,0.0,0.0,0.0,0.0,0.0,226.0,400.0,4.0,1,0.1,0.18,11000.0,0.0,0.0,0.0,80.0,0.077
6967af365c48023e106c0462,6967af365c48023e106c0462,6967af3638e7cc6db0ba742f,0.0,0.0,0.0,0.0,0.0,0.0,0.0,0.0,0.09090909090909091,0.0,0.0,0.0,0.0,0.18181818181818182,0.0,0.0,0.0,0.7272727272727273,0.0,0.0,0.0,0.0,0.0,0.0,0.0,0.0,0.0,0.0,0.0,0.0,226.0,400.0,4.0,1,0.1,0.18,11000.0,0.0,0.0,0.0,100.0,0.55
6967af365c48023e106c0462,6967af365c48023e106c0462,6967af3638e7cc6db0ba742f,0.0,0.0,0.0,0.0,0.0,0.0,0.0,0.0,0.09090909090909091,0.0,0.0,0.0,0.0,0.18181818181818182,0.0,0.0,0.0,0.7272727272727273,0.0,0.0,0.0,0.0,0.0,0.0,0.0,0.0,0.0,0.0,0.0,0.0,226.0,400.0,4.0,1,0.1,0.18,11000.0,0.0,0.0,0.0,110.0,0.645
6967af365c48023e106c0462,6967af365c48023e106c0462,6967af3638e7cc6db0ba742f,0.0,0.0,0.0,0.0,0.0,0.0,0.0,0.0,0.09090909090909091,0.0,0.0,0.0,0.0,0.18181818181818182,0.0,0.0,0.0,0.7272727272727273,0.0,0.0,0.0,0.0,0.0,0.0,0.0,0.0,0.0,0.0,0.0,0.0,226.0,400.0,4.0,1,0.1,0.18,11000.0,0.0,0.0,0.0,120.0,0.81
6967af365220ac46b0141268,6967af365220ac46b0141268,6967af3638e7cc6db0ba7430,0.0,0.0,0.0,0.0,0.0,0.0,0.0,0.0,0.13043478260869565,0.0,0.0,0.0,0.0,0.1739130434782609,0.0,0.0,0.0,0.6956521739130436,0.0,0.0,0.0,0.0,0.0,0.0,0.0,0.0,0.0,0.0,0.0,0.0,191.0,400.0,4.0,1,0.1,0.18,11000.0,0.0,0.0,0.0,105.0,1.0
6967af365220ac46b0141268,6967af365220ac46b0141268,6967af3638e7cc6db0ba7430,0.0,0.0,0.0,0.0,0.0,0.0,0.0,0.0,0.13043478260869565,0.0,0.0,0.0,0.0,0.1739130434782609,0.0,0.0,0.0,0.6956521739130436,0.0,0.0,0.0,0.0,0.0,0.0,0.0,0.0,0.0,0.0,0.0,0.0,191.0,400.0,4.0,1,0.1,0.18,11000.0,0.0,0.0,0.0,85.0,0.65
6967af365220ac46b0141268,6967af365220ac46b0141268,6967af3638e7cc6db0ba7430,0.0,0.0,0.0,0.0,0.0,0.0,0.0,0.0,0.13043478260869565,0.0,0.0,0.0,0.0,0.1739130434782609,0.0,0.0,0.0,0.6956521739130436,0.0,0.0,0.0,0.0,0.0,0.0,0.0,0.0,0.0,0.0,0.0,0.0,191.0,400.0,4.0,1,0.1,0.18,11000.0,0.0,0.0,0.0,90.0,0.93
6967af365220ac46b0141269,6967af365220ac46b0141269,6967af3638e7cc6db0ba7431,0.0,0.0,0.0,0.0,0.0,0.0,0.0,0.0,0.16666666666666666,0.0,0.0,0.0,0.0,0.16666666666666666,0.0,0.0,0.0,0.6666666666666666,0.0,0.0,0.0,0.0,0.0,0.0,0.0,0.0,0.0,0.0,0.0,0.0,190.0,400.0,4.0,1,0.1,0.18,11000.0,0.0,0.0,0.0,100.0,1.0
6967af365220ac46b0141269,6967af365220ac46b0141269,6967af3638e7cc6db0ba7431,0.0,0.0,0.0,0.0,0.0,0.0,0.0,0.0,0.16666666666666666,0.0,0.0,0.0,0.0,0.16666666666666666,0.0,0.0,0.0,0.6666666666666666,0.0,0.0,0.0,0.0,0.0,0.0,0.0,0.0,0.0,0.0,0.0,0.0,190.0,400.0,4.0,1,0.1,0.18,11000.0,0.0,0.0,0.0,70.0,0.075
6967af365220ac46b0141269,6967af365220ac46b0141269,6967af3638e7cc6db0ba7431,0.0,0.0,0.0,0.0,0.0,0.0,0.0,0.0,0.16666666666666666,0.0,0.0,0.0,0.0,0.16666666666666666,0.0,0.0,0.0,0.6666666666666666,0.0,0.0,0.0,0.0,0.0,0.0,0.0,0.0,0.0,0.0,0.0,0.0,190.0,400.0,4.0,1,0.1,0.18,11000.0,0.0,0.0,0.0,80.0,0.13
6967af365220ac46b0141269,6967af365220ac46b0141269,6967af3638e7cc6db0ba7431,0.0,0.0,0.0,0.0,0.0,0.0,0.0,0.0,0.16666666666666666,0.0,0.0,0.0,0.0,0.16666666666666666,0.0,0.0,0.0,0.6666666666666666,0.0,0.0,0.0,0.0,0.0,0.0,0.0,0.0,0.0,0.0,0.0,0.0,190.0,400.0,4.0,1,0.1,0.18,11000.0,0.0,0.0,0.0,85.0,0.79
6967af365220ac46b0141269,6967af365220ac46b0141269,6967af3638e7cc6db0ba7431,0.0,0.0,0.0,0.0,0.0,0.0,0.0,0.0,0.16666666666666666,0.0,0.0,0.0,0.0,0.16666666666666666,0.0,0.0,0.0,0.6666666666666666,0.0,0.0,0.0,0.0,0.0,0.0,0.0,0.0,0.0,0.0,0.0,0.0,190.0,400.0,4.0,1,0.1,0.18,11000.0,0.0,0.0,0.0,90.0,0.96
6967af375220ac46b014126a,6967af375220ac46b014126a,6967af3738e7cc6db0ba7432,0.0,0.0,0.0,0.0,0.0,0.0,0.0,0.0,0.2,0.0,0.0,0.0,0.0,0.16,0.0,0.0,0.0,0.64,0.0,0.0,0.0,0.0,0.0,0.0,0.0,0.0,0.0,0.0,0.0,0.0,183.0,400.0,4.0,1,0.1,0.18,11000.0,0.0,0.0,0.0,90.0,1.0
6967af375220ac46b014126a,6967af375220ac46b014126a,6967af3738e7cc6db0ba7432,0.0,0.0,0.0,0.0,0.0,0.0,0.0,0.0,0.2,0.0,0.0,0.0,0.0,0.16,0.0,0.0,0.0,0.64,0.0,0.0,0.0,0.0,0.0,0.0,0.0,0.0,0.0,0.0,0.0,0.0,183.0,400.0,4.0,1,0.1,0.18,11000.0,0.0,0.0,0.0,80.0,0.125
6967af375220ac46b014126a,6967af375220ac46b014126a,6967af3738e7cc6db0ba7432,0.0,0.0,0.0,0.0,0.0,0.0,0.0,0.0,0.2,0.0,0.0,0.0,0.0,0.16,0.0,0.0,0.0,0.64,0.0,0.0,0.0,0.0,0.0,0.0,0.0,0.0,0.0,0.0,0.0,0.0,183.0,400.0,4.0,1,0.1,0.18,11000.0,0.0,0.0,0.0,60.0,0.027000000000000003
6967af375220ac46b014126a,6967af375220ac46b014126a,6967af3738e7cc6db0ba7432,0.0,0.0,0.0,0.0,0.0,0.0,0.0,0.0,0.2,0.0,0.0,0.0,0.0,0.16,0.0,0.0,0.0,0.64,0.0,0.0,0.0,0.0,0.0,0.0,0.0,0.0,0.0,0.0,0.0,0.0,183.0,400.0,4.0,1,0.1,0.18,11000.0,0.0,0.0,0.0,85.0,0.95
6967af379890fdd35aa2c56f,6967af379890fdd35aa2c56f,6967af3738e7cc6db0ba7433,0.0,0.0,0.0,0.0,0.0,0.0,0.0,0.0,0.23076923076923075,0.0,0.0,0.0,0.0,0.15384615384615385,0.0,0.0,0.0,0.6153846153846154,0.0,0.0,0.0,0.0,0.0,0.0,0.0,0.0,0.0,0.0,0.0,0.0,138.0,400.0,4.0,1,0.1,0.18,11000.0,0.0,0.0,0.0,130.0,1.0
6967af379890fdd35aa2c56f,6967af379890fdd35aa2c56f,6967af3738e7cc6db0ba7433,0.0,0.0,0.0,0.0,0.0,0.0,0.0,0.0,0.23076923076923075,0.0,0.0,0.0,0.0,0.15384615384615385,0.0,0.0,0.0,0.6153846153846154,0.0,0.0,0.0,0.0,0.0,0.0,0.0,0.0,0.0,0.0,0.0,0.0,138.0,400.0,4.0,1,0.1,0.18,11000.0,0.0,0.0,0.0,85.0,0.15
6967af379890fdd35aa2c56f,6967af379890fdd35aa2c56f,6967af3738e7cc6db0ba7433,0.0,0.0,0.0,0.0,0.0,0.0,0.0,0.0,0.23076923076923075,0.0,0.0,0.0,0.0,0.15384615384615385,0.0,0.0,0.0,0.6153846153846154,0.0,0.0,0.0,0.0,0.0,0.0,0.0,0.0,0.0,0.0,0.0,0.0,138.0,400.0,4.0,1,0.1,0.18,11000.0,0.0,0.0,0.0,90.0,0.444
6967af379890fdd35aa2c56f,6967af379890fdd35aa2c56f,6967af3738e7cc6db0ba7433,0.0,0.0,0.0,0.0,0.0,0.0,0.0,0.0,0.23076923076923075,0.0,0.0,0.0,0.0,0.15384615384615385,0.0,0.0,0.0,0.6153846153846154,0.0,0.0,0.0,0.0,0.0,0.0,0.0,0.0,0.0,0.0,0.0,0.0,138.0,400.0,4.0,1,0.1,0.18,11000.0,0.0,0.0,0.0,110.0,0.723
6967af379890fdd35aa2c56f,6967af379890fdd35aa2c56f,6967af3738e7cc6db0ba7433,0.0,0.0,0.0,0.0,0.0,0.0,0.0,0.0,0.23076923076923075,0.0,0.0,0.0,0.0,0.15384615384615385,0.0,0.0,0.0,0.6153846153846154,0.0,0.0,0.0,0.0,0.0,0.0,0.0,0.0,0.0,0.0,0.0,0.0,138.0,400.0,4.0,1,0.1,0.18,11000.0,0.0,0.0,0.0,120.0,0.95
6967af375c48023e106c0463,6967af375c48023e106c0463,6967af3738e7cc6db0ba7434,0.0,0.0,0.0,0.0,0.0,0.0,0.0,0.0,0.2857142857142857,0.0,0.0,0.0,0.0,0.14285714285714285,0.0,0.0,0.0,0.5714285714285714,0.0,0.0,0.0,0.0,0.0,0.0,0.0,0.0,0.0,0.0,0.0,0.0,127.0,400.0,4.0,0,0.1,0.18,11000.0,0.0,0.0,0.0,130.0,1.0
6967af375c48023e106c0463,6967af375c48023e106c0463,6967af3738e7cc6db0ba7434,0.0,0.0,0.0,0.0,0.0,0.0,0.0,0.0,0.2857142857142857,0.0,0.0,0.0,0.0,0.14285714285714285,0.0,0.0,0.0,0.5714285714285714,0.0,0.0,0.0,0.0,0.0,0.0,0.0,0.0,0.0,0.0,0.0,0.0,127.0,400.0,4.0,0,0.1,0.18,11000.0,0.0,0.0,0.0,85.0,0.13
6967af375c48023e106c0463,6967af375c48023e106c0463,6967af3738e7cc6db0ba7434,0.0,0.0,0.0,0.0,0.0,0.0,0.0,0.0,0.2857142857142857,0.0,0.0,0.0,0.0,0.14285714285714285,0.0,0.0,0.0,0.5714285714285714,0.0,0.0,0.0,0.0,0.0,0.0,0.0,0.0,0.0,0.0,0.0,0.0,127.0,400.0,4.0,0,0.1,0.18,11000.0,0.0,0.0,0.0,90.0,0.40299999999999997
6967af375c48023e106c0463,6967af375c48023e106c0463,6967af3738e7cc6db0ba7434,0.0,0.0,0.0,0.0,0.0,0.0,0.0,0.0,0.2857142857142857,0.0,0.0,0.0,0.0,0.14285714285714285,0.0,0.0,0.0,0.5714285714285714,0.0,0.0,0.0,0.0,0.0,0.0,0.0,0.0,0.0,0.0,0.0,0.0,127.0,400.0,4.0,0,0.1,0.18,11000.0,0.0,0.0,0.0,105.0,0.625
6967af375c48023e106c0463,6967af375c48023e106c0463,6967af3738e7cc6db0ba7434,0.0,0.0,0.0,0.0,0.0,0.0,0.0,0.0,0.2857142857142857,0.0,0.0,0.0,0.0,0.14285714285714285,0.0,0.0,0.0,0.5714285714285714,0.0,0.0,0.0,0.0,0.0,0.0,0.0,0.0,0.0,0.0,0.0,0.0,127.0,400.0,4.0,0,0.1,0.18,11000.0,0.0,0.0,0.0,115.0,0.71
6967af375c48023e106c0463,6967af375c48023e106c0463,6967af3738e7cc6db0ba7434,0.0,0.0,0.0,0.0,0.0,0.0,0.0,0.0,0.2857142857142857,0.0,0.0,0.0,0.0,0.14285714285714285,0.0,0.0,0.0,0.5714285714285714,0.0,0.0,0.0,0.0,0.0,0.0,0.0,0.0,0.0,0.0,0.0,0.0,127.0,400.0,4.0,0,0.1,0.18,11000.0,0.0,0.0,0.0,120.0,0.9259999999999999
6967af375c48023e106c0464,6967af375c48023e106c0464,6967af3738e7cc6db0ba7435,0.0,0.0,0.0,0.0,0.0,0.0,0.0,0.0,0.2,0.0,0.0,0.0,0.0,0.16,0.0,0.0,0.0,0.64,0.0,0.0,0.0,0.0,0.0,0.0,0.0,0.0,0.0,0.0,0.0,0.0,157.0,300.0,4.0,1,0.1,0.18,11000.0,0.0,0.0,0.0,100.0,1.0
6967af375c48023e106c0464,6967af375c48023e106c0464,6967af3738e7cc6db0ba7435,0.0,0.0,0.0,0.0,0.0,0.0,0.0,0.0,0.2,0.0,0.0,0.0,0.0,0.16,0.0,0.0,0.0,0.64,0.0,0.0,0.0,0.0,0.0,0.0,0.0,0.0,0.0,0.0,0.0,0.0,157.0,300.0,4.0,1,0.1,0.18,11000.0,0.0,0.0,0.0,80.0,0.133
6967af375c48023e106c0464,6967af375c48023e106c0464,6967af3738e7cc6db0ba7435,0.0,0.0,0.0,0.0,0.0,0.0,0.0,0.0,0.2,0.0,0.0,0.0,0.0,0.16,0.0,0.0,0.0,0.64,0.0,0.0,0.0,0.0,0.0,0.0,0.0,0.0,0.0,0.0,0.0,0.0,157.0,300.0,4.0,1,0.1,0.18,11000.0,0.0,0.0,0.0,85.0,0.8
6967af375c48023e106c0464,6967af375c48023e106c0464,6967af3738e7cc6db0ba7435,0.0,0.0,0.0,0.0,0.0,0.0,0.0,0.0,0.2,0.0,0.0,0.0,0.0,0.16,0.0,0.0,0.0,0.64,0.0,0.0,0.0,0.0,0.0,0.0,0.0,0.0,0.0,0.0,0.0,0.0,157.0,300.0,4.0,1,0.1,0.18,11000.0,0.0,0.0,0.0,90.0,0.95
6967af385c48023e106c0465,6967af385c48023e106c0465,6967af3838e7cc6db0ba7436,0.0,0.0,0.0,0.0,0.0,0.0,0.0,0.0,0.2,0.0,0.0,0.0,0.0,0.16,0.0,0.0,0.0,0.64,0.0,0.0,0.0,0.0,0.0,0.0,0.0,0.0,0.0,0.0,0.0,0.0,131.0,500.0,4.0,1,0.1,0.18,11000.0,0.0,0.0,0.0,95.0,1.0
6967af385c48023e106c0465,6967af385c48023e106c0465,6967af3838e7cc6db0ba7436,0.0,0.0,0.0,0.0,0.0,0.0,0.0,0.0,0.2,0.0,0.0,0.0,0.0,0.16,0.0,0.0,0.0,0.64,0.0,0.0,0.0,0.0,0.0,0.0,0.0,0.0,0.0,0.0,0.0,0.0,131.0,500.0,4.0,1,0.1,0.18,11000.0,0.0,0.0,0.0,80.0,0.079
6967af385c48023e106c0465,6967af385c48023e106c0465,6967af3838e7cc6db0ba7436,0.0,0.0,0.0,0.0,0.0,0.0,0.0,0.0,0.2,0.0,0.0,0.0,0.0,0.16,0.0,0.0,0.0,0.64,0.0,0.0,0.0,0.0,0.0,0.0,0.0,0.0,0.0,0.0,0.0,0.0,131.0,500.0,4.0,1,0.1,0.18,11000.0,0.0,0.0,0.0,85.0,0.4
6967af385c48023e106c0465,6967af385c48023e106c0465,6967af3838e7cc6db0ba7436,0.0,0.0,0.0,0.0,0.0,0.0,0.0,0.0,0.2,0.0,0.0,0.0,0.0,0.16,0.0,0.0,0.0,0.64,0.0,0.0,0.0,0.0,0.0,0.0,0.0,0.0,0.0,0.0,0.0,0.0,131.0,500.0,4.0,1,0.1,0.18,11000.0,0.0,0.0,0.0,90.0,0.97
6967af385c48023e106c0465,6967af385c48023e106c0465,6967af3838e7cc6db0ba7436,0.0,0.0,0.0,0.0,0.0,0.0,0.0,0.0,0.2,0.0,0.0,0.0,0.0,0.16,0.0,0.0,0.0,0.64,0.0,0.0,0.0,0.0,0.0,0.0,0.0,0.0,0.0,0.0,0.0,0.0,131.0,500.0,4.0,1,0.1,0.18,11000.0,0.0,0.0,0.0,60.0,0.015
6967af389890fdd35aa2c570,6967af389890fdd35aa2c570,6967af3838e7cc6db0ba7437,0.0,0.0,0.0,0.0,0.0,0.0,0.0,0.0,0.2,0.0,0.0,0.0,0.0,0.16,0.0,0.0,0.0,0.64,0.0,0.0,0.0,0.0,0.0,0.0,0.0,0.0,0.0,0.0,0.0,0.0,70.0,600.0,4.0,0,0.1,0.18,11000.0,0.0,0.0,0.0,125.0,1.0
6967af389890fdd35aa2c570,6967af389890fdd35aa2c570,6967af3838e7cc6db0ba7437,0.0,0.0,0.0,0.0,0.0,0.0,0.0,0.0,0.2,0.0,0.0,0.0,0.0,0.16,0.0,0.0,0.0,0.64,0.0,0.0,0.0,0.0,0.0,0.0,0.0,0.0,0.0,0.0,0.0,0.0,70.0,600.0,4.0,0,0.1,0.18,11000.0,0.0,0.0,0.0,85.0,0.45
6967af389890fdd35aa2c570,6967af389890fdd35aa2c570,6967af3838e7cc6db0ba7437,0.0,0.0,0.0,0.0,0.0,0.0,0.0,0.0,0.2,0.0,0.0,0.0,0.0,0.16,0.0,0.0,0.0,0.64,0.0,0.0,0.0,0.0,0.0,0.0,0.0,0.0,0.0,0.0,0.0,0.0,70.0,600.0,4.0,0,0.1,0.18,11000.0,0.0,0.0,0.0,90.0,0.61
6967af389890fdd35aa2c570,6967af389890fdd35aa2c570,6967af3838e7cc6db0ba7437,0.0,0.0,0.0,0.0,0.0,0.0,0.0,0.0,0.2,0.0,0.0,0.0,0.0,0.16,0.0,0.0,0.0,0.64,0.0,0.0,0.0,0.0,0.0,0.0,0.0,0.0,0.0,0.0,0.0,0.0,70.0,600.0,4.0,0,0.1,0.18,11000.0,0.0,0.0,0.0,95.0,0.75
6967af389890fdd35aa2c570,6967af389890fdd35aa2c570,6967af3838e7cc6db0ba7437,0.0,0.0,0.0,0.0,0.0,0.0,0.0,0.0,0.2,0.0,0.0,0.0,0.0,0.16,0.0,0.0,0.0,0.64,0.0,0.0,0.0,0.0,0.0,0.0,0.0,0.0,0.0,0.0,0.0,0.0,70.0,600.0,4.0,0,0.1,0.18,11000.0,0.0,0.0,0.0,100.0,0.84
6967af389890fdd35aa2c570,6967af389890fdd35aa2c570,6967af3838e7cc6db0ba7437,0.0,0.0,0.0,0.0,0.0,0.0,0.0,0.0,0.2,0.0,0.0,0.0,0.0,0.16,0.0,0.0,0.0,0.64,0.0,0.0,0.0,0.0,0.0,0.0,0.0,0.0,0.0,0.0,0.0,0.0,70.0,600.0,4.0,0,0.1,0.18,11000.0,0.0,0.0,0.0,105.0,0.9
6967af389890fdd35aa2c570,6967af389890fdd35aa2c570,6967af3838e7cc6db0ba7437,0.0,0.0,0.0,0.0,0.0,0.0,0.0,0.0,0.2,0.0,0.0,0.0,0.0,0.16,0.0,0.0,0.0,0.64,0.0,0.0,0.0,0.0,0.0,0.0,0.0,0.0,0.0,0.0,0.0,0.0,70.0,600.0,4.0,0,0.1,0.18,11000.0,0.0,0.0,0.0,110.0,0.955
6967af389890fdd35aa2c571,6967af389890fdd35aa2c571,6967af3838e7cc6db0ba7438,0.0,0.0,0.0,0.0,0.0,0.0,0.0,0.0,0.2,0.0,0.0,0.0,0.0,0.16,0.0,0.0,0.0,0.64,0.0,0.0,0.0,0.0,0.0,0.0,0.0,0.0,0.0,0.0,0.0,0.0,7.0,800.0,4.0,0,0.1,0.18,11000.0,0.0,0.0,0.0,200.0,0.48
6967af389890fdd35aa2c571,6967af389890fdd35aa2c571,6967af3838e7cc6db0ba7438,0.0,0.0,0.0,0.0,0.0,0.0,0.0,0.0,0.2,0.0,0.0,0.0,0.0,0.16,0.0,0.0,0.0,0.64,0.0,0.0,0.0,0.0,0.0,0.0,0.0,0.0,0.0,0.0,0.0,0.0,7.0,800.0,4.0,0,0.1,0.18,11000.0,0.0,0.0,0.0,140.0,0.034
6967af389890fdd35aa2c571,6967af389890fdd35aa2c571,6967af3838e7cc6db0ba7438,0.0,0.0,0.0,0.0,0.0,0.0,0.0,0.0,0.2,0.0,0.0,0.0,0.0,0.16,0.0,0.0,0.0,0.64,0.0,0.0,0.0,0.0,0.0,0.0,0.0,0.0,0.0,0.0,0.0,0.0,7.0,800.0,4.0,0,0.1,0.18,11000.0,0.0,0.0,0.0,145.0,0.07
6967af389890fdd35aa2c571,6967af389890fdd35aa2c571,6967af3838e7cc6db0ba7438,0.0,0.0,0.0,0.0,0.0,0.0,0.0,0.0,0.2,0.0,0.0,0.0,0.0,0.16,0.0,0.0,0.0,0.64,0.0,0.0,0.0,0.0,0.0,0.0,0.0,0.0,0.0,0.0,0.0,0.0,7.0,800.0,4.0,0,0.1,0.18,11000.0,0.0,0.0,0.0,160.0,0.19
6967af389890fdd35aa2c571,6967af389890fdd35aa2c571,6967af3838e7cc6db0ba7438,0.0,0.0,0.0,0.0,0.0,0.0,0.0,0.0,0.2,0.0,0.0,0.0,0.0,0.16,0.0,0.0,0.0,0.64,0.0,0.0,0.0,0.0,0.0,0.0,0.0,0.0,0.0,0.0,0.0,0.0,7.0,800.0,4.0,0,0.1,0.18,11000.0,0.0,0.0,0.0,180.0,0.35
6967af389890fdd35aa2c571,6967af389890fdd35aa2c571,6967af3838e7cc6db0ba7438,0.0,0.0,0.0,0.0,0.0,0.0,0.0,0.0,0.2,0.0,0.0,0.0,0.0,0.16,0.0,0.0,0.0,0.64,0.0,0.0,0.0,0.0,0.0,0.0,0.0,0.0,0.0,0.0,0.0,0.0,7.0,800.0,4.0,0,0.1,0.18,11000.0,0.0,0.0,0.0,220.0,0.575
6967af405c48023e106c0470,6967af405c48023e106c0470,6967af4038e7cc6db0ba7450,0.0,0.0,0.0,0.0,0.0,0.0,0.0,0.0,0.0,0.0,0.0,0.0,0.0,0.0,0.0,0.1,0.0,0.9,0.0,0.0,0.0,0.0,0.0,0.0,0.0,0.0,0.0,0.0,0.0,0.0,31.2,550.0,5.0,1,0.01,0.005,120000.0,150.0,0.0,0.5,250.6394255428278,0.044191400659573145
6967af405c48023e106c0470,6967af405c48023e106c0470,6967af4038e7cc6db0ba7450,0.0,0.0,0.0,0.0,0.0,0.0,0.0,0.0,0.0,0.0,0.0,0.0,0.0,0.0,0.0,0.1,0.0,0.9,0.0,0.0,0.0,0.0,0.0,0.0,0.0,0.0,0.0,0.0,0.0,0.0,31.2,550.0,5.0,1,0.01,0.005,120000.0,150.0,0.0,0.5,299.55206018122755,0.1476074917553357
6967af405c48023e106c0470,6967af405c48023e106c0470,6967af4038e7cc6db0ba7450,0.0,0.0,0.0,0.0,0.0,0.0,0.0,0.0,0.0,0.0,0.0,0.0,0.0,0.0,0.0,0.1,0.0,0.9,0.0,0.0,0.0,0.0,0.0,0.0,0.0,0.0,0.0,0.0,0.0,0.0,31.2,550.0,5.0,1,0.01,0.005,120000.0,150.0,0.0,0.5,349.0870234228073,0.38973305954825466
6967af405c48023e106c0470,6967af405c48023e106c0470,6967af4038e7cc6db0ba7450,0.0,0.0,0.0,0.0,0.0,0.0,0.0,0.0,0.0,0.0,0.0,0.0,0.0,0.0,0.0,0.1,0.0,0.9,0.0,0.0,0.0,0.0,0.0,0.0,0.0,0.0,0.0,0.0,0.0,0.0,31.2,550.0,5.0,1,0.01,0.005,120000.0,150.0,0.0,0.5,399.51957599589673,0.7587621595835148
6967af405c48023e106c0470,6967af405c48023e106c0470,6967af4038e7cc6db0ba7450,0.0,0.0,0.0,0.0,0.0,0.0,0.0,0.0,0.0,0.0,0.0,0.0,0.0,0.0,0.0,0.1,0.0,0.9,0.0,0.0,0.0,0.0,0.0,0.0,0.0,0.0,0.0,0.0,0.0,0.0,31.2,550.0,5.0,1,0.01,0.005,120000.0,150.0,0.0,0.5,449.2053342451701,1.0
6967af405c48023e106c0471,6967af405c48023e106c0471,6967af4038e7cc6db0ba7451,0.0,0.0,0.0,0.0,0.0,0.0,0.0,0.0,0.0,0.0,0.0,0.0,0.0,0.0,0.0,0.15,0.0,0.85,0.0,0.0,0.0,0.0,0.0,0.0,0.0,0.0,0.0,0.0,0.0,0.0,41.3,550.0,5.0,1,0.01,0.005,120000.0,150.0,0.0,0.5,249.13865618054368,0.056005641631925
6967af405c48023e106c0471,6967af405c48023e106c0471,6967af4038e7cc6db0ba7451,0.0,0.0,0.0,0.0,0.0,0.0,0.0,0.0,0.0,0.0,0.0,0.0,0.0,0.0,0.0,0.15,0.0,0.85,0.0,0.0,0.0,0.0,0.0,0.0,0.0,0.0,0.0,0.0,0.0,0.0,41.3,550.0,5.0,1,0.01,0.005,120000.0,150.0,0.0,0.5,299.1092494443494,0.17399871403978182
6967af405c48023e106c0471,6967af405c48023e106c0471,6967af4038e7cc6db0ba7451,0.0,0.0,0.0,0.0,0.0,0.0,0.0,0.0,0.0,0.0,0.0,0.0,0.0,0.0,0.0,0.15,0.0,0.85,0.0,0.0,0.0,0.0,0.0,0.0,0.0,0.0,0.0,0.0,0.0,0.0,41.3,550.0,5.0,1,0.01,0.005,120000.0,150.0,0.0,0.5,349.02957770559067,0.45715885756953517
6967af405c48023e106c0471,6967af405c48023e106c0471,6967af4038e7cc6db0ba7451,0.0,0.0,0.0,0.0,0.0,0.0,0.0,0.0,0.0,0.0,0.0,0.0,0.0,0.0,0.0,0.15,0.0,0.85,0.0,0.0,0.0,0.0,0.0,0.0,0.0,0.0,0.0,0.0,0.0,0.0,41.3,550.0,5.0,1,0.01,0.005,120000.0,150.0,0.0,0.5,398.77996238673273,0.8086740090846867
6967af405c48023e106c0471,6967af405c48023e106c0471,6967af4038e7cc6db0ba7451,0.0,0.0,0.0,0.0,0.0,0.0,0.0,0.0,0.0,0.0,0.0,0.0,0.0,0.0,0.0,0.15,0.0,0.85,0.0,0.0,0.0,0.0,0.0,0.0,0.0,0.0,0.0,0.0,0.0,0.0,41.3,550.0,5.0,1,0.01,0.005,120000.0,150.0,0.0,0.5,449.0712942383313,0.9981083940016178
6967af405c48023e106c0472,6967af405c48023e106c0472,6967af4038e7cc6db0ba7452,0.0,0.0,0.0,0.0,0.0,0.0,0.0,0.0,0.0,0.0,0.0,0.0,0.0,0.0,0.0,0.05,0.0,0.95,0.0,0.0,0.0,0.0,0.0,0.0,0.0,0.0,0.0,0.0,0.0,0.0,42.0,550.0,5.0,1,0.01,0.005,120000.0,150.0,0.0,0.5,199.58933150965976,0.017501503743803538
6967af405c48023e106c0472,6967af405c48023e106c0472,6967af4038e7cc6db0ba7452,0.0,0.0,0.0,0.0,0.0,0.0,0.0,0.0,0.0,0.0,0.0,0.0,0.0,0.0,0.0,0.05,0.0,0.95,0.0,0.0,0.0,0.0,0.0,0.0,0.0,0.0,0.0,0.0,0.0,0.0,42.0,550.0,5.0,1,0.01,0.005,120000.0,150.0,0.0,0.5,249.33971619080182,0.11103644245328023
6967af405c48023e106c0472,6967af405c48023e106c0472,6967af4038e7cc6db0ba7452,0.0,0.0,0.0,0.0,0.0,0.0,0.0,0.0,0.0,0.0,0.0,0.0,0.0,0.0,0.0,0.05,0.0,0.95,0.0,0.0,0.0,0.0,0.0,0.0,0.0,0.0,0.0,0.0,0.0,0.0,42.0,550.0,5.0,1,0.01,0.005,120000.0,150.0,0.0,0.5,299.52094375106856,0.4309916412585817
6967af405c48023e106c0472,6967af405c48023e106c0472,6967af4038e7cc6db0ba7452,0.0,0.0,0.0,0.0,0.0,0.0,0.0,0.0,0.0,0.0,0.0,0.0,0.0,0.0,0.0,0.05,0.0,0.95,0.0,0.0,0.0,0.0,0.0,0.0,0.0,0.0,0.0,0.0,0.0,0.0,42.0,550.0,5.0,1,0.01,0.005,120000.0,150.0,0.0,0.5,349.6423320225679,0.8020782776429592
6967af405c48023e106c0472,6967af405c48023e106c0472,6967af4038e7cc6db0ba7452,0.0,0.0,0.0,0.0,0.0,0.0,0.0,0.0,0.0,0.0,0.0,0.0,0.0,0.0,0.0,0.05,0.0,0.95,0.0,0.0,0.0,0.0,0.0,0.0,0.0,0.0,0.0,0.0,0.0,0.0,42.0,550.0,5.0,1,0.01,0.005,120000.0,150.0,0.0,0.5,399.1078816891776,0.9684151577375397
6967af435220ac46b0141275,6967af435220ac46b0141275,6967af4338e7cc6db0ba745c,0.0,0.0,0.0,0.0,0.0,0.0,0.1,0.0,0.0,0.0,0.0,0.0,0.0,0.0,0.0,0.0,0.0,0.9,0.0,0.0,0.0,0.0,0.0,0.0,0.0,0.0,0.0,0.0,0.0,0.0,27.0,400.0,4.0,1,0.01,0.01,28000.0,150.0,20.0,4.0,25.0,0.08
6967af435220ac46b0141275,6967af435220ac46b0141275,6967af4338e7cc6db0ba745c,0.0,0.0,0.0,0.0,0.0,0.0,0.1,0.0,0.0,0.0,0.0,0.0,0.0,0.0,0.0,0.0,0.0,0.9,0.0,0.0,0.0,0.0,0.0,0.0,0.0,0.0,0.0,0.0,0.0,0.0,27.0,400.0,4.0,1,0.01,0.01,28000.0,150.0,20.0,4.0,40.0,0.09
6967af435220ac46b0141275,6967af435220ac46b0141275,6967af4338e7cc6db0ba745c,0.0,0.0,0.0,0.0,0.0,0.0,0.1,0.0,0.0,0.0,0.0,0.0,0.0,0.0,0.0,0.0,0.0,0.9,0.0,0.0,0.0,0.0,0.0,0.0,0.0,0.0,0.0,0.0,0.0,0.0,27.0,400.0,4.0,1,0.01,0.01,28000.0,150.0,20.0,4.0,60.0,0.12
6967af435220ac46b0141275,6967af435220ac46b0141275,6967af4338e7cc6db0ba745c,0.0,0.0,0.0,0.0,0.0,0.0,0.1,0.0,0.0,0.0,0.0,0.0,0.0,0.0,0.0,0.0,0.0,0.9,0.0,0.0,0.0,0.0,0.0,0.0,0.0,0.0,0.0,0.0,0.0,0.0,27.0,400.0,4.0,1,0.01,0.01,28000.0,150.0,20.0,4.0,80.0,0.18
6967af435220ac46b0141275,6967af435220ac46b0141275,6967af4338e7cc6db0ba745c,0.0,0.0,0.0,0.0,0.0,0.0,0.1,0.0,0.0,0.0,0.0,0.0,0.0,0.0,0.0,0.0,0.0,0.9,0.0,0.0,0.0,0.0,0.0,0.0,0.0,0.0,0.0,0.0,0.0,0.0,27.0,400.0,4.0,1,0.01,0.01,28000.0,150.0,20.0,4.0,100.0,0.21
6967af435220ac46b0141275,6967af435220ac46b0141275,6967af4338e7cc6db0ba745c,0.0,0.0,0.0,0.0,0.0,0.0,0.1,0.0,0.0,0.0,0.0,0.0,0.0,0.0,0.0,0.0,0.0,0.9,0.0,0.0,0.0,0.0,0.0,0.0,0.0,0.0,0.0,0.0,0.0,0.0,27.0,400.0,4.0,1,0.01,0.01,28000.0,150.0,20.0,4.0,120.0,0.26
6967af435220ac46b0141275,6967af435220ac46b0141275,6967af4338e7cc6db0ba745c,0.0,0.0,0.0,0.0,0.0,0.0,0.1,0.0,0.0,0.0,0.0,0.0,0.0,0.0,0.0,0.0,0.0,0.9,0.0,0.0,0.0,0.0,0.0,0.0,0.0,0.0,0.0,0.0,0.0,0.0,27.0,400.0,4.0,1,0.01,0.01,28000.0,150.0,20.0,4.0,150.0,0.52
6967af435220ac46b0141275,6967af435220ac46b0141275,6967af4338e7cc6db0ba745c,0.0,0.0,0.0,0.0,0.0,0.0,0.1,0.0,0.0,0.0,0.0,0.0,0.0,0.0,0.0,0.0,0.0,0.9,0.0,0.0,0.0,0.0,0.0,0.0,0.0,0.0,0.0,0.0,0.0,0.0,27.0,400.0,4.0,1,0.01,0.01,28000.0,150.0,20.0,4.0,180.0,0.9
6967af435220ac46b0141275,6967af435220ac46b0141275,6967af4338e7cc6db0ba745c,0.0,0.0,0.0,0.0,0.0,0.0,0.1,0.0,0.0,0.0,0.0,0.0,0.0,0.0,0.0,0.0,0.0,0.9,0.0,0.0,0.0,0.0,0.0,0.0,0.0,0.0,0.0,0.0,0.0,0.0,27.0,400.0,4.0,1,0.01,0.01,28000.0,150.0,20.0,4.0,200.0,0.98
6967af445220ac46b0141276,6967af445220ac46b0141276,6967af4438e7cc6db0ba745d,0.0,0.0,0.0,0.0,0.0,0.0,0.1,0.0,0.05,0.0,0.0,0.0,0.0,0.0,0.0,0.0,0.0,0.85,0.0,0.0,0.0,0.0,0.0,0.0,0.0,0.0,0.0,0.0,0.0,0.0,27.0,400.0,4.0,0,0.01,0.01,28000.0,150.0,20.0,4.0,60.0,0.04
6967af445220ac46b0141276,6967af445220ac46b0141276,6967af4438e7cc6db0ba745d,0.0,0.0,0.0,0.0,0.0,0.0,0.1,0.0,0.05,0.0,0.0,0.0,0.0,0.0,0.0,0.0,0.0,0.85,0.0,0.0,0.0,0.0,0.0,0.0,0.0,0.0,0.0,0.0,0.0,0.0,27.0,400.0,4.0,0,0.01,0.01,28000.0,150.0,20.0,4.0,80.0,0.13
6967af445220ac46b0141276,6967af445220ac46b0141276,6967af4438e7cc6db0ba745d,0.0,0.0,0.0,0.0,0.0,0.0,0.1,0.0,0.05,0.0,0.0,0.0,0.0,0.0,0.0,0.0,0.0,0.85,0.0,0.0,0.0,0.0,0.0,0.0,0.0,0.0,0.0,0.0,0.0,0.0,27.0,400.0,4.0,0,0.01,0.01,28000.0,150.0,20.0,4.0,100.0,0.35
6967af445220ac46b0141276,6967af445220ac46b0141276,6967af4438e7cc6db0ba745d,0.0,0.0,0.0,0.0,0.0,0.0,0.1,0.0,0.05,0.0,0.0,0.0,0.0,0.0,0.0,0.0,0.0,0.85,0.0,0.0,0.0,0.0,0.0,0.0,0.0,0.0,0.0,0.0,0.0,0.0,27.0,400.0,4.0,0,0.01,0.01,28000.0,150.0,20.0,4.0,120.0,0.65
6967af445220ac46b0141276,6967af445220ac46b0141276,6967af4438e7cc6db0ba745d,0.0,0.0,0.0,0.0,0.0,0.0,0.1,0.0,0.05,0.0,0.0,0.0,0.0,0.0,0.0,0.0,0.0,0.85,0.0,0.0,0.0,0.0,0.0,0.0,0.0,0.0,0.0,0.0,0.0,0.0,27.0,400.0,4.0,0,0.01,0.01,28000.0,150.0,20.0,4.0,150.0,0.94
6967af445220ac46b0141276,6967af445220ac46b0141276,6967af4438e7cc6db0ba745d,0.0,0.0,0.0,0.0,0.0,0.0,0.1,0.0,0.05,0.0,0.0,0.0,0.0,0.0,0.0,0.0,0.0,0.85,0.0,0.0,0.0,0.0,0.0,0.0,0.0,0.0,0.0,0.0,0.0,0.0,27.0,400.0,4.0,0,0.01,0.01,28000.0,150.0,20.0,4.0,180.0,1.0
6967af445c48023e106c0477,6967af445c48023e106c0477,6967af4438e7cc6db0ba745e,0.0,0.0,0.0,0.0,0.0,0.0,0.0,0.0,0.05,0.0,0.0,0.0,0.0,0.0,0.0,0.0,0.0,0.95,0.0,0.0,0.0,0.0,0.0,0.0,0.0,0.0,0.0,0.0,0.0,0.0,21.0,400.0,4.0,1,0.01,0.01,28000.0,150.0,20.0,4.0,40.0,0.02
6967af445c48023e106c0477,6967af445c48023e106c0477,6967af4438e7cc6db0ba745e,0.0,0.0,0.0,0.0,0.0,0.0,0.0,0.0,0.05,0.0,0.0,0.0,0.0,0.0,0.0,0.0,0.0,0.95,0.0,0.0,0.0,0.0,0.0,0.0,0.0,0.0,0.0,0.0,0.0,0.0,21.0,400.0,4.0,1,0.01,0.01,28000.0,150.0,20.0,4.0,60.0,0.06
6967af445c48023e106c0477,6967af445c48023e106c0477,6967af4438e7cc6db0ba745e,0.0,0.0,0.0,0.0,0.0,0.0,0.0,0.0,0.05,0.0,0.0,0.0,0.0,0.0,0.0,0.0,0.0,0.95,0.0,0.0,0.0,0.0,0.0,0.0,0.0,0.0,0.0,0.0,0.0,0.0,21.0,400.0,4.0,1,0.01,0.01,28000.0,150.0,20.0,4.0,80.0,0.23
6967af445c48023e106c0477,6967af445c48023e106c0477,6967af4438e7cc6db0ba745e,0.0,0.0,0.0,0.0,0.0,0.0,0.0,0.0,0.05,0.0,0.0,0.0,0.0,0.0,0.0,0.0,0.0,0.95,0.0,0.0,0.0,0.0,0.0,0.0,0.0,0.0,0.0,0.0,0.0,0.0,21.0,400.0,4.0,1,0.01,0.01,28000.0,150.0,20.0,4.0,100.0,0.6
6967af445c48023e106c0477,6967af445c48023e106c0477,6967af4438e7cc6db0ba745e,0.0,0.0,0.0,0.0,0.0,0.0,0.0,0.0,0.05,0.0,0.0,0.0,0.0,0.0,0.0,0.0,0.0,0.95,0.0,0.0,0.0,0.0,0.0,0.0,0.0,0.0,0.0,0.0,0.0,0.0,21.0,400.0,4.0,1,0.01,0.01,28000.0,150.0,20.0,4.0,120.0,0.85
6967af445c48023e106c0477,6967af445c48023e106c0477,6967af4438e7cc6db0ba745e,0.0,0.0,0.0,0.0,0.0,0.0,0.0,0.0,0.05,0.0,0.0,0.0,0.0,0.0,0.0,0.0,0.0,0.95,0.0,0.0,0.0,0.0,0.0,0.0,0.0,0.0,0.0,0.0,0.0,0.0,21.0,400.0,4.0,1,0.01,0.01,28000.0,150.0,20.0,4.0,150.0,0.95
6967af445c48023e106c0478,6967af445c48023e106c0478,6967af4438e7cc6db0ba745f,0.0,0.0,0.0,0.0,0.0,0.0,0.1,0.0,0.03,0.0,0.0,0.0,0.0,0.0,0.0,0.0,0.0,0.87,0.0,0.0,0.0,0.0,0.0,0.0,0.0,0.0,0.0,0.0,0.0,0.0,22.0,400.0,4.0,0,0.01,0.01,28000.0,150.0,20.0,4.0,80.0,0.02
6967af445c48023e106c0478,6967af445c48023e106c0478,6967af4438e7cc6db0ba745f,0.0,0.0,0.0,0.0,0.0,0.0,0.1,0.0,0.03,0.0,0.0,0.0,0.0,0.0,0.0,0.0,0.0,0.87,0.0,0.0,0.0,0.0,0.0,0.0,0.0,0.0,0.0,0.0,0.0,0.0,22.0,400.0,4.0,0,0.01,0.01,28000.0,150.0,20.0,4.0,100.0,0.08
6967af445c48023e106c0478,6967af445c48023e106c0478,6967af4438e7cc6db0ba745f,0.0,0.0,0.0,0.0,0.0,0.0,0.1,0.0,0.03,0.0,0.0,0.0,0.0,0.0,0.0,0.0,0.0,0.87,0.0,0.0,0.0,0.0,0.0,0.0,0.0,0.0,0.0,0.0,0.0,0.0,22.0,400.0,4.0,0,0.01,0.01,28000.0,150.0,20.0,4.0,120.0,0.2
6967af445c48023e106c0478,6967af445c48023e106c0478,6967af4438e7cc6db0ba745f,0.0,0.0,0.0,0.0,0.0,0.0,0.1,0.0,0.03,0.0,0.0,0.0,0.0,0.0,0.0,0.0,0.0,0.87,0.0,0.0,0.0,0.0,0.0,0.0,0.0,0.0,0.0,0.0,0.0,0.0,22.0,400.0,4.0,0,0.01,0.01,28000.0,150.0,20.0,4.0,150.0,0.48
6967af445c48023e106c0478,6967af445c48023e106c0478,6967af4438e7cc6db0ba745f,0.0,0.0,0.0,0.0,0.0,0.0,0.1,0.0,0.03,0.0,0.0,0.0,0.0,0.0,0.0,0.0,0.0,0.87,0.0,0.0,0.0,0.0,0.0,0.0,0.0,0.0,0.0,0.0,0.0,0.0,22.0,400.0,4.0,0,0.01,0.01,28000.0,150.0,20.0,4.0,180.0,0.83
6967af445c48023e106c0478,6967af445c48023e106c0478,6967af4438e7cc6db0ba745f,0.0,0.0,0.0,0.0,0.0,0.0,0.1,0.0,0.03,0.0,0.0,0.0,0.0,0.0,0.0,0.0,0.0,0.87,0.0,0.0,0.0,0.0,0.0,0.0,0.0,0.0,0.0,0.0,0.0,0.0,22.0,400.0,4.0,0,0.01,0.01,28000.0,150.0,20.0,4.0,200.0,0.94
6967af455c48023e106c0479,6967af455c48023e106c0479,6967af4538e7cc6db0ba7460,0.0,0.0,0.0,0.0,0.0,0.0,0.1,0.0,0.01,0.0,0.0,0.0,0.0,0.0,0.0,0.0,0.0,0.89,0.0,0.0,0.0,0.0,0.0,0.0,0.0,0.0,0.0,0.0,0.0,0.0,14.0,400.0,4.0,1,0.01,0.01,28000.0,150.0,20.0,4.0,100.0,0.05
6967af455c48023e106c0479,6967af455c48023e106c0479,6967af4538e7cc6db0ba7460,0.0,0.0,0.0,0.0,0.0,0.0,0.1,0.0,0.01,0.0,0.0,0.0,0.0,0.0,0.0,0.0,0.0,0.89,0.0,0.0,0.0,0.0,0.0,0.0,0.0,0.0,0.0,0.0,0.0,0.0,14.0,400.0,4.0,1,0.01,0.01,28000.0,150.0,20.0,4.0,120.0,0.095
6967af455c48023e106c0479,6967af455c48023e106c0479,6967af4538e7cc6db0ba7460,0.0,0.0,0.0,0.0,0.0,0.0,0.1,0.0,0.01,0.0,0.0,0.0,0.0,0.0,0.0,0.0,0.0,0.89,0.0,0.0,0.0,0.0,0.0,0.0,0.0,0.0,0.0,0.0,0.0,0.0,14.0,400.0,4.0,1,0.01,0.01,28000.0,150.0,20.0,4.0,150.0,0.3
6967af455c48023e106c0479,6967af455c48023e106c0479,6967af4538e7cc6db0ba7460,0.0,0.0,0.0,0.0,0.0,0.0,0.1,0.0,0.01,0.0,0.0,0.0,0.0,0.0,0.0,0.0,0.0,0.89,0.0,0.0,0.0,0.0,0.0,0.0,0.0,0.0,0.0,0.0,0.0,0.0,14.0,400.0,4.0,1,0.01,0.01,28000.0,150.0,20.0,4.0,180.0,0.76
6967af455c48023e106c0479,6967af455c48023e106c0479,6967af4538e7cc6db0ba7460,0.0,0.0,0.0,0.0,0.0,0.0,0.1,0.0,0.01,0.0,0.0,0.0,0.0,0.0,0.0,0.0,0.0,0.89,0.0,0.0,0.0,0.0,0.0,0.0,0.0,0.0,0.0,0.0,0.0,0.0,14.0,400.0,4.0,1,0.01,0.01,28000.0,150.0,20.0,4.0,200.0,0.94
6967af475c48023e106c047c,6967af475c48023e106c047c,6967af4738e7cc6db0ba7468,0.0,0.0,0.0,0.0,0.0,0.0,0.0,0.0,0.1,0.0,0.0,0.0,0.0,0.0,0.0,0.0,0.0,0.9,0.0,0.0,0.0,0.0,0.0,0.0,0.0,0.0,0.0,0.0,0.0,0.0,58.6,450.0,4.0,1,0.01,0.025,18000.0,200.0,0.0,1.0,51.869839728023315,0.11496428490952929
6967af475c48023e106c047c,6967af475c48023e106c047c,6967af4738e7cc6db0ba7468,0.0,0.0,0.0,0.0,0.0,0.0,0.0,0.0,0.1,0.0,0.0,0.0,0.0,0.0,0.0,0.0,0.0,0.9,0.0,0.0,0.0,0.0,0.0,0.0,0.0,0.0,0.0,0.0,0.0,0.0,58.6,450.0,4.0,1,0.01,0.025,18000.0,200.0,0.0,1.0,63.669661648049214,0.1921291601883774
6967af475c48023e106c047c,6967af475c48023e106c047c,6967af4738e7cc6db0ba7468,0.0,0.0,0.0,0.0,0.0,0.0,0.0,0.0,0.1,0.0,0.0,0.0,0.0,0.0,0.0,0.0,0.0,0.9,0.0,0.0,0.0,0.0,0.0,0.0,0.0,0.0,0.0,0.0,0.0,0.0,58.6,450.0,4.0,1,0.01,0.025,18000.0,200.0,0.0,1.0,76.59664885866925,0.3105072218842245
6967af475c48023e106c047c,6967af475c48023e106c047c,6967af4738e7cc6db0ba7468,0.0,0.0,0.0,0.0,0.0,0.0,0.0,0.0,0.1,0.0,0.0,0.0,0.0,0.0,0.0,0.0,0.0,0.9,0.0,0.0,0.0,0.0,0.0,0.0,0.0,0.0,0.0,0.0,0.0,0.0,58.6,450.0,4.0,1,0.01,0.025,18000.0,200.0,0.0,1.0,89.7684960336733,0.48122986097027876
6967af475c48023e106c047c,6967af475c48023e106c047c,6967af4738e7cc6db0ba7468,0.0,0.0,0.0,0.0,0.0,0.0,0.0,0.0,0.1,0.0,0.0,0.0,0.0,0.0,0.0,0.0,0.0,0.9,0.0,0.0,0.0,0.0,0.0,0.0,0.0,0.0,0.0,0.0,0.0,0.0,58.6,450.0,4.0,1,0.01,0.025,18000.0,200.0,0.0,1.0,103.17306135664563,0.638105860880146
6967af475c48023e106c047c,6967af475c48023e106c047c,6967af4738e7cc6db0ba7468,0.0,0.0,0.0,0.0,0.0,0.0,0.0,0.0,0.1,0.0,0.0,0.0,0.0,0.0,0.0,0.0,0.0,0.9,0.0,0.0,0.0,0.0,0.0,0.0,0.0,0.0,0.0,0.0,0.0,0.0,58.6,450.0,4.0,1,0.01,0.025,18000.0,200.0,0.0,1.0,116.82855755220982,0.819441627796931
6967af475c48023e106c047c,6967af475c48023e106c047c,6967af4738e7cc6db0ba7468,0.0,0.0,0.0,0.0,0.0,0.0,0.0,0.0,0.1,0.0,0.0,0.0,0.0,0.0,0.0,0.0,0.0,0.9,0.0,0.0,0.0,0.0,0.0,0.0,0.0,0.0,0.0,0.0,0.0,0.0,58.6,450.0,4.0,1,0.01,0.025,18000.0,200.0,0.0,1.0,130.06313744536183,0.9364676986863156
6967af475c48023e106c047c,6967af475c48023e106c047c,6967af4738e7cc6db0ba7468,0.0,0.0,0.0,0.0,0.0,0.0,0.0,0.0,0.1,0.0,0.0,0.0,0.0,0.0,0.0,0.0,0.0,0.9,0.0,0.0,0.0,0.0,0.0,0.0,0.0,0.0,0.0,0.0,0.0,0.0,58.6,450.0,4.0,1,0.01,0.025,18000.0,200.0,0.0,1.0,143.46567913226488,0.9813875932310328
6967af475c48023e106c047d,6967af475c48023e106c047d,6967af4738e7cc6db0ba7469,0.0,0.0,0.0,0.0,0.0,0.0,0.0,0.0,0.2,0.0,0.0,0.0,0.0,0.0,0.0,0.0,0.0,0.8,0.0,0.0,0.0,0.0,0.0,0.0,0.0,0.0,0.0,0.0,0.0,0.0,61.3,450.0,4.0,0,0.01,0.025,18000.0,200.0,0.0,1.0,53.27424316011009,0.16025597692602356
6967af475c48023e106c047d,6967af475c48023e106c047d,6967af4738e7cc6db0ba7469,0.0,0.0,0.0,0.0,0.0,0.0,0.0,0.0,0.2,0.0,0.0,0.0,0.0,0.0,0.0,0.0,0.0,0.8,0.0,0.0,0.0,0.0,0.0,0.0,0.0,0.0,0.0,0.0,0.0,0.0,61.3,450.0,4.0,0,0.01,0.025,18000.0,200.0,0.0,1.0,64.52768334142787,0.3503120845444918
6967af475c48023e106c047d,6967af475c48023e106c047d,6967af4738e7cc6db0ba7469,0.0,0.0,0.0,0.0,0.0,0.0,0.0,0.0,0.2,0.0,0.0,0.0,0.0,0.0,0.0,0.0,0.0,0.8,0.0,0.0,0.0,0.0,0.0,0.0,0.0,0.0,0.0,0.0,0.0,0.0,61.3,450.0,4.0,0,0.01,0.025,18000.0,200.0,0.0,1.0,78.1973449894771,0.5778296040920256
6967af475c48023e106c047d,6967af475c48023e106c047d,6967af4738e7cc6db0ba7469,0.0,0.0,0.0,0.0,0.0,0.0,0.0,0.0,0.2,0.0,0.0,0.0,0.0,0.0,0.0,0.0,0.0,0.8,0.0,0.0,0.0,0.0,0.0,0.0,0.0,0.0,0.0,0.0,0.0,0.0,61.3,450.0,4.0,0,0.01,0.025,18000.0,200.0,0.0,1.0,89.77659057795046,0.8220104103292099
6967af475c48023e106c047d,6967af475c48023e106c047d,6967af4738e7cc6db0ba7469,0.0,0.0,0.0,0.0,0.0,0.0,0.0,0.0,0.2,0.0,0.0,0.0,0.0,0.0,0.0,0.0,0.0,0.8,0.0,0.0,0.0,0.0,0.0,0.0,0.0,0.0,0.0,0.0,0.0,0.0,61.3,450.0,4.0,0,0.01,0.025,18000.0,200.0,0.0,1.0,103.05366682855757,0.9575474886770771
6967af489890fdd35aa2c57a,6967af489890fdd35aa2c57a,6967af4838e7cc6db0ba746a,0.0,0.0,0.0,0.0,0.0,0.0,0.0,0.0,0.3,0.0,0.0,0.0,0.0,0.0,0.0,0.0,0.0,0.7,0.0,0.0,0.0,0.0,0.0,0.0,0.0,0.0,0.0,0.0,0.0,0.0,59.3,450.0,4.0,0,0.01,0.025,18000.0,200.0,0.0,1.0,52.7238141492634,0.16703846413844384
6967af489890fdd35aa2c57a,6967af489890fdd35aa2c57a,6967af4838e7cc6db0ba746a,0.0,0.0,0.0,0.0,0.0,0.0,0.0,0.0,0.3,0.0,0.0,0.0,0.0,0.0,0.0,0.0,0.0,0.7,0.0,0.0,0.0,0.0,0.0,0.0,0.0,0.0,0.0,0.0,0.0,0.0,59.3,450.0,4.0,0,0.01,0.025,18000.0,200.0,0.0,1.0,63.69596891694998,0.2669505847360238
6967af489890fdd35aa2c57a,6967af489890fdd35aa2c57a,6967af4838e7cc6db0ba746a,0.0,0.0,0.0,0.0,0.0,0.0,0.0,0.0,0.3,0.0,0.0,0.0,0.0,0.0,0.0,0.0,0.0,0.7,0.0,0.0,0.0,0.0,0.0,0.0,0.0,0.0,0.0,0.0,0.0,0.0,59.3,450.0,4.0,0,0.01,0.025,18000.0,200.0,0.0,1.0,77.03577788570504,0.48438450618535794
6967af489890fdd35aa2c57a,6967af489890fdd35aa2c57a,6967af4838e7cc6db0ba746a,0.0,0.0,0.0,0.0,0.0,0.0,0.0,0.0,0.3,0.0,0.0,0.0,0.0,0.0,0.0,0.0,0.0,0.7,0.0,0.0,0.0,0.0,0.0,0.0,0.0,0.0,0.0,0.0,0.0,0.0,59.3,450.0,4.0,0,0.01,0.025,18000.0,200.0,0.0,1.0,89.99311963736443,0.744901868000631
6967af489890fdd35aa2c57a,6967af489890fdd35aa2c57a,6967af4838e7cc6db0ba746a,0.0,0.0,0.0,0.0,0.0,0.0,0.0,0.0,0.3,0.0,0.0,0.0,0.0,0.0,0.0,0.0,0.0,0.7,0.0,0.0,0.0,0.0,0.0,0.0,0.0,0.0,0.0,0.0,0.0,0.0,59.3,450.0,4.0,0,0.01,0.025,18000.0,200.0,0.0,1.0,103.25805407155578,0.8862187070461255
6967af489890fdd35aa2c57a,6967af489890fdd35aa2c57a,6967af4838e7cc6db0ba746a,0.0,0.0,0.0,0.0,0.0,0.0,0.0,0.0,0.3,0.0,0.0,0.0,0.0,0.0,0.0,0.0,0.0,0.7,0.0,0.0,0.0,0.0,0.0,0.0,0.0,0.0,0.0,0.0,0.0,0.0,59.3,450.0,4.0,0,0.01,0.025,18000.0,200.0,0.0,1.0,116.68487939129028,0.9898375357714234
6967af489890fdd35aa2c57b,6967af489890fdd35aa2c57b,6967af4838e7cc6db0ba746b,0.0,0.0,0.0,0.0,0.0,0.0,0.0,0.0,0.0,0.0,0.0,0.0,0.0,0.0,0.0,0.0,0.0,1.0,0.0,0.0,0.0,0.0,0.0,0.0,0.0,0.0,0.0,0.0,0.0,0.0,129.2,450.0,4.0,1,0.01,0.025,18000.0,200.0,0.0,1.0,210.04403883907253,0.16404155118411862
6967af489890fdd35aa2c57b,6967af489890fdd35aa2c57b,6967af4838e7cc6db0ba746b,0.0,0.0,0.0,0.0,0.0,0.0,0.0,0.0,0.0,0.0,0.0,0.0,0.0,0.0,0.0,0.0,0.0,1.0,0.0,0.0,0.0,0.0,0.0,0.0,0.0,0.0,0.0,0.0,0.0,0.0,129.2,450.0,4.0,1,0.01,0.025,18000.0,200.0,0.0,1.0,230.02599883270548,0.3122760765226797
6967af489890fdd35aa2c57b,6967af489890fdd35aa2c57b,6967af4838e7cc6db0ba746b,0.0,0.0,0.0,0.0,0.0,0.0,0.0,0.0,0.0,0.0,0.0,0.0,0.0,0.0,0.0,0.0,0.0,1.0,0.0,0.0,0.0,0.0,0.0,0.0,0.0,0.0,0.0,0.0,0.0,0.0,129.2,450.0,4.0,1,0.01,0.025,18000.0,200.0,0.0,1.0,249.85939406802143,0.5013181910363009
6967af489890fdd35aa2c57b,6967af489890fdd35aa2c57b,6967af4838e7cc6db0ba746b,0.0,0.0,0.0,0.0,0.0,0.0,0.0,0.0,0.0,0.0,0.0,0.0,0.0,0.0,0.0,0.0,0.0,1.0,0.0,0.0,0.0,0.0,0.0,0.0,0.0,0.0,0.0,0.0,0.0,0.0,129.2,450.0,4.0,1,0.01,0.025,18000.0,200.0,0.0,1.0,269.5946304451637,0.7020099596656076
6967af489890fdd35aa2c57b,6967af489890fdd35aa2c57b,6967af4838e7cc6db0ba746b,0.0,0.0,0.0,0.0,0.0,0.0,0.0,0.0,0.0,0.0,0.0,0.0,0.0,0.0,0.0,0.0,0.0,1.0,0.0,0.0,0.0,0.0,0.0,0.0,0.0,0.0,0.0,0.0,0.0,0.0,129.2,450.0,4.0,1,0.01,0.025,18000.0,200.0,0.0,1.0,290.0673847296652,0.8664345749115573
6967af489890fdd35aa2c57b,6967af489890fdd35aa2c57b,6967af4838e7cc6db0ba746b,0.0,0.0,0.0,0.0,0.0,0.0,0.0,0.0,0.0,0.0,0.0,0.0,0.0,0.0,0.0,0.0,0.0,1.0,0.0,0.0,0.0,0.0,0.0,0.0,0.0,0.0,0.0,0.0,0.0,0.0,129.2,450.0,4.0,1,0.01,0.025,18000.0,200.0,0.0,1.0,309.88220937019156,0.943171319768359
6967af489890fdd35aa2c57b,6967af489890fdd35aa2c57b,6967af4838e7cc6db0ba746b,0.0,0.0,0.0,0.0,0.0,0.0,0.0,0.0,0.0,0.0,0.0,0.0,0.0,0.0,0.0,0.0,0.0,1.0,0.0,0.0,0.0,0.0,0.0,0.0,0.0,0.0,0.0,0.0,0.0,0.0,129.2,450.0,4.0,1,0.01,0.025,18000.0,200.0,0.0,1.0,330.0843635591871,0.9855674981410126
6967af495c48023e106c047e,6967af495c48023e106c047e,6967af4938e7cc6db0ba746e,0.0,0.0,0.0,0.0,0.0,0.0,0.0,0.0,0.0,0.0,0.0,0.0,0.0,0.25,0.0,0.0,0.0,0.75,0.0,0.0,0.0,0.0,0.0,0.0,0.0,0.0,0.0,0.0,0.0,0.0,108.4,500.0,4.0,1,0.01,0.01,30000.0,0.0,0.0,0.0,360.0,0.5
6967af495c48023e106c047e,6967af495c48023e106c047e,6967af4938e7cc6db0ba746e,0.0,0.0,0.0,0.0,0.0,0.0,0.0,0.0,0.0,0.0,0.0,0.0,0.0,0.25,0.0,0.0,0.0,0.75,0.0,0.0,0.0,0.0,0.0,0.0,0.0,0.0,0.0,0.0,0.0,0.0,108.4,500.0,4.0,1,0.01,0.01,30000.0,0.0,0.0,0.0,248.0,0.044000000000000004
6967af495c48023e106c047e,6967af495c48023e106c047e,6967af4938e7cc6db0ba746e,0.0,0.0,0.0,0.0,0.0,0.0,0.0,0.0,0.0,0.0,0.0,0.0,0.0,0.25,0.0,0.0,0.0,0.75,0.0,0.0,0.0,0.0,0.0,0.0,0.0,0.0,0.0,0.0,0.0,0.0,108.4,500.0,4.0,1,0.01,0.01,30000.0,0.0,0.0,0.0,277.0,0.107
6967af495c48023e106c047e,6967af495c48023e106c047e,6967af4938e7cc6db0ba746e,0.0,0.0,0.0,0.0,0.0,0.0,0.0,0.0,0.0,0.0,0.0,0.0,0.0,0.25,0.0,0.0,0.0,0.75,0.0,0.0,0.0,0.0,0.0,0.0,0.0,0.0,0.0,0.0,0.0,0.0,108.4,500.0,4.0,1,0.01,0.01,30000.0,0.0,0.0,0.0,307.0,0.17800000000000002
6967af495c48023e106c047e,6967af495c48023e106c047e,6967af4938e7cc6db0ba746e,0.0,0.0,0.0,0.0,0.0,0.0,0.0,0.0,0.0,0.0,0.0,0.0,0.0,0.25,0.0,0.0,0.0,0.75,0.0,0.0,0.0,0.0,0.0,0.0,0.0,0.0,0.0,0.0,0.0,0.0,108.4,500.0,4.0,1,0.01,0.01,30000.0,0.0,0.0,0.0,330.0,0.29600000000000004
6967af495c48023e106c047e,6967af495c48023e106c047e,6967af4938e7cc6db0ba746e,0.0,0.0,0.0,0.0,0.0,0.0,0.0,0.0,0.0,0.0,0.0,0.0,0.0,0.25,0.0,0.0,0.0,0.75,0.0,0.0,0.0,0.0,0.0,0.0,0.0,0.0,0.0,0.0,0.0,0.0,108.4,500.0,4.0,1,0.01,0.01,30000.0,0.0,0.0,0.0,373.0,0.67
6967af495c48023e106c047e,6967af495c48023e106c047e,6967af4938e7cc6db0ba746e,0.0,0.0,0.0,0.0,0.0,0.0,0.0,0.0,0.0,0.0,0.0,0.0,0.0,0.25,0.0,0.0,0.0,0.75,0.0,0.0,0.0,0.0,0.0,0.0,0.0,0.0,0.0,0.0,0.0,0.0,108.4,500.0,4.0,1,0.01,0.01,30000.0,0.0,0.0,0.0,395.0,0.85
6967af495c48023e106c047e,6967af495c48023e106c047e,6967af4938e7cc6db0ba746e,0.0,0.0,0.0,0.0,0.0,0.0,0.0,0.0,0.0,0.0,0.0,0.0,0.0,0.25,0.0,0.0,0.0,0.75,0.0,0.0,0.0,0.0,0.0,0.0,0.0,0.0,0.0,0.0,0.0,0.0,108.4,500.0,4.0,1,0.01,0.01,30000.0,0.0,0.0,0.0,424.0,0.978
6967af495c48023e106c047f,6967af495c48023e106c047f,6967af4938e7cc6db0ba746f,0.0,0.0,0.0,0.0,0.0,0.0,0.0,0.0,0.0,0.0,0.0,0.0,0.0,0.5,0.0,0.0,0.0,0.5,0.0,0.0,0.0,0.0,0.0,0.0,0.0,0.0,0.0,0.0,0.0,0.0,116.0,500.0,4.0,0,0.01,0.01,30000.0,0.0,0.0,0.0,400.0,0.5
6967af495c48023e106c047f,6967af495c48023e106c047f,6967af4938e7cc6db0ba746f,0.0,0.0,0.0,0.0,0.0,0.0,0.0,0.0,0.0,0.0,0.0,0.0,0.0,0.5,0.0,0.0,0.0,0.5,0.0,0.0,0.0,0.0,0.0,0.0,0.0,0.0,0.0,0.0,0.0,0.0,116.0,500.0,4.0,0,0.01,0.01,30000.0,0.0,0.0,0.0,300.0,0.08
6967af495c48023e106c047f,6967af495c48023e106c047f,6967af4938e7cc6db0ba746f,0.0,0.0,0.0,0.0,0.0,0.0,0.0,0.0,0.0,0.0,0.0,0.0,0.0,0.5,0.0,0.0,0.0,0.5,0.0,0.0,0.0,0.0,0.0,0.0,0.0,0.0,0.0,0.0,0.0,0.0,116.0,500.0,4.0,0,0.01,0.01,30000.0,0.0,0.0,0.0,340.0,0.165
6967af495c48023e106c047f,6967af495c48023e106c047f,6967af4938e7cc6db0ba746f,0.0,0.0,0.0,0.0,0.0,0.0,0.0,0.0,0.0,0.0,0.0,0.0,0.0,0.5,0.0,0.0,0.0,0.5,0.0,0.0,0.0,0.0,0.0,0.0,0.0,0.0,0.0,0.0,0.0,0.0,116.0,500.0,4.0,0,0.01,0.01,30000.0,0.0,0.0,0.0,386.0,0.4
6967af495c48023e106c047f,6967af495c48023e106c047f,6967af4938e7cc6db0ba746f,0.0,0.0,0.0,0.0,0.0,0.0,0.0,0.0,0.0,0.0,0.0,0.0,0.0,0.5,0.0,0.0,0.0,0.5,0.0,0.0,0.0,0.0,0.0,0.0,0.0,0.0,0.0,0.0,0.0,0.0,116.0,500.0,4.0,0,0.01,0.01,30000.0,0.0,0.0,0.0,408.0,0.7
6967af495c48023e106c047f,6967af495c48023e106c047f,6967af4938e7cc6db0ba746f,0.0,0.0,0.0,0.0,0.0,0.0,0.0,0.0,0.0,0.0,0.0,0.0,0.0,0.5,0.0,0.0,0.0,0.5,0.0,0.0,0.0,0.0,0.0,0.0,0.0,0.0,0.0,0.0,0.0,0.0,116.0,500.0,4.0,0,0.01,0.01,30000.0,0.0,0.0,0.0,420.0,0.9
6967af495c48023e106c047f,6967af495c48023e106c047f,6967af4938e7cc6db0ba746f,0.0,0.0,0.0,0.0,0.0,0.0,0.0,0.0,0.0,0.0,0.0,0.0,0.0,0.5,0.0,0.0,0.0,0.5,0.0,0.0,0.0,0.0,0.0,0.0,0.0,0.0,0.0,0.0,0.0,0.0,116.0,500.0,4.0,0,0.01,0.01,30000.0,0.0,0.0,0.0,447.0,1.0
6967af4a5220ac46b0141278,6967af4a5220ac46b0141278,6967af4a38e7cc6db0ba7471,0.0,0.0,0.0,0.0,0.0,0.0,0.0,0.0,0.0,0.0,0.0,0.0,0.0,0.0,0.0,0.0,0.2,0.8,0.0,0.0,0.0,0.0,0.0,0.0,0.0,0.0,0.0,0.0,0.0,0.0,66.0,500.0,5.0,1,0.0998,0.102,33000.0,500.0,10.2,1.0,362.0,0.5
6967af4a5220ac46b0141278,6967af4a5220ac46b0141278,6967af4a38e7cc6db0ba7471,0.0,0.0,0.0,0.0,0.0,0.0,0.0,0.0,0.0,0.0,0.0,0.0,0.0,0.0,0.0,0.0,0.2,0.8,0.0,0.0,0.0,0.0,0.0,0.0,0.0,0.0,0.0,0.0,0.0,0.0,66.0,500.0,5.0,1,0.0998,0.102,33000.0,500.0,10.2,1.0,252.4,0.044000000000000004
6967af4a5220ac46b0141278,6967af4a5220ac46b0141278,6967af4a38e7cc6db0ba7471,0.0,0.0,0.0,0.0,0.0,0.0,0.0,0.0,0.0,0.0,0.0,0.0,0.0,0.0,0.0,0.0,0.2,0.8,0.0,0.0,0.0,0.0,0.0,0.0,0.0,0.0,0.0,0.0,0.0,0.0,66.0,500.0,5.0,1,0.0998,0.102,33000.0,500.0,10.2,1.0,296.5,0.107
6967af4a5220ac46b0141278,6967af4a5220ac46b0141278,6967af4a38e7cc6db0ba7471,0.0,0.0,0.0,0.0,0.0,0.0,0.0,0.0,0.0,0.0,0.0,0.0,0.0,0.0,0.0,0.0,0.2,0.8,0.0,0.0,0.0,0.0,0.0,0.0,0.0,0.0,0.0,0.0,0.0,0.0,66.0,500.0,5.0,1,0.0998,0.102,33000.0,500.0,10.2,1.0,324.0,0.198
6967af4a5220ac46b0141278,6967af4a5220ac46b0141278,6967af4a38e7cc6db0ba7471,0.0,0.0,0.0,0.0,0.0,0.0,0.0,0.0,0.0,0.0,0.0,0.0,0.0,0.0,0.0,0.0,0.2,0.8,0.0,0.0,0.0,0.0,0.0,0.0,0.0,0.0,0.0,0.0,0.0,0.0,66.0,500.0,5.0,1,0.0998,0.102,33000.0,500.0,10.2,1.0,339.0,0.305
6967af4a5220ac46b0141278,6967af4a5220ac46b0141278,6967af4a38e7cc6db0ba7471,0.0,0.0,0.0,0.0,0.0,0.0,0.0,0.0,0.0,0.0,0.0,0.0,0.0,0.0,0.0,0.0,0.2,0.8,0.0,0.0,0.0,0.0,0.0,0.0,0.0,0.0,0.0,0.0,0.0,0.0,66.0,500.0,5.0,1,0.0998,0.102,33000.0,500.0,10.2,1.0,385.4,0.6559999999999999
6967af4a5220ac46b0141278,6967af4a5220ac46b0141278,6967af4a38e7cc6db0ba7471,0.0,0.0,0.0,0.0,0.0,0.0,0.0,0.0,0.0,0.0,0.0,0.0,0.0,0.0,0.0,0.0,0.2,0.8,0.0,0.0,0.0,0.0,0.0,0.0,0.0,0.0,0.0,0.0,0.0,0.0,66.0,500.0,5.0,1,0.0998,0.102,33000.0,500.0,10.2,1.0,405.0,0.805
6967af4a5220ac46b0141278,6967af4a5220ac46b0141278,6967af4a38e7cc6db0ba7471,0.0,0.0,0.0,0.0,0.0,0.0,0.0,0.0,0.0,0.0,0.0,0.0,0.0,0.0,0.0,0.0,0.2,0.8,0.0,0.0,0.0,0.0,0.0,0.0,0.0,0.0,0.0,0.0,0.0,0.0,66.0,500.0,5.0,1,0.0998,0.102,33000.0,500.0,10.2,1.0,428.6,0.9209999999999999
6967af4a5220ac46b0141278,6967af4a5220ac46b0141278,6967af4a38e7cc6db0ba7471,0.0,0.0,0.0,0.0,0.0,0.0,0.0,0.0,0.0,0.0,0.0,0.0,0.0,0.0,0.0,0.0,0.2,0.8,0.0,0.0,0.0,0.0,0.0,0.0,0.0,0.0,0.0,0.0,0.0,0.0,66.0,500.0,5.0,1,0.0998,0.102,33000.0,500.0,10.2,1.0,480.6,0.965
6967af4a5220ac46b0141279,6967af4a5220ac46b0141279,6967af4a38e7cc6db0ba7472,0.0,0.0,0.0,0.0,0.0,0.0,0.0,0.0,0.0,0.0,0.0,0.0,0.0,0.0,0.0,0.0,0.2,0.8,0.0,0.0,0.0,0.0,0.0,0.0,0.0,0.0,0.0,0.0,0.0,0.0,40.0,800.0,5.0,1,0.0998,0.102,33000.0,500.0,10.2,1.0,396.0,0.5
6967af4a5220ac46b0141279,6967af4a5220ac46b0141279,6967af4a38e7cc6db0ba7472,0.0,0.0,0.0,0.0,0.0,0.0,0.0,0.0,0.0,0.0,0.0,0.0,0.0,0.0,0.0,0.0,0.2,0.8,0.0,0.0,0.0,0.0,0.0,0.0,0.0,0.0,0.0,0.0,0.0,0.0,40.0,800.0,5.0,1,0.0998,0.102,33000.0,500.0,10.2,1.0,269.7,0.0333
6967af4a5220ac46b0141279,6967af4a5220ac46b0141279,6967af4a38e7cc6db0ba7472,0.0,0.0,0.0,0.0,0.0,0.0,0.0,0.0,0.0,0.0,0.0,0.0,0.0,0.0,0.0,0.0,0.2,0.8,0.0,0.0,0.0,0.0,0.0,0.0,0.0,0.0,0.0,0.0,0.0,0.0,40.0,800.0,5.0,1,0.0998,0.102,33000.0,500.0,10.2,1.0,319.5,0.096
6967af4a5220ac46b0141279,6967af4a5220ac46b0141279,6967af4a38e7cc6db0ba7472,0.0,0.0,0.0,0.0,0.0,0.0,0.0,0.0,0.0,0.0,0.0,0.0,0.0,0.0,0.0,0.0,0.2,0.8,0.0,0.0,0.0,0.0,0.0,0.0,0.0,0.0,0.0,0.0,0.0,0.0,40.0,800.0,5.0,1,0.0998,0.102,33000.0,500.0,10.2,1.0,350.4,0.215
6967af4a5220ac46b0141279,6967af4a5220ac46b0141279,6967af4a38e7cc6db0ba7472,0.0,0.0,0.0,0.0,0.0,0.0,0.0,0.0,0.0,0.0,0.0,0.0,0.0,0.0,0.0,0.0,0.2,0.8,0.0,0.0,0.0,0.0,0.0,0.0,0.0,0.0,0.0,0.0,0.0,0.0,40.0,800.0,5.0,1,0.0998,0.102,33000.0,500.0,10.2,1.0,379.7,0.373
6967af4a5220ac46b0141279,6967af4a5220ac46b0141279,6967af4a38e7cc6db0ba7472,0.0,0.0,0.0,0.0,0.0,0.0,0.0,0.0,0.0,0.0,0.0,0.0,0.0,0.0,0.0,0.0,0.2,0.8,0.0,0.0,0.0,0.0,0.0,0.0,0.0,0.0,0.0,0.0,0.0,0.0,40.0,800.0,5.0,1,0.0998,0.102,33000.0,500.0,10.2,1.0,424.6,0.6729999999999999
6967af4a5220ac46b0141279,6967af4a5220ac46b0141279,6967af4a38e7cc6db0ba7472,0.0,0.0,0.0,0.0,0.0,0.0,0.0,0.0,0.0,0.0,0.0,0.0,0.0,0.0,0.0,0.0,0.2,0.8,0.0,0.0,0.0,0.0,0.0,0.0,0.0,0.0,0.0,0.0,0.0,0.0,40.0,800.0,5.0,1,0.0998,0.102,33000.0,500.0,10.2,1.0,459.6,0.833
6967af4a5220ac46b0141279,6967af4a5220ac46b0141279,6967af4a38e7cc6db0ba7472,0.0,0.0,0.0,0.0,0.0,0.0,0.0,0.0,0.0,0.0,0.0,0.0,0.0,0.0,0.0,0.0,0.2,0.8,0.0,0.0,0.0,0.0,0.0,0.0,0.0,0.0,0.0,0.0,0.0,0.0,40.0,800.0,5.0,1,0.0998,0.102,33000.0,500.0,10.2,1.0,493.5,0.9
696e4eda2618c2e518bec5e4,696e4eda2618c2e518bec5e4,696e4eda165fa885bc2506dc,0.0,0.0,0.0,0.0,0.0,0.0,0.0,0.0,0.0,0.0,0.0,0.0,0.0,0.0,0.0,0.0,0.0,1.0,0.0,0.0,0.0,0.0,0.0,0.0,0.0,0.0,0.0,0.0,0.0,0.0,22.4,550.0,5.0,1,0.01,0.005,120000,150.0,0.0,0.5,149.89160540263293,0.010159085723767447
696e4eda2618c2e518bec5e4,696e4eda2618c2e518bec5e4,696e4eda165fa885bc2506dc,0.0,0.0,0.0,0.0,0.0,0.0,0.0,0.0,0.0,0.0,0.0,0.0,0.0,0.0,0.0,0.0,0.0,1.0,0.0,0.0,0.0,0.0,0.0,0.0,0.0,0.0,0.0,0.0,0.0,0.0,22.4,550.0,5.0,1,0.01,0.005,120000,150.0,0.0,0.5,199.4528979312703,0.015767531578619865
696e4eda2618c2e518bec5e4,696e4eda2618c2e518bec5e4,696e4eda165fa885bc2506dc,0.0,0.0,0.0,0.0,0.0,0.0,0.0,0.0,0.0,0.0,0.0,0.0,0.0,0.0,0.0,0.0,0.0,1.0,0.0,0.0,0.0,0.0,0.0,0.0,0.0,0.0,0.0,0.0,0.0,0.0,22.4,550.0,5.0,1,0.01,0.005,120000,150.0,0.0,0.5,249.87826978970762,0.028145935743471674
696e4eda2618c2e518bec5e4,696e4eda2618c2e518bec5e4,696e4eda165fa885bc2506dc,0.0,0.0,0.0,0.0,0.0,0.0,0.0,0.0,0.0,0.0,0.0,0.0,0.0,0.0,0.0,0.0,0.0,1.0,0.0,0.0,0.0,0.0,0.0,0.0,0.0,0.0,0.0,0.0,0.0,0.0,22.4,550.0,5.0,1,0.01,0.005,120000,150.0,0.0,0.5,299.9757223457001,0.07143716425030594
696e4eda2618c2e518bec5e4,696e4eda2618c2e518bec5e4,696e4eda165fa885bc2506dc,0.0,0.0,0.0,0.0,0.0,0.0,0.0,0.0,0.0,0.0,0.0,0.0,0.0,0.0,0.0,0.0,0.0,1.0,0.0,0.0,0.0,0.0,0.0,0.0,0.0,0.0,0.0,0.0,0.0,0.0,22.4,550.0,5.0,1,0.01,0.005,120000,150.0,0.0,0.5,349.6136091639596,0.16048368697239332
696e4eda2618c2e518bec5e4,696e4eda2618c2e518bec5e4,696e4eda165fa885bc2506dc,0.0,0.0,0.0,0.0,0.0,0.0,0.0,0.0,0.0,0.0,0.0,0.0,0.0,0.0,0.0,0.0,0.0,1.0,0.0,0.0,0.0,0.0,0.0,0.0,0.0,0.0,0.0,0.0,0.0,0.0,22.4,550.0,5.0,1,0.01,0.005,120000,150.0,0.0,0.5,399.34005812959475,0.2863169684524921
696e4eda2618c2e518bec5e4,696e4eda2618c2e518bec5e4,696e4eda165fa885bc2506dc,0.0,0.0,0.0,0.0,0.0,0.0,0.0,0.0,0.0,0.0,0.0,0.0,0.0,0.0,0.0,0.0,0.0,1.0,0.0,0.0,0.0,0.0,0.0,0.0,0.0,0.0,0.0,0.0,0.0,0.0,22.4,550.0,5.0,1,0.01,0.005,120000,150.0,0.0,0.5,449.34894853821163,0.48497708087030467
696e4eda420f3dbc5d638647,696e4eda420f3dbc5d638647,696e4eda165fa885bc2506dd,0.0,0.0,0.0,0.0,0.0,0.0,0.0,0.0,0.0,0.0,0.0,0.0,0.0,0.0,0.0,0.025,0.0,0.975,0.0,0.0,0.0,0.0,0.0,0.0,0.0,0.0,0.0,0.0,0.0,0.0,40.0,550.0,5.0,1,0.01,0.005,120000,150.0,0.0,0.5,249.71790049581125,0.06942940700640905
696e4eda420f3dbc5d638647,696e4eda420f3dbc5d638647,696e4eda165fa885bc2506dd,0.0,0.0,0.0,0.0,0.0,0.0,0.0,0.0,0.0,0.0,0.0,0.0,0.0,0.0,0.0,0.025,0.0,0.975,0.0,0.0,0.0,0.0,0.0,0.0,0.0,0.0,0.0,0.0,0.0,0.0,40.0,550.0,5.0,1,0.01,0.005,120000,150.0,0.0,0.5,299.74593947683366,0.20107025076224253
696e4eda420f3dbc5d638647,696e4eda420f3dbc5d638647,696e4eda165fa885bc2506dd,0.0,0.0,0.0,0.0,0.0,0.0,0.0,0.0,0.0,0.0,0.0,0.0,0.0,0.0,0.0,0.025,0.0,0.975,0.0,0.0,0.0,0.0,0.0,0.0,0.0,0.0,0.0,0.0,0.0,0.0,40.0,550.0,5.0,1,0.01,0.005,120000,150.0,0.0,0.5,349.4915370148743,0.48403957438865036
696e4eda420f3dbc5d638647,696e4eda420f3dbc5d638647,696e4eda165fa885bc2506dd,0.0,0.0,0.0,0.0,0.0,0.0,0.0,0.0,0.0,0.0,0.0,0.0,0.0,0.0,0.0,0.025,0.0,0.975,0.0,0.0,0.0,0.0,0.0,0.0,0.0,0.0,0.0,0.0,0.0,0.0,40.0,550.0,5.0,1,0.01,0.005,120000,150.0,0.0,0.5,399.2467088391178,0.7867380167174829
696e4eda420f3dbc5d638647,696e4eda420f3dbc5d638647,696e4eda165fa885bc2506dd,0.0,0.0,0.0,0.0,0.0,0.0,0.0,0.0,0.0,0.0,0.0,0.0,0.0,0.0,0.0,0.025,0.0,0.975,0.0,0.0,0.0,0.0,0.0,0.0,0.0,0.0,0.0,0.0,0.0,0.0,40.0,550.0,5.0,1,0.01,0.005,120000,150.0,0.0,0.5,449.8372371345529,0.8716860597764088
696e4edb7e96e20c191dce35,696e4edb7e96e20c191dce35,696e4edb165fa885bc2506de,0.0,0.0,0.0,0.0,0.0,0.0,0.0,0.0,0.0,0.0,0.0,0.0,0.0,0.0,0.0,0.2,0.0,0.8,0.0,0.0,0.0,0.0,0.0,0.0,0.0,0.0,0.0,0.0,0.0,0.0,31.3,550.0,5.0,0,0.01,0.005,120000,150.0,0.0,0.5,199.56300222260217,0.029896500943728876
696e4edb7e96e20c191dce35,696e4edb7e96e20c191dce35,696e4edb165fa885bc2506de,0.0,0.0,0.0,0.0,0.0,0.0,0.0,0.0,0.0,0.0,0.0,0.0,0.0,0.0,0.0,0.2,0.0,0.8,0.0,0.0,0.0,0.0,0.0,0.0,0.0,0.0,0.0,0.0,0.0,0.0,31.3,550.0,5.0,0,0.01,0.005,120000,150.0,0.0,0.5,249.7633783552744,0.08564080227324582
696e4edb7e96e20c191dce35,696e4edb7e96e20c191dce35,696e4edb165fa885bc2506de,0.0,0.0,0.0,0.0,0.0,0.0,0.0,0.0,0.0,0.0,0.0,0.0,0.0,0.0,0.0,0.2,0.0,0.8,0.0,0.0,0.0,0.0,0.0,0.0,0.0,0.0,0.0,0.0,0.0,0.0,31.3,550.0,5.0,0,0.01,0.005,120000,150.0,0.0,0.5,299.51615660796716,0.2610623690705826
696e4edb7e96e20c191dce35,696e4edb7e96e20c191dce35,696e4edb165fa885bc2506de,0.0,0.0,0.0,0.0,0.0,0.0,0.0,0.0,0.0,0.0,0.0,0.0,0.0,0.0,0.0,0.2,0.0,0.8,0.0,0.0,0.0,0.0,0.0,0.0,0.0,0.0,0.0,0.0,0.0,0.0,31.3,550.0,5.0,0,0.01,0.005,120000,150.0,0.0,0.5,349.3120191485724,0.5703150602534586
696e4edb7e96e20c191dce35,696e4edb7e96e20c191dce35,696e4edb165fa885bc2506de,0.0,0.0,0.0,0.0,0.0,0.0,0.0,0.0,0.0,0.0,0.0,0.0,0.0,0.0,0.0,0.2,0.0,0.8,0.0,0.0,0.0,0.0,0.0,0.0,0.0,0.0,0.0,0.0,0.0,0.0,31.3,550.0,5.0,0,0.01,0.005,120000,150.0,0.0,0.5,399.952812446572,0.8542716694667414
696e4edb7e96e20c191dce35,696e4edb7e96e20c191dce35,696e4edb165fa885bc2506de,0.0,0.0,0.0,0.0,0.0,0.0,0.0,0.0,0.0,0.0,0.0,0.0,0.0,0.0,0.0,0.2,0.0,0.8,0.0,0.0,0.0,0.0,0.0,0.0,0.0,0.0,0.0,0.0,0.0,0.0,31.3,550.0,5.0,0,0.01,0.005,120000,150.0,0.0,0.5,449.44229782868865,0.9967809511957355
69b7d4e19605ebc57c753049,69b7d4e19605ebc57c753049,69b7d4e19605ebc57c75304a,0.0,0.0,0.0,0.0,0.0,0.0,0.0,0.0,0.0,0.0,0.0,0.0,0.0,0.0,0.0,0.0,0.0,1.0,0.0,0.0,0.0,0.0,0.0,0.0,0.0,0.0,0.0,0.0,0.0,0.0,66.0,500.0,2.0,1,0.034,0.21,18000,300.0,21.0,1.0,203.75477340414517,0.043081779388554405
69b7d4e19605ebc57c753049,69b7d4e19605ebc57c753049,69b7d4e19605ebc57c75304a,0.0,0.0,0.0,0.0,0.0,0.0,0.0,0.0,0.0,0.0,0.0,0.0,0.0,0.0,0.0,0.0,0.0,1.0,0.0,0.0,0.0,0.0,0.0,0.0,0.0,0.0,0.0,0.0,0.0,0.0,66.0,500.0,2.0,1,0.034,0.21,18000,300.0,21.0,1.0,209.8492000170533,0.047360729525925065
69b7d4e19605ebc57c753049,69b7d4e19605ebc57c753049,69b7d4e19605ebc57c75304a,0.0,0.0,0.0,0.0,0.0,0.0,0.0,0.0,0.0,0.0,0.0,0.0,0.0,0.0,0.0,0.0,0.0,1.0,0.0,0.0,0.0,0.0,0.0,0.0,0.0,0.0,0.0,0.0,0.0,0.0,66.0,500.0,2.0,1,0.034,0.21,18000,300.0,21.0,1.0,217.83654402494656,0.05001071686054441
69b7d4e19605ebc57c753049,69b7d4e19605ebc57c753049,69b7d4e19605ebc57c75304a,0.0,0.0,0.0,0.0,0.0,0.0,0.0,0.0,0.0,0.0,0.0,0.0,0.0,0.0,0.0,0.0,0.0,1.0,0.0,0.0,0.0,0.0,0.0,0.0,0.0,0.0,0.0,0.0,0.0,0.0,66.0,500.0,2.0,1,0.034,0.21,18000,300.0,21.0,1.0,226.01360610508493,0.0512577697238947
69b7d4e19605ebc57c753049,69b7d4e19605ebc57c753049,69b7d4e19605ebc57c75304a,0.0,0.0,0.0,0.0,0.0,0.0,0.0,0.0,0.0,0.0,0.0,0.0,0.0,0.0,0.0,0.0,0.0,1.0,0.0,0.0,0.0,0.0,0.0,0.0,0.0,0.0,0.0,0.0,0.0,0.0,66.0,500.0,2.0,1,0.034,0.21,18000,300.0,21.0,1.0,232.35104238356547,0.05610568773016894
69b7d4e19605ebc57c753049,69b7d4e19605ebc57c753049,69b7d4e19605ebc57c75304a,0.0,0.0,0.0,0.0,0.0,0.0,0.0,0.0,0.0,0.0,0.0,0.0,0.0,0.0,0.0,0.0,0.0,1.0,0.0,0.0,0.0,0.0,0.0,0.0,0.0,0.0,0.0,0.0,0.0,0.0,66.0,500.0,2.0,1,0.034,0.21,18000,300.0,21.0,1.0,238.8952500441559,0.0630034488805752
69b7d4e19605ebc57c753049,69b7d4e19605ebc57c753049,69b7d4e19605ebc57c75304a,0.0,0.0,0.0,0.0,0.0,0.0,0.0,0.0,0.0,0.0,0.0,0.0,0.0,0.0,0.0,0.0,0.0,1.0,0.0,0.0,0.0,0.0,0.0,0.0,0.0,0.0,0.0,0.0,0.0,0.0,66.0,500.0,2.0,1,0.034,0.21,18000,300.0,21.0,1.0,245.08560152505314,0.06695504764131643
69b7d4e19605ebc57c753049,69b7d4e19605ebc57c753049,69b7d4e19605ebc57c75304a,0.0,0.0,0.0,0.0,0.0,0.0,0.0,0.0,0.0,0.0,0.0,0.0,0.0,0.0,0.0,0.0,0.0,1.0,0.0,0.0,0.0,0.0,0.0,0.0,0.0,0.0,0.0,0.0,0.0,0.0,66.0,500.0,2.0,1,0.034,0.21,18000,300.0,21.0,1.0,255.02768117619115,0.07875528536076849
69b7d4e19605ebc57c753049,69b7d4e19605ebc57c753049,69b7d4e19605ebc57c75304a,0.0,0.0,0.0,0.0,0.0,0.0,0.0,0.0,0.0,0.0,0.0,0.0,0.0,0.0,0.0,0.0,0.0,1.0,0.0,0.0,0.0,0.0,0.0,0.0,0.0,0.0,0.0,0.0,0.0,0.0,66.0,500.0,2.0,1,0.034,0.21,18000,300.0,21.0,1.0,265.14668891717577,0.08789774166520528
69b7d4e19605ebc57c753049,69b7d4e19605ebc57c753049,69b7d4e19605ebc57c75304a,0.0,0.0,0.0,0.0,0.0,0.0,0.0,0.0,0.0,0.0,0.0,0.0,0.0,0.0,0.0,0.0,0.0,1.0,0.0,0.0,0.0,0.0,0.0,0.0,0.0,0.0,0.0,0.0,0.0,0.0,66.0,500.0,2.0,1,0.034,0.21,18000,300.0,21.0,1.0,274.7114640875566,0.10484986652637324
69b7d4e19605ebc57c753049,69b7d4e19605ebc57c753049,69b7d4e19605ebc57c75304a,0.0,0.0,0.0,0.0,0.0,0.0,0.0,0.0,0.0,0.0,0.0,0.0,0.0,0.0,0.0,0.0,0.0,1.0,0.0,0.0,0.0,0.0,0.0,0.0,0.0,0.0,0.0,0.0,0.0,0.0,66.0,500.0,2.0,1,0.034,0.21,18000,300.0,21.0,1.0,285.93254197854935,0.12204360787981529
69b7d4e19605ebc57c753049,69b7d4e19605ebc57c753049,69b7d4e19605ebc57c75304a,0.0,0.0,0.0,0.0,0.0,0.0,0.0,0.0,0.0,0.0,0.0,0.0,0.0,0.0,0.0,0.0,0.0,1.0,0.0,0.0,0.0,0.0,0.0,0.0,0.0,0.0,0.0,0.0,0.0,0.0,66.0,500.0,2.0,1,0.034,0.21,18000,300.0,21.0,1.0,295.61882198171645,0.14782642582958241
69b7d4e19605ebc57c753049,69b7d4e19605ebc57c753049,69b7d4e19605ebc57c75304a,0.0,0.0,0.0,0.0,0.0,0.0,0.0,0.0,0.0,0.0,0.0,0.0,0.0,0.0,0.0,0.0,0.0,1.0,0.0,0.0,0.0,0.0,0.0,0.0,0.0,0.0,0.0,0.0,0.0,0.0,66.0,500.0,2.0,1,0.034,0.21,18000,300.0,21.0,1.0,307.7543836142054,0.17883127764462892
69b7d4e19605ebc57c753049,69b7d4e19605ebc57c753049,69b7d4e19605ebc57c75304a,0.0,0.0,0.0,0.0,0.0,0.0,0.0,0.0,0.0,0.0,0.0,0.0,0.0,0.0,0.0,0.0,0.0,1.0,0.0,0.0,0.0,0.0,0.0,0.0,0.0,0.0,0.0,0.0,0.0,0.0,66.0,500.0,2.0,1,0.034,0.21,18000,300.0,21.0,1.0,318.6045520156403,0.21792638491066035
69b7d4e19605ebc57c753049,69b7d4e19605ebc57c753049,69b7d4e19605ebc57c75304a,0.0,0.0,0.0,0.0,0.0,0.0,0.0,0.0,0.0,0.0,0.0,0.0,0.0,0.0,0.0,0.0,0.0,1.0,0.0,0.0,0.0,0.0,0.0,0.0,0.0,0.0,0.0,0.0,0.0,0.0,66.0,500.0,2.0,1,0.034,0.21,18000,300.0,21.0,1.0,329.17547246804025,0.2761091950663471
69b7d4e19605ebc57c753049,69b7d4e19605ebc57c753049,69b7d4e19605ebc57c75304a,0.0,0.0,0.0,0.0,0.0,0.0,0.0,0.0,0.0,0.0,0.0,0.0,0.0,0.0,0.0,0.0,0.0,1.0,0.0,0.0,0.0,0.0,0.0,0.0,0.0,0.0,0.0,0.0,0.0,0.0,66.0,500.0,2.0,1,0.034,0.21,18000,300.0,21.0,1.0,341.26626916213434,0.34281872917519146
69b7d4e19605ebc57c753049,69b7d4e19605ebc57c753049,69b7d4e19605ebc57c75304a,0.0,0.0,0.0,0.0,0.0,0.0,0.0,0.0,0.0,0.0,0.0,0.0,0.0,0.0,0.0,0.0,0.0,1.0,0.0,0.0,0.0,0.0,0.0,0.0,0.0,0.0,0.0,0.0,0.0,0.0,66.0,500.0,2.0,1,0.034,0.21,18000,300.0,21.0,1.0,351.20195382207305,0.43379123555659477
69b7d4e19605ebc57c753049,69b7d4e19605ebc57c753049,69b7d4e19605ebc57c75304a,0.0,0.0,0.0,0.0,0.0,0.0,0.0,0.0,0.0,0.0,0.0,0.0,0.0,0.0,0.0,0.0,0.0,1.0,0.0,0.0,0.0,0.0,0.0,0.0,0.0,0.0,0.0,0.0,0.0,0.0,66.0,500.0,2.0,1,0.034,0.21,18000,300.0,21.0,1.0,363.1456657185838,0.5306950371193079
69b7d4e19605ebc57c753049,69b7d4e19605ebc57c753049,69b7d4e19605ebc57c75304a,0.0,0.0,0.0,0.0,0.0,0.0,0.0,0.0,0.0,0.0,0.0,0.0,0.0,0.0,0.0,0.0,0.0,1.0,0.0,0.0,0.0,0.0,0.0,0.0,0.0,0.0,0.0,0.0,0.0,0.0,66.0,500.0,2.0,1,0.034,0.21,18000,300.0,21.0,1.0,373.40109993848625,0.6275442801192495
69b7d4e19605ebc57c753049,69b7d4e19605ebc57c753049,69b7d4e19605ebc57c75304a,0.0,0.0,0.0,0.0,0.0,0.0,0.0,0.0,0.0,0.0,0.0,0.0,0.0,0.0,0.0,0.0,0.0,1.0,0.0,0.0,0.0,0.0,0.0,0.0,0.0,0.0,0.0,0.0,0.0,0.0,66.0,500.0,2.0,1,0.034,0.21,18000,300.0,21.0,1.0,384.6221778294791,0.7237076440443482
69b7d4e19605ebc57c753049,69b7d4e19605ebc57c753049,69b7d4e19605ebc57c75304a,0.0,0.0,0.0,0.0,0.0,0.0,0.0,0.0,0.0,0.0,0.0,0.0,0.0,0.0,0.0,0.0,0.0,1.0,0.0,0.0,0.0,0.0,0.0,0.0,0.0,0.0,0.0,0.0,0.0,0.0,66.0,500.0,2.0,1,0.034,0.21,18000,300.0,21.0,1.0,394.9010603504455,0.795382007365406
69b7d4e19605ebc57c753049,69b7d4e19605ebc57c753049,69b7d4e19605ebc57c75304a,0.0,0.0,0.0,0.0,0.0,0.0,0.0,0.0,0.0,0.0,0.0,0.0,0.0,0.0,0.0,0.0,0.0,1.0,0.0,0.0,0.0,0.0,0.0,0.0,0.0,0.0,0.0,0.0,0.0,0.0,66.0,500.0,2.0,1,0.034,0.21,18000,300.0,21.0,1.0,399.86996851228145,0.8438923637497321
69b7d4e79605ebc57c75305d,69b7d4e79605ebc57c75305d,69b7d4e89605ebc57c75305e,0.0,0.0,0.0,0.0,0.0,0.0,0.0,0.0,0.0,0.0,0.0,0.0,0.0,0.0,0.0,0.0,0.198,0.802,0.0,0.0,0.0,0.0,0.0,0.0,0.0,0.0,0.0,0.0,0.0,0.0,197.6,300.0,4.0,1,0.005,0.2,12000,0.0,0.0,0.0,109.95131742672638,0.019263961259396806
69b7d4e79605ebc57c75305d,69b7d4e79605ebc57c75305d,69b7d4e89605ebc57c75305e,0.0,0.0,0.0,0.0,0.0,0.0,0.0,0.0,0.0,0.0,0.0,0.0,0.0,0.0,0.0,0.0,0.198,0.802,0.0,0.0,0.0,0.0,0.0,0.0,0.0,0.0,0.0,0.0,0.0,0.0,197.6,300.0,4.0,1,0.005,0.2,12000,0.0,0.0,0.0,120.02752018601103,0.06030315176402261
69b7d4e79605ebc57c75305d,69b7d4e79605ebc57c75305d,69b7d4e89605ebc57c75305e,0.0,0.0,0.0,0.0,0.0,0.0,0.0,0.0,0.0,0.0,0.0,0.0,0.0,0.0,0.0,0.0,0.198,0.802,0.0,0.0,0.0,0.0,0.0,0.0,0.0,0.0,0.0,0.0,0.0,0.0,197.6,300.0,4.0,1,0.005,0.2,12000,0.0,0.0,0.0,129.97838348425537,0.09906011501116574
69b7d4e79605ebc57c75305d,69b7d4e79605ebc57c75305d,69b7d4e89605ebc57c75305e,0.0,0.0,0.0,0.0,0.0,0.0,0.0,0.0,0.0,0.0,0.0,0.0,0.0,0.0,0.0,0.0,0.198,0.802,0.0,0.0,0.0,0.0,0.0,0.0,0.0,0.0,0.0,0.0,0.0,0.0,197.6,300.0,4.0,1,0.005,0.2,12000,0.0,0.0,0.0,140.0255220206901,0.15968228778967516
69b7d4e79605ebc57c75305d,69b7d4e79605ebc57c75305d,69b7d4e89605ebc57c75305e,0.0,0.0,0.0,0.0,0.0,0.0,0.0,0.0,0.0,0.0,0.0,0.0,0.0,0.0,0.0,0.0,0.198,0.802,0.0,0.0,0.0,0.0,0.0,0.0,0.0,0.0,0.0,0.0,0.0,0.0,197.6,300.0,4.0,1,0.005,0.2,12000,0.0,0.0,0.0,150.1253394610403,0.23973202234783106
69b7d4e79605ebc57c75305d,69b7d4e79605ebc57c75305d,69b7d4e89605ebc57c75305e,0.0,0.0,0.0,0.0,0.0,0.0,0.0,0.0,0.0,0.0,0.0,0.0,0.0,0.0,0.0,0.0,0.198,0.802,0.0,0.0,0.0,0.0,0.0,0.0,0.0,0.0,0.0,0.0,0.0,0.0,197.6,300.0,4.0,1,0.005,0.2,12000,0.0,0.0,0.0,159.99445963251924,0.35117669674189567
69b7d4e79605ebc57c75305d,69b7d4e79605ebc57c75305d,69b7d4e89605ebc57c75305e,0.0,0.0,0.0,0.0,0.0,0.0,0.0,0.0,0.0,0.0,0.0,0.0,0.0,0.0,0.0,0.0,0.198,0.802,0.0,0.0,0.0,0.0,0.0,0.0,0.0,0.0,0.0,0.0,0.0,0.0,197.6,300.0,4.0,1,0.005,0.2,12000,0.0,0.0,0.0,170.0888275310851,0.5002658508454058
69b7d4e79605ebc57c75305d,69b7d4e79605ebc57c75305d,69b7d4e89605ebc57c75305e,0.0,0.0,0.0,0.0,0.0,0.0,0.0,0.0,0.0,0.0,0.0,0.0,0.0,0.0,0.0,0.0,0.198,0.802,0.0,0.0,0.0,0.0,0.0,0.0,0.0,0.0,0.0,0.0,0.0,0.0,197.6,300.0,4.0,1,0.005,0.2,12000,0.0,0.0,0.0,180.00517706469515,0.6091910772276256
69b7d4e79605ebc57c75305d,69b7d4e79605ebc57c75305d,69b7d4e89605ebc57c75305e,0.0,0.0,0.0,0.0,0.0,0.0,0.0,0.0,0.0,0.0,0.0,0.0,0.0,0.0,0.0,0.0,0.198,0.802,0.0,0.0,0.0,0.0,0.0,0.0,0.0,0.0,0.0,0.0,0.0,0.0,197.6,300.0,4.0,1,0.005,0.2,12000,0.0,0.0,0.0,189.93787522365827,0.7101325982216623
69b7d4e79605ebc57c75305d,69b7d4e79605ebc57c75305d,69b7d4e89605ebc57c75305e,0.0,0.0,0.0,0.0,0.0,0.0,0.0,0.0,0.0,0.0,0.0,0.0,0.0,0.0,0.0,0.0,0.198,0.802,0.0,0.0,0.0,0.0,0.0,0.0,0.0,0.0,0.0,0.0,0.0,0.0,197.6,300.0,4.0,1,0.005,0.2,12000,0.0,0.0,0.0,200.05040826150534,0.8092172533108655
69b7d4e79605ebc57c75305d,69b7d4e79605ebc57c75305d,69b7d4e89605ebc57c75305e,0.0,0.0,0.0,0.0,0.0,0.0,0.0,0.0,0.0,0.0,0.0,0.0,0.0,0.0,0.0,0.0,0.198,0.802,0.0,0.0,0.0,0.0,0.0,0.0,0.0,0.0,0.0,0.0,0.0,0.0,197.6,300.0,4.0,1,0.005,0.2,12000,0.0,0.0,0.0,209.87229907085313,0.8799499382408036
69b7d4e79605ebc57c75305d,69b7d4e79605ebc57c75305d,69b7d4e89605ebc57c75305e,0.0,0.0,0.0,0.0,0.0,0.0,0.0,0.0,0.0,0.0,0.0,0.0,0.0,0.0,0.0,0.0,0.198,0.802,0.0,0.0,0.0,0.0,0.0,0.0,0.0,0.0,0.0,0.0,0.0,0.0,197.6,300.0,4.0,1,0.005,0.2,12000,0.0,0.0,0.0,219.96303394156274,0.9099379136025653
69b7d4e79605ebc57c75305d,69b7d4e79605ebc57c75305d,69b7d4e89605ebc57c75305e,0.0,0.0,0.0,0.0,0.0,0.0,0.0,0.0,0.0,0.0,0.0,0.0,0.0,0.0,0.0,0.0,0.198,0.802,0.0,0.0,0.0,0.0,0.0,0.0,0.0,0.0,0.0,0.0,0.0,0.0,197.6,300.0,4.0,1,0.005,0.2,12000,0.0,0.0,0.0,230.00653945014125,0.9294963557984114
69b7d4e79605ebc57c75305d,69b7d4e79605ebc57c75305d,69b7d4e89605ebc57c75305e,0.0,0.0,0.0,0.0,0.0,0.0,0.0,0.0,0.0,0.0,0.0,0.0,0.0,0.0,0.0,0.0,0.198,0.802,0.0,0.0,0.0,0.0,0.0,0.0,0.0,0.0,0.0,0.0,0.0,0.0,197.6,300.0,4.0,1,0.005,0.2,12000,0.0,0.0,0.0,250.22070644226665,0.9603841340215462
69b7d4e89605ebc57c75305f,69b7d4e89605ebc57c75305f,69b7d4e89605ebc57c753060,0.0,0.0,0.0,0.0,0.0,0.0,0.0,0.0,0.0,0.0,0.0,0.0,0.0,0.0,0.0,0.0,0.0,0.801,0.199,0.0,0.0,0.0,0.0,0.0,0.0,0.0,0.0,0.0,0.0,0.0,193.8,300.0,4.0,1,0.005,0.2,12000,0.0,0.0,0.0,129.93478714998048,0.02840105031534
69b7d4e89605ebc57c75305f,69b7d4e89605ebc57c75305f,69b7d4e89605ebc57c753060,0.0,0.0,0.0,0.0,0.0,0.0,0.0,0.0,0.0,0.0,0.0,0.0,0.0,0.0,0.0,0.0,0.0,0.801,0.199,0.0,0.0,0.0,0.0,0.0,0.0,0.0,0.0,0.0,0.0,0.0,193.8,300.0,4.0,1,0.005,0.2,12000,0.0,0.0,0.0,140.06548532710875,0.07907631146267045
69b7d4e89605ebc57c75305f,69b7d4e89605ebc57c75305f,69b7d4e89605ebc57c753060,0.0,0.0,0.0,0.0,0.0,0.0,0.0,0.0,0.0,0.0,0.0,0.0,0.0,0.0,0.0,0.0,0.0,0.801,0.199,0.0,0.0,0.0,0.0,0.0,0.0,0.0,0.0,0.0,0.0,0.0,193.8,300.0,4.0,1,0.005,0.2,12000,0.0,0.0,0.0,149.96366972143758,0.13877414130176935
69b7d4e89605ebc57c75305f,69b7d4e89605ebc57c75305f,69b7d4e89605ebc57c753060,0.0,0.0,0.0,0.0,0.0,0.0,0.0,0.0,0.0,0.0,0.0,0.0,0.0,0.0,0.0,0.0,0.0,0.801,0.199,0.0,0.0,0.0,0.0,0.0,0.0,0.0,0.0,0.0,0.0,0.0,193.8,300.0,4.0,1,0.005,0.2,12000,0.0,0.0,0.0,160.0634871617878,0.24994887483742198
69b7d4e89605ebc57c75305f,69b7d4e89605ebc57c75305f,69b7d4e89605ebc57c753060,0.0,0.0,0.0,0.0,0.0,0.0,0.0,0.0,0.0,0.0,0.0,0.0,0.0,0.0,0.0,0.0,0.0,0.801,0.199,0.0,0.0,0.0,0.0,0.0,0.0,0.0,0.0,0.0,0.0,0.0,193.8,300.0,4.0,1,0.005,0.2,12000,0.0,0.0,0.0,169.92352476362612,0.35997840473132703
69b7d4e89605ebc57c75305f,69b7d4e89605ebc57c75305f,69b7d4e89605ebc57c753060,0.0,0.0,0.0,0.0,0.0,0.0,0.0,0.0,0.0,0.0,0.0,0.0,0.0,0.0,0.0,0.0,0.0,0.801,0.199,0.0,0.0,0.0,0.0,0.0,0.0,0.0,0.0,0.0,0.0,0.0,193.8,300.0,4.0,1,0.005,0.2,12000,0.0,0.0,0.0,180.01244312040762,0.4995378285302947
69b7d4e89605ebc57c75305f,69b7d4e89605ebc57c75305f,69b7d4e89605ebc57c753060,0.0,0.0,0.0,0.0,0.0,0.0,0.0,0.0,0.0,0.0,0.0,0.0,0.0,0.0,0.0,0.0,0.0,0.801,0.199,0.0,0.0,0.0,0.0,0.0,0.0,0.0,0.0,0.0,0.0,0.0,193.8,300.0,4.0,1,0.005,0.2,12000,0.0,0.0,0.0,190.08864587969228,0.5694443308329721
69b7d4e89605ebc57c75305f,69b7d4e89605ebc57c75305f,69b7d4e89605ebc57c753060,0.0,0.0,0.0,0.0,0.0,0.0,0.0,0.0,0.0,0.0,0.0,0.0,0.0,0.0,0.0,0.0,0.0,0.801,0.199,0.0,0.0,0.0,0.0,0.0,0.0,0.0,0.0,0.0,0.0,0.0,193.8,300.0,4.0,1,0.005,0.2,12000,0.0,0.0,0.0,200.12125230470204,0.6497640062495398
69b7d4e89605ebc57c75305f,69b7d4e89605ebc57c75305f,69b7d4e89605ebc57c753060,0.0,0.0,0.0,0.0,0.0,0.0,0.0,0.0,0.0,0.0,0.0,0.0,0.0,0.0,0.0,0.0,0.0,0.801,0.199,0.0,0.0,0.0,0.0,0.0,0.0,0.0,0.0,0.0,0.0,0.0,193.8,300.0,4.0,1,0.005,0.2,12000,0.0,0.0,0.0,209.94495962797794,0.7794664987034658
69b7d4e89605ebc57c75305f,69b7d4e89605ebc57c75305f,69b7d4e89605ebc57c753060,0.0,0.0,0.0,0.0,0.0,0.0,0.0,0.0,0.0,0.0,0.0,0.0,0.0,0.0,0.0,0.0,0.0,0.801,0.199,0.0,0.0,0.0,0.0,0.0,0.0,0.0,0.0,0.0,0.0,0.0,193.8,300.0,4.0,1,0.005,0.2,12000,0.0,0.0,0.0,219.95395137192213,0.8594671531055468
69b7d4e89605ebc57c75305f,69b7d4e89605ebc57c75305f,69b7d4e89605ebc57c753060,0.0,0.0,0.0,0.0,0.0,0.0,0.0,0.0,0.0,0.0,0.0,0.0,0.0,0.0,0.0,0.0,0.0,0.801,0.199,0.0,0.0,0.0,0.0,0.0,0.0,0.0,0.0,0.0,0.0,0.0,193.8,300.0,4.0,1,0.005,0.2,12000,0.0,0.0,0.0,239.88655870518886,0.8991648193441254
69b7d4e89605ebc57c75305f,69b7d4e89605ebc57c75305f,69b7d4e89605ebc57c753060,0.0,0.0,0.0,0.0,0.0,0.0,0.0,0.0,0.0,0.0,0.0,0.0,0.0,0.0,0.0,0.0,0.0,0.801,0.199,0.0,0.0,0.0,0.0,0.0,0.0,0.0,0.0,0.0,0.0,0.0,193.8,300.0,4.0,1,0.005,0.2,12000,0.0,0.0,0.0,260.02988165411756,0.9399995091984392
69b7d4e99605ebc57c753061,69b7d4e99605ebc57c753061,69b7d4e99605ebc57c753062,0.0,0.0,0.0,0.0,0.0,0.0,0.0,0.0,0.0,0.0,0.0,0.0,0.0,0.0,0.0,0.0,0.0,0.804,0.0,0.196,0.0,0.0,0.0,0.0,0.0,0.0,0.0,0.0,0.0,0.0,191.5,300.0,4.0,1,0.005,0.2,12000,0.0,0.0,0.0,150.02179816713743,0.0699637624847647
69b7d4e99605ebc57c753061,69b7d4e99605ebc57c753061,69b7d4e99605ebc57c753062,0.0,0.0,0.0,0.0,0.0,0.0,0.0,0.0,0.0,0.0,0.0,0.0,0.0,0.0,0.0,0.0,0.0,0.804,0.0,0.196,0.0,0.0,0.0,0.0,0.0,0.0,0.0,0.0,0.0,0.0,191.5,300.0,4.0,1,0.005,0.2,12000,0.0,0.0,0.0,159.97811100716615,0.12957161203772627
69b7d4e99605ebc57c753061,69b7d4e99605ebc57c753061,69b7d4e99605ebc57c753062,0.0,0.0,0.0,0.0,0.0,0.0,0.0,0.0,0.0,0.0,0.0,0.0,0.0,0.0,0.0,0.0,0.0,0.804,0.0,0.196,0.0,0.0,0.0,0.0,0.0,0.0,0.0,0.0,0.0,0.0,191.5,300.0,4.0,1,0.005,0.2,12000,0.0,0.0,0.0,169.9653045839729,0.18057407422555602
69b7d4e99605ebc57c753061,69b7d4e99605ebc57c753061,69b7d4e99605ebc57c753062,0.0,0.0,0.0,0.0,0.0,0.0,0.0,0.0,0.0,0.0,0.0,0.0,0.0,0.0,0.0,0.0,0.0,0.804,0.0,0.196,0.0,0.0,0.0,0.0,0.0,0.0,0.0,0.0,0.0,0.0,191.5,300.0,4.0,1,0.005,0.2,12000,0.0,0.0,0.0,180.02152569004824,0.2696790975795303
69b7d4e99605ebc57c753061,69b7d4e99605ebc57c753061,69b7d4e99605ebc57c753062,0.0,0.0,0.0,0.0,0.0,0.0,0.0,0.0,0.0,0.0,0.0,0.0,0.0,0.0,0.0,0.0,0.0,0.804,0.0,0.196,0.0,0.0,0.0,0.0,0.0,0.0,0.0,0.0,0.0,0.0,191.5,300.0,4.0,1,0.005,0.2,12000,0.0,0.0,0.0,190.00690275292686,0.3499824129440732
69b7d4e99605ebc57c753061,69b7d4e99605ebc57c753061,69b7d4e99605ebc57c753062,0.0,0.0,0.0,0.0,0.0,0.0,0.0,0.0,0.0,0.0,0.0,0.0,0.0,0.0,0.0,0.0,0.0,0.804,0.0,0.196,0.0,0.0,0.0,0.0,0.0,0.0,0.0,0.0,0.0,0.0,191.5,300.0,4.0,1,0.005,0.2,12000,0.0,0.0,0.0,199.94141742581812,0.49887524642328357
69b7d4e99605ebc57c753061,69b7d4e99605ebc57c753061,69b7d4e99605ebc57c753062,0.0,0.0,0.0,0.0,0.0,0.0,0.0,0.0,0.0,0.0,0.0,0.0,0.0,0.0,0.0,0.0,0.0,0.804,0.0,0.196,0.0,0.0,0.0,0.0,0.0,0.0,0.0,0.0,0.0,0.0,191.5,300.0,4.0,1,0.005,0.2,12000,0.0,0.0,0.0,210.07393211687452,0.6092401573837004
69b7d4e99605ebc57c753061,69b7d4e99605ebc57c753061,69b7d4e99605ebc57c753062,0.0,0.0,0.0,0.0,0.0,0.0,0.0,0.0,0.0,0.0,0.0,0.0,0.0,0.0,0.0,0.0,0.0,0.804,0.0,0.196,0.0,0.0,0.0,0.0,0.0,0.0,0.0,0.0,0.0,0.0,191.5,300.0,4.0,1,0.005,0.2,12000,0.0,0.0,0.0,220.06294220760938,0.6990241228967108
69b7d4e99605ebc57c753061,69b7d4e99605ebc57c753061,69b7d4e99605ebc57c753062,0.0,0.0,0.0,0.0,0.0,0.0,0.0,0.0,0.0,0.0,0.0,0.0,0.0,0.0,0.0,0.0,0.0,0.804,0.0,0.196,0.0,0.0,0.0,0.0,0.0,0.0,0.0,0.0,0.0,0.0,191.5,300.0,4.0,1,0.005,0.2,12000,0.0,0.0,0.0,229.85758530803537,0.7805708022151511
69b7d4e99605ebc57c753061,69b7d4e99605ebc57c753061,69b7d4e99605ebc57c753062,0.0,0.0,0.0,0.0,0.0,0.0,0.0,0.0,0.0,0.0,0.0,0.0,0.0,0.0,0.0,0.0,0.0,0.804,0.0,0.196,0.0,0.0,0.0,0.0,0.0,0.0,0.0,0.0,0.0,0.0,191.5,300.0,4.0,1,0.005,0.2,12000,0.0,0.0,0.0,239.95376972052932,0.8503382440756161
69b7d4e99605ebc57c753061,69b7d4e99605ebc57c753061,69b7d4e99605ebc57c753062,0.0,0.0,0.0,0.0,0.0,0.0,0.0,0.0,0.0,0.0,0.0,0.0,0.0,0.0,0.0,0.0,0.0,0.804,0.0,0.196,0.0,0.0,0.0,0.0,0.0,0.0,0.0,0.0,0.0,0.0,191.5,300.0,4.0,1,0.005,0.2,12000,0.0,0.0,0.0,250.13351377371686,0.8794918567841046
69b7d4e99605ebc57c753061,69b7d4e99605ebc57c753061,69b7d4e99605ebc57c753062,0.0,0.0,0.0,0.0,0.0,0.0,0.0,0.0,0.0,0.0,0.0,0.0,0.0,0.0,0.0,0.0,0.0,0.804,0.0,0.196,0.0,0.0,0.0,0.0,0.0,0.0,0.0,0.0,0.0,0.0,191.5,300.0,4.0,1,0.005,0.2,12000,0.0,0.0,0.0,260.1497715733735,0.9001627825176484
69b7d4e99605ebc57c753061,69b7d4e99605ebc57c753061,69b7d4e99605ebc57c753062,0.0,0.0,0.0,0.0,0.0,0.0,0.0,0.0,0.0,0.0,0.0,0.0,0.0,0.0,0.0,0.0,0.0,0.804,0.0,0.196,0.0,0.0,0.0,0.0,0.0,0.0,0.0,0.0,0.0,0.0,191.5,300.0,4.0,1,0.005,0.2,12000,0.0,0.0,0.0,280.1514064359088,0.940555750967288
69b7d4ea9605ebc57c753065,69b7d4ea9605ebc57c753065,69b7d4ea9605ebc57c753066,0.0,0.0,0.0,0.0,0.0,0.0,0.0,0.0,0.0,0.0,0.0,0.0,0.0,0.0,0.0,0.0,0.0,1.0,0.0,0.0,0.0,0.0,0.0,0.0,0.0,0.0,0.0,0.0,0.0,0.0,184.3,300.0,4.0,1,0.005,0.2,12000,0.0,0.0,0.0,170.03433211324148,0.05923974838239985
69b7d4ea9605ebc57c753065,69b7d4ea9605ebc57c753065,69b7d4ea9605ebc57c753066,0.0,0.0,0.0,0.0,0.0,0.0,0.0,0.0,0.0,0.0,0.0,0.0,0.0,0.0,0.0,0.0,0.0,1.0,0.0,0.0,0.0,0.0,0.0,0.0,0.0,0.0,0.0,0.0,0.0,0.0,184.3,300.0,4.0,1,0.005,0.2,12000,0.0,0.0,0.0,179.97247981398897,0.1384142201572201
69b7d4ea9605ebc57c753065,69b7d4ea9605ebc57c753065,69b7d4ea9605ebc57c753066,0.0,0.0,0.0,0.0,0.0,0.0,0.0,0.0,0.0,0.0,0.0,0.0,0.0,0.0,0.0,0.0,0.0,1.0,0.0,0.0,0.0,0.0,0.0,0.0,0.0,0.0,0.0,0.0,0.0,0.0,184.3,300.0,4.0,1,0.005,0.2,12000,0.0,0.0,0.0,190.07956331005167,0.18841871917152694
69b7d4ea9605ebc57c753065,69b7d4ea9605ebc57c753065,69b7d4ea9605ebc57c753066,0.0,0.0,0.0,0.0,0.0,0.0,0.0,0.0,0.0,0.0,0.0,0.0,0.0,0.0,0.0,0.0,0.0,1.0,0.0,0.0,0.0,0.0,0.0,0.0,0.0,0.0,0.0,0.0,0.0,0.0,184.3,300.0,4.0,1,0.005,0.2,12000,0.0,0.0,0.0,199.94323393974622,0.24882003124769939
69b7d4ea9605ebc57c753065,69b7d4ea9605ebc57c753065,69b7d4ea9605ebc57c753066,0.0,0.0,0.0,0.0,0.0,0.0,0.0,0.0,0.0,0.0,0.0,0.0,0.0,0.0,0.0,0.0,0.0,1.0,0.0,0.0,0.0,0.0,0.0,0.0,0.0,0.0,0.0,0.0,0.0,0.0,184.3,300.0,4.0,1,0.005,0.2,12000,0.0,0.0,0.0,210.0285192686715,0.36905823360518286
69b7d4ea9605ebc57c753065,69b7d4ea9605ebc57c753065,69b7d4ea9605ebc57c753066,0.0,0.0,0.0,0.0,0.0,0.0,0.0,0.0,0.0,0.0,0.0,0.0,0.0,0.0,0.0,0.0,0.0,1.0,0.0,0.0,0.0,0.0,0.0,0.0,0.0,0.0,0.0,0.0,0.0,0.0,184.3,300.0,4.0,1,0.005,0.2,12000,0.0,0.0,0.0,220.0992724861718,0.49871982592904646
69b7d4ea9605ebc57c753065,69b7d4ea9605ebc57c753065,69b7d4ea9605ebc57c753066,0.0,0.0,0.0,0.0,0.0,0.0,0.0,0.0,0.0,0.0,0.0,0.0,0.0,0.0,0.0,0.0,0.0,1.0,0.0,0.0,0.0,0.0,0.0,0.0,0.0,0.0,0.0,0.0,0.0,0.0,184.3,300.0,4.0,1,0.005,0.2,12000,0.0,0.0,0.0,230.00653945014125,0.579121301605739
69b7d4ea9605ebc57c753065,69b7d4ea9605ebc57c753065,69b7d4ea9605ebc57c753066,0.0,0.0,0.0,0.0,0.0,0.0,0.0,0.0,0.0,0.0,0.0,0.0,0.0,0.0,0.0,0.0,0.0,1.0,0.0,0.0,0.0,0.0,0.0,0.0,0.0,0.0,0.0,0.0,0.0,0.0,184.3,300.0,4.0,1,0.005,0.2,12000,0.0,0.0,0.0,240.05004495871972,0.6491177841945537
69b7d4ea9605ebc57c753065,69b7d4ea9605ebc57c753065,69b7d4ea9605ebc57c753066,0.0,0.0,0.0,0.0,0.0,0.0,0.0,0.0,0.0,0.0,0.0,0.0,0.0,0.0,0.0,0.0,0.0,1.0,0.0,0.0,0.0,0.0,0.0,0.0,0.0,0.0,0.0,0.0,0.0,0.0,184.3,300.0,4.0,1,0.005,0.2,12000,0.0,0.0,0.0,250.10626606479505,0.748660520740456
69b7d4ea9605ebc57c753065,69b7d4ea9605ebc57c753065,69b7d4ea9605ebc57c753066,0.0,0.0,0.0,0.0,0.0,0.0,0.0,0.0,0.0,0.0,0.0,0.0,0.0,0.0,0.0,0.0,0.0,1.0,0.0,0.0,0.0,0.0,0.0,0.0,0.0,0.0,0.0,0.0,0.0,0.0,184.3,300.0,4.0,1,0.005,0.2,12000,0.0,0.0,0.0,260.0135330287645,0.8196713265548184
69b7d4ea9605ebc57c753065,69b7d4ea9605ebc57c753065,69b7d4ea9605ebc57c753066,0.0,0.0,0.0,0.0,0.0,0.0,0.0,0.0,0.0,0.0,0.0,0.0,0.0,0.0,0.0,0.0,0.0,1.0,0.0,0.0,0.0,0.0,0.0,0.0,0.0,0.0,0.0,0.0,0.0,0.0,184.3,300.0,4.0,1,0.005,0.2,12000,0.0,0.0,0.0,269.9153504509496,0.8698557861413999
69b7d4ea9605ebc57c753065,69b7d4ea9605ebc57c753065,69b7d4ea9605ebc57c753066,0.0,0.0,0.0,0.0,0.0,0.0,0.0,0.0,0.0,0.0,0.0,0.0,0.0,0.0,0.0,0.0,0.0,1.0,0.0,0.0,0.0,0.0,0.0,0.0,0.0,0.0,0.0,0.0,0.0,0.0,184.3,300.0,4.0,1,0.005,0.2,12000,0.0,0.0,0.0,290.1549486380687,0.9087681698827802
69b7d4ea9605ebc57c753065,69b7d4ea9605ebc57c753065,69b7d4ea9605ebc57c753066,0.0,0.0,0.0,0.0,0.0,0.0,0.0,0.0,0.0,0.0,0.0,0.0,0.0,0.0,0.0,0.0,0.0,1.0,0.0,0.0,0.0,0.0,0.0,0.0,0.0,0.0,0.0,0.0,0.0,0.0,184.3,300.0,4.0,1,0.005,0.2,12000,0.0,0.0,0.0,309.9349688013733,0.9596561117064353
69b7d4eb9605ebc57c753067,69b7d4eb9605ebc57c753067,69b7d4eb9605ebc57c753068,0.0,0.0,0.0,0.0,0.05,0.0,0.0,0.0,0.0,0.0,0.0,0.0,0.0,0.0,0.0,0.0,0.0,0.95,0.0,0.0,0.0,0.0,0.0,0.0,0.0,0.0,0.0,0.0,0.0,0.0,33.0,550.0,4.0,1,0.01,0.1,30000,100.0,0.0,1.0,143.32622601279317,0.04985517333142279
69b7d4eb9605ebc57c753067,69b7d4eb9605ebc57c753067,69b7d4eb9605ebc57c753068,0.0,0.0,0.0,0.0,0.05,0.0,0.0,0.0,0.0,0.0,0.0,0.0,0.0,0.0,0.0,0.0,0.0,0.95,0.0,0.0,0.0,0.0,0.0,0.0,0.0,0.0,0.0,0.0,0.0,0.0,33.0,550.0,4.0,1,0.01,0.1,30000,100.0,0.0,1.0,169.02629708599858,0.09286306459371771
69b7d4eb9605ebc57c753067,69b7d4eb9605ebc57c753067,69b7d4eb9605ebc57c753068,0.0,0.0,0.0,0.0,0.05,0.0,0.0,0.0,0.0,0.0,0.0,0.0,0.0,0.0,0.0,0.0,0.0,0.95,0.0,0.0,0.0,0.0,0.0,0.0,0.0,0.0,0.0,0.0,0.0,0.0,33.0,550.0,4.0,1,0.01,0.1,30000,100.0,0.0,1.0,205.39872068230278,0.3094889614443774
69b7d4eb9605ebc57c753067,69b7d4eb9605ebc57c753067,69b7d4eb9605ebc57c753068,0.0,0.0,0.0,0.0,0.05,0.0,0.0,0.0,0.0,0.0,0.0,0.0,0.0,0.0,0.0,0.0,0.0,0.95,0.0,0.0,0.0,0.0,0.0,0.0,0.0,0.0,0.0,0.0,0.0,0.0,33.0,550.0,4.0,1,0.01,0.1,30000,100.0,0.0,1.0,224.3496801705757,0.46883923728032917
69b7d4eb9605ebc57c753067,69b7d4eb9605ebc57c753067,69b7d4eb9605ebc57c753068,0.0,0.0,0.0,0.0,0.05,0.0,0.0,0.0,0.0,0.0,0.0,0.0,0.0,0.0,0.0,0.0,0.0,0.95,0.0,0.0,0.0,0.0,0.0,0.0,0.0,0.0,0.0,0.0,0.0,0.0,33.0,550.0,4.0,1,0.01,0.1,30000,100.0,0.0,1.0,253.18834399431415,0.6999580360889636
69b7d4eb9605ebc57c753067,69b7d4eb9605ebc57c753067,69b7d4eb9605ebc57c753068,0.0,0.0,0.0,0.0,0.05,0.0,0.0,0.0,0.0,0.0,0.0,0.0,0.0,0.0,0.0,0.0,0.0,0.95,0.0,0.0,0.0,0.0,0.0,0.0,0.0,0.0,0.0,0.0,0.0,0.0,33.0,550.0,4.0,1,0.01,0.1,30000,100.0,0.0,1.0,277.3304904051173,0.9245673111368127
69b7d4eb9605ebc57c753069,69b7d4eb9605ebc57c753069,69b7d4ec9605ebc57c75306a,0.0,0.0,0.0,0.0,0.0,0.0,0.0,0.0,0.0,0.0,0.0,0.0,0.0,0.0,0.0,0.0,0.0,1.0,0.0,0.0,0.0,0.0,0.0,0.0,0.0,0.0,0.0,0.0,0.0,0.0,9.0,550.0,4.0,1,0.01,0.1,30000,100.0,0.0,1.0,170.0270078180526,0.009754050540925048
69b7d4eb9605ebc57c753069,69b7d4eb9605ebc57c753069,69b7d4ec9605ebc57c75306a,0.0,0.0,0.0,0.0,0.0,0.0,0.0,0.0,0.0,0.0,0.0,0.0,0.0,0.0,0.0,0.0,0.0,1.0,0.0,0.0,0.0,0.0,0.0,0.0,0.0,0.0,0.0,0.0,0.0,0.0,9.0,550.0,4.0,1,0.01,0.1,30000,100.0,0.0,1.0,223.88343994314144,0.04750110027327718
69b7d4eb9605ebc57c753069,69b7d4eb9605ebc57c753069,69b7d4ec9605ebc57c75306a,0.0,0.0,0.0,0.0,0.0,0.0,0.0,0.0,0.0,0.0,0.0,0.0,0.0,0.0,0.0,0.0,0.0,1.0,0.0,0.0,0.0,0.0,0.0,0.0,0.0,0.0,0.0,0.0,0.0,0.0,9.0,550.0,4.0,1,0.01,0.1,30000,100.0,0.0,1.0,273.90191897654586,0.18972805338628296
69b7d4eb9605ebc57c753069,69b7d4eb9605ebc57c753069,69b7d4ec9605ebc57c75306a,0.0,0.0,0.0,0.0,0.0,0.0,0.0,0.0,0.0,0.0,0.0,0.0,0.0,0.0,0.0,0.0,0.0,1.0,0.0,0.0,0.0,0.0,0.0,0.0,0.0,0.0,0.0,0.0,0.0,0.0,9.0,550.0,4.0,1,0.01,0.1,30000,100.0,0.0,1.0,322.32835820895525,0.5013459156832442
69b7d4eb9605ebc57c753069,69b7d4eb9605ebc57c753069,69b7d4ec9605ebc57c75306a,0.0,0.0,0.0,0.0,0.0,0.0,0.0,0.0,0.0,0.0,0.0,0.0,0.0,0.0,0.0,0.0,0.0,1.0,0.0,0.0,0.0,0.0,0.0,0.0,0.0,0.0,0.0,0.0,0.0,0.0,9.0,550.0,4.0,1,0.01,0.1,30000,100.0,0.0,1.0,369.5039090262971,0.6846975016120284
69b7d4eb9605ebc57c753069,69b7d4eb9605ebc57c753069,69b7d4ec9605ebc57c75306a,0.0,0.0,0.0,0.0,0.0,0.0,0.0,0.0,0.0,0.0,0.0,0.0,0.0,0.0,0.0,0.0,0.0,1.0,0.0,0.0,0.0,0.0,0.0,0.0,0.0,0.0,0.0,0.0,0.0,0.0,9.0,550.0,4.0,1,0.01,0.1,30000,100.0,0.0,1.0,414.29708599857855,0.8555827354328936
69b7d4eb9605ebc57c753069,69b7d4eb9605ebc57c753069,69b7d4ec9605ebc57c75306a,0.0,0.0,0.0,0.0,0.0,0.0,0.0,0.0,0.0,0.0,0.0,0.0,0.0,0.0,0.0,0.0,0.0,1.0,0.0,0.0,0.0,0.0,0.0,0.0,0.0,0.0,0.0,0.0,0.0,0.0,9.0,550.0,4.0,1,0.01,0.1,30000,100.0,0.0,1.0,461.0348258706468,0.9619151919593054
69b7d4ec9605ebc57c75306b,69b7d4ec9605ebc57c75306b,69b7d4ec9605ebc57c75306c,0.0,0.0,0.0,0.0,0.0,0.0,0.0,0.0,0.05,0.0,0.0,0.0,0.0,0.0,0.0,0.0,0.0,0.95,0.0,0.0,0.0,0.0,0.0,0.0,0.0,0.0,0.0,0.0,0.0,0.0,46.0,550.0,4.0,1,0.01,0.1,30000,100.0,0.0,1.0,99.40298507462687,0.037235294719711785
69b7d4ec9605ebc57c75306b,69b7d4ec9605ebc57c75306b,69b7d4ec9605ebc57c75306c,0.0,0.0,0.0,0.0,0.0,0.0,0.0,0.0,0.05,0.0,0.0,0.0,0.0,0.0,0.0,0.0,0.0,0.95,0.0,0.0,0.0,0.0,0.0,0.0,0.0,0.0,0.0,0.0,0.0,0.0,46.0,550.0,4.0,1,0.01,0.1,30000,100.0,0.0,1.0,124.60270078180525,0.17068053181580914
69b7d4ec9605ebc57c75306b,69b7d4ec9605ebc57c75306b,69b7d4ec9605ebc57c75306c,0.0,0.0,0.0,0.0,0.0,0.0,0.0,0.0,0.05,0.0,0.0,0.0,0.0,0.0,0.0,0.0,0.0,0.95,0.0,0.0,0.0,0.0,0.0,0.0,0.0,0.0,0.0,0.0,0.0,0.0,46.0,550.0,4.0,1,0.01,0.1,30000,100.0,0.0,1.0,148.318407960199,0.3407571927167027
69b7d4ec9605ebc57c75306b,69b7d4ec9605ebc57c75306b,69b7d4ec9605ebc57c75306c,0.0,0.0,0.0,0.0,0.0,0.0,0.0,0.0,0.05,0.0,0.0,0.0,0.0,0.0,0.0,0.0,0.0,0.95,0.0,0.0,0.0,0.0,0.0,0.0,0.0,0.0,0.0,0.0,0.0,0.0,46.0,550.0,4.0,1,0.01,0.1,30000,100.0,0.0,1.0,162.31130063965884,0.5026150681145922
69b7d4ec9605ebc57c75306b,69b7d4ec9605ebc57c75306b,69b7d4ec9605ebc57c75306c,0.0,0.0,0.0,0.0,0.0,0.0,0.0,0.0,0.05,0.0,0.0,0.0,0.0,0.0,0.0,0.0,0.0,0.95,0.0,0.0,0.0,0.0,0.0,0.0,0.0,0.0,0.0,0.0,0.0,0.0,46.0,550.0,4.0,1,0.01,0.1,30000,100.0,0.0,1.0,187.99431414356786,0.7332425821110918
69b7d4ec9605ebc57c75306b,69b7d4ec9605ebc57c75306b,69b7d4ec9605ebc57c75306c,0.0,0.0,0.0,0.0,0.0,0.0,0.0,0.0,0.05,0.0,0.0,0.0,0.0,0.0,0.0,0.0,0.0,0.95,0.0,0.0,0.0,0.0,0.0,0.0,0.0,0.0,0.0,0.0,0.0,0.0,46.0,550.0,4.0,1,0.01,0.1,30000,100.0,0.0,1.0,199.5309168443497,0.9277606624156884
69b7d4ed9605ebc57c75306d,69b7d4ed9605ebc57c75306d,69b7d4ed9605ebc57c75306e,0.0,0.0,0.0,0.0,0.025,0.0,0.0,0.0,0.025,0.0,0.0,0.0,0.0,0.0,0.0,0.0,0.0,0.95,0.0,0.0,0.0,0.0,0.0,0.0,0.0,0.0,0.0,0.0,0.0,0.0,52.0,550.0,4.0,1,0.01,0.1,30000,100.0,0.0,1.0,95.34328358208955,0.029466853627831288
69b7d4ed9605ebc57c75306d,69b7d4ed9605ebc57c75306d,69b7d4ed9605ebc57c75306e,0.0,0.0,0.0,0.0,0.025,0.0,0.0,0.0,0.025,0.0,0.0,0.0,0.0,0.0,0.0,0.0,0.0,0.95,0.0,0.0,0.0,0.0,0.0,0.0,0.0,0.0,0.0,0.0,0.0,0.0,52.0,550.0,4.0,1,0.01,0.1,30000,100.0,0.0,1.0,121.87917555081734,0.12960707450129474
69b7d4ed9605ebc57c75306d,69b7d4ed9605ebc57c75306d,69b7d4ed9605ebc57c75306e,0.0,0.0,0.0,0.0,0.025,0.0,0.0,0.0,0.025,0.0,0.0,0.0,0.0,0.0,0.0,0.0,0.0,0.95,0.0,0.0,0.0,0.0,0.0,0.0,0.0,0.0,0.0,0.0,0.0,0.0,52.0,550.0,4.0,1,0.01,0.1,30000,100.0,0.0,1.0,144.8272921108742,0.2423569388862164
69b7d4ed9605ebc57c75306d,69b7d4ed9605ebc57c75306d,69b7d4ed9605ebc57c75306e,0.0,0.0,0.0,0.0,0.025,0.0,0.0,0.0,0.025,0.0,0.0,0.0,0.0,0.0,0.0,0.0,0.0,0.95,0.0,0.0,0.0,0.0,0.0,0.0,0.0,0.0,0.0,0.0,0.0,0.0,52.0,550.0,4.0,1,0.01,0.1,30000,100.0,0.0,1.0,169.97583511016347,0.47934045013970916
69b7d4ed9605ebc57c75306d,69b7d4ed9605ebc57c75306d,69b7d4ed9605ebc57c75306e,0.0,0.0,0.0,0.0,0.025,0.0,0.0,0.0,0.025,0.0,0.0,0.0,0.0,0.0,0.0,0.0,0.0,0.95,0.0,0.0,0.0,0.0,0.0,0.0,0.0,0.0,0.0,0.0,0.0,0.0,52.0,550.0,4.0,1,0.01,0.1,30000,100.0,0.0,1.0,192.07675906183368,0.7146249347512359
69b7d4ed9605ebc57c75306d,69b7d4ed9605ebc57c75306d,69b7d4ed9605ebc57c75306e,0.0,0.0,0.0,0.0,0.025,0.0,0.0,0.0,0.025,0.0,0.0,0.0,0.0,0.0,0.0,0.0,0.0,0.95,0.0,0.0,0.0,0.0,0.0,0.0,0.0,0.0,0.0,0.0,0.0,0.0,52.0,550.0,4.0,1,0.01,0.1,30000,100.0,0.0,1.0,218.72068230277185,0.8412228897782055
69b7d4ed9605ebc57c75306d,69b7d4ed9605ebc57c75306d,69b7d4ed9605ebc57c75306e,0.0,0.0,0.0,0.0,0.025,0.0,0.0,0.0,0.025,0.0,0.0,0.0,0.0,0.0,0.0,0.0,0.0,0.95,0.0,0.0,0.0,0.0,0.0,0.0,0.0,0.0,0.0,0.0,0.0,0.0,52.0,550.0,4.0,1,0.01,0.1,30000,100.0,0.0,1.0,242.60696517412936,0.9418236901630452
69b7d4ed9605ebc57c75306f,69b7d4ed9605ebc57c75306f,69b7d4ee9605ebc57c753070,0.0,0.0,0.0,0.0,0.0,0.0,0.0,0.0,0.0,0.0,0.0,0.0,0.0,0.0,0.0,0.0,0.0,0.8,0.2,0.0,0.0,0.0,0.0,0.0,0.0,0.0,0.0,0.0,0.0,0.0,50.5,750.0,3.0,1,0.005,0.2,24000,0.0,0.0,0.0,230.129488218343,0.03532629196529611
69b7d4ed9605ebc57c75306f,69b7d4ed9605ebc57c75306f,69b7d4ee9605ebc57c753070,0.0,0.0,0.0,0.0,0.0,0.0,0.0,0.0,0.0,0.0,0.0,0.0,0.0,0.0,0.0,0.0,0.0,0.8,0.2,0.0,0.0,0.0,0.0,0.0,0.0,0.0,0.0,0.0,0.0,0.0,50.5,750.0,3.0,1,0.005,0.2,24000,0.0,0.0,0.0,240.16656917933557,0.05291399471897397
69b7d4ed9605ebc57c75306f,69b7d4ed9605ebc57c75306f,69b7d4ee9605ebc57c753070,0.0,0.0,0.0,0.0,0.0,0.0,0.0,0.0,0.0,0.0,0.0,0.0,0.0,0.0,0.0,0.0,0.0,0.8,0.2,0.0,0.0,0.0,0.0,0.0,0.0,0.0,0.0,0.0,0.0,0.0,50.5,750.0,3.0,1,0.005,0.2,24000,0.0,0.0,0.0,250.18003852985527,0.07766880422482082
69b7d4ed9605ebc57c75306f,69b7d4ed9605ebc57c75306f,69b7d4ee9605ebc57c753070,0.0,0.0,0.0,0.0,0.0,0.0,0.0,0.0,0.0,0.0,0.0,0.0,0.0,0.0,0.0,0.0,0.0,0.8,0.2,0.0,0.0,0.0,0.0,0.0,0.0,0.0,0.0,0.0,0.0,0.0,50.5,750.0,3.0,1,0.005,0.2,24000,0.0,0.0,0.0,260.00998127169987,0.11057148245944927
69b7d4ed9605ebc57c75306f,69b7d4ed9605ebc57c75306f,69b7d4ee9605ebc57c753070,0.0,0.0,0.0,0.0,0.0,0.0,0.0,0.0,0.0,0.0,0.0,0.0,0.0,0.0,0.0,0.0,0.0,0.8,0.2,0.0,0.0,0.0,0.0,0.0,0.0,0.0,0.0,0.0,0.0,0.0,50.5,750.0,3.0,1,0.005,0.2,24000,0.0,0.0,0.0,280.04550601291123,0.21233496793662765
69b7d4ed9605ebc57c75306f,69b7d4ed9605ebc57c75306f,69b7d4ee9605ebc57c753070,0.0,0.0,0.0,0.0,0.0,0.0,0.0,0.0,0.0,0.0,0.0,0.0,0.0,0.0,0.0,0.0,0.0,0.8,0.2,0.0,0.0,0.0,0.0,0.0,0.0,0.0,0.0,0.0,0.0,0.0,50.5,750.0,3.0,1,0.005,0.2,24000,0.0,0.0,0.0,300.1067888746385,0.37804602036967183
69b7d4ed9605ebc57c75306f,69b7d4ed9605ebc57c75306f,69b7d4ee9605ebc57c753070,0.0,0.0,0.0,0.0,0.0,0.0,0.0,0.0,0.0,0.0,0.0,0.0,0.0,0.0,0.0,0.0,0.0,0.8,0.2,0.0,0.0,0.0,0.0,0.0,0.0,0.0,0.0,0.0,0.0,0.0,50.5,750.0,3.0,1,0.005,0.2,24000,0.0,0.0,0.0,320.0779183145603,0.5817333081855903
69b7d4ed9605ebc57c75306f,69b7d4ed9605ebc57c75306f,69b7d4ee9605ebc57c753070,0.0,0.0,0.0,0.0,0.0,0.0,0.0,0.0,0.0,0.0,0.0,0.0,0.0,0.0,0.0,0.0,0.0,0.8,0.2,0.0,0.0,0.0,0.0,0.0,0.0,0.0,0.0,0.0,0.0,0.0,50.5,750.0,3.0,1,0.005,0.2,24000,0.0,0.0,0.0,340.0973442304493,0.8016503206337231
69b7d4ed9605ebc57c75306f,69b7d4ed9605ebc57c75306f,69b7d4ee9605ebc57c753070,0.0,0.0,0.0,0.0,0.0,0.0,0.0,0.0,0.0,0.0,0.0,0.0,0.0,0.0,0.0,0.0,0.0,0.8,0.2,0.0,0.0,0.0,0.0,0.0,0.0,0.0,0.0,0.0,0.0,0.0,50.5,750.0,3.0,1,0.005,0.2,24000,0.0,0.0,0.0,360.19619101792875,0.9218596755941154
69b7d4ed9605ebc57c75306f,69b7d4ed9605ebc57c75306f,69b7d4ee9605ebc57c753070,0.0,0.0,0.0,0.0,0.0,0.0,0.0,0.0,0.0,0.0,0.0,0.0,0.0,0.0,0.0,0.0,0.0,0.8,0.2,0.0,0.0,0.0,0.0,0.0,0.0,0.0,0.0,0.0,0.0,0.0,50.5,750.0,3.0,1,0.005,0.2,24000,0.0,0.0,0.0,380.2553273696129,0.9704922670690306
69b7d4ee9605ebc57c753071,69b7d4ee9605ebc57c753071,69b7d4ee9605ebc57c753072,0.0,0.0,0.0,0.0,0.0,0.0,0.0,0.0,0.0,0.0,0.0,0.0,0.0,0.0,0.0,0.0,0.0,0.8,0.0,0.2,0.0,0.0,0.0,0.0,0.0,0.0,0.0,0.0,0.0,0.0,48.4,750.0,3.0,1,0.005,0.2,24000,0.0,0.0,0.0,260.0765230830324,0.057968691059977366
69b7d4ee9605ebc57c753071,69b7d4ee9605ebc57c753071,69b7d4ee9605ebc57c753072,0.0,0.0,0.0,0.0,0.0,0.0,0.0,0.0,0.0,0.0,0.0,0.0,0.0,0.0,0.0,0.0,0.0,0.8,0.0,0.2,0.0,0.0,0.0,0.0,0.0,0.0,0.0,0.0,0.0,0.0,48.4,750.0,3.0,1,0.005,0.2,24000,0.0,0.0,0.0,280.077703663556,0.1255281026027914
69b7d4ee9605ebc57c753071,69b7d4ee9605ebc57c753071,69b7d4ee9605ebc57c753072,0.0,0.0,0.0,0.0,0.0,0.0,0.0,0.0,0.0,0.0,0.0,0.0,0.0,0.0,0.0,0.0,0.0,0.8,0.0,0.2,0.0,0.0,0.0,0.0,0.0,0.0,0.0,0.0,0.0,0.0,48.4,750.0,3.0,1,0.005,0.2,24000,0.0,0.0,0.0,300.094983069402,0.27274613353451527
69b7d4ee9605ebc57c753071,69b7d4ee9605ebc57c753071,69b7d4ee9605ebc57c753072,0.0,0.0,0.0,0.0,0.0,0.0,0.0,0.0,0.0,0.0,0.0,0.0,0.0,0.0,0.0,0.0,0.0,0.8,0.0,0.2,0.0,0.0,0.0,0.0,0.0,0.0,0.0,0.0,0.0,0.0,48.4,750.0,3.0,1,0.005,0.2,24000,0.0,0.0,0.0,320.03498811370065,0.45239532251980386
69b7d4ee9605ebc57c753071,69b7d4ee9605ebc57c753071,69b7d4ee9605ebc57c753072,0.0,0.0,0.0,0.0,0.0,0.0,0.0,0.0,0.0,0.0,0.0,0.0,0.0,0.0,0.0,0.0,0.0,0.8,0.0,0.2,0.0,0.0,0.0,0.0,0.0,0.0,0.0,0.0,0.0,0.0,48.4,750.0,3.0,1,0.005,0.2,24000,0.0,0.0,0.0,340.0340221841813,0.68113919275745
69b7d4ee9605ebc57c753071,69b7d4ee9605ebc57c753071,69b7d4ee9605ebc57c753072,0.0,0.0,0.0,0.0,0.0,0.0,0.0,0.0,0.0,0.0,0.0,0.0,0.0,0.0,0.0,0.0,0.0,0.8,0.0,0.2,0.0,0.0,0.0,0.0,0.0,0.0,0.0,0.0,0.0,0.0,48.4,750.0,3.0,1,0.005,0.2,24000,0.0,0.0,0.0,360.0877922607581,0.8778857035081101
69b7d4ef9605ebc57c753073,69b7d4ef9605ebc57c753073,69b7d4ef9605ebc57c753074,0.0,0.0,0.0,0.0,0.0,0.0,0.0,0.0,0.0,0.0,0.0,0.0,0.0,0.0,0.0,0.0,0.0,0.8,0.0,0.0,0.2,0.0,0.0,0.0,0.0,0.0,0.0,0.0,0.0,0.0,46.1,750.0,3.0,1,0.005,0.2,24000,0.0,0.0,0.0,260.10550096861266,0.042936627687665034
69b7d4ef9605ebc57c753073,69b7d4ef9605ebc57c753073,69b7d4ef9605ebc57c753074,0.0,0.0,0.0,0.0,0.0,0.0,0.0,0.0,0.0,0.0,0.0,0.0,0.0,0.0,0.0,0.0,0.0,0.8,0.0,0.0,0.2,0.0,0.0,0.0,0.0,0.0,0.0,0.0,0.0,0.0,46.1,750.0,3.0,1,0.005,0.2,24000,0.0,0.0,0.0,280.11526758930825,0.1020369671821954
69b7d4ef9605ebc57c753073,69b7d4ef9605ebc57c753073,69b7d4ef9605ebc57c753074,0.0,0.0,0.0,0.0,0.0,0.0,0.0,0.0,0.0,0.0,0.0,0.0,0.0,0.0,0.0,0.0,0.0,0.8,0.0,0.0,0.2,0.0,0.0,0.0,0.0,0.0,0.0,0.0,0.0,0.0,46.1,750.0,3.0,1,0.005,0.2,24000,0.0,0.0,0.0,300.13362025017574,0.2296774801961524
69b7d4ef9605ebc57c753073,69b7d4ef9605ebc57c753073,69b7d4ef9605ebc57c753074,0.0,0.0,0.0,0.0,0.0,0.0,0.0,0.0,0.0,0.0,0.0,0.0,0.0,0.0,0.0,0.0,0.0,0.8,0.0,0.0,0.2,0.0,0.0,0.0,0.0,0.0,0.0,0.0,0.0,0.0,46.1,750.0,3.0,1,0.005,0.2,24000,0.0,0.0,0.0,319.97917885258306,0.40703508110147113
69b7d4ef9605ebc57c753073,69b7d4ef9605ebc57c753073,69b7d4ef9605ebc57c753074,0.0,0.0,0.0,0.0,0.0,0.0,0.0,0.0,0.0,0.0,0.0,0.0,0.0,0.0,0.0,0.0,0.0,0.8,0.0,0.0,0.2,0.0,0.0,0.0,0.0,0.0,0.0,0.0,0.0,0.0,46.1,750.0,3.0,1,0.005,0.2,24000,0.0,0.0,0.0,340.1273953710511,0.6302998868351566
69b7d4ef9605ebc57c753073,69b7d4ef9605ebc57c753073,69b7d4ef9605ebc57c753074,0.0,0.0,0.0,0.0,0.0,0.0,0.0,0.0,0.0,0.0,0.0,0.0,0.0,0.0,0.0,0.0,0.0,0.8,0.0,0.0,0.2,0.0,0.0,0.0,0.0,0.0,0.0,0.0,0.0,0.0,46.1,750.0,3.0,1,0.005,0.2,24000,0.0,0.0,0.0,359.99871209397423,0.8556488117691436
69b7d4ef9605ebc57c753073,69b7d4ef9605ebc57c753073,69b7d4ef9605ebc57c753074,0.0,0.0,0.0,0.0,0.0,0.0,0.0,0.0,0.0,0.0,0.0,0.0,0.0,0.0,0.0,0.0,0.0,0.8,0.0,0.0,0.2,0.0,0.0,0.0,0.0,0.0,0.0,0.0,0.0,0.0,46.1,750.0,3.0,1,0.005,0.2,24000,0.0,0.0,0.0,380.050335660508,0.950688419464353
69b7d4ef9605ebc57c753073,69b7d4ef9605ebc57c753073,69b7d4ef9605ebc57c753074,0.0,0.0,0.0,0.0,0.0,0.0,0.0,0.0,0.0,0.0,0.0,0.0,0.0,0.0,0.0,0.0,0.0,0.8,0.0,0.0,0.2,0.0,0.0,0.0,0.0,0.0,0.0,0.0,0.0,0.0,46.1,750.0,3.0,1,0.005,0.2,24000,0.0,0.0,0.0,249.9900723910512,0.027942285929837798
69b7d4ef9605ebc57c753075,69b7d4ef9605ebc57c753075,69b7d4f09605ebc57c753076,0.0,0.0,0.0,0.0,0.3,0.0,0.0,0.0,0.0,0.0,0.0,0.0,0.0,0.0,0.0,0.0,0.0,0.7,0.0,0.0,0.0,0.0,0.0,0.0,0.0,0.0,0.0,0.0,0.0,0.0,58.0,500.0,5.0,1,0.0998,0.102,33000,500.0,10.2,1.0,61.831101727873765,0.03370010440928439
69b7d4ef9605ebc57c753075,69b7d4ef9605ebc57c753075,69b7d4f09605ebc57c753076,0.0,0.0,0.0,0.0,0.3,0.0,0.0,0.0,0.0,0.0,0.0,0.0,0.0,0.0,0.0,0.0,0.0,0.7,0.0,0.0,0.0,0.0,0.0,0.0,0.0,0.0,0.0,0.0,0.0,0.0,58.0,500.0,5.0,1,0.0998,0.102,33000,500.0,10.2,1.0,73.00434151103633,0.08936631595855754
69b7d4ef9605ebc57c753075,69b7d4ef9605ebc57c753075,69b7d4f09605ebc57c753076,0.0,0.0,0.0,0.0,0.3,0.0,0.0,0.0,0.0,0.0,0.0,0.0,0.0,0.0,0.0,0.0,0.0,0.7,0.0,0.0,0.0,0.0,0.0,0.0,0.0,0.0,0.0,0.0,0.0,0.0,58.0,500.0,5.0,1,0.0998,0.102,33000,500.0,10.2,1.0,81.93936171057122,0.1456911091478596
69b7d4ef9605ebc57c753075,69b7d4ef9605ebc57c753075,69b7d4f09605ebc57c753076,0.0,0.0,0.0,0.0,0.3,0.0,0.0,0.0,0.0,0.0,0.0,0.0,0.0,0.0,0.0,0.0,0.0,0.7,0.0,0.0,0.0,0.0,0.0,0.0,0.0,0.0,0.0,0.0,0.0,0.0,58.0,500.0,5.0,1,0.0998,0.102,33000,500.0,10.2,1.0,92.80901319914598,0.2353706529596016
69b7d4ef9605ebc57c753075,69b7d4ef9605ebc57c753075,69b7d4f09605ebc57c753076,0.0,0.0,0.0,0.0,0.3,0.0,0.0,0.0,0.0,0.0,0.0,0.0,0.0,0.0,0.0,0.0,0.0,0.7,0.0,0.0,0.0,0.0,0.0,0.0,0.0,0.0,0.0,0.0,0.0,0.0,58.0,500.0,5.0,1,0.0998,0.102,33000,500.0,10.2,1.0,102.06250347241513,0.32449602441570957
69b7d4ef9605ebc57c753075,69b7d4ef9605ebc57c753075,69b7d4f09605ebc57c753076,0.0,0.0,0.0,0.0,0.3,0.0,0.0,0.0,0.0,0.0,0.0,0.0,0.0,0.0,0.0,0.0,0.0,0.7,0.0,0.0,0.0,0.0,0.0,0.0,0.0,0.0,0.0,0.0,0.0,0.0,58.0,500.0,5.0,1,0.0998,0.102,33000,500.0,10.2,1.0,108.7087060392244,0.3955023692876074
69b7d4ef9605ebc57c753075,69b7d4ef9605ebc57c753075,69b7d4f09605ebc57c753076,0.0,0.0,0.0,0.0,0.3,0.0,0.0,0.0,0.0,0.0,0.0,0.0,0.0,0.0,0.0,0.0,0.0,0.7,0.0,0.0,0.0,0.0,0.0,0.0,0.0,0.0,0.0,0.0,0.0,0.0,58.0,500.0,5.0,1,0.0998,0.102,33000,500.0,10.2,1.0,113.44111180779885,0.44828527829090026
69b7d4ef9605ebc57c753075,69b7d4ef9605ebc57c753075,69b7d4f09605ebc57c753076,0.0,0.0,0.0,0.0,0.3,0.0,0.0,0.0,0.0,0.0,0.0,0.0,0.0,0.0,0.0,0.0,0.0,0.7,0.0,0.0,0.0,0.0,0.0,0.0,0.0,0.0,0.0,0.0,0.0,0.0,58.0,500.0,5.0,1,0.0998,0.102,33000,500.0,10.2,1.0,118.81641043550039,0.5067464460685889
69b7d4ef9605ebc57c753075,69b7d4ef9605ebc57c753075,69b7d4f09605ebc57c753076,0.0,0.0,0.0,0.0,0.3,0.0,0.0,0.0,0.0,0.0,0.0,0.0,0.0,0.0,0.0,0.0,0.0,0.7,0.0,0.0,0.0,0.0,0.0,0.0,0.0,0.0,0.0,0.0,0.0,0.0,58.0,500.0,5.0,1,0.0998,0.102,33000,500.0,10.2,1.0,124.06670211837167,0.5655449361497068
69b7d4ef9605ebc57c753075,69b7d4ef9605ebc57c753075,69b7d4f09605ebc57c753076,0.0,0.0,0.0,0.0,0.3,0.0,0.0,0.0,0.0,0.0,0.0,0.0,0.0,0.0,0.0,0.0,0.0,0.7,0.0,0.0,0.0,0.0,0.0,0.0,0.0,0.0,0.0,0.0,0.0,0.0,58.0,500.0,5.0,1,0.0998,0.102,33000,500.0,10.2,1.0,127.20675751827483,0.6033892860011244
69b7d4ef9605ebc57c753075,69b7d4ef9605ebc57c753075,69b7d4f09605ebc57c753076,0.0,0.0,0.0,0.0,0.3,0.0,0.0,0.0,0.0,0.0,0.0,0.0,0.0,0.0,0.0,0.0,0.0,0.7,0.0,0.0,0.0,0.0,0.0,0.0,0.0,0.0,0.0,0.0,0.0,0.0,58.0,500.0,5.0,1,0.0998,0.102,33000,500.0,10.2,1.0,133.80831474764472,0.679351056140069
69b7d4ef9605ebc57c753075,69b7d4ef9605ebc57c753075,69b7d4f09605ebc57c753076,0.0,0.0,0.0,0.0,0.3,0.0,0.0,0.0,0.0,0.0,0.0,0.0,0.0,0.0,0.0,0.0,0.0,0.7,0.0,0.0,0.0,0.0,0.0,0.0,0.0,0.0,0.0,0.0,0.0,0.0,58.0,500.0,5.0,1,0.0998,0.102,33000,500.0,10.2,1.0,138.5645313628535,0.7332262468878001
69b7d4ef9605ebc57c753075,69b7d4ef9605ebc57c753075,69b7d4f09605ebc57c753076,0.0,0.0,0.0,0.0,0.3,0.0,0.0,0.0,0.0,0.0,0.0,0.0,0.0,0.0,0.0,0.0,0.0,0.7,0.0,0.0,0.0,0.0,0.0,0.0,0.0,0.0,0.0,0.0,0.0,0.0,58.0,500.0,5.0,1,0.0998,0.102,33000,500.0,10.2,1.0,147.06202725548246,0.8119347843546703
69b7d4ef9605ebc57c753075,69b7d4ef9605ebc57c753075,69b7d4f09605ebc57c753076,0.0,0.0,0.0,0.0,0.3,0.0,0.0,0.0,0.0,0.0,0.0,0.0,0.0,0.0,0.0,0.0,0.0,0.7,0.0,0.0,0.0,0.0,0.0,0.0,0.0,0.0,0.0,0.0,0.0,0.0,58.0,500.0,5.0,1,0.0998,0.102,33000,500.0,10.2,1.0,156.2024160072385,0.8884587583326641
69b7d4ef9605ebc57c753075,69b7d4ef9605ebc57c753075,69b7d4f09605ebc57c753076,0.0,0.0,0.0,0.0,0.3,0.0,0.0,0.0,0.0,0.0,0.0,0.0,0.0,0.0,0.0,0.0,0.0,0.7,0.0,0.0,0.0,0.0,0.0,0.0,0.0,0.0,0.0,0.0,0.0,0.0,58.0,500.0,5.0,1,0.0998,0.102,33000,500.0,10.2,1.0,168.92633717746224,0.9515059031403099
69b7d4ef9605ebc57c753075,69b7d4ef9605ebc57c753075,69b7d4f09605ebc57c753076,0.0,0.0,0.0,0.0,0.3,0.0,0.0,0.0,0.0,0.0,0.0,0.0,0.0,0.0,0.0,0.0,0.0,0.7,0.0,0.0,0.0,0.0,0.0,0.0,0.0,0.0,0.0,0.0,0.0,0.0,58.0,500.0,5.0,1,0.0998,0.102,33000,500.0,10.2,1.0,187.45117585897628,0.9898883623805317
69b7d4ef9605ebc57c753075,69b7d4ef9605ebc57c753075,69b7d4f09605ebc57c753076,0.0,0.0,0.0,0.0,0.3,0.0,0.0,0.0,0.0,0.0,0.0,0.0,0.0,0.0,0.0,0.0,0.0,0.7,0.0,0.0,0.0,0.0,0.0,0.0,0.0,0.0,0.0,0.0,0.0,0.0,58.0,500.0,5.0,1,0.0998,0.102,33000,500.0,10.2,1.0,97.10687101664378,0.2771343667175327
69b7d4f09605ebc57c753077,69b7d4f09605ebc57c753077,69b7d4f09605ebc57c753078,0.0,0.0,0.0,0.0,0.3,0.0,0.0,0.0,0.0,0.0,0.0,0.0,0.0,0.0,0.0,0.0,0.0,0.7,0.0,0.0,0.0,0.0,0.0,0.0,0.0,0.0,0.0,0.0,0.0,0.0,11.0,800.0,5.0,0,0.005,0.2,24000,500.0,10.2,1.0,111.14634146341463,0.04160308408963135
69b7d4f09605ebc57c753077,69b7d4f09605ebc57c753077,69b7d4f09605ebc57c753078,0.0,0.0,0.0,0.0,0.3,0.0,0.0,0.0,0.0,0.0,0.0,0.0,0.0,0.0,0.0,0.0,0.0,0.7,0.0,0.0,0.0,0.0,0.0,0.0,0.0,0.0,0.0,0.0,0.0,0.0,11.0,800.0,5.0,0,0.005,0.2,24000,500.0,10.2,1.0,132.66837046502584,0.07453216609107702
69b7d4f09605ebc57c753077,69b7d4f09605ebc57c753077,69b7d4f09605ebc57c753078,0.0,0.0,0.0,0.0,0.3,0.0,0.0,0.0,0.0,0.0,0.0,0.0,0.0,0.0,0.0,0.0,0.0,0.7,0.0,0.0,0.0,0.0,0.0,0.0,0.0,0.0,0.0,0.0,0.0,0.0,11.0,800.0,5.0,0,0.005,0.2,24000,500.0,10.2,1.0,151.72597683998316,0.11696249297245201
69b7d4f09605ebc57c753077,69b7d4f09605ebc57c753077,69b7d4f09605ebc57c753078,0.0,0.0,0.0,0.0,0.3,0.0,0.0,0.0,0.0,0.0,0.0,0.0,0.0,0.0,0.0,0.0,0.0,0.7,0.0,0.0,0.0,0.0,0.0,0.0,0.0,0.0,0.0,0.0,0.0,0.0,11.0,800.0,5.0,0,0.005,0.2,24000,500.0,10.2,1.0,171.4681450556777,0.17687735924825315
69b7d4f09605ebc57c753077,69b7d4f09605ebc57c753077,69b7d4f09605ebc57c753078,0.0,0.0,0.0,0.0,0.3,0.0,0.0,0.0,0.0,0.0,0.0,0.0,0.0,0.0,0.0,0.0,0.0,0.7,0.0,0.0,0.0,0.0,0.0,0.0,0.0,0.0,0.0,0.0,0.0,0.0,11.0,800.0,5.0,0,0.005,0.2,24000,500.0,10.2,1.0,190.83529243688142,0.25632479318930207
69b7d4f09605ebc57c753077,69b7d4f09605ebc57c753077,69b7d4f09605ebc57c753078,0.0,0.0,0.0,0.0,0.3,0.0,0.0,0.0,0.0,0.0,0.0,0.0,0.0,0.0,0.0,0.0,0.0,0.7,0.0,0.0,0.0,0.0,0.0,0.0,0.0,0.0,0.0,0.0,0.0,0.0,11.0,800.0,5.0,0,0.005,0.2,24000,500.0,10.2,1.0,208.36305191558262,0.34900811179824914
69b7d4f09605ebc57c753077,69b7d4f09605ebc57c753077,69b7d4f09605ebc57c753078,0.0,0.0,0.0,0.0,0.3,0.0,0.0,0.0,0.0,0.0,0.0,0.0,0.0,0.0,0.0,0.0,0.0,0.7,0.0,0.0,0.0,0.0,0.0,0.0,0.0,0.0,0.0,0.0,0.0,0.0,11.0,800.0,5.0,0,0.005,0.2,24000,500.0,10.2,1.0,227.82544268332367,0.47566460525259013
69b7d4f09605ebc57c753077,69b7d4f09605ebc57c753077,69b7d4f09605ebc57c753078,0.0,0.0,0.0,0.0,0.3,0.0,0.0,0.0,0.0,0.0,0.0,0.0,0.0,0.0,0.0,0.0,0.0,0.7,0.0,0.0,0.0,0.0,0.0,0.0,0.0,0.0,0.0,0.0,0.0,0.0,11.0,800.0,5.0,0,0.005,0.2,24000,500.0,10.2,1.0,238.9391553499004,0.5669906031644044
69b7d4f09605ebc57c753077,69b7d4f09605ebc57c753077,69b7d4f09605ebc57c753078,0.0,0.0,0.0,0.0,0.3,0.0,0.0,0.0,0.0,0.0,0.0,0.0,0.0,0.0,0.0,0.0,0.0,0.7,0.0,0.0,0.0,0.0,0.0,0.0,0.0,0.0,0.0,0.0,0.0,0.0,11.0,800.0,5.0,0,0.005,0.2,24000,500.0,10.2,1.0,253.49651171096806,0.7027628302947554
69b7d4f09605ebc57c753077,69b7d4f09605ebc57c753077,69b7d4f09605ebc57c753078,0.0,0.0,0.0,0.0,0.3,0.0,0.0,0.0,0.0,0.0,0.0,0.0,0.0,0.0,0.0,0.0,0.0,0.7,0.0,0.0,0.0,0.0,0.0,0.0,0.0,0.0,0.0,0.0,0.0,0.0,11.0,800.0,5.0,0,0.005,0.2,24000,500.0,10.2,1.0,262.0416292968657,0.8116777768853908
69b7d4f09605ebc57c753077,69b7d4f09605ebc57c753077,69b7d4f09605ebc57c753078,0.0,0.0,0.0,0.0,0.3,0.0,0.0,0.0,0.0,0.0,0.0,0.0,0.0,0.0,0.0,0.0,0.0,0.7,0.0,0.0,0.0,0.0,0.0,0.0,0.0,0.0,0.0,0.0,0.0,0.0,11.0,800.0,5.0,0,0.005,0.2,24000,500.0,10.2,1.0,266.2621018628019,0.9176853264798008
69b7d4f09605ebc57c753077,69b7d4f09605ebc57c753077,69b7d4f09605ebc57c753078,0.0,0.0,0.0,0.0,0.3,0.0,0.0,0.0,0.0,0.0,0.0,0.0,0.0,0.0,0.0,0.0,0.0,0.7,0.0,0.0,0.0,0.0,0.0,0.0,0.0,0.0,0.0,0.0,0.0,0.0,11.0,800.0,5.0,0,0.005,0.2,24000,500.0,10.2,1.0,218.7416046923242,0.40889888362380533
69b7d4f09605ebc57c753077,69b7d4f09605ebc57c753077,69b7d4f09605ebc57c753078,0.0,0.0,0.0,0.0,0.3,0.0,0.0,0.0,0.0,0.0,0.0,0.0,0.0,0.0,0.0,0.0,0.0,0.7,0.0,0.0,0.0,0.0,0.0,0.0,0.0,0.0,0.0,0.0,0.0,0.0,11.0,800.0,5.0,0,0.005,0.2,24000,500.0,10.2,1.0,199.68995102902542,0.3041844028592081
69b7d4f19605ebc57c753079,69b7d4f19605ebc57c753079,69b7d4f19605ebc57c75307a,0.0,0.0,0.0,0.0,0.0,0.0,0.0,0.0,0.05,0.0,0.0,0.0,0.0,0.0,0.0,0.0,0.0,0.95,0.0,0.0,0.0,0.0,0.0,0.0,0.0,0.0,0.0,0.0,0.0,0.0,65.8,500.0,3.0,1,0.01,0.01,120000,120.0,0.0,1.0,40.190182194974525,0.012807526567891907
69b7d4f19605ebc57c753079,69b7d4f19605ebc57c753079,69b7d4f19605ebc57c75307a,0.0,0.0,0.0,0.0,0.0,0.0,0.0,0.0,0.05,0.0,0.0,0.0,0.0,0.0,0.0,0.0,0.0,0.95,0.0,0.0,0.0,0.0,0.0,0.0,0.0,0.0,0.0,0.0,0.0,0.0,65.8,500.0,3.0,1,0.01,0.01,120000,120.0,0.0,1.0,50.156290475779294,0.037126375607327414
69b7d4f19605ebc57c753079,69b7d4f19605ebc57c753079,69b7d4f19605ebc57c75307a,0.0,0.0,0.0,0.0,0.0,0.0,0.0,0.0,0.05,0.0,0.0,0.0,0.0,0.0,0.0,0.0,0.0,0.95,0.0,0.0,0.0,0.0,0.0,0.0,0.0,0.0,0.0,0.0,0.0,0.0,65.8,500.0,3.0,1,0.01,0.01,120000,120.0,0.0,1.0,60.060227959588985,0.07907703401033529
69b7d4f19605ebc57c753079,69b7d4f19605ebc57c753079,69b7d4f19605ebc57c75307a,0.0,0.0,0.0,0.0,0.0,0.0,0.0,0.0,0.05,0.0,0.0,0.0,0.0,0.0,0.0,0.0,0.0,0.95,0.0,0.0,0.0,0.0,0.0,0.0,0.0,0.0,0.0,0.0,0.0,0.0,65.8,500.0,3.0,1,0.01,0.01,120000,120.0,0.0,1.0,70.01726966583196,0.7734132229986094
69b7d4f19605ebc57c753079,69b7d4f19605ebc57c753079,69b7d4f19605ebc57c75307a,0.0,0.0,0.0,0.0,0.0,0.0,0.0,0.0,0.05,0.0,0.0,0.0,0.0,0.0,0.0,0.0,0.0,0.95,0.0,0.0,0.0,0.0,0.0,0.0,0.0,0.0,0.0,0.0,0.0,0.0,65.8,500.0,3.0,1,0.01,0.01,120000,120.0,0.0,1.0,80.00151109576029,0.8567222346215256
69b7d4f19605ebc57c753079,69b7d4f19605ebc57c753079,69b7d4f19605ebc57c75307a,0.0,0.0,0.0,0.0,0.0,0.0,0.0,0.0,0.05,0.0,0.0,0.0,0.0,0.0,0.0,0.0,0.0,0.95,0.0,0.0,0.0,0.0,0.0,0.0,0.0,0.0,0.0,0.0,0.0,0.0,65.8,500.0,3.0,1,0.01,0.01,120000,120.0,0.0,1.0,89.98704775062602,0.9223135955499854
69b7d4f19605ebc57c753079,69b7d4f19605ebc57c753079,69b7d4f19605ebc57c75307a,0.0,0.0,0.0,0.0,0.0,0.0,0.0,0.0,0.05,0.0,0.0,0.0,0.0,0.0,0.0,0.0,0.0,0.95,0.0,0.0,0.0,0.0,0.0,0.0,0.0,0.0,0.0,0.0,0.0,0.0,65.8,500.0,3.0,1,0.01,0.01,120000,120.0,0.0,1.0,99.94408945686901,0.9671313544045187
69b7d4f39605ebc57c75307f,69b7d4f39605ebc57c75307f,69b7d4f39605ebc57c753080,0.0,0.0,0.0,0.0,0.05,0.0,0.0,0.0,0.0,0.0,0.0,0.0,0.0,0.0,0.0,0.0,0.0,0.95,0.0,0.0,0.0,0.0,0.0,0.0,0.0,0.0,0.0,0.0,0.0,0.0,33.0,550.0,4.0,1,0.01,0.1,30000,150.0,20.0,0.5,142.40266609037866,0.04818412854566322
69b7d4f39605ebc57c75307f,69b7d4f39605ebc57c75307f,69b7d4f39605ebc57c753080,0.0,0.0,0.0,0.0,0.05,0.0,0.0,0.0,0.0,0.0,0.0,0.0,0.0,0.0,0.0,0.0,0.0,0.95,0.0,0.0,0.0,0.0,0.0,0.0,0.0,0.0,0.0,0.0,0.0,0.0,33.0,550.0,4.0,1,0.01,0.1,30000,150.0,20.0,0.5,168.31287889989648,0.09234095753402198
69b7d4f39605ebc57c75307f,69b7d4f39605ebc57c75307f,69b7d4f39605ebc57c753080,0.0,0.0,0.0,0.0,0.05,0.0,0.0,0.0,0.0,0.0,0.0,0.0,0.0,0.0,0.0,0.0,0.0,0.95,0.0,0.0,0.0,0.0,0.0,0.0,0.0,0.0,0.0,0.0,0.0,0.0,33.0,550.0,4.0,1,0.01,0.1,30000,150.0,20.0,0.5,203.99913556796596,0.3103685030332841
69b7d4f39605ebc57c75307f,69b7d4f39605ebc57c75307f,69b7d4f39605ebc57c753080,0.0,0.0,0.0,0.0,0.05,0.0,0.0,0.0,0.0,0.0,0.0,0.0,0.0,0.0,0.0,0.0,0.0,0.95,0.0,0.0,0.0,0.0,0.0,0.0,0.0,0.0,0.0,0.0,0.0,0.0,33.0,550.0,4.0,1,0.01,0.1,30000,150.0,20.0,0.5,222.84034167813556,0.46817101164125263
69b7d4f39605ebc57c75307f,69b7d4f39605ebc57c75307f,69b7d4f39605ebc57c753080,0.0,0.0,0.0,0.0,0.05,0.0,0.0,0.0,0.0,0.0,0.0,0.0,0.0,0.0,0.0,0.0,0.0,0.95,0.0,0.0,0.0,0.0,0.0,0.0,0.0,0.0,0.0,0.0,0.0,0.0,33.0,550.0,4.0,1,0.01,0.1,30000,150.0,20.0,0.5,252.21396967663418,0.6999200688637481
69b7d4f39605ebc57c75307f,69b7d4f39605ebc57c75307f,69b7d4f39605ebc57c753080,0.0,0.0,0.0,0.0,0.05,0.0,0.0,0.0,0.0,0.0,0.0,0.0,0.0,0.0,0.0,0.0,0.0,0.95,0.0,0.0,0.0,0.0,0.0,0.0,0.0,0.0,0.0,0.0,0.0,0.0,33.0,550.0,4.0,1,0.01,0.1,30000,150.0,20.0,0.5,276.07684345818313,0.9257050336120675
69b7d4f39605ebc57c753081,69b7d4f39605ebc57c753081,69b7d4f49605ebc57c753082,0.0,0.0,0.0,0.0,0.0,0.0,0.0,0.0,0.0,0.0,0.0,0.0,0.0,0.0,0.0,0.0,0.0,1.0,0.0,0.0,0.0,0.0,0.0,0.0,0.0,0.0,0.0,0.0,0.0,0.0,9.0,550.0,4.0,1,0.01,0.1,30000,150.0,20.0,0.5,222.78347114958086,0.04687243810460731
69b7d4f39605ebc57c753081,69b7d4f39605ebc57c753081,69b7d4f49605ebc57c753082,0.0,0.0,0.0,0.0,0.0,0.0,0.0,0.0,0.0,0.0,0.0,0.0,0.0,0.0,0.0,0.0,0.0,1.0,0.0,0.0,0.0,0.0,0.0,0.0,0.0,0.0,0.0,0.0,0.0,0.0,9.0,550.0,4.0,1,0.01,0.1,30000,150.0,20.0,0.5,273.57454020177664,0.18989793408755531
69b7d4f39605ebc57c753081,69b7d4f39605ebc57c753081,69b7d4f49605ebc57c753082,0.0,0.0,0.0,0.0,0.0,0.0,0.0,0.0,0.0,0.0,0.0,0.0,0.0,0.0,0.0,0.0,0.0,1.0,0.0,0.0,0.0,0.0,0.0,0.0,0.0,0.0,0.0,0.0,0.0,0.0,9.0,550.0,4.0,1,0.01,0.1,30000,150.0,20.0,0.5,321.8348707332886,0.5024286768322676
69b7d4f39605ebc57c753081,69b7d4f39605ebc57c753081,69b7d4f49605ebc57c753082,0.0,0.0,0.0,0.0,0.0,0.0,0.0,0.0,0.0,0.0,0.0,0.0,0.0,0.0,0.0,0.0,0.0,1.0,0.0,0.0,0.0,0.0,0.0,0.0,0.0,0.0,0.0,0.0,0.0,0.0,9.0,550.0,4.0,1,0.01,0.1,30000,150.0,20.0,0.5,369.17389870221456,0.6849688473520249
69b7d4f39605ebc57c753081,69b7d4f39605ebc57c753081,69b7d4f49605ebc57c753082,0.0,0.0,0.0,0.0,0.0,0.0,0.0,0.0,0.0,0.0,0.0,0.0,0.0,0.0,0.0,0.0,0.0,1.0,0.0,0.0,0.0,0.0,0.0,0.0,0.0,0.0,0.0,0.0,0.0,0.0,9.0,550.0,4.0,1,0.01,0.1,30000,150.0,20.0,0.5,414.72150502166767,0.8574663879324479
69b7d4f39605ebc57c753081,69b7d4f39605ebc57c753081,69b7d4f49605ebc57c753082,0.0,0.0,0.0,0.0,0.0,0.0,0.0,0.0,0.0,0.0,0.0,0.0,0.0,0.0,0.0,0.0,0.0,1.0,0.0,0.0,0.0,0.0,0.0,0.0,0.0,0.0,0.0,0.0,0.0,0.0,9.0,550.0,4.0,1,0.01,0.1,30000,150.0,20.0,0.5,460.4738452439177,0.9632726676504345
69b7d4f49605ebc57c753083,69b7d4f49605ebc57c753083,69b7d4f49605ebc57c753084,0.0,0.0,0.0,0.0,0.0,0.0,0.0,0.0,0.05,0.0,0.0,0.0,0.0,0.0,0.0,0.0,0.0,0.95,0.0,0.0,0.0,0.0,0.0,0.0,0.0,0.0,0.0,0.0,0.0,0.0,46.0,550.0,4.0,1,0.01,0.1,30000,150.0,20.0,0.5,124.61356475847086,0.1699151500245942
69b7d4f49605ebc57c753083,69b7d4f49605ebc57c753083,69b7d4f49605ebc57c753084,0.0,0.0,0.0,0.0,0.0,0.0,0.0,0.0,0.05,0.0,0.0,0.0,0.0,0.0,0.0,0.0,0.0,0.95,0.0,0.0,0.0,0.0,0.0,0.0,0.0,0.0,0.0,0.0,0.0,0.0,46.0,550.0,4.0,1,0.01,0.1,30000,150.0,20.0,0.5,147.20822575325013,0.3403119363830136
69b7d4f49605ebc57c753083,69b7d4f49605ebc57c753083,69b7d4f49605ebc57c753084,0.0,0.0,0.0,0.0,0.0,0.0,0.0,0.0,0.05,0.0,0.0,0.0,0.0,0.0,0.0,0.0,0.0,0.95,0.0,0.0,0.0,0.0,0.0,0.0,0.0,0.0,0.0,0.0,0.0,0.0,46.0,550.0,4.0,1,0.01,0.1,30000,150.0,20.0,0.5,161.8068904332397,0.502367191342843
69b7d4f49605ebc57c753083,69b7d4f49605ebc57c753083,69b7d4f49605ebc57c753084,0.0,0.0,0.0,0.0,0.0,0.0,0.0,0.0,0.05,0.0,0.0,0.0,0.0,0.0,0.0,0.0,0.0,0.95,0.0,0.0,0.0,0.0,0.0,0.0,0.0,0.0,0.0,0.0,0.0,0.0,46.0,550.0,4.0,1,0.01,0.1,30000,150.0,20.0,0.5,187.30194838430828,0.7339522872602067
69b7d4f49605ebc57c753083,69b7d4f49605ebc57c753083,69b7d4f49605ebc57c753084,0.0,0.0,0.0,0.0,0.0,0.0,0.0,0.0,0.05,0.0,0.0,0.0,0.0,0.0,0.0,0.0,0.0,0.95,0.0,0.0,0.0,0.0,0.0,0.0,0.0,0.0,0.0,0.0,0.0,0.0,46.0,550.0,4.0,1,0.01,0.1,30000,150.0,20.0,0.5,199.1480794822507,0.9287690605017215
69b7d4f59605ebc57c753085,69b7d4f59605ebc57c753085,69b7d4f59605ebc57c753086,0.0,0.0,0.0,0.0,0.025,0.0,0.0,0.0,0.025,0.0,0.0,0.0,0.0,0.0,0.0,0.0,0.0,0.95,0.0,0.0,0.0,0.0,0.0,0.0,0.0,0.0,0.0,0.0,0.0,0.0,52.0,550.0,4.0,1,0.01,0.1,30000,150.0,20.0,0.5,121.50843389938466,0.12866863420232824
69b7d4f59605ebc57c753085,69b7d4f59605ebc57c753085,69b7d4f59605ebc57c753086,0.0,0.0,0.0,0.0,0.025,0.0,0.0,0.0,0.025,0.0,0.0,0.0,0.0,0.0,0.0,0.0,0.0,0.95,0.0,0.0,0.0,0.0,0.0,0.0,0.0,0.0,0.0,0.0,0.0,0.0,52.0,550.0,4.0,1,0.01,0.1,30000,150.0,20.0,0.5,144.4272569069257,0.24240654205607476
69b7d4f59605ebc57c753085,69b7d4f59605ebc57c753085,69b7d4f59605ebc57c753086,0.0,0.0,0.0,0.0,0.025,0.0,0.0,0.0,0.025,0.0,0.0,0.0,0.0,0.0,0.0,0.0,0.0,0.95,0.0,0.0,0.0,0.0,0.0,0.0,0.0,0.0,0.0,0.0,0.0,0.0,52.0,550.0,4.0,1,0.01,0.1,30000,150.0,20.0,0.5,169.54696936953331,0.48111370716510904
69b7d4f59605ebc57c753085,69b7d4f59605ebc57c753085,69b7d4f59605ebc57c753086,0.0,0.0,0.0,0.0,0.025,0.0,0.0,0.0,0.025,0.0,0.0,0.0,0.0,0.0,0.0,0.0,0.0,0.95,0.0,0.0,0.0,0.0,0.0,0.0,0.0,0.0,0.0,0.0,0.0,0.0,52.0,550.0,4.0,1,0.01,0.1,30000,150.0,20.0,0.5,190.4241404019609,0.7157320872274142
69b7d4f59605ebc57c753085,69b7d4f59605ebc57c753085,69b7d4f59605ebc57c753086,0.0,0.0,0.0,0.0,0.025,0.0,0.0,0.0,0.025,0.0,0.0,0.0,0.0,0.0,0.0,0.0,0.0,0.95,0.0,0.0,0.0,0.0,0.0,0.0,0.0,0.0,0.0,0.0,0.0,0.0,52.0,550.0,4.0,1,0.01,0.1,30000,150.0,20.0,0.5,217.76749053105698,0.841603131660928
69b7d4f59605ebc57c753085,69b7d4f59605ebc57c753085,69b7d4f59605ebc57c753086,0.0,0.0,0.0,0.0,0.025,0.0,0.0,0.0,0.025,0.0,0.0,0.0,0.0,0.0,0.0,0.0,0.0,0.95,0.0,0.0,0.0,0.0,0.0,0.0,0.0,0.0,0.0,0.0,0.0,0.0,52.0,550.0,4.0,1,0.01,0.1,30000,150.0,20.0,0.5,241.76685358113718,0.943996966715855
69b7d4f59605ebc57c753087,69b7d4f59605ebc57c753087,69b7d4f69605ebc57c753088,0.0,0.0,0.0,0.0,0.08,0.0,0.0,0.0,0.0,0.0,0.0,0.0,0.0,0.0,0.0,0.0,0.0,0.92,0.0,0.0,0.0,0.0,0.0,0.0,0.0,0.0,0.0,0.0,0.0,0.0,149.0,300.0,3.0,1,0.018000000000000002,0.023,396000,350.0,20.0,0.5,135.38584167787576,0.07273717934747075
69b7d4f59605ebc57c753087,69b7d4f59605ebc57c753087,69b7d4f69605ebc57c753088,0.0,0.0,0.0,0.0,0.08,0.0,0.0,0.0,0.0,0.0,0.0,0.0,0.0,0.0,0.0,0.0,0.0,0.92,0.0,0.0,0.0,0.0,0.0,0.0,0.0,0.0,0.0,0.0,0.0,0.0,149.0,300.0,3.0,1,0.018000000000000002,0.023,396000,350.0,20.0,0.5,145.16016539630348,0.1080705272105137
69b7d4f59605ebc57c753087,69b7d4f59605ebc57c753087,69b7d4f69605ebc57c753088,0.0,0.0,0.0,0.0,0.08,0.0,0.0,0.0,0.0,0.0,0.0,0.0,0.0,0.0,0.0,0.0,0.0,0.92,0.0,0.0,0.0,0.0,0.0,0.0,0.0,0.0,0.0,0.0,0.0,0.0,149.0,300.0,3.0,1,0.018000000000000002,0.023,396000,350.0,20.0,0.5,154.78503462362377,0.15647189590916025
69b7d4f59605ebc57c753087,69b7d4f59605ebc57c753087,69b7d4f69605ebc57c753088,0.0,0.0,0.0,0.0,0.08,0.0,0.0,0.0,0.0,0.0,0.0,0.0,0.0,0.0,0.0,0.0,0.0,0.92,0.0,0.0,0.0,0.0,0.0,0.0,0.0,0.0,0.0,0.0,0.0,0.0,149.0,300.0,3.0,1,0.018000000000000002,0.023,396000,350.0,20.0,0.5,164.9977581826334,0.22101867794172134
69b7d4f59605ebc57c753087,69b7d4f59605ebc57c753087,69b7d4f69605ebc57c753088,0.0,0.0,0.0,0.0,0.08,0.0,0.0,0.0,0.0,0.0,0.0,0.0,0.0,0.0,0.0,0.0,0.0,0.92,0.0,0.0,0.0,0.0,0.0,0.0,0.0,0.0,0.0,0.0,0.0,0.0,149.0,300.0,3.0,1,0.018000000000000002,0.023,396000,350.0,20.0,0.5,175.46953619289593,0.3072554105006211
69b7d4f59605ebc57c753087,69b7d4f59605ebc57c753087,69b7d4f69605ebc57c753088,0.0,0.0,0.0,0.0,0.08,0.0,0.0,0.0,0.0,0.0,0.0,0.0,0.0,0.0,0.0,0.0,0.0,0.92,0.0,0.0,0.0,0.0,0.0,0.0,0.0,0.0,0.0,0.0,0.0,0.0,149.0,300.0,3.0,1,0.018000000000000002,0.023,396000,350.0,20.0,0.5,184.54640561948887,0.41107599764618696
69b7d4f59605ebc57c753087,69b7d4f59605ebc57c753087,69b7d4f69605ebc57c753088,0.0,0.0,0.0,0.0,0.08,0.0,0.0,0.0,0.0,0.0,0.0,0.0,0.0,0.0,0.0,0.0,0.0,0.92,0.0,0.0,0.0,0.0,0.0,0.0,0.0,0.0,0.0,0.0,0.0,0.0,149.0,300.0,3.0,1,0.018000000000000002,0.023,396000,350.0,20.0,0.5,195.2622926318936,0.5205283002419197
69b7d4f59605ebc57c753087,69b7d4f59605ebc57c753087,69b7d4f69605ebc57c753088,0.0,0.0,0.0,0.0,0.08,0.0,0.0,0.0,0.0,0.0,0.0,0.0,0.0,0.0,0.0,0.0,0.0,0.92,0.0,0.0,0.0,0.0,0.0,0.0,0.0,0.0,0.0,0.0,0.0,0.0,149.0,300.0,3.0,1,0.018000000000000002,0.023,396000,350.0,20.0,0.5,204.91705275743536,0.6271647451125689
69b7d4f59605ebc57c753087,69b7d4f59605ebc57c753087,69b7d4f69605ebc57c753088,0.0,0.0,0.0,0.0,0.08,0.0,0.0,0.0,0.0,0.0,0.0,0.0,0.0,0.0,0.0,0.0,0.0,0.92,0.0,0.0,0.0,0.0,0.0,0.0,0.0,0.0,0.0,0.0,0.0,0.0,149.0,300.0,3.0,1,0.018000000000000002,0.023,396000,350.0,20.0,0.5,214.92552184526477,0.7187716583484078
69b7d4f59605ebc57c753087,69b7d4f59605ebc57c753087,69b7d4f69605ebc57c753088,0.0,0.0,0.0,0.0,0.08,0.0,0.0,0.0,0.0,0.0,0.0,0.0,0.0,0.0,0.0,0.0,0.0,0.92,0.0,0.0,0.0,0.0,0.0,0.0,0.0,0.0,0.0,0.0,0.0,0.0,149.0,300.0,3.0,1,0.018000000000000002,0.023,396000,350.0,20.0,0.5,225.11333632242315,0.7965956890351547
69b7d4f59605ebc57c753087,69b7d4f59605ebc57c753087,69b7d4f69605ebc57c753088,0.0,0.0,0.0,0.0,0.08,0.0,0.0,0.0,0.0,0.0,0.0,0.0,0.0,0.0,0.0,0.0,0.0,0.92,0.0,0.0,0.0,0.0,0.0,0.0,0.0,0.0,0.0,0.0,0.0,0.0,149.0,300.0,3.0,1,0.018000000000000002,0.023,396000,350.0,20.0,0.5,235.24136900313854,0.8540810321905716
69b7d4f59605ebc57c753087,69b7d4f59605ebc57c753087,69b7d4f69605ebc57c753088,0.0,0.0,0.0,0.0,0.08,0.0,0.0,0.0,0.0,0.0,0.0,0.0,0.0,0.0,0.0,0.0,0.0,0.92,0.0,0.0,0.0,0.0,0.0,0.0,0.0,0.0,0.0,0.0,0.0,0.0,149.0,300.0,3.0,1,0.018000000000000002,0.023,396000,350.0,20.0,0.5,245.16514721267373,0.8977486214937994
69b7d4f59605ebc57c753087,69b7d4f59605ebc57c753087,69b7d4f69605ebc57c753088,0.0,0.0,0.0,0.0,0.08,0.0,0.0,0.0,0.0,0.0,0.0,0.0,0.0,0.0,0.0,0.0,0.0,0.92,0.0,0.0,0.0,0.0,0.0,0.0,0.0,0.0,0.0,0.0,0.0,0.0,149.0,300.0,3.0,1,0.018000000000000002,0.023,396000,350.0,20.0,0.5,255.40277985353458,0.928470239522263
69b7d4f69605ebc57c753089,69b7d4f69605ebc57c753089,69b7d4f69605ebc57c75308a,0.0,0.0,0.0,0.0,0.18,0.0,0.0,0.0,0.0,0.0,0.0,0.0,0.0,0.0,0.0,0.0,0.0,0.82,0.0,0.0,0.0,0.0,0.0,0.0,0.0,0.0,0.0,0.0,0.0,0.0,127.0,300.0,3.0,1,0.018000000000000002,0.023,396000,350.0,20.0,0.5,145.01071090519602,0.031188021707386184
69b7d4f69605ebc57c753089,69b7d4f69605ebc57c753089,69b7d4f69605ebc57c75308a,0.0,0.0,0.0,0.0,0.18,0.0,0.0,0.0,0.0,0.0,0.0,0.0,0.0,0.0,0.0,0.0,0.0,0.82,0.0,0.0,0.0,0.0,0.0,0.0,0.0,0.0,0.0,0.0,0.0,0.0,127.0,300.0,3.0,1,0.018000000000000002,0.023,396000,350.0,20.0,0.5,165.06252179544663,0.058160974652921575
69b7d4f69605ebc57c753089,69b7d4f69605ebc57c753089,69b7d4f69605ebc57c75308a,0.0,0.0,0.0,0.0,0.18,0.0,0.0,0.0,0.0,0.0,0.0,0.0,0.0,0.0,0.0,0.0,0.0,0.82,0.0,0.0,0.0,0.0,0.0,0.0,0.0,0.0,0.0,0.0,0.0,0.0,127.0,300.0,3.0,1,0.018000000000000002,0.023,396000,350.0,20.0,0.5,175.18557265979177,0.08404419937667545
69b7d4f69605ebc57c753089,69b7d4f69605ebc57c753089,69b7d4f69605ebc57c75308a,0.0,0.0,0.0,0.0,0.18,0.0,0.0,0.0,0.0,0.0,0.0,0.0,0.0,0.0,0.0,0.0,0.0,0.82,0.0,0.0,0.0,0.0,0.0,0.0,0.0,0.0,0.0,0.0,0.0,0.0,127.0,300.0,3.0,1,0.018000000000000002,0.023,396000,350.0,20.0,0.5,185.05455088925422,0.12068522110585621
69b7d4f69605ebc57c753089,69b7d4f69605ebc57c753089,69b7d4f69605ebc57c75308a,0.0,0.0,0.0,0.0,0.18,0.0,0.0,0.0,0.0,0.0,0.0,0.0,0.0,0.0,0.0,0.0,0.0,0.82,0.0,0.0,0.0,0.0,0.0,0.0,0.0,0.0,0.0,0.0,0.0,0.0,127.0,300.0,3.0,1,0.018000000000000002,0.023,396000,350.0,20.0,0.5,194.67942011657448,0.1768716082209097
69b7d4f69605ebc57c753089,69b7d4f69605ebc57c753089,69b7d4f69605ebc57c75308a,0.0,0.0,0.0,0.0,0.18,0.0,0.0,0.0,0.0,0.0,0.0,0.0,0.0,0.0,0.0,0.0,0.0,0.82,0.0,0.0,0.0,0.0,0.0,0.0,0.0,0.0,0.0,0.0,0.0,0.0,127.0,300.0,3.0,1,0.018000000000000002,0.023,396000,350.0,20.0,0.5,205.04159816669159,0.2581653335658087
69b7d4f69605ebc57c753089,69b7d4f69605ebc57c753089,69b7d4f69605ebc57c75308a,0.0,0.0,0.0,0.0,0.18,0.0,0.0,0.0,0.0,0.0,0.0,0.0,0.0,0.0,0.0,0.0,0.0,0.82,0.0,0.0,0.0,0.0,0.0,0.0,0.0,0.0,0.0,0.0,0.0,0.0,127.0,300.0,3.0,1,0.018000000000000002,0.023,396000,350.0,20.0,0.5,214.6614855776416,0.36942222609681147
69b7d4f69605ebc57c753089,69b7d4f69605ebc57c753089,69b7d4f69605ebc57c75308a,0.0,0.0,0.0,0.0,0.18,0.0,0.0,0.0,0.0,0.0,0.0,0.0,0.0,0.0,0.0,0.0,0.0,0.82,0.0,0.0,0.0,0.0,0.0,0.0,0.0,0.0,0.0,0.0,0.0,0.0,127.0,300.0,3.0,1,0.018000000000000002,0.023,396000,350.0,20.0,0.5,225.1731181188661,0.5098838349715581
69b7d4f69605ebc57c753089,69b7d4f69605ebc57c753089,69b7d4f69605ebc57c75308a,0.0,0.0,0.0,0.0,0.18,0.0,0.0,0.0,0.0,0.0,0.0,0.0,0.0,0.0,0.0,0.0,0.0,0.82,0.0,0.0,0.0,0.0,0.0,0.0,0.0,0.0,0.0,0.0,0.0,0.0,127.0,300.0,3.0,1,0.018000000000000002,0.023,396000,350.0,20.0,0.5,234.65849648781943,0.6466839570211189
69b7d4f69605ebc57c753089,69b7d4f69605ebc57c753089,69b7d4f69605ebc57c75308a,0.0,0.0,0.0,0.0,0.18,0.0,0.0,0.0,0.0,0.0,0.0,0.0,0.0,0.0,0.0,0.0,0.0,0.82,0.0,0.0,0.0,0.0,0.0,0.0,0.0,0.0,0.0,0.0,0.0,0.0,127.0,300.0,3.0,1,0.018000000000000002,0.023,396000,350.0,20.0,0.5,244.9060927614208,0.7687335178606455
69b7d4f69605ebc57c753089,69b7d4f69605ebc57c753089,69b7d4f69605ebc57c75308a,0.0,0.0,0.0,0.0,0.18,0.0,0.0,0.0,0.0,0.0,0.0,0.0,0.0,0.0,0.0,0.0,0.0,0.82,0.0,0.0,0.0,0.0,0.0,0.0,0.0,0.0,0.0,0.0,0.0,0.0,127.0,300.0,3.0,1,0.018000000000000002,0.023,396000,350.0,20.0,0.5,254.9344891147312,0.8588932720179586
69b7d4f69605ebc57c753089,69b7d4f69605ebc57c753089,69b7d4f69605ebc57c75308a,0.0,0.0,0.0,0.0,0.18,0.0,0.0,0.0,0.0,0.0,0.0,0.0,0.0,0.0,0.0,0.0,0.0,0.82,0.0,0.0,0.0,0.0,0.0,0.0,0.0,0.0,0.0,0.0,0.0,0.0,127.0,300.0,3.0,1,0.018000000000000002,0.023,396000,350.0,20.0,0.5,265.41124894136397,0.9176601355621908
69b7d4f69605ebc57c753089,69b7d4f69605ebc57c753089,69b7d4f69605ebc57c75308a,0.0,0.0,0.0,0.0,0.18,0.0,0.0,0.0,0.0,0.0,0.0,0.0,0.0,0.0,0.0,0.0,0.0,0.82,0.0,0.0,0.0,0.0,0.0,0.0,0.0,0.0,0.0,0.0,0.0,0.0,127.0,300.0,3.0,1,0.018000000000000002,0.023,396000,350.0,20.0,0.5,274.268918447666,0.9556088311575093
69b7d4f79605ebc57c75308b,69b7d4f79605ebc57c75308b,69b7d4f79605ebc57c75308c,0.0,0.0,0.0,0.0,0.0,0.0,0.0,0.0,0.0,0.0,0.0,0.0,0.0,0.0,0.0,0.0,0.0,1.0,0.0,0.0,0.0,0.0,0.0,0.0,0.0,0.0,0.0,0.0,0.0,0.0,125.0,300.0,3.0,1,0.018000000000000002,0.023,396000,350.0,20.0,0.5,166.1037214168286,0.03546847416254387
69b7d4f79605ebc57c75308b,69b7d4f79605ebc57c75308b,69b7d4f79605ebc57c75308c,0.0,0.0,0.0,0.0,0.0,0.0,0.0,0.0,0.0,0.0,0.0,0.0,0.0,0.0,0.0,0.0,0.0,1.0,0.0,0.0,0.0,0.0,0.0,0.0,0.0,0.0,0.0,0.0,0.0,0.0,125.0,300.0,3.0,1,0.018000000000000002,0.023,396000,350.0,20.0,0.5,185.21895082947242,0.06839570211189329
69b7d4f79605ebc57c75308b,69b7d4f79605ebc57c75308b,69b7d4f79605ebc57c75308c,0.0,0.0,0.0,0.0,0.0,0.0,0.0,0.0,0.0,0.0,0.0,0.0,0.0,0.0,0.0,0.0,0.0,1.0,0.0,0.0,0.0,0.0,0.0,0.0,0.0,0.0,0.0,0.0,0.0,0.0,125.0,300.0,3.0,1,0.018000000000000002,0.023,396000,350.0,20.0,0.5,205.0465799830618,0.11652681821153804
69b7d4f79605ebc57c75308b,69b7d4f79605ebc57c75308b,69b7d4f79605ebc57c75308c,0.0,0.0,0.0,0.0,0.0,0.0,0.0,0.0,0.0,0.0,0.0,0.0,0.0,0.0,0.0,0.0,0.0,1.0,0.0,0.0,0.0,0.0,0.0,0.0,0.0,0.0,0.0,0.0,0.0,0.0,125.0,300.0,3.0,1,0.018000000000000002,0.023,396000,350.0,20.0,0.5,224.74468191102477,0.1876032517490138
69b7d4f79605ebc57c75308b,69b7d4f79605ebc57c75308b,69b7d4f79605ebc57c75308c,0.0,0.0,0.0,0.0,0.0,0.0,0.0,0.0,0.0,0.0,0.0,0.0,0.0,0.0,0.0,0.0,0.0,1.0,0.0,0.0,0.0,0.0,0.0,0.0,0.0,0.0,0.0,0.0,0.0,0.0,125.0,300.0,3.0,1,0.018000000000000002,0.023,396000,350.0,20.0,0.5,235.35595077965425,0.23334568358651353
69b7d4f79605ebc57c75308b,69b7d4f79605ebc57c75308b,69b7d4f79605ebc57c75308c,0.0,0.0,0.0,0.0,0.0,0.0,0.0,0.0,0.0,0.0,0.0,0.0,0.0,0.0,0.0,0.0,0.0,1.0,0.0,0.0,0.0,0.0,0.0,0.0,0.0,0.0,0.0,0.0,0.0,0.0,125.0,300.0,3.0,1,0.018000000000000002,0.023,396000,350.0,20.0,0.5,245.4192198475564,0.28493777651853625
69b7d4f79605ebc57c75308b,69b7d4f79605ebc57c75308b,69b7d4f79605ebc57c75308c,0.0,0.0,0.0,0.0,0.0,0.0,0.0,0.0,0.0,0.0,0.0,0.0,0.0,0.0,0.0,0.0,0.0,1.0,0.0,0.0,0.0,0.0,0.0,0.0,0.0,0.0,0.0,0.0,0.0,0.0,125.0,300.0,3.0,1,0.018000000000000002,0.023,396000,350.0,20.0,0.5,254.74019827629152,0.3391452171828346
69b7d4f79605ebc57c75308b,69b7d4f79605ebc57c75308b,69b7d4f79605ebc57c75308c,0.0,0.0,0.0,0.0,0.0,0.0,0.0,0.0,0.0,0.0,0.0,0.0,0.0,0.0,0.0,0.0,0.0,1.0,0.0,0.0,0.0,0.0,0.0,0.0,0.0,0.0,0.0,0.0,0.0,0.0,125.0,300.0,3.0,1,0.018000000000000002,0.023,396000,350.0,20.0,0.5,265.3066307975888,0.3968397881568337
69b7d4f79605ebc57c75308b,69b7d4f79605ebc57c75308b,69b7d4f79605ebc57c75308c,0.0,0.0,0.0,0.0,0.0,0.0,0.0,0.0,0.0,0.0,0.0,0.0,0.0,0.0,0.0,0.0,0.0,1.0,0.0,0.0,0.0,0.0,0.0,0.0,0.0,0.0,0.0,0.0,0.0,0.0,125.0,300.0,3.0,1,0.018000000000000002,0.023,396000,350.0,20.0,0.5,274.9613909231306,0.4544471808730903
69b7d4f79605ebc57c75308b,69b7d4f79605ebc57c75308b,69b7d4f79605ebc57c75308c,0.0,0.0,0.0,0.0,0.0,0.0,0.0,0.0,0.0,0.0,0.0,0.0,0.0,0.0,0.0,0.0,0.0,1.0,0.0,0.0,0.0,0.0,0.0,0.0,0.0,0.0,0.0,0.0,0.0,0.0,125.0,300.0,3.0,1,0.018000000000000002,0.023,396000,350.0,20.0,0.5,285.07945997110545,0.5062310659721466
69b7d4f79605ebc57c75308b,69b7d4f79605ebc57c75308b,69b7d4f79605ebc57c75308c,0.0,0.0,0.0,0.0,0.0,0.0,0.0,0.0,0.0,0.0,0.0,0.0,0.0,0.0,0.0,0.0,0.0,1.0,0.0,0.0,0.0,0.0,0.0,0.0,0.0,0.0,0.0,0.0,0.0,0.0,125.0,300.0,3.0,1,0.018000000000000002,0.023,396000,350.0,20.0,0.5,294.5399292582075,0.5572913715319399
69b7d4f79605ebc57c75308b,69b7d4f79605ebc57c75308b,69b7d4f79605ebc57c75308c,0.0,0.0,0.0,0.0,0.0,0.0,0.0,0.0,0.0,0.0,0.0,0.0,0.0,0.0,0.0,0.0,0.0,1.0,0.0,0.0,0.0,0.0,0.0,0.0,0.0,0.0,0.0,0.0,0.0,0.0,125.0,300.0,3.0,1,0.018000000000000002,0.023,396000,350.0,20.0,0.5,155.3728889553131,0.024327092823049946
69b7d4f79605ebc57c75308b,69b7d4f79605ebc57c75308b,69b7d4f79605ebc57c75308c,0.0,0.0,0.0,0.0,0.0,0.0,0.0,0.0,0.0,0.0,0.0,0.0,0.0,0.0,0.0,0.0,0.0,1.0,0.0,0.0,0.0,0.0,0.0,0.0,0.0,0.0,0.0,0.0,0.0,0.0,125.0,300.0,3.0,1,0.018000000000000002,0.023,396000,350.0,20.0,0.5,304.9867981866188,0.6055096658893272
69b7d4f79605ebc57c75308b,69b7d4f79605ebc57c75308b,69b7d4f79605ebc57c75308c,0.0,0.0,0.0,0.0,0.0,0.0,0.0,0.0,0.0,0.0,0.0,0.0,0.0,0.0,0.0,0.0,0.0,1.0,0.0,0.0,0.0,0.0,0.0,0.0,0.0,0.0,0.0,0.0,0.0,0.0,125.0,300.0,3.0,1,0.018000000000000002,0.023,396000,350.0,20.0,0.5,314.9952672744482,0.651670553363991
69b7d4f79605ebc57c75308b,69b7d4f79605ebc57c75308b,69b7d4f79605ebc57c75308c,0.0,0.0,0.0,0.0,0.0,0.0,0.0,0.0,0.0,0.0,0.0,0.0,0.0,0.0,0.0,0.0,0.0,1.0,0.0,0.0,0.0,0.0,0.0,0.0,0.0,0.0,0.0,0.0,0.0,0.0,125.0,300.0,3.0,1,0.018000000000000002,0.023,396000,350.0,20.0,0.5,335.1666417575848,0.7308981540003923
69b7d4f79605ebc57c75308b,69b7d4f79605ebc57c75308b,69b7d4f79605ebc57c75308c,0.0,0.0,0.0,0.0,0.0,0.0,0.0,0.0,0.0,0.0,0.0,0.0,0.0,0.0,0.0,0.0,0.0,1.0,0.0,0.0,0.0,0.0,0.0,0.0,0.0,0.0,0.0,0.0,0.0,0.0,125.0,300.0,3.0,1,0.018000000000000002,0.023,396000,350.0,20.0,0.5,355.0789617894684,0.7947998169256587
69b7d4f79605ebc57c75308b,69b7d4f79605ebc57c75308b,69b7d4f79605ebc57c75308c,0.0,0.0,0.0,0.0,0.0,0.0,0.0,0.0,0.0,0.0,0.0,0.0,0.0,0.0,0.0,0.0,0.0,1.0,0.0,0.0,0.0,0.0,0.0,0.0,0.0,0.0,0.0,0.0,0.0,0.0,125.0,300.0,3.0,1,0.018000000000000002,0.023,396000,350.0,20.0,0.5,375.1208090469785,0.8494431488786697
69b7d4f79605ebc57c75308b,69b7d4f79605ebc57c75308b,69b7d4f79605ebc57c75308c,0.0,0.0,0.0,0.0,0.0,0.0,0.0,0.0,0.0,0.0,0.0,0.0,0.0,0.0,0.0,0.0,0.0,1.0,0.0,0.0,0.0,0.0,0.0,0.0,0.0,0.0,0.0,0.0,0.0,0.0,125.0,300.0,3.0,1,0.018000000000000002,0.023,396000,350.0,20.0,0.5,395.07796542619434,0.8895364296144541
69b7d4f79605ebc57c75308b,69b7d4f79605ebc57c75308b,69b7d4f79605ebc57c75308c,0.0,0.0,0.0,0.0,0.0,0.0,0.0,0.0,0.0,0.0,0.0,0.0,0.0,0.0,0.0,0.0,0.0,1.0,0.0,0.0,0.0,0.0,0.0,0.0,0.0,0.0,0.0,0.0,0.0,0.0,125.0,300.0,3.0,1,0.018000000000000002,0.023,396000,350.0,20.0,0.5,414.970358192597,0.9183052546694854
69b7d4f79605ebc57c75308b,69b7d4f79605ebc57c75308b,69b7d4f79605ebc57c75308c,0.0,0.0,0.0,0.0,0.0,0.0,0.0,0.0,0.0,0.0,0.0,0.0,0.0,0.0,0.0,0.0,0.0,1.0,0.0,0.0,0.0,0.0,0.0,0.0,0.0,0.0,0.0,0.0,0.0,0.0,125.0,300.0,3.0,1,0.018000000000000002,0.023,396000,350.0,20.0,0.5,435.231405370398,0.9357147527406664
69b7d4f79605ebc57c75308b,69b7d4f79605ebc57c75308b,69b7d4f79605ebc57c75308c,0.0,0.0,0.0,0.0,0.0,0.0,0.0,0.0,0.0,0.0,0.0,0.0,0.0,0.0,0.0,0.0,0.0,1.0,0.0,0.0,0.0,0.0,0.0,0.0,0.0,0.0,0.0,0.0,0.0,0.0,125.0,300.0,3.0,1,0.018000000000000002,0.023,396000,350.0,20.0,0.5,325.3126089772331,0.6921997253884881
69b7d4f79605ebc57c75308b,69b7d4f79605ebc57c75308b,69b7d4f79605ebc57c75308c,0.0,0.0,0.0,0.0,0.0,0.0,0.0,0.0,0.0,0.0,0.0,0.0,0.0,0.0,0.0,0.0,0.0,1.0,0.0,0.0,0.0,0.0,0.0,0.0,0.0,0.0,0.0,0.0,0.0,0.0,125.0,300.0,3.0,1,0.018000000000000002,0.023,396000,350.0,20.0,0.5,344.8811836795695,0.7651940805962992
69b7d4f79605ebc57c75308d,69b7d4f79605ebc57c75308d,69b7d4f89605ebc57c75308e,0.0,0.0,0.0,0.0,0.43,0.0,0.0,0.0,0.0,0.0,0.0,0.0,0.0,0.0,0.0,0.0,0.0,0.57,0.0,0.0,0.0,0.0,0.0,0.0,0.0,0.0,0.0,0.0,0.0,0.0,68.0,300.0,3.0,0,0.018000000000000002,0.023,396000,350.0,20.0,0.5,114.92054002889454,0.045833969008129374
69b7d4f79605ebc57c75308d,69b7d4f79605ebc57c75308d,69b7d4f89605ebc57c75308e,0.0,0.0,0.0,0.0,0.43,0.0,0.0,0.0,0.0,0.0,0.0,0.0,0.0,0.0,0.0,0.0,0.0,0.57,0.0,0.0,0.0,0.0,0.0,0.0,0.0,0.0,0.0,0.0,0.0,0.0,68.0,300.0,3.0,0,0.018000000000000002,0.023,396000,350.0,20.0,0.5,125.22791809893887,0.06761981561798487
69b7d4f79605ebc57c75308d,69b7d4f79605ebc57c75308d,69b7d4f89605ebc57c75308e,0.0,0.0,0.0,0.0,0.43,0.0,0.0,0.0,0.0,0.0,0.0,0.0,0.0,0.0,0.0,0.0,0.0,0.57,0.0,0.0,0.0,0.0,0.0,0.0,0.0,0.0,0.0,0.0,0.0,0.0,68.0,300.0,3.0,0,0.018000000000000002,0.023,396000,350.0,20.0,0.5,134.90260548996164,0.09829784451757732
69b7d4f79605ebc57c75308d,69b7d4f79605ebc57c75308d,69b7d4f89605ebc57c75308e,0.0,0.0,0.0,0.0,0.43,0.0,0.0,0.0,0.0,0.0,0.0,0.0,0.0,0.0,0.0,0.0,0.0,0.57,0.0,0.0,0.0,0.0,0.0,0.0,0.0,0.0,0.0,0.0,0.0,0.0,68.0,300.0,3.0,0,0.018000000000000002,0.023,396000,350.0,20.0,0.5,104.21461664923031,0.0305167491227688
69b7d4f79605ebc57c75308d,69b7d4f79605ebc57c75308d,69b7d4f89605ebc57c75308e,0.0,0.0,0.0,0.0,0.43,0.0,0.0,0.0,0.0,0.0,0.0,0.0,0.0,0.0,0.0,0.0,0.0,0.57,0.0,0.0,0.0,0.0,0.0,0.0,0.0,0.0,0.0,0.0,0.0,0.0,68.0,300.0,3.0,0,0.018000000000000002,0.023,396000,350.0,20.0,0.5,144.99576545608528,0.14061417082579605
69b7d4f79605ebc57c75308d,69b7d4f79605ebc57c75308d,69b7d4f89605ebc57c75308e,0.0,0.0,0.0,0.0,0.43,0.0,0.0,0.0,0.0,0.0,0.0,0.0,0.0,0.0,0.0,0.0,0.0,0.57,0.0,0.0,0.0,0.0,0.0,0.0,0.0,0.0,0.0,0.0,0.0,0.0,68.0,300.0,3.0,0,0.018000000000000002,0.023,396000,350.0,20.0,0.5,154.93448911473124,0.19251138765991763
69b7d4f79605ebc57c75308d,69b7d4f79605ebc57c75308d,69b7d4f89605ebc57c75308e,0.0,0.0,0.0,0.0,0.43,0.0,0.0,0.0,0.0,0.0,0.0,0.0,0.0,0.0,0.0,0.0,0.0,0.57,0.0,0.0,0.0,0.0,0.0,0.0,0.0,0.0,0.0,0.0,0.0,0.0,68.0,300.0,3.0,0,0.018000000000000002,0.023,396000,350.0,20.0,0.5,164.6390674039755,0.25213259813002636
69b7d4f79605ebc57c75308d,69b7d4f79605ebc57c75308d,69b7d4f89605ebc57c75308e,0.0,0.0,0.0,0.0,0.43,0.0,0.0,0.0,0.0,0.0,0.0,0.0,0.0,0.0,0.0,0.0,0.0,0.57,0.0,0.0,0.0,0.0,0.0,0.0,0.0,0.0,0.0,0.0,0.0,0.0,68.0,300.0,3.0,0,0.018000000000000002,0.023,396000,350.0,20.0,0.5,174.9763363722413,0.32507464638319206
69b7d4f79605ebc57c75308d,69b7d4f79605ebc57c75308d,69b7d4f89605ebc57c75308e,0.0,0.0,0.0,0.0,0.43,0.0,0.0,0.0,0.0,0.0,0.0,0.0,0.0,0.0,0.0,0.0,0.0,0.57,0.0,0.0,0.0,0.0,0.0,0.0,0.0,0.0,0.0,0.0,0.0,0.0,68.0,300.0,3.0,0,0.018000000000000002,0.023,396000,350.0,20.0,0.5,184.81542370348228,0.4132816075670728
69b7d4f79605ebc57c75308d,69b7d4f79605ebc57c75308d,69b7d4f89605ebc57c75308e,0.0,0.0,0.0,0.0,0.43,0.0,0.0,0.0,0.0,0.0,0.0,0.0,0.0,0.0,0.0,0.0,0.0,0.57,0.0,0.0,0.0,0.0,0.0,0.0,0.0,0.0,0.0,0.0,0.0,0.0,68.0,300.0,3.0,0,0.018000000000000002,0.023,396000,350.0,20.0,0.5,195.03312907886215,0.5156201643310159
69b7d4f79605ebc57c75308d,69b7d4f79605ebc57c75308d,69b7d4f89605ebc57c75308e,0.0,0.0,0.0,0.0,0.43,0.0,0.0,0.0,0.0,0.0,0.0,0.0,0.0,0.0,0.0,0.0,0.0,0.57,0.0,0.0,0.0,0.0,0.0,0.0,0.0,0.0,0.0,0.0,0.0,0.0,68.0,300.0,3.0,0,0.018000000000000002,0.023,396000,350.0,20.0,0.5,205.61450704927017,0.6138874964583833
69b7d4f79605ebc57c75308d,69b7d4f79605ebc57c75308d,69b7d4f89605ebc57c75308e,0.0,0.0,0.0,0.0,0.43,0.0,0.0,0.0,0.0,0.0,0.0,0.0,0.0,0.0,0.0,0.0,0.0,0.57,0.0,0.0,0.0,0.0,0.0,0.0,0.0,0.0,0.0,0.0,0.0,0.0,68.0,300.0,3.0,0,0.018000000000000002,0.023,396000,350.0,20.0,0.5,215.05006725452097,0.7042128893054073
69b7d4f79605ebc57c75308d,69b7d4f79605ebc57c75308d,69b7d4f89605ebc57c75308e,0.0,0.0,0.0,0.0,0.43,0.0,0.0,0.0,0.0,0.0,0.0,0.0,0.0,0.0,0.0,0.0,0.0,0.57,0.0,0.0,0.0,0.0,0.0,0.0,0.0,0.0,0.0,0.0,0.0,0.0,68.0,300.0,3.0,0,0.018000000000000002,0.023,396000,350.0,20.0,0.5,225.03860907686942,0.7761349519429853
69b7d4f79605ebc57c75308d,69b7d4f79605ebc57c75308d,69b7d4f89605ebc57c75308e,0.0,0.0,0.0,0.0,0.43,0.0,0.0,0.0,0.0,0.0,0.0,0.0,0.0,0.0,0.0,0.0,0.0,0.57,0.0,0.0,0.0,0.0,0.0,0.0,0.0,0.0,0.0,0.0,0.0,0.0,68.0,300.0,3.0,0,0.018000000000000002,0.023,396000,350.0,20.0,0.5,234.8577691426294,0.8290085652638232
69b7d4f79605ebc57c75308d,69b7d4f79605ebc57c75308d,69b7d4f89605ebc57c75308e,0.0,0.0,0.0,0.0,0.43,0.0,0.0,0.0,0.0,0.0,0.0,0.0,0.0,0.0,0.0,0.0,0.0,0.57,0.0,0.0,0.0,0.0,0.0,0.0,0.0,0.0,0.0,0.0,0.0,0.0,68.0,300.0,3.0,0,0.018000000000000002,0.023,396000,350.0,20.0,0.5,245.27972898918944,0.8723448771876293
69b7d4f79605ebc57c75308d,69b7d4f79605ebc57c75308d,69b7d4f89605ebc57c75308e,0.0,0.0,0.0,0.0,0.43,0.0,0.0,0.0,0.0,0.0,0.0,0.0,0.0,0.0,0.0,0.0,0.0,0.57,0.0,0.0,0.0,0.0,0.0,0.0,0.0,0.0,0.0,0.0,0.0,0.0,68.0,300.0,3.0,0,0.018000000000000002,0.023,396000,350.0,20.0,0.5,255.2632889951676,0.9013926726674367
69b7d4f79605ebc57c75308d,69b7d4f79605ebc57c75308d,69b7d4f89605ebc57c75308e,0.0,0.0,0.0,0.0,0.43,0.0,0.0,0.0,0.0,0.0,0.0,0.0,0.0,0.0,0.0,0.0,0.0,0.57,0.0,0.0,0.0,0.0,0.0,0.0,0.0,0.0,0.0,0.0,0.0,0.0,68.0,300.0,3.0,0,0.018000000000000002,0.023,396000,350.0,20.0,0.5,265.26179445025656,0.9239805592485234
69b7d4f79605ebc57c75308d,69b7d4f79605ebc57c75308d,69b7d4f89605ebc57c75308e,0.0,0.0,0.0,0.0,0.43,0.0,0.0,0.0,0.0,0.0,0.0,0.0,0.0,0.0,0.0,0.0,0.0,0.57,0.0,0.0,0.0,0.0,0.0,0.0,0.0,0.0,0.0,0.0,0.0,0.0,68.0,300.0,3.0,0,0.018000000000000002,0.023,396000,350.0,20.0,0.5,275.10586359786777,0.9411372403722511
69b7d4f79605ebc57c75308d,69b7d4f79605ebc57c75308d,69b7d4f89605ebc57c75308e,0.0,0.0,0.0,0.0,0.43,0.0,0.0,0.0,0.0,0.0,0.0,0.0,0.0,0.0,0.0,0.0,0.0,0.57,0.0,0.0,0.0,0.0,0.0,0.0,0.0,0.0,0.0,0.0,0.0,0.0,68.0,300.0,3.0,0,0.018000000000000002,0.023,396000,350.0,20.0,0.5,295.1028745080456,0.9601769718632173
69b7d4f89605ebc57c75308f,69b7d4f89605ebc57c75308f,69b7d4f89605ebc57c753090,0.0,0.0,0.0,0.0,0.0,0.0,0.0,0.0,0.0,0.0,0.0,0.0,0.0,0.5,0.0,0.0,0.0,0.5,0.0,0.0,0.0,0.0,0.0,0.0,0.0,0.0,0.0,0.0,0.0,0.0,84.0,500.0,5.0,0,0.01,0.01,33000,500.0,10.2,1.0,259.10981927777107,0.03927051059220635
69b7d4f89605ebc57c75308f,69b7d4f89605ebc57c75308f,69b7d4f89605ebc57c753090,0.0,0.0,0.0,0.0,0.0,0.0,0.0,0.0,0.0,0.0,0.0,0.0,0.0,0.5,0.0,0.0,0.0,0.5,0.0,0.0,0.0,0.0,0.0,0.0,0.0,0.0,0.0,0.0,0.0,0.0,84.0,500.0,5.0,0,0.01,0.01,33000,500.0,10.2,1.0,290.83905492063843,0.0649050773739053
69b7d4f89605ebc57c75308f,69b7d4f89605ebc57c75308f,69b7d4f89605ebc57c753090,0.0,0.0,0.0,0.0,0.0,0.0,0.0,0.0,0.0,0.0,0.0,0.0,0.0,0.5,0.0,0.0,0.0,0.5,0.0,0.0,0.0,0.0,0.0,0.0,0.0,0.0,0.0,0.0,0.0,0.0,84.0,500.0,5.0,0,0.01,0.01,33000,500.0,10.2,1.0,307.6793307887761,0.08607269704526561
69b7d4f89605ebc57c75308f,69b7d4f89605ebc57c75308f,69b7d4f89605ebc57c753090,0.0,0.0,0.0,0.0,0.0,0.0,0.0,0.0,0.0,0.0,0.0,0.0,0.0,0.5,0.0,0.0,0.0,0.5,0.0,0.0,0.0,0.0,0.0,0.0,0.0,0.0,0.0,0.0,0.0,0.0,84.0,500.0,5.0,0,0.01,0.01,33000,500.0,10.2,1.0,324.24901829221346,0.11828173673560206
69b7d4f89605ebc57c75308f,69b7d4f89605ebc57c75308f,69b7d4f89605ebc57c753090,0.0,0.0,0.0,0.0,0.0,0.0,0.0,0.0,0.0,0.0,0.0,0.0,0.0,0.5,0.0,0.0,0.0,0.5,0.0,0.0,0.0,0.0,0.0,0.0,0.0,0.0,0.0,0.0,0.0,0.0,84.0,500.0,5.0,0,0.01,0.01,33000,500.0,10.2,1.0,340.2885285932705,0.1517754435460171
69b7d4f89605ebc57c75308f,69b7d4f89605ebc57c75308f,69b7d4f89605ebc57c753090,0.0,0.0,0.0,0.0,0.0,0.0,0.0,0.0,0.0,0.0,0.0,0.0,0.0,0.5,0.0,0.0,0.0,0.5,0.0,0.0,0.0,0.0,0.0,0.0,0.0,0.0,0.0,0.0,0.0,0.0,84.0,500.0,5.0,0,0.01,0.01,33000,500.0,10.2,1.0,357.4697897990386,0.20614289192842808
69b7d4f89605ebc57c75308f,69b7d4f89605ebc57c75308f,69b7d4f89605ebc57c753090,0.0,0.0,0.0,0.0,0.0,0.0,0.0,0.0,0.0,0.0,0.0,0.0,0.0,0.5,0.0,0.0,0.0,0.5,0.0,0.0,0.0,0.0,0.0,0.0,0.0,0.0,0.0,0.0,0.0,0.0,84.0,500.0,5.0,0,0.01,0.01,33000,500.0,10.2,1.0,374.44205999142036,0.27145100212431883
69b7d4f89605ebc57c75308f,69b7d4f89605ebc57c75308f,69b7d4f89605ebc57c753090,0.0,0.0,0.0,0.0,0.0,0.0,0.0,0.0,0.0,0.0,0.0,0.0,0.0,0.5,0.0,0.0,0.0,0.5,0.0,0.0,0.0,0.0,0.0,0.0,0.0,0.0,0.0,0.0,0.0,0.0,84.0,500.0,5.0,0,0.01,0.01,33000,500.0,10.2,1.0,390.88195307601774,0.3587160046012914
69b7d4f89605ebc57c75308f,69b7d4f89605ebc57c75308f,69b7d4f89605ebc57c753090,0.0,0.0,0.0,0.0,0.0,0.0,0.0,0.0,0.0,0.0,0.0,0.0,0.0,0.5,0.0,0.0,0.0,0.5,0.0,0.0,0.0,0.0,0.0,0.0,0.0,0.0,0.0,0.0,0.0,0.0,84.0,500.0,5.0,0,0.01,0.01,33000,500.0,10.2,1.0,407.32404606601915,0.42041361243356257
69b7d4f89605ebc57c75308f,69b7d4f89605ebc57c75308f,69b7d4f89605ebc57c753090,0.0,0.0,0.0,0.0,0.0,0.0,0.0,0.0,0.0,0.0,0.0,0.0,0.0,0.5,0.0,0.0,0.0,0.5,0.0,0.0,0.0,0.0,0.0,0.0,0.0,0.0,0.0,0.0,0.0,0.0,84.0,500.0,5.0,0,0.01,0.01,33000,500.0,10.2,1.0,423.68914236687823,0.5226328119096199
69b7d4f89605ebc57c75308f,69b7d4f89605ebc57c75308f,69b7d4f89605ebc57c753090,0.0,0.0,0.0,0.0,0.0,0.0,0.0,0.0,0.0,0.0,0.0,0.0,0.0,0.5,0.0,0.0,0.0,0.5,0.0,0.0,0.0,0.0,0.0,0.0,0.0,0.0,0.0,0.0,0.0,0.0,84.0,500.0,5.0,0,0.01,0.01,33000,500.0,10.2,1.0,440.0322396136966,0.5938856562297958
69b7d4f89605ebc57c75308f,69b7d4f89605ebc57c75308f,69b7d4f89605ebc57c753090,0.0,0.0,0.0,0.0,0.0,0.0,0.0,0.0,0.0,0.0,0.0,0.0,0.0,0.5,0.0,0.0,0.0,0.5,0.0,0.0,0.0,0.0,0.0,0.0,0.0,0.0,0.0,0.0,0.0,0.0,84.0,500.0,5.0,0,0.01,0.01,33000,500.0,10.2,1.0,457.057307535776,0.6646682955909888
69b7d4f89605ebc57c75308f,69b7d4f89605ebc57c75308f,69b7d4f89605ebc57c753090,0.0,0.0,0.0,0.0,0.0,0.0,0.0,0.0,0.0,0.0,0.0,0.0,0.0,0.5,0.0,0.0,0.0,0.5,0.0,0.0,0.0,0.0,0.0,0.0,0.0,0.0,0.0,0.0,0.0,0.0,84.0,500.0,5.0,0,0.01,0.01,33000,500.0,10.2,1.0,473.0352204855191,0.7340823026608563
69b7d4f89605ebc57c75308f,69b7d4f89605ebc57c75308f,69b7d4f89605ebc57c753090,0.0,0.0,0.0,0.0,0.0,0.0,0.0,0.0,0.0,0.0,0.0,0.0,0.0,0.5,0.0,0.0,0.0,0.5,0.0,0.0,0.0,0.0,0.0,0.0,0.0,0.0,0.0,0.0,0.0,0.0,84.0,500.0,5.0,0,0.01,0.01,33000,500.0,10.2,1.0,489.0593314487477,0.8005743217713293
69b7d4f89605ebc57c75308f,69b7d4f89605ebc57c75308f,69b7d4f89605ebc57c753090,0.0,0.0,0.0,0.0,0.0,0.0,0.0,0.0,0.0,0.0,0.0,0.0,0.0,0.5,0.0,0.0,0.0,0.5,0.0,0.0,0.0,0.0,0.0,0.0,0.0,0.0,0.0,0.0,0.0,0.0,84.0,500.0,5.0,0,0.01,0.01,33000,500.0,10.2,1.0,499.9092649016092,0.8437492128265195
69b7d4f99605ebc57c753091,69b7d4f99605ebc57c753091,69b7d4f99605ebc57c753092,0.0,0.0,0.0,0.0,0.0,0.0,0.0,0.0,0.0,0.0,0.0,0.0,0.0,0.0,0.0,0.0,0.2,0.8,0.0,0.0,0.0,0.0,0.0,0.0,0.0,0.0,0.0,0.0,0.0,0.0,66.0,500.0,5.0,1,0.01,0.01,33000,500.0,10.2,1.0,267.1328742864057,0.05235228427248377
69b7d4f99605ebc57c753091,69b7d4f99605ebc57c753091,69b7d4f99605ebc57c753092,0.0,0.0,0.0,0.0,0.0,0.0,0.0,0.0,0.0,0.0,0.0,0.0,0.0,0.0,0.0,0.0,0.2,0.8,0.0,0.0,0.0,0.0,0.0,0.0,0.0,0.0,0.0,0.0,0.0,0.0,66.0,500.0,5.0,1,0.01,0.01,33000,500.0,10.2,1.0,287.050817814834,0.07784411026306287
69b7d4f99605ebc57c753091,69b7d4f99605ebc57c753091,69b7d4f99605ebc57c753092,0.0,0.0,0.0,0.0,0.0,0.0,0.0,0.0,0.0,0.0,0.0,0.0,0.0,0.0,0.0,0.0,0.2,0.8,0.0,0.0,0.0,0.0,0.0,0.0,0.0,0.0,0.0,0.0,0.0,0.0,66.0,500.0,5.0,1,0.01,0.01,33000,500.0,10.2,1.0,297.42117188960873,0.11243776081681318
69b7d4f99605ebc57c753091,69b7d4f99605ebc57c753091,69b7d4f99605ebc57c753092,0.0,0.0,0.0,0.0,0.0,0.0,0.0,0.0,0.0,0.0,0.0,0.0,0.0,0.0,0.0,0.0,0.2,0.8,0.0,0.0,0.0,0.0,0.0,0.0,0.0,0.0,0.0,0.0,0.0,0.0,66.0,500.0,5.0,1,0.01,0.01,33000,500.0,10.2,1.0,307.0061597351314,0.14836645759339026
69b7d4f99605ebc57c753091,69b7d4f99605ebc57c753091,69b7d4f99605ebc57c753092,0.0,0.0,0.0,0.0,0.0,0.0,0.0,0.0,0.0,0.0,0.0,0.0,0.0,0.0,0.0,0.0,0.2,0.8,0.0,0.0,0.0,0.0,0.0,0.0,0.0,0.0,0.0,0.0,0.0,0.0,66.0,500.0,5.0,1,0.01,0.01,33000,500.0,10.2,1.0,317.2709183505109,0.16803110069942984
69b7d4f99605ebc57c753091,69b7d4f99605ebc57c753091,69b7d4f99605ebc57c753092,0.0,0.0,0.0,0.0,0.0,0.0,0.0,0.0,0.0,0.0,0.0,0.0,0.0,0.0,0.0,0.0,0.2,0.8,0.0,0.0,0.0,0.0,0.0,0.0,0.0,0.0,0.0,0.0,0.0,0.0,66.0,500.0,5.0,1,0.01,0.01,33000,500.0,10.2,1.0,327.3442851957366,0.22020705811229502
69b7d4f99605ebc57c753091,69b7d4f99605ebc57c753091,69b7d4f99605ebc57c753092,0.0,0.0,0.0,0.0,0.0,0.0,0.0,0.0,0.0,0.0,0.0,0.0,0.0,0.0,0.0,0.0,0.2,0.8,0.0,0.0,0.0,0.0,0.0,0.0,0.0,0.0,0.0,0.0,0.0,0.0,66.0,500.0,5.0,1,0.01,0.01,33000,500.0,10.2,1.0,337.39345308151746,0.2736340965767399
69b7d4f99605ebc57c753091,69b7d4f99605ebc57c753091,69b7d4f99605ebc57c753092,0.0,0.0,0.0,0.0,0.0,0.0,0.0,0.0,0.0,0.0,0.0,0.0,0.0,0.0,0.0,0.0,0.2,0.8,0.0,0.0,0.0,0.0,0.0,0.0,0.0,0.0,0.0,0.0,0.0,0.0,66.0,500.0,5.0,1,0.01,0.01,33000,500.0,10.2,1.0,347.13243430532486,0.36803613860970463
69b7d4f99605ebc57c753091,69b7d4f99605ebc57c753091,69b7d4f99605ebc57c753092,0.0,0.0,0.0,0.0,0.0,0.0,0.0,0.0,0.0,0.0,0.0,0.0,0.0,0.0,0.0,0.0,0.2,0.8,0.0,0.0,0.0,0.0,0.0,0.0,0.0,0.0,0.0,0.0,0.0,0.0,66.0,500.0,5.0,1,0.01,0.01,33000,500.0,10.2,1.0,357.1926017181261,0.4503052133974827
69b7d4f99605ebc57c753091,69b7d4f99605ebc57c753091,69b7d4f99605ebc57c753092,0.0,0.0,0.0,0.0,0.0,0.0,0.0,0.0,0.0,0.0,0.0,0.0,0.0,0.0,0.0,0.0,0.2,0.8,0.0,0.0,0.0,0.0,0.0,0.0,0.0,0.0,0.0,0.0,0.0,0.0,66.0,500.0,5.0,1,0.01,0.01,33000,500.0,10.2,1.0,367.13837404991585,0.5292072848182573
69b7d4f99605ebc57c753091,69b7d4f99605ebc57c753091,69b7d4f99605ebc57c753092,0.0,0.0,0.0,0.0,0.0,0.0,0.0,0.0,0.0,0.0,0.0,0.0,0.0,0.0,0.0,0.0,0.2,0.8,0.0,0.0,0.0,0.0,0.0,0.0,0.0,0.0,0.0,0.0,0.0,0.0,66.0,500.0,5.0,1,0.01,0.01,33000,500.0,10.2,1.0,377.1765424086764,0.6033401345122043
69b7d4f99605ebc57c753091,69b7d4f99605ebc57c753091,69b7d4f99605ebc57c753092,0.0,0.0,0.0,0.0,0.0,0.0,0.0,0.0,0.0,0.0,0.0,0.0,0.0,0.0,0.0,0.0,0.2,0.8,0.0,0.0,0.0,0.0,0.0,0.0,0.0,0.0,0.0,0.0,0.0,0.0,66.0,500.0,5.0,1,0.01,0.01,33000,500.0,10.2,1.0,387.2895075511753,0.682930720337204
69b7d4f99605ebc57c753091,69b7d4f99605ebc57c753091,69b7d4f99605ebc57c753092,0.0,0.0,0.0,0.0,0.0,0.0,0.0,0.0,0.0,0.0,0.0,0.0,0.0,0.0,0.0,0.0,0.2,0.8,0.0,0.0,0.0,0.0,0.0,0.0,0.0,0.0,0.0,0.0,0.0,0.0,66.0,500.0,5.0,1,0.01,0.01,33000,500.0,10.2,1.0,397.1076853695291,0.7401110019563885
69b7d4f99605ebc57c753091,69b7d4f99605ebc57c753091,69b7d4f99605ebc57c753092,0.0,0.0,0.0,0.0,0.0,0.0,0.0,0.0,0.0,0.0,0.0,0.0,0.0,0.0,0.0,0.0,0.2,0.8,0.0,0.0,0.0,0.0,0.0,0.0,0.0,0.0,0.0,0.0,0.0,0.0,66.0,500.0,5.0,1,0.01,0.01,33000,500.0,10.2,1.0,407.2998471065744,0.8318681410950737
69b7d4f99605ebc57c753091,69b7d4f99605ebc57c753091,69b7d4f99605ebc57c753092,0.0,0.0,0.0,0.0,0.0,0.0,0.0,0.0,0.0,0.0,0.0,0.0,0.0,0.0,0.0,0.0,0.2,0.8,0.0,0.0,0.0,0.0,0.0,0.0,0.0,0.0,0.0,0.0,0.0,0.0,66.0,500.0,5.0,1,0.01,0.01,33000,500.0,10.2,1.0,417.27861801942515,0.877923037524035
69b7d4f99605ebc57c753091,69b7d4f99605ebc57c753091,69b7d4f99605ebc57c753092,0.0,0.0,0.0,0.0,0.0,0.0,0.0,0.0,0.0,0.0,0.0,0.0,0.0,0.0,0.0,0.0,0.2,0.8,0.0,0.0,0.0,0.0,0.0,0.0,0.0,0.0,0.0,0.0,0.0,0.0,66.0,500.0,5.0,1,0.01,0.01,33000,500.0,10.2,1.0,427.2837877971247,0.9223909922164286
69b7d4f99605ebc57c753091,69b7d4f99605ebc57c753091,69b7d4f99605ebc57c753092,0.0,0.0,0.0,0.0,0.0,0.0,0.0,0.0,0.0,0.0,0.0,0.0,0.0,0.0,0.0,0.0,0.2,0.8,0.0,0.0,0.0,0.0,0.0,0.0,0.0,0.0,0.0,0.0,0.0,0.0,66.0,500.0,5.0,1,0.01,0.01,33000,500.0,10.2,1.0,437.181162210025,0.9478660251727582
69b7d4f99605ebc57c753091,69b7d4f99605ebc57c753091,69b7d4f99605ebc57c753092,0.0,0.0,0.0,0.0,0.0,0.0,0.0,0.0,0.0,0.0,0.0,0.0,0.0,0.0,0.0,0.0,0.2,0.8,0.0,0.0,0.0,0.0,0.0,0.0,0.0,0.0,0.0,0.0,0.0,0.0,66.0,500.0,5.0,1,0.01,0.01,33000,500.0,10.2,1.0,447.28312782550347,0.9567915228763109
69b7d4f99605ebc57c753091,69b7d4f99605ebc57c753091,69b7d4f99605ebc57c753092,0.0,0.0,0.0,0.0,0.0,0.0,0.0,0.0,0.0,0.0,0.0,0.0,0.0,0.0,0.0,0.0,0.2,0.8,0.0,0.0,0.0,0.0,0.0,0.0,0.0,0.0,0.0,0.0,0.0,0.0,66.0,500.0,5.0,1,0.01,0.01,33000,500.0,10.2,1.0,457.40269268421457,0.9671192389396878
69b7d4f99605ebc57c753093,69b7d4f99605ebc57c753093,69b7d4fa9605ebc57c753094,0.0,0.0,0.0,0.0,0.0,0.0,0.0,0.0,0.0,0.0,0.0,0.0,0.0,0.0,0.0,0.0,0.0,0.8,0.0,0.0,0.0,0.2,0.0,0.0,0.0,0.0,0.0,0.0,0.0,0.0,91.0,500.0,5.0,1,0.01,0.01,33000,500.0,10.2,1.0,247.23912971742214,0.026961216487401022
69b7d4f99605ebc57c753093,69b7d4f99605ebc57c753093,69b7d4fa9605ebc57c753094,0.0,0.0,0.0,0.0,0.0,0.0,0.0,0.0,0.0,0.0,0.0,0.0,0.0,0.0,0.0,0.0,0.0,0.8,0.0,0.0,0.0,0.2,0.0,0.0,0.0,0.0,0.0,0.0,0.0,0.0,91.0,500.0,5.0,1,0.01,0.01,33000,500.0,10.2,1.0,262.10829034351525,0.0505134470221752
69b7d4f99605ebc57c753093,69b7d4f99605ebc57c753093,69b7d4fa9605ebc57c753094,0.0,0.0,0.0,0.0,0.0,0.0,0.0,0.0,0.0,0.0,0.0,0.0,0.0,0.0,0.0,0.0,0.0,0.8,0.0,0.0,0.0,0.2,0.0,0.0,0.0,0.0,0.0,0.0,0.0,0.0,91.0,500.0,5.0,1,0.01,0.01,33000,500.0,10.2,1.0,282.1362291421469,0.09551877881054939
69b7d4f99605ebc57c753093,69b7d4f99605ebc57c753093,69b7d4fa9605ebc57c753094,0.0,0.0,0.0,0.0,0.0,0.0,0.0,0.0,0.0,0.0,0.0,0.0,0.0,0.0,0.0,0.0,0.0,0.8,0.0,0.0,0.0,0.2,0.0,0.0,0.0,0.0,0.0,0.0,0.0,0.0,91.0,500.0,5.0,1,0.01,0.01,33000,500.0,10.2,1.0,291.9676063929251,0.13121237310763495
69b7d4f99605ebc57c753093,69b7d4f99605ebc57c753093,69b7d4fa9605ebc57c753094,0.0,0.0,0.0,0.0,0.0,0.0,0.0,0.0,0.0,0.0,0.0,0.0,0.0,0.0,0.0,0.0,0.0,0.8,0.0,0.0,0.0,0.2,0.0,0.0,0.0,0.0,0.0,0.0,0.0,0.0,91.0,500.0,5.0,1,0.01,0.01,33000,500.0,10.2,1.0,302.0189741841101,0.1740514034778374
69b7d4f99605ebc57c753093,69b7d4f99605ebc57c753093,69b7d4fa9605ebc57c753094,0.0,0.0,0.0,0.0,0.0,0.0,0.0,0.0,0.0,0.0,0.0,0.0,0.0,0.0,0.0,0.0,0.0,0.8,0.0,0.0,0.0,0.2,0.0,0.0,0.0,0.0,0.0,0.0,0.0,0.0,91.0,500.0,5.0,1,0.01,0.01,33000,500.0,10.2,1.0,312.18033724549844,0.30666599494529667
69b7d4f99605ebc57c753093,69b7d4f99605ebc57c753093,69b7d4fa9605ebc57c753094,0.0,0.0,0.0,0.0,0.0,0.0,0.0,0.0,0.0,0.0,0.0,0.0,0.0,0.0,0.0,0.0,0.0,0.8,0.0,0.0,0.0,0.2,0.0,0.0,0.0,0.0,0.0,0.0,0.0,0.0,91.0,500.0,5.0,1,0.01,0.01,33000,500.0,10.2,1.0,317.08612629656926,0.35606270518988725
69b7d4f99605ebc57c753093,69b7d4f99605ebc57c753093,69b7d4fa9605ebc57c753094,0.0,0.0,0.0,0.0,0.0,0.0,0.0,0.0,0.0,0.0,0.0,0.0,0.0,0.0,0.0,0.0,0.0,0.8,0.0,0.0,0.0,0.2,0.0,0.0,0.0,0.0,0.0,0.0,0.0,0.0,91.0,500.0,5.0,1,0.01,0.01,33000,500.0,10.2,1.0,323.41305423866777,0.4359051865286279
69b7d4f99605ebc57c753093,69b7d4f99605ebc57c753093,69b7d4fa9605ebc57c753094,0.0,0.0,0.0,0.0,0.0,0.0,0.0,0.0,0.0,0.0,0.0,0.0,0.0,0.0,0.0,0.0,0.0,0.8,0.0,0.0,0.0,0.2,0.0,0.0,0.0,0.0,0.0,0.0,0.0,0.0,91.0,500.0,5.0,1,0.01,0.01,33000,500.0,10.2,1.0,332.239074719787,0.6090161800884992
69b7d4f99605ebc57c753093,69b7d4f99605ebc57c753093,69b7d4fa9605ebc57c753094,0.0,0.0,0.0,0.0,0.0,0.0,0.0,0.0,0.0,0.0,0.0,0.0,0.0,0.0,0.0,0.0,0.0,0.8,0.0,0.0,0.0,0.2,0.0,0.0,0.0,0.0,0.0,0.0,0.0,0.0,91.0,500.0,5.0,1,0.01,0.01,33000,500.0,10.2,1.0,338.0094265946564,0.7241660159365896
69b7d4f99605ebc57c753093,69b7d4f99605ebc57c753093,69b7d4fa9605ebc57c753094,0.0,0.0,0.0,0.0,0.0,0.0,0.0,0.0,0.0,0.0,0.0,0.0,0.0,0.0,0.0,0.0,0.0,0.8,0.0,0.0,0.0,0.2,0.0,0.0,0.0,0.0,0.0,0.0,0.0,0.0,91.0,500.0,5.0,1,0.01,0.01,33000,500.0,10.2,1.0,342.5720304026927,0.862339101740598
69b7d4f99605ebc57c753093,69b7d4f99605ebc57c753093,69b7d4fa9605ebc57c753094,0.0,0.0,0.0,0.0,0.0,0.0,0.0,0.0,0.0,0.0,0.0,0.0,0.0,0.0,0.0,0.0,0.0,0.8,0.0,0.0,0.0,0.2,0.0,0.0,0.0,0.0,0.0,0.0,0.0,0.0,91.0,500.0,5.0,1,0.01,0.01,33000,500.0,10.2,1.0,346.01928217086663,0.9262365970595396
69b7d4f99605ebc57c753093,69b7d4f99605ebc57c753093,69b7d4fa9605ebc57c753094,0.0,0.0,0.0,0.0,0.0,0.0,0.0,0.0,0.0,0.0,0.0,0.0,0.0,0.0,0.0,0.0,0.0,0.8,0.0,0.0,0.0,0.2,0.0,0.0,0.0,0.0,0.0,0.0,0.0,0.0,91.0,500.0,5.0,1,0.01,0.01,33000,500.0,10.2,1.0,347.82760441301025,0.9990511935649092
69b7d4fa9605ebc57c753095,69b7d4fa9605ebc57c753095,69b7d4fa9605ebc57c753096,0.0,0.0,0.0,0.0,0.0,0.0,0.0,0.0,0.0,0.0,0.0,0.0,0.0,0.0,0.0,0.0,0.0,0.8,0.0,0.0,0.2,0.0,0.0,0.0,0.0,0.0,0.0,0.0,0.0,0.0,84.0,500.0,5.0,1,0.01,0.01,33000,500.0,10.2,1.0,205.4189279860966,0.040320075232793434
69b7d4fa9605ebc57c753095,69b7d4fa9605ebc57c753095,69b7d4fa9605ebc57c753096,0.0,0.0,0.0,0.0,0.0,0.0,0.0,0.0,0.0,0.0,0.0,0.0,0.0,0.0,0.0,0.0,0.0,0.8,0.0,0.0,0.2,0.0,0.0,0.0,0.0,0.0,0.0,0.0,0.0,0.0,84.0,500.0,5.0,1,0.01,0.01,33000,500.0,10.2,1.0,221.40344065205196,0.06063125015743469
69b7d4fa9605ebc57c753095,69b7d4fa9605ebc57c753095,69b7d4fa9605ebc57c753096,0.0,0.0,0.0,0.0,0.0,0.0,0.0,0.0,0.0,0.0,0.0,0.0,0.0,0.0,0.0,0.0,0.0,0.8,0.0,0.0,0.2,0.0,0.0,0.0,0.0,0.0,0.0,0.0,0.0,0.0,84.0,500.0,5.0,1,0.01,0.01,33000,500.0,10.2,1.0,237.49574868280664,0.08895270241903658
69b7d4fa9605ebc57c753095,69b7d4fa9605ebc57c753095,69b7d4fa9605ebc57c753096,0.0,0.0,0.0,0.0,0.0,0.0,0.0,0.0,0.0,0.0,0.0,0.0,0.0,0.0,0.0,0.0,0.0,0.8,0.0,0.0,0.2,0.0,0.0,0.0,0.0,0.0,0.0,0.0,0.0,0.0,84.0,500.0,5.0,1,0.01,0.01,33000,500.0,10.2,1.0,244.83903292158436,0.10702200727138383
69b7d4fa9605ebc57c753095,69b7d4fa9605ebc57c753095,69b7d4fa9605ebc57c753096,0.0,0.0,0.0,0.0,0.0,0.0,0.0,0.0,0.0,0.0,0.0,0.0,0.0,0.0,0.0,0.0,0.0,0.8,0.0,0.0,0.2,0.0,0.0,0.0,0.0,0.0,0.0,0.0,0.0,0.0,84.0,500.0,5.0,1,0.01,0.01,33000,500.0,10.2,1.0,252.49690363314377,0.12920560551483246
69b7d4fa9605ebc57c753095,69b7d4fa9605ebc57c753095,69b7d4fa9605ebc57c753096,0.0,0.0,0.0,0.0,0.0,0.0,0.0,0.0,0.0,0.0,0.0,0.0,0.0,0.0,0.0,0.0,0.0,0.8,0.0,0.0,0.2,0.0,0.0,0.0,0.0,0.0,0.0,0.0,0.0,0.0,84.0,500.0,5.0,1,0.01,0.01,33000,500.0,10.2,1.0,229.28130190401814,0.07304969898486108
69b7d4fa9605ebc57c753095,69b7d4fa9605ebc57c753095,69b7d4fa9605ebc57c753096,0.0,0.0,0.0,0.0,0.0,0.0,0.0,0.0,0.0,0.0,0.0,0.0,0.0,0.0,0.0,0.0,0.0,0.8,0.0,0.0,0.2,0.0,0.0,0.0,0.0,0.0,0.0,0.0,0.0,0.0,84.0,500.0,5.0,1,0.01,0.01,33000,500.0,10.2,1.0,260.73994918218517,0.15669580258108934
69b7d4fa9605ebc57c753095,69b7d4fa9605ebc57c753095,69b7d4fa9605ebc57c753096,0.0,0.0,0.0,0.0,0.0,0.0,0.0,0.0,0.0,0.0,0.0,0.0,0.0,0.0,0.0,0.0,0.0,0.8,0.0,0.0,0.2,0.0,0.0,0.0,0.0,0.0,0.0,0.0,0.0,0.0,84.0,500.0,5.0,1,0.01,0.01,33000,500.0,10.2,1.0,268.8510004069825,0.1889468248570493
69b7d4fa9605ebc57c753095,69b7d4fa9605ebc57c753095,69b7d4fa9605ebc57c753096,0.0,0.0,0.0,0.0,0.0,0.0,0.0,0.0,0.0,0.0,0.0,0.0,0.0,0.0,0.0,0.0,0.0,0.8,0.0,0.0,0.2,0.0,0.0,0.0,0.0,0.0,0.0,0.0,0.0,0.0,84.0,500.0,5.0,1,0.01,0.01,33000,500.0,10.2,1.0,276.73546137516087,0.2290234010932265
69b7d4fa9605ebc57c753095,69b7d4fa9605ebc57c753095,69b7d4fa9605ebc57c753096,0.0,0.0,0.0,0.0,0.0,0.0,0.0,0.0,0.0,0.0,0.0,0.0,0.0,0.0,0.0,0.0,0.0,0.8,0.0,0.0,0.2,0.0,0.0,0.0,0.0,0.0,0.0,0.0,0.0,0.0,84.0,500.0,5.0,1,0.01,0.01,33000,500.0,10.2,1.0,285.0181052214755,0.27912541877629155
69b7d4fa9605ebc57c753095,69b7d4fa9605ebc57c753095,69b7d4fa9605ebc57c753096,0.0,0.0,0.0,0.0,0.0,0.0,0.0,0.0,0.0,0.0,0.0,0.0,0.0,0.0,0.0,0.0,0.0,0.8,0.0,0.0,0.2,0.0,0.0,0.0,0.0,0.0,0.0,0.0,0.0,0.0,84.0,500.0,5.0,1,0.01,0.01,33000,500.0,10.2,1.0,293.29854916238605,0.3402016843413352
69b7d4fa9605ebc57c753095,69b7d4fa9605ebc57c753095,69b7d4fa9605ebc57c753096,0.0,0.0,0.0,0.0,0.0,0.0,0.0,0.0,0.0,0.0,0.0,0.0,0.0,0.0,0.0,0.0,0.0,0.8,0.0,0.0,0.2,0.0,0.0,0.0,0.0,0.0,0.0,0.0,0.0,0.0,84.0,500.0,5.0,1,0.01,0.01,33000,500.0,10.2,1.0,300.29424834732106,0.4176763478509114
69b7d4fa9605ebc57c753095,69b7d4fa9605ebc57c753095,69b7d4fa9605ebc57c753096,0.0,0.0,0.0,0.0,0.0,0.0,0.0,0.0,0.0,0.0,0.0,0.0,0.0,0.0,0.0,0.0,0.0,0.8,0.0,0.0,0.2,0.0,0.0,0.0,0.0,0.0,0.0,0.0,0.0,0.0,84.0,500.0,5.0,1,0.01,0.01,33000,500.0,10.2,1.0,308.7990826394465,0.5203909418373258
69b7d4fa9605ebc57c753095,69b7d4fa9605ebc57c753095,69b7d4fa9605ebc57c753096,0.0,0.0,0.0,0.0,0.0,0.0,0.0,0.0,0.0,0.0,0.0,0.0,0.0,0.0,0.0,0.0,0.0,0.8,0.0,0.0,0.2,0.0,0.0,0.0,0.0,0.0,0.0,0.0,0.0,0.0,84.0,500.0,5.0,1,0.01,0.01,33000,500.0,10.2,1.0,316.8199377426771,0.6729640545101891
69b7d4fa9605ebc57c753095,69b7d4fa9605ebc57c753095,69b7d4fa9605ebc57c753096,0.0,0.0,0.0,0.0,0.0,0.0,0.0,0.0,0.0,0.0,0.0,0.0,0.0,0.0,0.0,0.0,0.0,0.8,0.0,0.0,0.2,0.0,0.0,0.0,0.0,0.0,0.0,0.0,0.0,0.0,84.0,500.0,5.0,1,0.01,0.01,33000,500.0,10.2,1.0,325.22137648081133,0.9991267622190315
69b7d4fa9605ebc57c753097,69b7d4fa9605ebc57c753097,69b7d4fb9605ebc57c753098,0.0,0.0,0.0,0.0,0.0,0.0,0.0,0.0,0.0,0.0,0.0,0.0,0.0,0.5,0.0,0.0,0.0,0.5,0.0,0.0,0.0,0.0,0.0,0.0,0.0,0.0,0.0,0.0,0.0,0.0,36.0,800.0,5.0,0,0.01,0.01,33000,500.0,10.2,1.0,287.1889656202969,0.039383993940924004
69b7d4fa9605ebc57c753097,69b7d4fa9605ebc57c753097,69b7d4fb9605ebc57c753098,0.0,0.0,0.0,0.0,0.0,0.0,0.0,0.0,0.0,0.0,0.0,0.0,0.0,0.5,0.0,0.0,0.0,0.5,0.0,0.0,0.0,0.0,0.0,0.0,0.0,0.0,0.0,0.0,0.0,0.0,36.0,800.0,5.0,0,0.01,0.01,33000,500.0,10.2,1.0,304.2155108924207,0.056966715801646695
69b7d4fa9605ebc57c753097,69b7d4fa9605ebc57c753097,69b7d4fb9605ebc57c753098,0.0,0.0,0.0,0.0,0.0,0.0,0.0,0.0,0.0,0.0,0.0,0.0,0.0,0.5,0.0,0.0,0.0,0.5,0.0,0.0,0.0,0.0,0.0,0.0,0.0,0.0,0.0,0.0,0.0,0.0,36.0,800.0,5.0,0,0.01,0.01,33000,500.0,10.2,1.0,320.4351311253189,0.08769372348136263
69b7d4fa9605ebc57c753097,69b7d4fa9605ebc57c753097,69b7d4fb9605ebc57c753098,0.0,0.0,0.0,0.0,0.0,0.0,0.0,0.0,0.0,0.0,0.0,0.0,0.0,0.5,0.0,0.0,0.0,0.5,0.0,0.0,0.0,0.0,0.0,0.0,0.0,0.0,0.0,0.0,0.0,0.0,36.0,800.0,5.0,0,0.01,0.01,33000,500.0,10.2,1.0,336.996306930376,0.12612487885919976
69b7d4fa9605ebc57c753097,69b7d4fa9605ebc57c753097,69b7d4fb9605ebc57c753098,0.0,0.0,0.0,0.0,0.0,0.0,0.0,0.0,0.0,0.0,0.0,0.0,0.0,0.5,0.0,0.0,0.0,0.5,0.0,0.0,0.0,0.0,0.0,0.0,0.0,0.0,0.0,0.0,0.0,0.0,36.0,800.0,5.0,0,0.01,0.01,33000,500.0,10.2,1.0,353.92678969783003,0.17177969069394336
69b7d4fa9605ebc57c753097,69b7d4fa9605ebc57c753097,69b7d4fb9605ebc57c753098,0.0,0.0,0.0,0.0,0.0,0.0,0.0,0.0,0.0,0.0,0.0,0.0,0.0,0.5,0.0,0.0,0.0,0.5,0.0,0.0,0.0,0.0,0.0,0.0,0.0,0.0,0.0,0.0,0.0,0.0,36.0,800.0,5.0,0,0.01,0.01,33000,500.0,10.2,1.0,370.80390440713427,0.22696288815955565
69b7d4fa9605ebc57c753097,69b7d4fa9605ebc57c753097,69b7d4fb9605ebc57c753098,0.0,0.0,0.0,0.0,0.0,0.0,0.0,0.0,0.0,0.0,0.0,0.0,0.0,0.5,0.0,0.0,0.0,0.5,0.0,0.0,0.0,0.0,0.0,0.0,0.0,0.0,0.0,0.0,0.0,0.0,36.0,800.0,5.0,0,0.01,0.01,33000,500.0,10.2,1.0,387.6916927280684,0.2807697632562647
69b7d4fa9605ebc57c753097,69b7d4fa9605ebc57c753097,69b7d4fb9605ebc57c753098,0.0,0.0,0.0,0.0,0.0,0.0,0.0,0.0,0.0,0.0,0.0,0.0,0.0,0.5,0.0,0.0,0.0,0.5,0.0,0.0,0.0,0.0,0.0,0.0,0.0,0.0,0.0,0.0,0.0,0.0,36.0,800.0,5.0,0,0.01,0.01,33000,500.0,10.2,1.0,403.787499066059,0.3496754648141965
69b7d4fa9605ebc57c753097,69b7d4fa9605ebc57c753097,69b7d4fb9605ebc57c753098,0.0,0.0,0.0,0.0,0.0,0.0,0.0,0.0,0.0,0.0,0.0,0.0,0.0,0.5,0.0,0.0,0.0,0.5,0.0,0.0,0.0,0.0,0.0,0.0,0.0,0.0,0.0,0.0,0.0,0.0,36.0,800.0,5.0,0,0.01,0.01,33000,500.0,10.2,1.0,420.2419387548165,0.4145662141362152
69b7d4fa9605ebc57c753097,69b7d4fa9605ebc57c753097,69b7d4fb9605ebc57c753098,0.0,0.0,0.0,0.0,0.0,0.0,0.0,0.0,0.0,0.0,0.0,0.0,0.0,0.5,0.0,0.0,0.0,0.5,0.0,0.0,0.0,0.0,0.0,0.0,0.0,0.0,0.0,0.0,0.0,0.0,36.0,800.0,5.0,0,0.01,0.01,33000,500.0,10.2,1.0,437.06568540597084,0.48462835224079936
69b7d4fa9605ebc57c753097,69b7d4fa9605ebc57c753097,69b7d4fb9605ebc57c753098,0.0,0.0,0.0,0.0,0.0,0.0,0.0,0.0,0.0,0.0,0.0,0.0,0.0,0.5,0.0,0.0,0.0,0.5,0.0,0.0,0.0,0.0,0.0,0.0,0.0,0.0,0.0,0.0,0.0,0.0,36.0,800.0,5.0,0,0.01,0.01,33000,500.0,10.2,1.0,452.8199361718025,0.5557736316179525
69b7d4fa9605ebc57c753097,69b7d4fa9605ebc57c753097,69b7d4fb9605ebc57c753098,0.0,0.0,0.0,0.0,0.0,0.0,0.0,0.0,0.0,0.0,0.0,0.0,0.0,0.5,0.0,0.0,0.0,0.5,0.0,0.0,0.0,0.0,0.0,0.0,0.0,0.0,0.0,0.0,0.0,0.0,36.0,800.0,5.0,0,0.01,0.01,33000,500.0,10.2,1.0,469.34695641964373,0.625265695368553
69b7d4fa9605ebc57c753097,69b7d4fa9605ebc57c753097,69b7d4fb9605ebc57c753098,0.0,0.0,0.0,0.0,0.0,0.0,0.0,0.0,0.0,0.0,0.0,0.0,0.0,0.5,0.0,0.0,0.0,0.5,0.0,0.0,0.0,0.0,0.0,0.0,0.0,0.0,0.0,0.0,0.0,0.0,36.0,800.0,5.0,0,0.01,0.01,33000,500.0,10.2,1.0,484.8023460598363,0.6852130856495997
69b7d4fa9605ebc57c753097,69b7d4fa9605ebc57c753097,69b7d4fb9605ebc57c753098,0.0,0.0,0.0,0.0,0.0,0.0,0.0,0.0,0.0,0.0,0.0,0.0,0.0,0.5,0.0,0.0,0.0,0.5,0.0,0.0,0.0,0.0,0.0,0.0,0.0,0.0,0.0,0.0,0.0,0.0,36.0,800.0,5.0,0,0.01,0.01,33000,500.0,10.2,1.0,494.8312715473535,0.730615435984722
69b7d4fb9605ebc57c753099,69b7d4fb9605ebc57c753099,69b7d4fb9605ebc57c75309a,0.0,0.0,0.0,0.0,0.0,0.0,0.0,0.0,0.0,0.0,0.0,0.0,0.0,0.0,0.0,0.0,0.2,0.8,0.0,0.0,0.0,0.0,0.0,0.0,0.0,0.0,0.0,0.0,0.0,0.0,40.0,800.0,5.0,1,0.01,0.01,33000,500.0,10.2,1.0,293.2046131349465,0.05325308858141069
69b7d4fb9605ebc57c753099,69b7d4fb9605ebc57c753099,69b7d4fb9605ebc57c75309a,0.0,0.0,0.0,0.0,0.0,0.0,0.0,0.0,0.0,0.0,0.0,0.0,0.0,0.0,0.0,0.0,0.2,0.8,0.0,0.0,0.0,0.0,0.0,0.0,0.0,0.0,0.0,0.0,0.0,0.0,40.0,800.0,5.0,1,0.01,0.01,33000,500.0,10.2,1.0,303.17376639733584,0.06962236646008257
69b7d4fb9605ebc57c753099,69b7d4fb9605ebc57c753099,69b7d4fb9605ebc57c75309a,0.0,0.0,0.0,0.0,0.0,0.0,0.0,0.0,0.0,0.0,0.0,0.0,0.0,0.0,0.0,0.0,0.2,0.8,0.0,0.0,0.0,0.0,0.0,0.0,0.0,0.0,0.0,0.0,0.0,0.0,40.0,800.0,5.0,1,0.01,0.01,33000,500.0,10.2,1.0,313.00416270853566,0.08904561409223803
69b7d4fb9605ebc57c753099,69b7d4fb9605ebc57c753099,69b7d4fb9605ebc57c75309a,0.0,0.0,0.0,0.0,0.0,0.0,0.0,0.0,0.0,0.0,0.0,0.0,0.0,0.0,0.0,0.0,0.2,0.8,0.0,0.0,0.0,0.0,0.0,0.0,0.0,0.0,0.0,0.0,0.0,0.0,40.0,800.0,5.0,1,0.01,0.01,33000,500.0,10.2,1.0,323.0416270853569,0.12443094363593422
69b7d4fb9605ebc57c753099,69b7d4fb9605ebc57c753099,69b7d4fb9605ebc57c75309a,0.0,0.0,0.0,0.0,0.0,0.0,0.0,0.0,0.0,0.0,0.0,0.0,0.0,0.0,0.0,0.0,0.2,0.8,0.0,0.0,0.0,0.0,0.0,0.0,0.0,0.0,0.0,0.0,0.0,0.0,40.0,800.0,5.0,1,0.01,0.01,33000,500.0,10.2,1.0,333.07482201752606,0.16133104217735827
69b7d4fb9605ebc57c753099,69b7d4fb9605ebc57c753099,69b7d4fb9605ebc57c75309a,0.0,0.0,0.0,0.0,0.0,0.0,0.0,0.0,0.0,0.0,0.0,0.0,0.0,0.0,0.0,0.0,0.2,0.8,0.0,0.0,0.0,0.0,0.0,0.0,0.0,0.0,0.0,0.0,0.0,0.0,40.0,800.0,5.0,1,0.01,0.01,33000,500.0,10.2,1.0,343.534961414894,0.20095120977921835
69b7d4fb9605ebc57c753099,69b7d4fb9605ebc57c753099,69b7d4fb9605ebc57c75309a,0.0,0.0,0.0,0.0,0.0,0.0,0.0,0.0,0.0,0.0,0.0,0.0,0.0,0.0,0.0,0.0,0.2,0.8,0.0,0.0,0.0,0.0,0.0,0.0,0.0,0.0,0.0,0.0,0.0,0.0,40.0,800.0,5.0,1,0.01,0.01,33000,500.0,10.2,1.0,354.26194110301105,0.2596281486428158
69b7d4fb9605ebc57c753099,69b7d4fb9605ebc57c753099,69b7d4fb9605ebc57c75309a,0.0,0.0,0.0,0.0,0.0,0.0,0.0,0.0,0.0,0.0,0.0,0.0,0.0,0.0,0.0,0.0,0.2,0.8,0.0,0.0,0.0,0.0,0.0,0.0,0.0,0.0,0.0,0.0,0.0,0.0,40.0,800.0,5.0,1,0.01,0.01,33000,500.0,10.2,1.0,363.2064276489236,0.29101481378928423
69b7d4fb9605ebc57c753099,69b7d4fb9605ebc57c753099,69b7d4fb9605ebc57c75309a,0.0,0.0,0.0,0.0,0.0,0.0,0.0,0.0,0.0,0.0,0.0,0.0,0.0,0.0,0.0,0.0,0.2,0.8,0.0,0.0,0.0,0.0,0.0,0.0,0.0,0.0,0.0,0.0,0.0,0.0,40.0,800.0,5.0,1,0.01,0.01,33000,500.0,10.2,1.0,373.2353531364408,0.3559299948693308
69b7d4fb9605ebc57c753099,69b7d4fb9605ebc57c753099,69b7d4fb9605ebc57c75309a,0.0,0.0,0.0,0.0,0.0,0.0,0.0,0.0,0.0,0.0,0.0,0.0,0.0,0.0,0.0,0.0,0.2,0.8,0.0,0.0,0.0,0.0,0.0,0.0,0.0,0.0,0.0,0.0,0.0,0.0,40.0,800.0,5.0,1,0.01,0.01,33000,500.0,10.2,1.0,382.99743833320883,0.4236629720419248
69b7d4fb9605ebc57c753099,69b7d4fb9605ebc57c753099,69b7d4fb9605ebc57c75309a,0.0,0.0,0.0,0.0,0.0,0.0,0.0,0.0,0.0,0.0,0.0,0.0,0.0,0.0,0.0,0.0,0.2,0.8,0.0,0.0,0.0,0.0,0.0,0.0,0.0,0.0,0.0,0.0,0.0,0.0,40.0,800.0,5.0,1,0.01,0.01,33000,500.0,10.2,1.0,395.9402597957071,0.5097604873321334
69b7d4fb9605ebc57c753099,69b7d4fb9605ebc57c753099,69b7d4fb9605ebc57c75309a,0.0,0.0,0.0,0.0,0.0,0.0,0.0,0.0,0.0,0.0,0.0,0.0,0.0,0.0,0.0,0.0,0.2,0.8,0.0,0.0,0.0,0.0,0.0,0.0,0.0,0.0,0.0,0.0,0.0,0.0,40.0,800.0,5.0,1,0.01,0.01,33000,500.0,10.2,1.0,402.8396823533179,0.5457566108265264
69b7d4fb9605ebc57c753099,69b7d4fb9605ebc57c753099,69b7d4fb9605ebc57c75309a,0.0,0.0,0.0,0.0,0.0,0.0,0.0,0.0,0.0,0.0,0.0,0.0,0.0,0.0,0.0,0.0,0.2,0.8,0.0,0.0,0.0,0.0,0.0,0.0,0.0,0.0,0.0,0.0,0.0,0.0,40.0,800.0,5.0,1,0.01,0.01,33000,500.0,10.2,1.0,413.03298145993665,0.618595825426945
69b7d4fb9605ebc57c753099,69b7d4fb9605ebc57c753099,69b7d4fb9605ebc57c75309a,0.0,0.0,0.0,0.0,0.0,0.0,0.0,0.0,0.0,0.0,0.0,0.0,0.0,0.0,0.0,0.0,0.2,0.8,0.0,0.0,0.0,0.0,0.0,0.0,0.0,0.0,0.0,0.0,0.0,0.0,40.0,800.0,5.0,1,0.01,0.01,33000,500.0,10.2,1.0,423.01067361162995,0.6976407065664421
69b7d4fb9605ebc57c753099,69b7d4fb9605ebc57c753099,69b7d4fb9605ebc57c75309a,0.0,0.0,0.0,0.0,0.0,0.0,0.0,0.0,0.0,0.0,0.0,0.0,0.0,0.0,0.0,0.0,0.2,0.8,0.0,0.0,0.0,0.0,0.0,0.0,0.0,0.0,0.0,0.0,0.0,0.0,40.0,800.0,5.0,1,0.01,0.01,33000,500.0,10.2,1.0,433.1377963261429,0.740461434469953
69b7d4fb9605ebc57c753099,69b7d4fb9605ebc57c753099,69b7d4fb9605ebc57c75309a,0.0,0.0,0.0,0.0,0.0,0.0,0.0,0.0,0.0,0.0,0.0,0.0,0.0,0.0,0.0,0.0,0.2,0.8,0.0,0.0,0.0,0.0,0.0,0.0,0.0,0.0,0.0,0.0,0.0,0.0,40.0,800.0,5.0,1,0.01,0.01,33000,500.0,10.2,1.0,442.8208967968492,0.7995292814619964
69b7d4fb9605ebc57c753099,69b7d4fb9605ebc57c753099,69b7d4fb9605ebc57c75309a,0.0,0.0,0.0,0.0,0.0,0.0,0.0,0.0,0.0,0.0,0.0,0.0,0.0,0.0,0.0,0.0,0.2,0.8,0.0,0.0,0.0,0.0,0.0,0.0,0.0,0.0,0.0,0.0,0.0,0.0,40.0,800.0,5.0,1,0.01,0.01,33000,500.0,10.2,1.0,453.33867369701886,0.8320072318003762
69b7d4fb9605ebc57c753099,69b7d4fb9605ebc57c753099,69b7d4fb9605ebc57c75309a,0.0,0.0,0.0,0.0,0.0,0.0,0.0,0.0,0.0,0.0,0.0,0.0,0.0,0.0,0.0,0.0,0.2,0.8,0.0,0.0,0.0,0.0,0.0,0.0,0.0,0.0,0.0,0.0,0.0,0.0,40.0,800.0,5.0,1,0.01,0.01,33000,500.0,10.2,1.0,463.073007503549,0.8556816053293808
69b7d4fb9605ebc57c753099,69b7d4fb9605ebc57c753099,69b7d4fb9605ebc57c75309a,0.0,0.0,0.0,0.0,0.0,0.0,0.0,0.0,0.0,0.0,0.0,0.0,0.0,0.0,0.0,0.0,0.2,0.8,0.0,0.0,0.0,0.0,0.0,0.0,0.0,0.0,0.0,0.0,0.0,0.0,40.0,800.0,5.0,1,0.01,0.01,33000,500.0,10.2,1.0,473.3687732818154,0.8753491705418149
69b7d4fb9605ebc57c753099,69b7d4fb9605ebc57c753099,69b7d4fb9605ebc57c75309a,0.0,0.0,0.0,0.0,0.0,0.0,0.0,0.0,0.0,0.0,0.0,0.0,0.0,0.0,0.0,0.0,0.2,0.8,0.0,0.0,0.0,0.0,0.0,0.0,0.0,0.0,0.0,0.0,0.0,0.0,40.0,800.0,5.0,1,0.01,0.01,33000,500.0,10.2,1.0,483.20770848231916,0.8951307506250457
69b7d4fb9605ebc57c753099,69b7d4fb9605ebc57c753099,69b7d4fb9605ebc57c75309a,0.0,0.0,0.0,0.0,0.0,0.0,0.0,0.0,0.0,0.0,0.0,0.0,0.0,0.0,0.0,0.0,0.2,0.8,0.0,0.0,0.0,0.0,0.0,0.0,0.0,0.0,0.0,0.0,0.0,0.0,40.0,800.0,5.0,1,0.01,0.01,33000,500.0,10.2,1.0,492.92282978791536,0.9069231458331636
69b7d4fc9605ebc57c75309b,69b7d4fc9605ebc57c75309b,69b7d4fc9605ebc57c75309c,0.0,0.0,0.0,0.0,0.0,0.0,0.0,0.0,0.0,0.0,0.0,0.0,0.0,0.0,0.0,0.0,0.0,0.8,0.0,0.0,0.0,0.2,0.0,0.0,0.0,0.0,0.0,0.0,0.0,0.0,21.0,800.0,5.0,1,0.01,0.01,33000,500.0,10.2,1.0,263.76892698182286,0.0395957358438322
69b7d4fc9605ebc57c75309b,69b7d4fc9605ebc57c75309b,69b7d4fc9605ebc57c75309c,0.0,0.0,0.0,0.0,0.0,0.0,0.0,0.0,0.0,0.0,0.0,0.0,0.0,0.0,0.0,0.0,0.0,0.8,0.0,0.0,0.0,0.2,0.0,0.0,0.0,0.0,0.0,0.0,0.0,0.0,21.0,800.0,5.0,1,0.01,0.01,33000,500.0,10.2,1.0,278.4387388060498,0.06340855600166136
69b7d4fc9605ebc57c75309b,69b7d4fc9605ebc57c75309b,69b7d4fc9605ebc57c75309c,0.0,0.0,0.0,0.0,0.0,0.0,0.0,0.0,0.0,0.0,0.0,0.0,0.0,0.0,0.0,0.0,0.0,0.8,0.0,0.0,0.0,0.2,0.0,0.0,0.0,0.0,0.0,0.0,0.0,0.0,21.0,800.0,5.0,1,0.01,0.01,33000,500.0,10.2,1.0,288.72169625036025,0.08670016532156265
69b7d4fc9605ebc57c75309b,69b7d4fc9605ebc57c75309b,69b7d4fc9605ebc57c75309c,0.0,0.0,0.0,0.0,0.0,0.0,0.0,0.0,0.0,0.0,0.0,0.0,0.0,0.0,0.0,0.0,0.0,0.8,0.0,0.0,0.0,0.2,0.0,0.0,0.0,0.0,0.0,0.0,0.0,0.0,21.0,800.0,5.0,1,0.01,0.01,33000,500.0,10.2,1.0,303.6455400313804,0.13759966121295533
69b7d4fc9605ebc57c75309b,69b7d4fc9605ebc57c75309b,69b7d4fc9605ebc57c75309c,0.0,0.0,0.0,0.0,0.0,0.0,0.0,0.0,0.0,0.0,0.0,0.0,0.0,0.0,0.0,0.0,0.0,0.8,0.0,0.0,0.0,0.2,0.0,0.0,0.0,0.0,0.0,0.0,0.0,0.0,21.0,800.0,5.0,1,0.01,0.01,33000,500.0,10.2,1.0,313.56559468027194,0.19336107695189386
69b7d4fc9605ebc57c75309b,69b7d4fc9605ebc57c75309b,69b7d4fc9605ebc57c75309c,0.0,0.0,0.0,0.0,0.0,0.0,0.0,0.0,0.0,0.0,0.0,0.0,0.0,0.0,0.0,0.0,0.0,0.8,0.0,0.0,0.0,0.2,0.0,0.0,0.0,0.0,0.0,0.0,0.0,0.0,21.0,800.0,5.0,1,0.01,0.01,33000,500.0,10.2,1.0,323.7930493441066,0.34774535592999484
69b7d4fc9605ebc57c75309b,69b7d4fc9605ebc57c75309b,69b7d4fc9605ebc57c75309c,0.0,0.0,0.0,0.0,0.0,0.0,0.0,0.0,0.0,0.0,0.0,0.0,0.0,0.0,0.0,0.0,0.0,0.8,0.0,0.0,0.0,0.2,0.0,0.0,0.0,0.0,0.0,0.0,0.0,0.0,21.0,800.0,5.0,1,0.01,0.01,33000,500.0,10.2,1.0,337.71357363190987,0.5045728107108827
69b7d4fc9605ebc57c75309b,69b7d4fc9605ebc57c75309b,69b7d4fc9605ebc57c75309c,0.0,0.0,0.0,0.0,0.0,0.0,0.0,0.0,0.0,0.0,0.0,0.0,0.0,0.0,0.0,0.0,0.0,0.8,0.0,0.0,0.0,0.2,0.0,0.0,0.0,0.0,0.0,0.0,0.0,0.0,21.0,800.0,5.0,1,0.01,0.01,33000,500.0,10.2,1.0,342.98206833246167,0.6180909024277024
69b7d4fc9605ebc57c75309b,69b7d4fc9605ebc57c75309b,69b7d4fc9605ebc57c75309c,0.0,0.0,0.0,0.0,0.0,0.0,0.0,0.0,0.0,0.0,0.0,0.0,0.0,0.0,0.0,0.0,0.0,0.8,0.0,0.0,0.0,0.2,0.0,0.0,0.0,0.0,0.0,0.0,0.0,0.0,21.0,800.0,5.0,1,0.01,0.01,33000,500.0,10.2,1.0,357.94860656000174,0.8159637106954092
69b7d4fc9605ebc57c75309b,69b7d4fc9605ebc57c75309b,69b7d4fc9605ebc57c75309c,0.0,0.0,0.0,0.0,0.0,0.0,0.0,0.0,0.0,0.0,0.0,0.0,0.0,0.0,0.0,0.0,0.0,0.8,0.0,0.0,0.0,0.2,0.0,0.0,0.0,0.0,0.0,0.0,0.0,0.0,21.0,800.0,5.0,1,0.01,0.01,33000,500.0,10.2,1.0,368.63289180159893,1.0
69b7d4fc9605ebc57c75309d,69b7d4fc9605ebc57c75309d,69b7d4fd9605ebc57c75309e,0.0,0.0,0.0,0.0,0.0,0.0,0.0,0.0,0.0,0.0,0.0,0.0,0.0,0.0,0.0,0.0,0.0,0.8,0.0,0.0,0.2,0.0,0.0,0.0,0.0,0.0,0.0,0.0,0.0,0.0,55.0,800.0,5.0,1,0.01,0.01,33000,500.0,10.2,1.0,233.57754912529754,0.053008771001132
69b7d4fc9605ebc57c75309d,69b7d4fc9605ebc57c75309d,69b7d4fd9605ebc57c75309e,0.0,0.0,0.0,0.0,0.0,0.0,0.0,0.0,0.0,0.0,0.0,0.0,0.0,0.0,0.0,0.0,0.0,0.8,0.0,0.0,0.2,0.0,0.0,0.0,0.0,0.0,0.0,0.0,0.0,0.0,55.0,800.0,5.0,1,0.01,0.01,33000,500.0,10.2,1.0,249.72672352143795,0.08192782858678567
69b7d4fc9605ebc57c75309d,69b7d4fc9605ebc57c75309d,69b7d4fd9605ebc57c75309e,0.0,0.0,0.0,0.0,0.0,0.0,0.0,0.0,0.0,0.0,0.0,0.0,0.0,0.0,0.0,0.0,0.0,0.8,0.0,0.0,0.2,0.0,0.0,0.0,0.0,0.0,0.0,0.0,0.0,0.0,55.0,800.0,5.0,1,0.01,0.01,33000,500.0,10.2,1.0,267.34672160018783,0.12404817942683095
69b7d4fc9605ebc57c75309d,69b7d4fc9605ebc57c75309d,69b7d4fd9605ebc57c75309e,0.0,0.0,0.0,0.0,0.0,0.0,0.0,0.0,0.0,0.0,0.0,0.0,0.0,0.0,0.0,0.0,0.0,0.8,0.0,0.0,0.2,0.0,0.0,0.0,0.0,0.0,0.0,0.0,0.0,0.0,55.0,800.0,5.0,1,0.01,0.01,33000,500.0,10.2,1.0,241.19637310676814,0.06612048114275476
69b7d4fc9605ebc57c75309d,69b7d4fc9605ebc57c75309d,69b7d4fd9605ebc57c75309e,0.0,0.0,0.0,0.0,0.0,0.0,0.0,0.0,0.0,0.0,0.0,0.0,0.0,0.0,0.0,0.0,0.0,0.8,0.0,0.0,0.2,0.0,0.0,0.0,0.0,0.0,0.0,0.0,0.0,0.0,55.0,800.0,5.0,1,0.01,0.01,33000,500.0,10.2,1.0,258.9252420241437,0.1000969126401772
69b7d4fc9605ebc57c75309d,69b7d4fc9605ebc57c75309d,69b7d4fd9605ebc57c75309e,0.0,0.0,0.0,0.0,0.0,0.0,0.0,0.0,0.0,0.0,0.0,0.0,0.0,0.0,0.0,0.0,0.0,0.8,0.0,0.0,0.2,0.0,0.0,0.0,0.0,0.0,0.0,0.0,0.0,0.0,55.0,800.0,5.0,1,0.01,0.01,33000,500.0,10.2,1.0,274.97194974863646,0.1523157234650748
69b7d4fc9605ebc57c75309d,69b7d4fc9605ebc57c75309d,69b7d4fd9605ebc57c75309e,0.0,0.0,0.0,0.0,0.0,0.0,0.0,0.0,0.0,0.0,0.0,0.0,0.0,0.0,0.0,0.0,0.0,0.8,0.0,0.0,0.2,0.0,0.0,0.0,0.0,0.0,0.0,0.0,0.0,0.0,55.0,800.0,5.0,1,0.01,0.01,33000,500.0,10.2,1.0,283.63678766984384,0.18574651236654152
69b7d4fc9605ebc57c75309d,69b7d4fc9605ebc57c75309d,69b7d4fd9605ebc57c75309e,0.0,0.0,0.0,0.0,0.0,0.0,0.0,0.0,0.0,0.0,0.0,0.0,0.0,0.0,0.0,0.0,0.0,0.8,0.0,0.0,0.2,0.0,0.0,0.0,0.0,0.0,0.0,0.0,0.0,0.0,55.0,800.0,5.0,1,0.01,0.01,33000,500.0,10.2,1.0,291.6718825048832,0.2277935679325032
69b7d4fc9605ebc57c75309d,69b7d4fc9605ebc57c75309d,69b7d4fd9605ebc57c75309e,0.0,0.0,0.0,0.0,0.0,0.0,0.0,0.0,0.0,0.0,0.0,0.0,0.0,0.0,0.0,0.0,0.0,0.8,0.0,0.0,0.2,0.0,0.0,0.0,0.0,0.0,0.0,0.0,0.0,0.0,55.0,800.0,5.0,1,0.01,0.01,33000,500.0,10.2,1.0,299.5917023343189,0.2780985577118844
69b7d4fc9605ebc57c75309d,69b7d4fc9605ebc57c75309d,69b7d4fd9605ebc57c75309e,0.0,0.0,0.0,0.0,0.0,0.0,0.0,0.0,0.0,0.0,0.0,0.0,0.0,0.0,0.0,0.0,0.0,0.8,0.0,0.0,0.2,0.0,0.0,0.0,0.0,0.0,0.0,0.0,0.0,0.0,55.0,800.0,5.0,1,0.01,0.01,33000,500.0,10.2,1.0,308.5084374899935,0.3399271933610769
69b7d4fc9605ebc57c75309d,69b7d4fc9605ebc57c75309d,69b7d4fd9605ebc57c75309e,0.0,0.0,0.0,0.0,0.0,0.0,0.0,0.0,0.0,0.0,0.0,0.0,0.0,0.0,0.0,0.0,0.0,0.8,0.0,0.0,0.2,0.0,0.0,0.0,0.0,0.0,0.0,0.0,0.0,0.0,55.0,800.0,5.0,1,0.01,0.01,33000,500.0,10.2,1.0,317.5041573717299,0.4130840208158578
69b7d4fc9605ebc57c75309d,69b7d4fc9605ebc57c75309d,69b7d4fd9605ebc57c75309e,0.0,0.0,0.0,0.0,0.0,0.0,0.0,0.0,0.0,0.0,0.0,0.0,0.0,0.0,0.0,0.0,0.0,0.8,0.0,0.0,0.2,0.0,0.0,0.0,0.0,0.0,0.0,0.0,0.0,0.0,55.0,800.0,5.0,1,0.01,0.01,33000,500.0,10.2,1.0,324.8241202275614,0.5040760316309827
69b7d4fc9605ebc57c75309d,69b7d4fc9605ebc57c75309d,69b7d4fd9605ebc57c75309e,0.0,0.0,0.0,0.0,0.0,0.0,0.0,0.0,0.0,0.0,0.0,0.0,0.0,0.0,0.0,0.0,0.0,0.8,0.0,0.0,0.2,0.0,0.0,0.0,0.0,0.0,0.0,0.0,0.0,0.0,55.0,800.0,5.0,1,0.01,0.01,33000,500.0,10.2,1.0,333.49963176039876,0.6240848270638728
69b7d4fc9605ebc57c75309d,69b7d4fc9605ebc57c75309d,69b7d4fd9605ebc57c75309e,0.0,0.0,0.0,0.0,0.0,0.0,0.0,0.0,0.0,0.0,0.0,0.0,0.0,0.0,0.0,0.0,0.0,0.8,0.0,0.0,0.2,0.0,0.0,0.0,0.0,0.0,0.0,0.0,0.0,0.0,55.0,800.0,5.0,1,0.01,0.01,33000,500.0,10.2,1.0,342.0897544001964,0.9343925857758305
69b7d4fc9605ebc57c75309d,69b7d4fc9605ebc57c75309d,69b7d4fd9605ebc57c75309e,0.0,0.0,0.0,0.0,0.0,0.0,0.0,0.0,0.0,0.0,0.0,0.0,0.0,0.0,0.0,0.0,0.0,0.8,0.0,0.0,0.2,0.0,0.0,0.0,0.0,0.0,0.0,0.0,0.0,0.0,55.0,800.0,5.0,1,0.01,0.01,33000,500.0,10.2,1.0,348.98063806850325,1.0
69b7d4fd9605ebc57c75309f,69b7d4fd9605ebc57c75309f,69b7d4fd9605ebc57c7530a0,0.0,0.0,0.0,0.0,0.0,0.0,0.0,0.0,0.0,0.0,0.0,0.0,0.0,0.25,0.0,0.0,0.0,0.75,0.0,0.0,0.0,0.0,0.0,0.0,0.0,0.0,0.0,0.0,0.0,0.0,52.0,600.0,2.0,1,0.01,0.01,30000,500.0,10.0,1.0,173.8661638139445,0.023184244614407233
69b7d4fd9605ebc57c75309f,69b7d4fd9605ebc57c75309f,69b7d4fd9605ebc57c7530a0,0.0,0.0,0.0,0.0,0.0,0.0,0.0,0.0,0.0,0.0,0.0,0.0,0.0,0.25,0.0,0.0,0.0,0.75,0.0,0.0,0.0,0.0,0.0,0.0,0.0,0.0,0.0,0.0,0.0,0.0,52.0,600.0,2.0,1,0.01,0.01,30000,500.0,10.0,1.0,206.59510685620347,0.037325808767109725
69b7d4fd9605ebc57c75309f,69b7d4fd9605ebc57c75309f,69b7d4fd9605ebc57c7530a0,0.0,0.0,0.0,0.0,0.0,0.0,0.0,0.0,0.0,0.0,0.0,0.0,0.0,0.25,0.0,0.0,0.0,0.75,0.0,0.0,0.0,0.0,0.0,0.0,0.0,0.0,0.0,0.0,0.0,0.0,52.0,600.0,2.0,1,0.01,0.01,30000,500.0,10.0,1.0,237.58582342133258,0.06088958194104106
69b7d4fd9605ebc57c75309f,69b7d4fd9605ebc57c75309f,69b7d4fd9605ebc57c7530a0,0.0,0.0,0.0,0.0,0.0,0.0,0.0,0.0,0.0,0.0,0.0,0.0,0.0,0.25,0.0,0.0,0.0,0.75,0.0,0.0,0.0,0.0,0.0,0.0,0.0,0.0,0.0,0.0,0.0,0.0,52.0,600.0,2.0,1,0.01,0.01,30000,500.0,10.0,1.0,264.2080069625762,0.09338052688464807
69b7d4fd9605ebc57c75309f,69b7d4fd9605ebc57c75309f,69b7d4fd9605ebc57c7530a0,0.0,0.0,0.0,0.0,0.0,0.0,0.0,0.0,0.0,0.0,0.0,0.0,0.0,0.25,0.0,0.0,0.0,0.75,0.0,0.0,0.0,0.0,0.0,0.0,0.0,0.0,0.0,0.0,0.0,0.0,52.0,600.0,2.0,1,0.01,0.01,30000,500.0,10.0,1.0,292.79808529155787,0.14478189483758652
69b7d4fd9605ebc57c75309f,69b7d4fd9605ebc57c75309f,69b7d4fd9605ebc57c7530a0,0.0,0.0,0.0,0.0,0.0,0.0,0.0,0.0,0.0,0.0,0.0,0.0,0.0,0.25,0.0,0.0,0.0,0.75,0.0,0.0,0.0,0.0,0.0,0.0,0.0,0.0,0.0,0.0,0.0,0.0,52.0,600.0,2.0,1,0.01,0.01,30000,500.0,10.0,1.0,317.3895174547916,0.20843543476646617
69b7d4fd9605ebc57c75309f,69b7d4fd9605ebc57c75309f,69b7d4fd9605ebc57c7530a0,0.0,0.0,0.0,0.0,0.0,0.0,0.0,0.0,0.0,0.0,0.0,0.0,0.0,0.25,0.0,0.0,0.0,0.75,0.0,0.0,0.0,0.0,0.0,0.0,0.0,0.0,0.0,0.0,0.0,0.0,52.0,600.0,2.0,1,0.01,0.01,30000,500.0,10.0,1.0,340.9559036843632,0.28982780954266807
69b7d4fd9605ebc57c75309f,69b7d4fd9605ebc57c75309f,69b7d4fd9605ebc57c7530a0,0.0,0.0,0.0,0.0,0.0,0.0,0.0,0.0,0.0,0.0,0.0,0.0,0.0,0.25,0.0,0.0,0.0,0.75,0.0,0.0,0.0,0.0,0.0,0.0,0.0,0.0,0.0,0.0,0.0,0.0,52.0,600.0,2.0,1,0.01,0.01,30000,500.0,10.0,1.0,357.3348805724785,0.35985082877486535
69b7d4fd9605ebc57c75309f,69b7d4fd9605ebc57c75309f,69b7d4fd9605ebc57c7530a0,0.0,0.0,0.0,0.0,0.0,0.0,0.0,0.0,0.0,0.0,0.0,0.0,0.0,0.25,0.0,0.0,0.0,0.75,0.0,0.0,0.0,0.0,0.0,0.0,0.0,0.0,0.0,0.0,0.0,0.0,52.0,600.0,2.0,1,0.01,0.01,30000,500.0,10.0,1.0,368.6007155981046,0.41516299101507387
69b7d4fd9605ebc57c75309f,69b7d4fd9605ebc57c75309f,69b7d4fd9605ebc57c7530a0,0.0,0.0,0.0,0.0,0.0,0.0,0.0,0.0,0.0,0.0,0.0,0.0,0.0,0.25,0.0,0.0,0.0,0.75,0.0,0.0,0.0,0.0,0.0,0.0,0.0,0.0,0.0,0.0,0.0,0.0,52.0,600.0,2.0,1,0.01,0.01,30000,500.0,10.0,1.0,381.6869741804468,0.48404742456869876
69b7d4fd9605ebc57c75309f,69b7d4fd9605ebc57c75309f,69b7d4fd9605ebc57c7530a0,0.0,0.0,0.0,0.0,0.0,0.0,0.0,0.0,0.0,0.0,0.0,0.0,0.0,0.25,0.0,0.0,0.0,0.75,0.0,0.0,0.0,0.0,0.0,0.0,0.0,0.0,0.0,0.0,0.0,0.0,52.0,600.0,2.0,1,0.01,0.01,30000,500.0,10.0,1.0,395.59520355865004,0.5597633721937576
69b7d4fd9605ebc57c75309f,69b7d4fd9605ebc57c75309f,69b7d4fd9605ebc57c7530a0,0.0,0.0,0.0,0.0,0.0,0.0,0.0,0.0,0.0,0.0,0.0,0.0,0.0,0.25,0.0,0.0,0.0,0.75,0.0,0.0,0.0,0.0,0.0,0.0,0.0,0.0,0.0,0.0,0.0,0.0,52.0,600.0,2.0,1,0.01,0.01,30000,500.0,10.0,1.0,410.0280437095058,0.6362878806630199
69b7d4fd9605ebc57c75309f,69b7d4fd9605ebc57c75309f,69b7d4fd9605ebc57c7530a0,0.0,0.0,0.0,0.0,0.0,0.0,0.0,0.0,0.0,0.0,0.0,0.0,0.0,0.25,0.0,0.0,0.0,0.75,0.0,0.0,0.0,0.0,0.0,0.0,0.0,0.0,0.0,0.0,0.0,0.0,52.0,600.0,2.0,1,0.01,0.01,30000,500.0,10.0,1.0,427.536021661348,0.7239424766713696
69b7d4fd9605ebc57c75309f,69b7d4fd9605ebc57c75309f,69b7d4fd9605ebc57c7530a0,0.0,0.0,0.0,0.0,0.0,0.0,0.0,0.0,0.0,0.0,0.0,0.0,0.0,0.25,0.0,0.0,0.0,0.75,0.0,0.0,0.0,0.0,0.0,0.0,0.0,0.0,0.0,0.0,0.0,0.0,52.0,600.0,2.0,1,0.01,0.01,30000,500.0,10.0,1.0,442.23479354027654,0.7885860911033555
69b7d4fd9605ebc57c75309f,69b7d4fd9605ebc57c75309f,69b7d4fd9605ebc57c7530a0,0.0,0.0,0.0,0.0,0.0,0.0,0.0,0.0,0.0,0.0,0.0,0.0,0.0,0.25,0.0,0.0,0.0,0.75,0.0,0.0,0.0,0.0,0.0,0.0,0.0,0.0,0.0,0.0,0.0,0.0,52.0,600.0,2.0,1,0.01,0.01,30000,500.0,10.0,1.0,458.1375108790252,0.847239754791548
69b7d4fd9605ebc57c75309f,69b7d4fd9605ebc57c75309f,69b7d4fd9605ebc57c7530a0,0.0,0.0,0.0,0.0,0.0,0.0,0.0,0.0,0.0,0.0,0.0,0.0,0.0,0.25,0.0,0.0,0.0,0.75,0.0,0.0,0.0,0.0,0.0,0.0,0.0,0.0,0.0,0.0,0.0,0.0,52.0,600.0,2.0,1,0.01,0.01,30000,500.0,10.0,1.0,478.47403539309545,0.9047135796968722
69b7d4fd9605ebc57c75309f,69b7d4fd9605ebc57c75309f,69b7d4fd9605ebc57c7530a0,0.0,0.0,0.0,0.0,0.0,0.0,0.0,0.0,0.0,0.0,0.0,0.0,0.0,0.25,0.0,0.0,0.0,0.75,0.0,0.0,0.0,0.0,0.0,0.0,0.0,0.0,0.0,0.0,0.0,0.0,52.0,600.0,2.0,1,0.01,0.01,30000,500.0,10.0,1.0,496.19475872739577,0.9447538427266652
69b7d4fe9605ebc57c7530a1,69b7d4fe9605ebc57c7530a1,69b7d4fe9605ebc57c7530a2,0.0,0.0,0.0,0.0,0.0,0.0,0.0,0.0,0.0,0.0,0.0,0.0,0.0,0.2227772227772228,0.0,0.0,0.0,0.6513486513486515,0.0,0.0,0.0,0.0,0.0,0.1258741258741259,0.0,0.0,0.0,0.0,0.0,0.0,41.0,600.0,2.0,1,0.01,0.01,30000,500.0,10.0,1.0,119.50488347355189,0.05975099626246875
69b7d4fe9605ebc57c7530a1,69b7d4fe9605ebc57c7530a1,69b7d4fe9605ebc57c7530a2,0.0,0.0,0.0,0.0,0.0,0.0,0.0,0.0,0.0,0.0,0.0,0.0,0.0,0.2227772227772228,0.0,0.0,0.0,0.6513486513486515,0.0,0.0,0.0,0.0,0.0,0.1258741258741259,0.0,0.0,0.0,0.0,0.0,0.0,41.0,600.0,2.0,1,0.01,0.01,30000,500.0,10.0,1.0,134.3970602456242,0.07994026550497925
69b7d4fe9605ebc57c7530a1,69b7d4fe9605ebc57c7530a1,69b7d4fe9605ebc57c7530a2,0.0,0.0,0.0,0.0,0.0,0.0,0.0,0.0,0.0,0.0,0.0,0.0,0.0,0.2227772227772228,0.0,0.0,0.0,0.6513486513486515,0.0,0.0,0.0,0.0,0.0,0.1258741258741259,0.0,0.0,0.0,0.0,0.0,0.0,41.0,600.0,2.0,1,0.01,0.01,30000,500.0,10.0,1.0,152.23140895464655,0.1192462232783017
69b7d4fe9605ebc57c7530a1,69b7d4fe9605ebc57c7530a1,69b7d4fe9605ebc57c7530a2,0.0,0.0,0.0,0.0,0.0,0.0,0.0,0.0,0.0,0.0,0.0,0.0,0.0,0.2227772227772228,0.0,0.0,0.0,0.6513486513486515,0.0,0.0,0.0,0.0,0.0,0.1258741258741259,0.0,0.0,0.0,0.0,0.0,0.0,41.0,600.0,2.0,1,0.01,0.01,30000,500.0,10.0,1.0,167.1961125616478,0.17335379487306418
69b7d4fe9605ebc57c7530a1,69b7d4fe9605ebc57c7530a1,69b7d4fe9605ebc57c7530a2,0.0,0.0,0.0,0.0,0.0,0.0,0.0,0.0,0.0,0.0,0.0,0.0,0.0,0.2227772227772228,0.0,0.0,0.0,0.6513486513486515,0.0,0.0,0.0,0.0,0.0,0.1258741258741259,0.0,0.0,0.0,0.0,0.0,0.0,41.0,600.0,2.0,1,0.01,0.01,30000,500.0,10.0,1.0,177.70041582052025,0.2224284877437027
69b7d4fe9605ebc57c7530a1,69b7d4fe9605ebc57c7530a1,69b7d4fe9605ebc57c7530a2,0.0,0.0,0.0,0.0,0.0,0.0,0.0,0.0,0.0,0.0,0.0,0.0,0.0,0.2227772227772228,0.0,0.0,0.0,0.6513486513486515,0.0,0.0,0.0,0.0,0.0,0.1258741258741259,0.0,0.0,0.0,0.0,0.0,0.0,41.0,600.0,2.0,1,0.01,0.01,30000,500.0,10.0,1.0,187.26670534764528,0.2767423248599457
69b7d4fe9605ebc57c7530a1,69b7d4fe9605ebc57c7530a1,69b7d4fe9605ebc57c7530a2,0.0,0.0,0.0,0.0,0.0,0.0,0.0,0.0,0.0,0.0,0.0,0.0,0.0,0.2227772227772228,0.0,0.0,0.0,0.6513486513486515,0.0,0.0,0.0,0.0,0.0,0.1258741258741259,0.0,0.0,0.0,0.0,0.0,0.0,41.0,600.0,2.0,1,0.01,0.01,30000,500.0,10.0,1.0,195.06817522483317,0.3304208641700288
69b7d4fe9605ebc57c7530a1,69b7d4fe9605ebc57c7530a1,69b7d4fe9605ebc57c7530a2,0.0,0.0,0.0,0.0,0.0,0.0,0.0,0.0,0.0,0.0,0.0,0.0,0.0,0.2227772227772228,0.0,0.0,0.0,0.6513486513486515,0.0,0.0,0.0,0.0,0.0,0.1258741258741259,0.0,0.0,0.0,0.0,0.0,0.0,41.0,600.0,2.0,1,0.01,0.01,30000,500.0,10.0,1.0,201.84943429068755,0.38365386995371403
69b7d4fe9605ebc57c7530a1,69b7d4fe9605ebc57c7530a1,69b7d4fe9605ebc57c7530a2,0.0,0.0,0.0,0.0,0.0,0.0,0.0,0.0,0.0,0.0,0.0,0.0,0.0,0.2227772227772228,0.0,0.0,0.0,0.6513486513486515,0.0,0.0,0.0,0.0,0.0,0.1258741258741259,0.0,0.0,0.0,0.0,0.0,0.0,41.0,600.0,2.0,1,0.01,0.01,30000,500.0,10.0,1.0,208.2608064984044,0.4375386747852776
69b7d4fe9605ebc57c7530a1,69b7d4fe9605ebc57c7530a1,69b7d4fe9605ebc57c7530a2,0.0,0.0,0.0,0.0,0.0,0.0,0.0,0.0,0.0,0.0,0.0,0.0,0.0,0.2227772227772228,0.0,0.0,0.0,0.6513486513486515,0.0,0.0,0.0,0.0,0.0,0.1258741258741259,0.0,0.0,0.0,0.0,0.0,0.0,41.0,600.0,2.0,1,0.01,0.01,30000,500.0,10.0,1.0,214.42800502852722,0.49116771037020535
69b7d4fe9605ebc57c7530a1,69b7d4fe9605ebc57c7530a1,69b7d4fe9605ebc57c7530a2,0.0,0.0,0.0,0.0,0.0,0.0,0.0,0.0,0.0,0.0,0.0,0.0,0.0,0.2227772227772228,0.0,0.0,0.0,0.6513486513486515,0.0,0.0,0.0,0.0,0.0,0.1258741258741259,0.0,0.0,0.0,0.0,0.0,0.0,41.0,600.0,2.0,1,0.01,0.01,30000,500.0,10.0,1.0,219.8892756986752,0.5427835944654835
69b7d4fe9605ebc57c7530a1,69b7d4fe9605ebc57c7530a1,69b7d4fe9605ebc57c7530a2,0.0,0.0,0.0,0.0,0.0,0.0,0.0,0.0,0.0,0.0,0.0,0.0,0.0,0.2227772227772228,0.0,0.0,0.0,0.6513486513486515,0.0,0.0,0.0,0.0,0.0,0.1258741258741259,0.0,0.0,0.0,0.0,0.0,0.0,41.0,600.0,2.0,1,0.01,0.01,30000,500.0,10.0,1.0,225.6648293201818,0.5959670965240135
69b7d4fe9605ebc57c7530a1,69b7d4fe9605ebc57c7530a1,69b7d4fe9605ebc57c7530a2,0.0,0.0,0.0,0.0,0.0,0.0,0.0,0.0,0.0,0.0,0.0,0.0,0.0,0.2227772227772228,0.0,0.0,0.0,0.6513486513486515,0.0,0.0,0.0,0.0,0.0,0.1258741258741259,0.0,0.0,0.0,0.0,0.0,0.0,41.0,600.0,2.0,1,0.01,0.01,30000,500.0,10.0,1.0,231.355768300938,0.6487710700230193
69b7d4fe9605ebc57c7530a1,69b7d4fe9605ebc57c7530a1,69b7d4fe9605ebc57c7530a2,0.0,0.0,0.0,0.0,0.0,0.0,0.0,0.0,0.0,0.0,0.0,0.0,0.0,0.2227772227772228,0.0,0.0,0.0,0.6513486513486515,0.0,0.0,0.0,0.0,0.0,0.1258741258741259,0.0,0.0,0.0,0.0,0.0,0.0,41.0,600.0,2.0,1,0.01,0.01,30000,500.0,10.0,1.0,237.47219804661057,0.70194632146069
69b7d4fe9605ebc57c7530a1,69b7d4fe9605ebc57c7530a1,69b7d4fe9605ebc57c7530a2,0.0,0.0,0.0,0.0,0.0,0.0,0.0,0.0,0.0,0.0,0.0,0.0,0.0,0.2227772227772228,0.0,0.0,0.0,0.6513486513486515,0.0,0.0,0.0,0.0,0.0,0.1258741258741259,0.0,0.0,0.0,0.0,0.0,0.0,41.0,600.0,2.0,1,0.01,0.01,30000,500.0,10.0,1.0,243.172807272024,0.7489583591165235
69b7d4fe9605ebc57c7530a1,69b7d4fe9605ebc57c7530a1,69b7d4fe9605ebc57c7530a2,0.0,0.0,0.0,0.0,0.0,0.0,0.0,0.0,0.0,0.0,0.0,0.0,0.0,0.2227772227772228,0.0,0.0,0.0,0.6513486513486515,0.0,0.0,0.0,0.0,0.0,0.1258741258741259,0.0,0.0,0.0,0.0,0.0,0.0,41.0,600.0,2.0,1,0.01,0.01,30000,500.0,10.0,1.0,250.40373271443767,0.8033959555456548
69b7d4fe9605ebc57c7530a1,69b7d4fe9605ebc57c7530a1,69b7d4fe9605ebc57c7530a2,0.0,0.0,0.0,0.0,0.0,0.0,0.0,0.0,0.0,0.0,0.0,0.0,0.0,0.2227772227772228,0.0,0.0,0.0,0.6513486513486515,0.0,0.0,0.0,0.0,0.0,0.1258741258741259,0.0,0.0,0.0,0.0,0.0,0.0,41.0,600.0,2.0,1,0.01,0.01,30000,500.0,10.0,1.0,258.8071753215356,0.8558451523477142
69b7d4fe9605ebc57c7530a1,69b7d4fe9605ebc57c7530a1,69b7d4fe9605ebc57c7530a2,0.0,0.0,0.0,0.0,0.0,0.0,0.0,0.0,0.0,0.0,0.0,0.0,0.0,0.2227772227772228,0.0,0.0,0.0,0.6513486513486515,0.0,0.0,0.0,0.0,0.0,0.1258741258741259,0.0,0.0,0.0,0.0,0.0,0.0,41.0,600.0,2.0,1,0.01,0.01,30000,500.0,10.0,1.0,269.54839957450923,0.9057366566834155
69b7d4fe9605ebc57c7530a1,69b7d4fe9605ebc57c7530a1,69b7d4fe9605ebc57c7530a2,0.0,0.0,0.0,0.0,0.0,0.0,0.0,0.0,0.0,0.0,0.0,0.0,0.0,0.2227772227772228,0.0,0.0,0.0,0.6513486513486515,0.0,0.0,0.0,0.0,0.0,0.1258741258741259,0.0,0.0,0.0,0.0,0.0,0.0,41.0,600.0,2.0,1,0.01,0.01,30000,500.0,10.0,1.0,283.76365922057823,0.9499434832471144
69b7d4fe9605ebc57c7530a1,69b7d4fe9605ebc57c7530a1,69b7d4fe9605ebc57c7530a2,0.0,0.0,0.0,0.0,0.0,0.0,0.0,0.0,0.0,0.0,0.0,0.0,0.0,0.2227772227772228,0.0,0.0,0.0,0.6513486513486515,0.0,0.0,0.0,0.0,0.0,0.1258741258741259,0.0,0.0,0.0,0.0,0.0,0.0,41.0,600.0,2.0,1,0.01,0.01,30000,500.0,10.0,1.0,300.52219321148823,0.9788784106003976
69b7d4fe9605ebc57c7530a1,69b7d4fe9605ebc57c7530a1,69b7d4fe9605ebc57c7530a2,0.0,0.0,0.0,0.0,0.0,0.0,0.0,0.0,0.0,0.0,0.0,0.0,0.0,0.2227772227772228,0.0,0.0,0.0,0.6513486513486515,0.0,0.0,0.0,0.0,0.0,0.1258741258741259,0.0,0.0,0.0,0.0,0.0,0.0,41.0,600.0,2.0,1,0.01,0.01,30000,500.0,10.0,1.0,316.9833671791896,0.9940348011187843
69b7d4fe9605ebc57c7530a3,69b7d4fe9605ebc57c7530a3,69b7d4ff9605ebc57c7530a4,0.0,0.0,0.0,0.0,0.0,0.0,0.0,0.0,0.0,0.0,0.0,0.0,0.0,0.241,0.0,0.0,0.0,0.656,0.0,0.0,0.0,0.0,0.103,0.0,0.0,0.0,0.0,0.0,0.0,0.0,47.0,600.0,2.0,1,0.01,0.01,30000,500.0,10.0,1.0,170.10202108113336,0.044116069734247504
69b7d4fe9605ebc57c7530a3,69b7d4fe9605ebc57c7530a3,69b7d4ff9605ebc57c7530a4,0.0,0.0,0.0,0.0,0.0,0.0,0.0,0.0,0.0,0.0,0.0,0.0,0.0,0.241,0.0,0.0,0.0,0.656,0.0,0.0,0.0,0.0,0.103,0.0,0.0,0.0,0.0,0.0,0.0,0.0,47.0,600.0,2.0,1,0.01,0.01,30000,500.0,10.0,1.0,185.7194662024949,0.06877717548245506
69b7d4fe9605ebc57c7530a3,69b7d4fe9605ebc57c7530a3,69b7d4ff9605ebc57c7530a4,0.0,0.0,0.0,0.0,0.0,0.0,0.0,0.0,0.0,0.0,0.0,0.0,0.0,0.241,0.0,0.0,0.0,0.656,0.0,0.0,0.0,0.0,0.103,0.0,0.0,0.0,0.0,0.0,0.0,0.0,47.0,600.0,2.0,1,0.01,0.01,30000,500.0,10.0,1.0,200.1813170873223,0.1053109246470797
69b7d4fe9605ebc57c7530a3,69b7d4fe9605ebc57c7530a3,69b7d4ff9605ebc57c7530a4,0.0,0.0,0.0,0.0,0.0,0.0,0.0,0.0,0.0,0.0,0.0,0.0,0.0,0.241,0.0,0.0,0.0,0.656,0.0,0.0,0.0,0.0,0.103,0.0,0.0,0.0,0.0,0.0,0.0,0.0,47.0,600.0,2.0,1,0.01,0.01,30000,500.0,10.0,1.0,214.0677884150469,0.15514467463676643
69b7d4fe9605ebc57c7530a3,69b7d4fe9605ebc57c7530a3,69b7d4ff9605ebc57c7530a4,0.0,0.0,0.0,0.0,0.0,0.0,0.0,0.0,0.0,0.0,0.0,0.0,0.0,0.241,0.0,0.0,0.0,0.656,0.0,0.0,0.0,0.0,0.103,0.0,0.0,0.0,0.0,0.0,0.0,0.0,47.0,600.0,2.0,1,0.01,0.01,30000,500.0,10.0,1.0,229.23073203752057,0.22600925719660403
69b7d4fe9605ebc57c7530a3,69b7d4fe9605ebc57c7530a3,69b7d4ff9605ebc57c7530a4,0.0,0.0,0.0,0.0,0.0,0.0,0.0,0.0,0.0,0.0,0.0,0.0,0.0,0.241,0.0,0.0,0.0,0.656,0.0,0.0,0.0,0.0,0.103,0.0,0.0,0.0,0.0,0.0,0.0,0.0,47.0,600.0,2.0,1,0.01,0.01,30000,500.0,10.0,1.0,241.76095155207426,0.29868897634547
69b7d4fe9605ebc57c7530a3,69b7d4fe9605ebc57c7530a3,69b7d4ff9605ebc57c7530a4,0.0,0.0,0.0,0.0,0.0,0.0,0.0,0.0,0.0,0.0,0.0,0.0,0.0,0.241,0.0,0.0,0.0,0.656,0.0,0.0,0.0,0.0,0.103,0.0,0.0,0.0,0.0,0.0,0.0,0.0,47.0,600.0,2.0,1,0.01,0.01,30000,500.0,10.0,1.0,252.63514166908422,0.3700980998820161
69b7d4fe9605ebc57c7530a3,69b7d4fe9605ebc57c7530a3,69b7d4ff9605ebc57c7530a4,0.0,0.0,0.0,0.0,0.0,0.0,0.0,0.0,0.0,0.0,0.0,0.0,0.0,0.241,0.0,0.0,0.0,0.656,0.0,0.0,0.0,0.0,0.103,0.0,0.0,0.0,0.0,0.0,0.0,0.0,47.0,600.0,2.0,1,0.01,0.01,30000,500.0,10.0,1.0,262.7260419688618,0.44217552370815905
69b7d4fe9605ebc57c7530a3,69b7d4fe9605ebc57c7530a3,69b7d4ff9605ebc57c7530a4,0.0,0.0,0.0,0.0,0.0,0.0,0.0,0.0,0.0,0.0,0.0,0.0,0.0,0.241,0.0,0.0,0.0,0.656,0.0,0.0,0.0,0.0,0.103,0.0,0.0,0.0,0.0,0.0,0.0,0.0,47.0,600.0,2.0,1,0.01,0.01,30000,500.0,10.0,1.0,272.35035296393,0.5119840267980166
69b7d4fe9605ebc57c7530a3,69b7d4fe9605ebc57c7530a3,69b7d4ff9605ebc57c7530a4,0.0,0.0,0.0,0.0,0.0,0.0,0.0,0.0,0.0,0.0,0.0,0.0,0.0,0.241,0.0,0.0,0.0,0.656,0.0,0.0,0.0,0.0,0.103,0.0,0.0,0.0,0.0,0.0,0.0,0.0,47.0,600.0,2.0,1,0.01,0.01,30000,500.0,10.0,1.0,282.2115849530993,0.5857445772794403
69b7d4fe9605ebc57c7530a3,69b7d4fe9605ebc57c7530a3,69b7d4ff9605ebc57c7530a4,0.0,0.0,0.0,0.0,0.0,0.0,0.0,0.0,0.0,0.0,0.0,0.0,0.0,0.241,0.0,0.0,0.0,0.656,0.0,0.0,0.0,0.0,0.103,0.0,0.0,0.0,0.0,0.0,0.0,0.0,47.0,600.0,2.0,1,0.01,0.01,30000,500.0,10.0,1.0,292.5998452760855,0.6567906734981807
69b7d4fe9605ebc57c7530a3,69b7d4fe9605ebc57c7530a3,69b7d4ff9605ebc57c7530a4,0.0,0.0,0.0,0.0,0.0,0.0,0.0,0.0,0.0,0.0,0.0,0.0,0.0,0.241,0.0,0.0,0.0,0.656,0.0,0.0,0.0,0.0,0.103,0.0,0.0,0.0,0.0,0.0,0.0,0.0,47.0,600.0,2.0,1,0.01,0.01,30000,500.0,10.0,1.0,304.5425974277149,0.7274654917782563
69b7d4fe9605ebc57c7530a3,69b7d4fe9605ebc57c7530a3,69b7d4ff9605ebc57c7530a4,0.0,0.0,0.0,0.0,0.0,0.0,0.0,0.0,0.0,0.0,0.0,0.0,0.0,0.241,0.0,0.0,0.0,0.656,0.0,0.0,0.0,0.0,0.103,0.0,0.0,0.0,0.0,0.0,0.0,0.0,47.0,600.0,2.0,1,0.01,0.01,30000,500.0,10.0,1.0,315.1194275215163,0.7794691550539179
69b7d4fe9605ebc57c7530a3,69b7d4fe9605ebc57c7530a3,69b7d4ff9605ebc57c7530a4,0.0,0.0,0.0,0.0,0.0,0.0,0.0,0.0,0.0,0.0,0.0,0.0,0.0,0.241,0.0,0.0,0.0,0.656,0.0,0.0,0.0,0.0,0.103,0.0,0.0,0.0,0.0,0.0,0.0,0.0,47.0,600.0,2.0,1,0.01,0.01,30000,500.0,10.0,1.0,333.20520259162555,0.8459279060749322
69b7d4fe9605ebc57c7530a3,69b7d4fe9605ebc57c7530a3,69b7d4ff9605ebc57c7530a4,0.0,0.0,0.0,0.0,0.0,0.0,0.0,0.0,0.0,0.0,0.0,0.0,0.0,0.241,0.0,0.0,0.0,0.656,0.0,0.0,0.0,0.0,0.103,0.0,0.0,0.0,0.0,0.0,0.0,0.0,47.0,600.0,2.0,1,0.01,0.01,30000,500.0,10.0,1.0,354.42897205299295,0.8984431078438653
69b7d4fe9605ebc57c7530a3,69b7d4fe9605ebc57c7530a3,69b7d4ff9605ebc57c7530a4,0.0,0.0,0.0,0.0,0.0,0.0,0.0,0.0,0.0,0.0,0.0,0.0,0.0,0.241,0.0,0.0,0.0,0.656,0.0,0.0,0.0,0.0,0.103,0.0,0.0,0.0,0.0,0.0,0.0,0.0,47.0,600.0,2.0,1,0.01,0.01,30000,500.0,10.0,1.0,375.89933275311864,0.9351006163213782
69b7d4fe9605ebc57c7530a3,69b7d4fe9605ebc57c7530a3,69b7d4ff9605ebc57c7530a4,0.0,0.0,0.0,0.0,0.0,0.0,0.0,0.0,0.0,0.0,0.0,0.0,0.0,0.241,0.0,0.0,0.0,0.656,0.0,0.0,0.0,0.0,0.103,0.0,0.0,0.0,0.0,0.0,0.0,0.0,47.0,600.0,2.0,1,0.01,0.01,30000,500.0,10.0,1.0,396.8692582922348,0.960265009941998
69b7d4fe9605ebc57c7530a3,69b7d4fe9605ebc57c7530a3,69b7d4ff9605ebc57c7530a4,0.0,0.0,0.0,0.0,0.0,0.0,0.0,0.0,0.0,0.0,0.0,0.0,0.0,0.241,0.0,0.0,0.0,0.656,0.0,0.0,0.0,0.0,0.103,0.0,0.0,0.0,0.0,0.0,0.0,0.0,47.0,600.0,2.0,1,0.01,0.01,30000,500.0,10.0,1.0,418.9609322115849,0.9788206562543832
69b7d4ff9605ebc57c7530a5,69b7d4ff9605ebc57c7530a5,69b7d4ff9605ebc57c7530a6,0.0,0.0,0.0,0.0,0.0,0.0,0.0,0.0,0.0,0.0,0.0,0.0,0.0,0.242,0.0,0.0,0.0,0.644,0.0,0.0,0.0,0.114,0.0,0.0,0.0,0.0,0.0,0.0,0.0,0.0,40.0,600.0,2.0,1,0.01,0.01,30000,500.0,10.0,1.0,168.41214582728944,0.037342310008828164
69b7d4ff9605ebc57c7530a5,69b7d4ff9605ebc57c7530a5,69b7d4ff9605ebc57c7530a6,0.0,0.0,0.0,0.0,0.0,0.0,0.0,0.0,0.0,0.0,0.0,0.0,0.0,0.242,0.0,0.0,0.0,0.644,0.0,0.0,0.0,0.114,0.0,0.0,0.0,0.0,0.0,0.0,0.0,0.0,40.0,600.0,2.0,1,0.01,0.01,30000,500.0,10.0,1.0,190.45546852335363,0.06654950785046575
69b7d4ff9605ebc57c7530a5,69b7d4ff9605ebc57c7530a5,69b7d4ff9605ebc57c7530a6,0.0,0.0,0.0,0.0,0.0,0.0,0.0,0.0,0.0,0.0,0.0,0.0,0.0,0.242,0.0,0.0,0.0,0.644,0.0,0.0,0.0,0.114,0.0,0.0,0.0,0.0,0.0,0.0,0.0,0.0,40.0,600.0,2.0,1,0.01,0.01,30000,500.0,10.0,1.0,215.55217096992556,0.12124287352623284
69b7d4ff9605ebc57c7530a5,69b7d4ff9605ebc57c7530a5,69b7d4ff9605ebc57c7530a6,0.0,0.0,0.0,0.0,0.0,0.0,0.0,0.0,0.0,0.0,0.0,0.0,0.0,0.242,0.0,0.0,0.0,0.644,0.0,0.0,0.0,0.114,0.0,0.0,0.0,0.0,0.0,0.0,0.0,0.0,40.0,600.0,2.0,1,0.01,0.01,30000,500.0,10.0,1.0,235.8403442607098,0.19384833708736582
69b7d4ff9605ebc57c7530a5,69b7d4ff9605ebc57c7530a5,69b7d4ff9605ebc57c7530a6,0.0,0.0,0.0,0.0,0.0,0.0,0.0,0.0,0.0,0.0,0.0,0.0,0.0,0.242,0.0,0.0,0.0,0.644,0.0,0.0,0.0,0.114,0.0,0.0,0.0,0.0,0.0,0.0,0.0,0.0,40.0,600.0,2.0,1,0.01,0.01,30000,500.0,10.0,1.0,251.63668890822936,0.26727886273442075
69b7d4ff9605ebc57c7530a5,69b7d4ff9605ebc57c7530a5,69b7d4ff9605ebc57c7530a6,0.0,0.0,0.0,0.0,0.0,0.0,0.0,0.0,0.0,0.0,0.0,0.0,0.0,0.242,0.0,0.0,0.0,0.644,0.0,0.0,0.0,0.114,0.0,0.0,0.0,0.0,0.0,0.0,0.0,0.0,40.0,600.0,2.0,1,0.01,0.01,30000,500.0,10.0,1.0,262.59065854366116,0.331443941156572
69b7d4ff9605ebc57c7530a5,69b7d4ff9605ebc57c7530a5,69b7d4ff9605ebc57c7530a6,0.0,0.0,0.0,0.0,0.0,0.0,0.0,0.0,0.0,0.0,0.0,0.0,0.0,0.242,0.0,0.0,0.0,0.644,0.0,0.0,0.0,0.114,0.0,0.0,0.0,0.0,0.0,0.0,0.0,0.0,40.0,600.0,2.0,1,0.01,0.01,30000,500.0,10.0,1.0,275.5826322405957,0.41722564622987884
69b7d4ff9605ebc57c7530a5,69b7d4ff9605ebc57c7530a5,69b7d4ff9605ebc57c7530a6,0.0,0.0,0.0,0.0,0.0,0.0,0.0,0.0,0.0,0.0,0.0,0.0,0.0,0.242,0.0,0.0,0.0,0.644,0.0,0.0,0.0,0.114,0.0,0.0,0.0,0.0,0.0,0.0,0.0,0.0,40.0,600.0,2.0,1,0.01,0.01,30000,500.0,10.0,1.0,288.1225219998066,0.5005486662871381
69b7d4ff9605ebc57c7530a5,69b7d4ff9605ebc57c7530a5,69b7d4ff9605ebc57c7530a6,0.0,0.0,0.0,0.0,0.0,0.0,0.0,0.0,0.0,0.0,0.0,0.0,0.0,0.242,0.0,0.0,0.0,0.644,0.0,0.0,0.0,0.114,0.0,0.0,0.0,0.0,0.0,0.0,0.0,0.0,40.0,600.0,2.0,1,0.01,0.01,30000,500.0,10.0,1.0,299.4560487380331,0.5770484228938227
69b7d4ff9605ebc57c7530a5,69b7d4ff9605ebc57c7530a5,69b7d4ff9605ebc57c7530a6,0.0,0.0,0.0,0.0,0.0,0.0,0.0,0.0,0.0,0.0,0.0,0.0,0.0,0.242,0.0,0.0,0.0,0.644,0.0,0.0,0.0,0.114,0.0,0.0,0.0,0.0,0.0,0.0,0.0,0.0,40.0,600.0,2.0,1,0.01,0.01,30000,500.0,10.0,1.0,312.2497824194952,0.6514855242857025
69b7d4ff9605ebc57c7530a5,69b7d4ff9605ebc57c7530a5,69b7d4ff9605ebc57c7530a6,0.0,0.0,0.0,0.0,0.0,0.0,0.0,0.0,0.0,0.0,0.0,0.0,0.0,0.242,0.0,0.0,0.0,0.644,0.0,0.0,0.0,0.114,0.0,0.0,0.0,0.0,0.0,0.0,0.0,0.0,40.0,600.0,2.0,1,0.01,0.01,30000,500.0,10.0,1.0,326.0298810559907,0.7261783949242181
69b7d4ff9605ebc57c7530a5,69b7d4ff9605ebc57c7530a5,69b7d4ff9605ebc57c7530a6,0.0,0.0,0.0,0.0,0.0,0.0,0.0,0.0,0.0,0.0,0.0,0.0,0.0,0.242,0.0,0.0,0.0,0.644,0.0,0.0,0.0,0.114,0.0,0.0,0.0,0.0,0.0,0.0,0.0,0.0,40.0,600.0,2.0,1,0.01,0.01,30000,500.0,10.0,1.0,339.7398704187216,0.7880745526100839
69b7d4ff9605ebc57c7530a5,69b7d4ff9605ebc57c7530a5,69b7d4ff9605ebc57c7530a6,0.0,0.0,0.0,0.0,0.0,0.0,0.0,0.0,0.0,0.0,0.0,0.0,0.0,0.242,0.0,0.0,0.0,0.644,0.0,0.0,0.0,0.114,0.0,0.0,0.0,0.0,0.0,0.0,0.0,0.0,40.0,600.0,2.0,1,0.01,0.01,30000,500.0,10.0,1.0,360.1851851851852,0.8611915546644885
69b7d4ff9605ebc57c7530a5,69b7d4ff9605ebc57c7530a5,69b7d4ff9605ebc57c7530a6,0.0,0.0,0.0,0.0,0.0,0.0,0.0,0.0,0.0,0.0,0.0,0.0,0.0,0.242,0.0,0.0,0.0,0.644,0.0,0.0,0.0,0.114,0.0,0.0,0.0,0.0,0.0,0.0,0.0,0.0,40.0,600.0,2.0,1,0.01,0.01,30000,500.0,10.0,1.0,378.657770041582,0.9070485054000313
69b7d4ff9605ebc57c7530a5,69b7d4ff9605ebc57c7530a5,69b7d4ff9605ebc57c7530a6,0.0,0.0,0.0,0.0,0.0,0.0,0.0,0.0,0.0,0.0,0.0,0.0,0.0,0.242,0.0,0.0,0.0,0.644,0.0,0.0,0.0,0.114,0.0,0.0,0.0,0.0,0.0,0.0,0.0,0.0,40.0,600.0,2.0,1,0.01,0.01,30000,500.0,10.0,1.0,400.9114205589401,0.9449436070064272
69b7d4ff9605ebc57c7530a5,69b7d4ff9605ebc57c7530a5,69b7d4ff9605ebc57c7530a6,0.0,0.0,0.0,0.0,0.0,0.0,0.0,0.0,0.0,0.0,0.0,0.0,0.0,0.242,0.0,0.0,0.0,0.644,0.0,0.0,0.0,0.114,0.0,0.0,0.0,0.0,0.0,0.0,0.0,0.0,40.0,600.0,2.0,1,0.01,0.01,30000,500.0,10.0,1.0,428.71337394836087,0.977541810021204
69b7d5009605ebc57c7530a7,69b7d5009605ebc57c7530a7,69b7d5009605ebc57c7530a8,0.0,0.0,0.0,0.0,0.0,0.0,0.0,0.0,0.0,0.0,0.0,0.0,0.0,0.23123123123123124,0.0,0.0,0.0,0.6516516516516516,0.0,0.0,0.11711711711711713,0.0,0.0,0.0,0.0,0.0,0.0,0.0,0.0,0.0,62.0,600.0,2.0,1,0.01,0.01,30000,500.0,10.0,1.0,165.03964800309447,0.06520465665041295
69b7d5009605ebc57c7530a7,69b7d5009605ebc57c7530a7,69b7d5009605ebc57c7530a8,0.0,0.0,0.0,0.0,0.0,0.0,0.0,0.0,0.0,0.0,0.0,0.0,0.0,0.23123123123123124,0.0,0.0,0.0,0.6516516516516516,0.0,0.0,0.11711711711711713,0.0,0.0,0.0,0.0,0.0,0.0,0.0,0.0,0.0,62.0,600.0,2.0,1,0.01,0.01,30000,500.0,10.0,1.0,195.49608355091385,0.12421309703555192
69b7d5009605ebc57c7530a7,69b7d5009605ebc57c7530a7,69b7d5009605ebc57c7530a8,0.0,0.0,0.0,0.0,0.0,0.0,0.0,0.0,0.0,0.0,0.0,0.0,0.0,0.23123123123123124,0.0,0.0,0.0,0.6516516516516516,0.0,0.0,0.11711711711711713,0.0,0.0,0.0,0.0,0.0,0.0,0.0,0.0,0.0,62.0,600.0,2.0,1,0.01,0.01,30000,500.0,10.0,1.0,210.4341939851078,0.17947575555060516
69b7d5009605ebc57c7530a7,69b7d5009605ebc57c7530a7,69b7d5009605ebc57c7530a8,0.0,0.0,0.0,0.0,0.0,0.0,0.0,0.0,0.0,0.0,0.0,0.0,0.0,0.23123123123123124,0.0,0.0,0.0,0.6516516516516516,0.0,0.0,0.11711711711711713,0.0,0.0,0.0,0.0,0.0,0.0,0.0,0.0,0.0,62.0,600.0,2.0,1,0.01,0.01,30000,500.0,10.0,1.0,226.6028430519292,0.2613136638532049
69b7d5009605ebc57c7530a7,69b7d5009605ebc57c7530a7,69b7d5009605ebc57c7530a8,0.0,0.0,0.0,0.0,0.0,0.0,0.0,0.0,0.0,0.0,0.0,0.0,0.0,0.23123123123123124,0.0,0.0,0.0,0.6516516516516516,0.0,0.0,0.11711711711711713,0.0,0.0,0.0,0.0,0.0,0.0,0.0,0.0,0.0,62.0,600.0,2.0,1,0.01,0.01,30000,500.0,10.0,1.0,180.74896044869934,0.0889004397580918
69b7d5009605ebc57c7530a7,69b7d5009605ebc57c7530a7,69b7d5009605ebc57c7530a8,0.0,0.0,0.0,0.0,0.0,0.0,0.0,0.0,0.0,0.0,0.0,0.0,0.0,0.23123123123123124,0.0,0.0,0.0,0.6516516516516516,0.0,0.0,0.11711711711711713,0.0,0.0,0.0,0.0,0.0,0.0,0.0,0.0,0.0,62.0,600.0,2.0,1,0.01,0.01,30000,500.0,10.0,1.0,239.1572381781259,0.33840746516175346
69b7d5009605ebc57c7530a7,69b7d5009605ebc57c7530a7,69b7d5009605ebc57c7530a8,0.0,0.0,0.0,0.0,0.0,0.0,0.0,0.0,0.0,0.0,0.0,0.0,0.0,0.23123123123123124,0.0,0.0,0.0,0.6516516516516516,0.0,0.0,0.11711711711711713,0.0,0.0,0.0,0.0,0.0,0.0,0.0,0.0,0.0,62.0,600.0,2.0,1,0.01,0.01,30000,500.0,10.0,1.0,251.0298810559907,0.42076516257848406
69b7d5009605ebc57c7530a7,69b7d5009605ebc57c7530a7,69b7d5009605ebc57c7530a8,0.0,0.0,0.0,0.0,0.0,0.0,0.0,0.0,0.0,0.0,0.0,0.0,0.0,0.23123123123123124,0.0,0.0,0.0,0.6516516516516516,0.0,0.0,0.11711711711711713,0.0,0.0,0.0,0.0,0.0,0.0,0.0,0.0,0.0,62.0,600.0,2.0,1,0.01,0.01,30000,500.0,10.0,1.0,261.6744028623924,0.502834088265142
69b7d5009605ebc57c7530a7,69b7d5009605ebc57c7530a7,69b7d5009605ebc57c7530a8,0.0,0.0,0.0,0.0,0.0,0.0,0.0,0.0,0.0,0.0,0.0,0.0,0.0,0.23123123123123124,0.0,0.0,0.0,0.6516516516516516,0.0,0.0,0.11711711711711713,0.0,0.0,0.0,0.0,0.0,0.0,0.0,0.0,0.0,62.0,600.0,2.0,1,0.01,0.01,30000,500.0,10.0,1.0,271.54530509621895,0.5802249119246223
69b7d5009605ebc57c7530a7,69b7d5009605ebc57c7530a7,69b7d5009605ebc57c7530a8,0.0,0.0,0.0,0.0,0.0,0.0,0.0,0.0,0.0,0.0,0.0,0.0,0.0,0.23123123123123124,0.0,0.0,0.0,0.6516516516516516,0.0,0.0,0.11711711711711713,0.0,0.0,0.0,0.0,0.0,0.0,0.0,0.0,0.0,62.0,600.0,2.0,1,0.01,0.01,30000,500.0,10.0,1.0,282.2961995938497,0.6636469394321922
69b7d5009605ebc57c7530a7,69b7d5009605ebc57c7530a7,69b7d5009605ebc57c7530a8,0.0,0.0,0.0,0.0,0.0,0.0,0.0,0.0,0.0,0.0,0.0,0.0,0.0,0.23123123123123124,0.0,0.0,0.0,0.6516516516516516,0.0,0.0,0.11711711711711713,0.0,0.0,0.0,0.0,0.0,0.0,0.0,0.0,0.0,62.0,600.0,2.0,1,0.01,0.01,30000,500.0,10.0,1.0,293.5330238855043,0.7436614605249044
69b7d5009605ebc57c7530a7,69b7d5009605ebc57c7530a7,69b7d5009605ebc57c7530a8,0.0,0.0,0.0,0.0,0.0,0.0,0.0,0.0,0.0,0.0,0.0,0.0,0.0,0.23123123123123124,0.0,0.0,0.0,0.6516516516516516,0.0,0.0,0.11711711711711713,0.0,0.0,0.0,0.0,0.0,0.0,0.0,0.0,0.0,62.0,600.0,2.0,1,0.01,0.01,30000,500.0,10.0,1.0,303.3604100183735,0.8029669232609754
69b7d5009605ebc57c7530a7,69b7d5009605ebc57c7530a7,69b7d5009605ebc57c7530a8,0.0,0.0,0.0,0.0,0.0,0.0,0.0,0.0,0.0,0.0,0.0,0.0,0.0,0.23123123123123124,0.0,0.0,0.0,0.6516516516516516,0.0,0.0,0.11711711711711713,0.0,0.0,0.0,0.0,0.0,0.0,0.0,0.0,0.0,62.0,600.0,2.0,1,0.01,0.01,30000,500.0,10.0,1.0,315.994584662992,0.8618351030915076
69b7d5009605ebc57c7530a7,69b7d5009605ebc57c7530a7,69b7d5009605ebc57c7530a8,0.0,0.0,0.0,0.0,0.0,0.0,0.0,0.0,0.0,0.0,0.0,0.0,0.0,0.23123123123123124,0.0,0.0,0.0,0.6516516516516516,0.0,0.0,0.11711711711711713,0.0,0.0,0.0,0.0,0.0,0.0,0.0,0.0,0.0,62.0,600.0,2.0,1,0.01,0.01,30000,500.0,10.0,1.0,334.30035779905234,0.9227906899994224
69b7d5009605ebc57c7530a7,69b7d5009605ebc57c7530a7,69b7d5009605ebc57c7530a8,0.0,0.0,0.0,0.0,0.0,0.0,0.0,0.0,0.0,0.0,0.0,0.0,0.0,0.23123123123123124,0.0,0.0,0.0,0.6516516516516516,0.0,0.0,0.11711711711711713,0.0,0.0,0.0,0.0,0.0,0.0,0.0,0.0,0.0,62.0,600.0,2.0,1,0.01,0.01,30000,500.0,10.0,1.0,350.918673242433,0.9557766721945826
69b7d5009605ebc57c7530a7,69b7d5009605ebc57c7530a7,69b7d5009605ebc57c7530a8,0.0,0.0,0.0,0.0,0.0,0.0,0.0,0.0,0.0,0.0,0.0,0.0,0.0,0.23123123123123124,0.0,0.0,0.0,0.6516516516516516,0.0,0.0,0.11711711711711713,0.0,0.0,0.0,0.0,0.0,0.0,0.0,0.0,0.0,62.0,600.0,2.0,1,0.01,0.01,30000,500.0,10.0,1.0,374.26989652838216,0.984150557329439
69b7d5009605ebc57c7530a9,69b7d5009605ebc57c7530a9,69b7d5019605ebc57c7530aa,0.0,0.0,0.0,0.0,0.0,0.0,0.0,0.0,0.0,0.0,0.0,0.0,0.0,0.224,0.0,0.0,0.0,0.657,0.0,0.119,0.0,0.0,0.0,0.0,0.0,0.0,0.0,0.0,0.0,0.0,47.0,600.0,2.0,1,0.01,0.01,30000,500.0,10.0,1.0,140.15085581665215,0.04967698819336155
69b7d5009605ebc57c7530a9,69b7d5009605ebc57c7530a9,69b7d5019605ebc57c7530aa,0.0,0.0,0.0,0.0,0.0,0.0,0.0,0.0,0.0,0.0,0.0,0.0,0.0,0.224,0.0,0.0,0.0,0.657,0.0,0.119,0.0,0.0,0.0,0.0,0.0,0.0,0.0,0.0,0.0,0.0,47.0,600.0,2.0,1,0.01,0.01,30000,500.0,10.0,1.0,161.71066627985687,0.06747357738669835
69b7d5009605ebc57c7530a9,69b7d5009605ebc57c7530a9,69b7d5019605ebc57c7530aa,0.0,0.0,0.0,0.0,0.0,0.0,0.0,0.0,0.0,0.0,0.0,0.0,0.0,0.224,0.0,0.0,0.0,0.657,0.0,0.119,0.0,0.0,0.0,0.0,0.0,0.0,0.0,0.0,0.0,0.0,47.0,600.0,2.0,1,0.01,0.01,30000,500.0,10.0,1.0,181.40895464655256,0.10280273590587692
69b7d5009605ebc57c7530a9,69b7d5009605ebc57c7530a9,69b7d5019605ebc57c7530aa,0.0,0.0,0.0,0.0,0.0,0.0,0.0,0.0,0.0,0.0,0.0,0.0,0.0,0.224,0.0,0.0,0.0,0.657,0.0,0.119,0.0,0.0,0.0,0.0,0.0,0.0,0.0,0.0,0.0,0.0,47.0,600.0,2.0,1,0.01,0.01,30000,500.0,10.0,1.0,198.5639686684073,0.16426986130706336
69b7d5009605ebc57c7530a9,69b7d5009605ebc57c7530a9,69b7d5019605ebc57c7530aa,0.0,0.0,0.0,0.0,0.0,0.0,0.0,0.0,0.0,0.0,0.0,0.0,0.0,0.224,0.0,0.0,0.0,0.657,0.0,0.119,0.0,0.0,0.0,0.0,0.0,0.0,0.0,0.0,0.0,0.0,47.0,600.0,2.0,1,0.01,0.01,30000,500.0,10.0,1.0,210.7412242529736,0.23329455541529498
69b7d5009605ebc57c7530a9,69b7d5009605ebc57c7530a9,69b7d5019605ebc57c7530aa,0.0,0.0,0.0,0.0,0.0,0.0,0.0,0.0,0.0,0.0,0.0,0.0,0.0,0.224,0.0,0.0,0.0,0.657,0.0,0.119,0.0,0.0,0.0,0.0,0.0,0.0,0.0,0.0,0.0,0.0,47.0,600.0,2.0,1,0.01,0.01,30000,500.0,10.0,1.0,221.30596654095348,0.3030618054008564
69b7d5009605ebc57c7530a9,69b7d5009605ebc57c7530a9,69b7d5019605ebc57c7530aa,0.0,0.0,0.0,0.0,0.0,0.0,0.0,0.0,0.0,0.0,0.0,0.0,0.0,0.224,0.0,0.0,0.0,0.657,0.0,0.119,0.0,0.0,0.0,0.0,0.0,0.0,0.0,0.0,0.0,0.0,47.0,600.0,2.0,1,0.01,0.01,30000,500.0,10.0,1.0,230.95203558650033,0.37469369570060146
69b7d5009605ebc57c7530a9,69b7d5009605ebc57c7530a9,69b7d5019605ebc57c7530aa,0.0,0.0,0.0,0.0,0.0,0.0,0.0,0.0,0.0,0.0,0.0,0.0,0.0,0.224,0.0,0.0,0.0,0.657,0.0,0.119,0.0,0.0,0.0,0.0,0.0,0.0,0.0,0.0,0.0,0.0,47.0,600.0,2.0,1,0.01,0.01,30000,500.0,10.0,1.0,239.9236050672082,0.4435698786333671
69b7d5009605ebc57c7530a9,69b7d5009605ebc57c7530a9,69b7d5019605ebc57c7530aa,0.0,0.0,0.0,0.0,0.0,0.0,0.0,0.0,0.0,0.0,0.0,0.0,0.0,0.224,0.0,0.0,0.0,0.657,0.0,0.119,0.0,0.0,0.0,0.0,0.0,0.0,0.0,0.0,0.0,0.0,47.0,600.0,2.0,1,0.01,0.01,30000,500.0,10.0,1.0,248.05386326274055,0.5099461234457893
69b7d5009605ebc57c7530a9,69b7d5009605ebc57c7530a9,69b7d5019605ebc57c7530aa,0.0,0.0,0.0,0.0,0.0,0.0,0.0,0.0,0.0,0.0,0.0,0.0,0.0,0.224,0.0,0.0,0.0,0.657,0.0,0.119,0.0,0.0,0.0,0.0,0.0,0.0,0.0,0.0,0.0,0.0,47.0,600.0,2.0,1,0.01,0.01,30000,500.0,10.0,1.0,256.34126293395224,0.5739709413133338
69b7d5009605ebc57c7530a9,69b7d5009605ebc57c7530a9,69b7d5019605ebc57c7530aa,0.0,0.0,0.0,0.0,0.0,0.0,0.0,0.0,0.0,0.0,0.0,0.0,0.0,0.224,0.0,0.0,0.0,0.657,0.0,0.119,0.0,0.0,0.0,0.0,0.0,0.0,0.0,0.0,0.0,0.0,47.0,600.0,2.0,1,0.01,0.01,30000,500.0,10.0,1.0,265.0203075137801,0.642715114312352
69b7d5009605ebc57c7530a9,69b7d5009605ebc57c7530a9,69b7d5019605ebc57c7530aa,0.0,0.0,0.0,0.0,0.0,0.0,0.0,0.0,0.0,0.0,0.0,0.0,0.0,0.224,0.0,0.0,0.0,0.657,0.0,0.119,0.0,0.0,0.0,0.0,0.0,0.0,0.0,0.0,0.0,0.0,47.0,600.0,2.0,1,0.01,0.01,30000,500.0,10.0,1.0,274.2336331109177,0.7095616445137496
69b7d5009605ebc57c7530a9,69b7d5009605ebc57c7530a9,69b7d5019605ebc57c7530aa,0.0,0.0,0.0,0.0,0.0,0.0,0.0,0.0,0.0,0.0,0.0,0.0,0.0,0.224,0.0,0.0,0.0,0.657,0.0,0.119,0.0,0.0,0.0,0.0,0.0,0.0,0.0,0.0,0.0,0.0,47.0,600.0,2.0,1,0.01,0.01,30000,500.0,10.0,1.0,283.3164104051832,0.7706162388719752
69b7d5009605ebc57c7530a9,69b7d5009605ebc57c7530a9,69b7d5019605ebc57c7530aa,0.0,0.0,0.0,0.0,0.0,0.0,0.0,0.0,0.0,0.0,0.0,0.0,0.0,0.224,0.0,0.0,0.0,0.657,0.0,0.119,0.0,0.0,0.0,0.0,0.0,0.0,0.0,0.0,0.0,0.0,47.0,600.0,2.0,1,0.01,0.01,30000,500.0,10.0,1.0,293.21148825065274,0.8312087984620843
69b7d5009605ebc57c7530a9,69b7d5009605ebc57c7530a9,69b7d5019605ebc57c7530aa,0.0,0.0,0.0,0.0,0.0,0.0,0.0,0.0,0.0,0.0,0.0,0.0,0.0,0.224,0.0,0.0,0.0,0.657,0.0,0.119,0.0,0.0,0.0,0.0,0.0,0.0,0.0,0.0,0.0,0.0,47.0,600.0,2.0,1,0.01,0.01,30000,500.0,10.0,1.0,307.0882893337201,0.893550489674348
69b7d5009605ebc57c7530a9,69b7d5009605ebc57c7530a9,69b7d5019605ebc57c7530aa,0.0,0.0,0.0,0.0,0.0,0.0,0.0,0.0,0.0,0.0,0.0,0.0,0.0,0.224,0.0,0.0,0.0,0.657,0.0,0.119,0.0,0.0,0.0,0.0,0.0,0.0,0.0,0.0,0.0,0.0,47.0,600.0,2.0,1,0.01,0.01,30000,500.0,10.0,1.0,319.04554685233535,0.9331947229028984
69b7d5009605ebc57c7530a9,69b7d5009605ebc57c7530a9,69b7d5019605ebc57c7530aa,0.0,0.0,0.0,0.0,0.0,0.0,0.0,0.0,0.0,0.0,0.0,0.0,0.0,0.224,0.0,0.0,0.0,0.657,0.0,0.119,0.0,0.0,0.0,0.0,0.0,0.0,0.0,0.0,0.0,0.0,47.0,600.0,2.0,1,0.01,0.01,30000,500.0,10.0,1.0,331.41862489120973,0.9611643276156531
69b7d5009605ebc57c7530a9,69b7d5009605ebc57c7530a9,69b7d5019605ebc57c7530aa,0.0,0.0,0.0,0.0,0.0,0.0,0.0,0.0,0.0,0.0,0.0,0.0,0.0,0.224,0.0,0.0,0.0,0.657,0.0,0.119,0.0,0.0,0.0,0.0,0.0,0.0,0.0,0.0,0.0,0.0,47.0,600.0,2.0,1,0.01,0.01,30000,500.0,10.0,1.0,346.07629823034523,0.9819971452851827
69b7d5019605ebc57c7530ab,69b7d5019605ebc57c7530ab,69b7d5019605ebc57c7530ac,0.0,0.0,0.0,0.0,0.0,0.0,0.0,0.0,0.0,0.0,0.0,0.0,0.0,0.233,0.0,0.0,0.0,0.64,0.127,0.0,0.0,0.0,0.0,0.0,0.0,0.0,0.0,0.0,0.0,0.0,45.0,600.0,2.0,1,0.01,0.01,30000,500.0,10.0,1.0,110.6421042452374,0.05338976758001039
69b7d5019605ebc57c7530ab,69b7d5019605ebc57c7530ab,69b7d5019605ebc57c7530ac,0.0,0.0,0.0,0.0,0.0,0.0,0.0,0.0,0.0,0.0,0.0,0.0,0.0,0.233,0.0,0.0,0.0,0.64,0.127,0.0,0.0,0.0,0.0,0.0,0.0,0.0,0.0,0.0,0.0,0.0,45.0,600.0,2.0,1,0.01,0.01,30000,500.0,10.0,1.0,127.69558069819166,0.08007227543872678
69b7d5019605ebc57c7530ab,69b7d5019605ebc57c7530ab,69b7d5019605ebc57c7530ac,0.0,0.0,0.0,0.0,0.0,0.0,0.0,0.0,0.0,0.0,0.0,0.0,0.0,0.233,0.0,0.0,0.0,0.64,0.127,0.0,0.0,0.0,0.0,0.0,0.0,0.0,0.0,0.0,0.0,0.0,45.0,600.0,2.0,1,0.01,0.01,30000,500.0,10.0,1.0,144.57499274731651,0.11745583855185103
69b7d5019605ebc57c7530ab,69b7d5019605ebc57c7530ab,69b7d5019605ebc57c7530ac,0.0,0.0,0.0,0.0,0.0,0.0,0.0,0.0,0.0,0.0,0.0,0.0,0.0,0.233,0.0,0.0,0.0,0.64,0.127,0.0,0.0,0.0,0.0,0.0,0.0,0.0,0.0,0.0,0.0,0.0,45.0,600.0,2.0,1,0.01,0.01,30000,500.0,10.0,1.0,161.06275988782517,0.17190993622270073
69b7d5019605ebc57c7530ab,69b7d5019605ebc57c7530ab,69b7d5019605ebc57c7530ac,0.0,0.0,0.0,0.0,0.0,0.0,0.0,0.0,0.0,0.0,0.0,0.0,0.0,0.233,0.0,0.0,0.0,0.64,0.127,0.0,0.0,0.0,0.0,0.0,0.0,0.0,0.0,0.0,0.0,0.0,45.0,600.0,2.0,1,0.01,0.01,30000,500.0,10.0,1.0,175.07010927376461,0.2399775583112629
69b7d5019605ebc57c7530ab,69b7d5019605ebc57c7530ab,69b7d5019605ebc57c7530ac,0.0,0.0,0.0,0.0,0.0,0.0,0.0,0.0,0.0,0.0,0.0,0.0,0.0,0.233,0.0,0.0,0.0,0.64,0.127,0.0,0.0,0.0,0.0,0.0,0.0,0.0,0.0,0.0,0.0,0.0,45.0,600.0,2.0,1,0.01,0.01,30000,500.0,10.0,1.0,189.8510782322793,0.331666707919771
69b7d5019605ebc57c7530ab,69b7d5019605ebc57c7530ab,69b7d5019605ebc57c7530ac,0.0,0.0,0.0,0.0,0.0,0.0,0.0,0.0,0.0,0.0,0.0,0.0,0.0,0.233,0.0,0.0,0.0,0.64,0.127,0.0,0.0,0.0,0.0,0.0,0.0,0.0,0.0,0.0,0.0,0.0,45.0,600.0,2.0,1,0.01,0.01,30000,500.0,10.0,1.0,201.06130935112657,0.42106218492941594
69b7d5019605ebc57c7530ab,69b7d5019605ebc57c7530ab,69b7d5019605ebc57c7530ac,0.0,0.0,0.0,0.0,0.0,0.0,0.0,0.0,0.0,0.0,0.0,0.0,0.0,0.233,0.0,0.0,0.0,0.64,0.127,0.0,0.0,0.0,0.0,0.0,0.0,0.0,0.0,0.0,0.0,0.0,45.0,600.0,2.0,1,0.01,0.01,30000,500.0,10.0,1.0,212.3682429165458,0.5282872536158346
69b7d5019605ebc57c7530ab,69b7d5019605ebc57c7530ab,69b7d5019605ebc57c7530ac,0.0,0.0,0.0,0.0,0.0,0.0,0.0,0.0,0.0,0.0,0.0,0.0,0.0,0.233,0.0,0.0,0.0,0.64,0.127,0.0,0.0,0.0,0.0,0.0,0.0,0.0,0.0,0.0,0.0,0.0,45.0,600.0,2.0,1,0.01,0.01,30000,500.0,10.0,1.0,223.75253843922252,0.64072671468528
69b7d5019605ebc57c7530ab,69b7d5019605ebc57c7530ab,69b7d5019605ebc57c7530ac,0.0,0.0,0.0,0.0,0.0,0.0,0.0,0.0,0.0,0.0,0.0,0.0,0.0,0.233,0.0,0.0,0.0,0.64,0.127,0.0,0.0,0.0,0.0,0.0,0.0,0.0,0.0,0.0,0.0,0.0,45.0,600.0,2.0,1,0.01,0.01,30000,500.0,10.0,1.0,233.03839087128904,0.7319785813882494
69b7d5019605ebc57c7530ab,69b7d5019605ebc57c7530ab,69b7d5019605ebc57c7530ac,0.0,0.0,0.0,0.0,0.0,0.0,0.0,0.0,0.0,0.0,0.0,0.0,0.0,0.233,0.0,0.0,0.0,0.64,0.127,0.0,0.0,0.0,0.0,0.0,0.0,0.0,0.0,0.0,0.0,0.0,45.0,600.0,2.0,1,0.01,0.01,30000,500.0,10.0,1.0,241.19040711730008,0.8039239952806448
69b7d5019605ebc57c7530ab,69b7d5019605ebc57c7530ab,69b7d5019605ebc57c7530ac,0.0,0.0,0.0,0.0,0.0,0.0,0.0,0.0,0.0,0.0,0.0,0.0,0.0,0.233,0.0,0.0,0.0,0.64,0.127,0.0,0.0,0.0,0.0,0.0,0.0,0.0,0.0,0.0,0.0,0.0,45.0,600.0,2.0,1,0.01,0.01,30000,500.0,10.0,1.0,250.90175031428294,0.8719998679900662
69b7d5019605ebc57c7530ab,69b7d5019605ebc57c7530ab,69b7d5019605ebc57c7530ac,0.0,0.0,0.0,0.0,0.0,0.0,0.0,0.0,0.0,0.0,0.0,0.0,0.0,0.233,0.0,0.0,0.0,0.64,0.127,0.0,0.0,0.0,0.0,0.0,0.0,0.0,0.0,0.0,0.0,0.0,45.0,600.0,2.0,1,0.01,0.01,30000,500.0,10.0,1.0,263.95658060148924,0.9367754923557997
69b7d5019605ebc57c7530ab,69b7d5019605ebc57c7530ab,69b7d5019605ebc57c7530ac,0.0,0.0,0.0,0.0,0.0,0.0,0.0,0.0,0.0,0.0,0.0,0.0,0.0,0.233,0.0,0.0,0.0,0.64,0.127,0.0,0.0,0.0,0.0,0.0,0.0,0.0,0.0,0.0,0.0,0.0,45.0,600.0,2.0,1,0.01,0.01,30000,500.0,10.0,1.0,279.05183251136253,0.9764279762052094
69b7d5029605ebc57c7530ad,69b7d5029605ebc57c7530ad,69b7d5029605ebc57c7530ae,0.0,0.0,0.0,0.0,0.0,0.0,0.0,0.0,0.0,0.0,0.0,0.0,0.0,0.225,0.0,0.0,0.108,0.667,0.0,0.0,0.0,0.0,0.0,0.0,0.0,0.0,0.0,0.0,0.0,0.0,65.0,600.0,2.0,1,0.01,0.01,30000,500.0,10.0,1.0,127.95184218160719,0.06433834146019488
69b7d5029605ebc57c7530ad,69b7d5029605ebc57c7530ad,69b7d5029605ebc57c7530ae,0.0,0.0,0.0,0.0,0.0,0.0,0.0,0.0,0.0,0.0,0.0,0.0,0.0,0.225,0.0,0.0,0.108,0.667,0.0,0.0,0.0,0.0,0.0,0.0,0.0,0.0,0.0,0.0,0.0,0.0,65.0,600.0,2.0,1,0.01,0.01,30000,500.0,10.0,1.0,156.8368629726332,0.10616073859557931
69b7d5029605ebc57c7530ad,69b7d5029605ebc57c7530ad,69b7d5029605ebc57c7530ae,0.0,0.0,0.0,0.0,0.0,0.0,0.0,0.0,0.0,0.0,0.0,0.0,0.0,0.225,0.0,0.0,0.108,0.667,0.0,0.0,0.0,0.0,0.0,0.0,0.0,0.0,0.0,0.0,0.0,0.0,65.0,600.0,2.0,1,0.01,0.01,30000,500.0,10.0,1.0,182.62982303452276,0.18672805128585923
69b7d5029605ebc57c7530ad,69b7d5029605ebc57c7530ad,69b7d5029605ebc57c7530ae,0.0,0.0,0.0,0.0,0.0,0.0,0.0,0.0,0.0,0.0,0.0,0.0,0.0,0.225,0.0,0.0,0.108,0.667,0.0,0.0,0.0,0.0,0.0,0.0,0.0,0.0,0.0,0.0,0.0,0.0,65.0,600.0,2.0,1,0.01,0.01,30000,500.0,10.0,1.0,199.20703993811043,0.28120591074478357
69b7d5029605ebc57c7530ad,69b7d5029605ebc57c7530ad,69b7d5029605ebc57c7530ae,0.0,0.0,0.0,0.0,0.0,0.0,0.0,0.0,0.0,0.0,0.0,0.0,0.0,0.225,0.0,0.0,0.108,0.667,0.0,0.0,0.0,0.0,0.0,0.0,0.0,0.0,0.0,0.0,0.0,0.0,65.0,600.0,2.0,1,0.01,0.01,30000,500.0,10.0,1.0,210.7315540083164,0.37645932856447445
69b7d5029605ebc57c7530ad,69b7d5029605ebc57c7530ad,69b7d5029605ebc57c7530ae,0.0,0.0,0.0,0.0,0.0,0.0,0.0,0.0,0.0,0.0,0.0,0.0,0.0,0.225,0.0,0.0,0.108,0.667,0.0,0.0,0.0,0.0,0.0,0.0,0.0,0.0,0.0,0.0,0.0,0.0,65.0,600.0,2.0,1,0.01,0.01,30000,500.0,10.0,1.0,224.25297360023208,0.5044347087118305
69b7d5029605ebc57c7530ad,69b7d5029605ebc57c7530ad,69b7d5029605ebc57c7530ae,0.0,0.0,0.0,0.0,0.0,0.0,0.0,0.0,0.0,0.0,0.0,0.0,0.0,0.225,0.0,0.0,0.108,0.667,0.0,0.0,0.0,0.0,0.0,0.0,0.0,0.0,0.0,0.0,0.0,0.0,65.0,600.0,2.0,1,0.01,0.01,30000,500.0,10.0,1.0,237.88801856686973,0.6292418504492463
69b7d5029605ebc57c7530ad,69b7d5029605ebc57c7530ad,69b7d5029605ebc57c7530ae,0.0,0.0,0.0,0.0,0.0,0.0,0.0,0.0,0.0,0.0,0.0,0.0,0.0,0.225,0.0,0.0,0.108,0.667,0.0,0.0,0.0,0.0,0.0,0.0,0.0,0.0,0.0,0.0,0.0,0.0,65.0,600.0,2.0,1,0.01,0.01,30000,500.0,10.0,1.0,252.97360023208586,0.7540407415658028
69b7d5029605ebc57c7530ad,69b7d5029605ebc57c7530ad,69b7d5029605ebc57c7530ae,0.0,0.0,0.0,0.0,0.0,0.0,0.0,0.0,0.0,0.0,0.0,0.0,0.0,0.225,0.0,0.0,0.108,0.667,0.0,0.0,0.0,0.0,0.0,0.0,0.0,0.0,0.0,0.0,0.0,0.0,65.0,600.0,2.0,1,0.01,0.01,30000,500.0,10.0,1.0,269.6741127550527,0.8495169261486928
69b7d5029605ebc57c7530ad,69b7d5029605ebc57c7530ad,69b7d5029605ebc57c7530ae,0.0,0.0,0.0,0.0,0.0,0.0,0.0,0.0,0.0,0.0,0.0,0.0,0.0,0.225,0.0,0.0,0.108,0.667,0.0,0.0,0.0,0.0,0.0,0.0,0.0,0.0,0.0,0.0,0.0,0.0,65.0,600.0,2.0,1,0.01,0.01,30000,500.0,10.0,1.0,295.6798181994004,0.9353233830845771
69b7d5029605ebc57c7530ad,69b7d5029605ebc57c7530ad,69b7d5029605ebc57c7530ae,0.0,0.0,0.0,0.0,0.0,0.0,0.0,0.0,0.0,0.0,0.0,0.0,0.0,0.225,0.0,0.0,0.108,0.667,0.0,0.0,0.0,0.0,0.0,0.0,0.0,0.0,0.0,0.0,0.0,0.0,65.0,600.0,2.0,1,0.01,0.01,30000,500.0,10.0,1.0,323.3899042645779,0.9773190432580051
69b7d5029605ebc57c7530af,69b7d5029605ebc57c7530af,69b7d5039605ebc57c7530b0,0.0,0.0,0.0,0.0,0.02,0.0,0.0,0.0,0.08,0.0,0.0,0.0,0.0,0.0,0.0,0.0,0.0,0.9,0.0,0.0,0.0,0.0,0.0,0.0,0.0,0.0,0.0,0.0,0.0,0.0,79.0,500.0,1.0,1,0.01,0.02,12000,0.0,0.0,0.0,49.760067752330784,0.01977202211201526
69b7d5029605ebc57c7530af,69b7d5029605ebc57c7530af,69b7d5039605ebc57c7530b0,0.0,0.0,0.0,0.0,0.02,0.0,0.0,0.0,0.08,0.0,0.0,0.0,0.0,0.0,0.0,0.0,0.0,0.9,0.0,0.0,0.0,0.0,0.0,0.0,0.0,0.0,0.0,0.0,0.0,0.0,79.0,500.0,1.0,1,0.01,0.02,12000,0.0,0.0,0.0,69.84956685877515,0.21044801083856726
69b7d5029605ebc57c7530af,69b7d5029605ebc57c7530af,69b7d5039605ebc57c7530b0,0.0,0.0,0.0,0.0,0.02,0.0,0.0,0.0,0.08,0.0,0.0,0.0,0.0,0.0,0.0,0.0,0.0,0.9,0.0,0.0,0.0,0.0,0.0,0.0,0.0,0.0,0.0,0.0,0.0,0.0,79.0,500.0,1.0,1,0.01,0.02,12000,0.0,0.0,0.0,89.03603648864933,0.3903230662440517
69b7d5029605ebc57c7530af,69b7d5029605ebc57c7530af,69b7d5039605ebc57c7530b0,0.0,0.0,0.0,0.0,0.02,0.0,0.0,0.0,0.08,0.0,0.0,0.0,0.0,0.0,0.0,0.0,0.0,0.9,0.0,0.0,0.0,0.0,0.0,0.0,0.0,0.0,0.0,0.0,0.0,0.0,79.0,500.0,1.0,1,0.01,0.02,12000,0.0,0.0,0.0,118.94840344216291,0.6405057998043037
69b7d5029605ebc57c7530af,69b7d5029605ebc57c7530af,69b7d5039605ebc57c7530b0,0.0,0.0,0.0,0.0,0.02,0.0,0.0,0.0,0.08,0.0,0.0,0.0,0.0,0.0,0.0,0.0,0.0,0.9,0.0,0.0,0.0,0.0,0.0,0.0,0.0,0.0,0.0,0.0,0.0,0.0,79.0,500.0,1.0,1,0.01,0.02,12000,0.0,0.0,0.0,146.9481307103229,0.8006682110509898
69b7d5029605ebc57c7530af,69b7d5029605ebc57c7530af,69b7d5039605ebc57c7530b0,0.0,0.0,0.0,0.0,0.02,0.0,0.0,0.0,0.08,0.0,0.0,0.0,0.0,0.0,0.0,0.0,0.0,0.9,0.0,0.0,0.0,0.0,0.0,0.0,0.0,0.0,0.0,0.0,0.0,0.0,79.0,500.0,1.0,1,0.01,0.02,12000,0.0,0.0,0.0,157.76316828272246,0.8209077300059379
69b7d5029605ebc57c7530af,69b7d5029605ebc57c7530af,69b7d5039605ebc57c7530b0,0.0,0.0,0.0,0.0,0.02,0.0,0.0,0.0,0.08,0.0,0.0,0.0,0.0,0.0,0.0,0.0,0.0,0.9,0.0,0.0,0.0,0.0,0.0,0.0,0.0,0.0,0.0,0.0,0.0,0.0,79.0,500.0,1.0,1,0.01,0.02,12000,0.0,0.0,0.0,171.58378250353476,0.8506309952915793
69b7d5029605ebc57c7530af,69b7d5029605ebc57c7530af,69b7d5039605ebc57c7530b0,0.0,0.0,0.0,0.0,0.02,0.0,0.0,0.0,0.08,0.0,0.0,0.0,0.0,0.0,0.0,0.0,0.0,0.9,0.0,0.0,0.0,0.0,0.0,0.0,0.0,0.0,0.0,0.0,0.0,0.0,79.0,500.0,1.0,1,0.01,0.02,12000,0.0,0.0,0.0,192.28951202532102,0.9101527936908833
69b7d5029605ebc57c7530af,69b7d5029605ebc57c7530af,69b7d5039605ebc57c7530b0,0.0,0.0,0.0,0.0,0.02,0.0,0.0,0.0,0.08,0.0,0.0,0.0,0.0,0.0,0.0,0.0,0.0,0.9,0.0,0.0,0.0,0.0,0.0,0.0,0.0,0.0,0.0,0.0,0.0,0.0,79.0,500.0,1.0,1,0.01,0.02,12000,0.0,0.0,0.0,200.11835126425564,0.9511888135281376
69b7d5029605ebc57c7530af,69b7d5029605ebc57c7530af,69b7d5039605ebc57c7530b0,0.0,0.0,0.0,0.0,0.02,0.0,0.0,0.0,0.08,0.0,0.0,0.0,0.0,0.0,0.0,0.0,0.0,0.9,0.0,0.0,0.0,0.0,0.0,0.0,0.0,0.0,0.0,0.0,0.0,0.0,79.0,500.0,1.0,1,0.01,0.02,12000,0.0,0.0,0.0,206.7651132913709,0.9697573867010111
69b7d5069605ebc57c7530b9,69b7d5069605ebc57c7530b9,69b7d5069605ebc57c7530ba,0.0,0.0,0.0,0.0,0.02,0.0,0.0,0.1,0.08,0.0,0.0,0.0,0.0,0.0,0.0,0.0,0.0,0.8,0.0,0.0,0.0,0.0,0.0,0.0,0.0,0.0,0.0,0.0,0.0,0.0,103.0,500.0,1.0,0,0.01,0.02,12000,0.0,0.0,0.0,63.69113836834588,0.0647144422235789
69b7d5069605ebc57c7530b9,69b7d5069605ebc57c7530b9,69b7d5069605ebc57c7530ba,0.0,0.0,0.0,0.0,0.02,0.0,0.0,0.1,0.08,0.0,0.0,0.0,0.0,0.0,0.0,0.0,0.0,0.8,0.0,0.0,0.0,0.0,0.0,0.0,0.0,0.0,0.0,0.0,0.0,0.0,103.0,500.0,1.0,0,0.01,0.02,12000,0.0,0.0,0.0,83.89303170148783,0.1545014342702784
69b7d5069605ebc57c7530b9,69b7d5069605ebc57c7530b9,69b7d5069605ebc57c7530ba,0.0,0.0,0.0,0.0,0.02,0.0,0.0,0.1,0.08,0.0,0.0,0.0,0.0,0.0,0.0,0.0,0.0,0.8,0.0,0.0,0.0,0.0,0.0,0.0,0.0,0.0,0.0,0.0,0.0,0.0,103.0,500.0,1.0,0,0.01,0.02,12000,0.0,0.0,0.0,95.93859227307635,0.35211711674040125
69b7d5069605ebc57c7530b9,69b7d5069605ebc57c7530b9,69b7d5069605ebc57c7530ba,0.0,0.0,0.0,0.0,0.02,0.0,0.0,0.1,0.08,0.0,0.0,0.0,0.0,0.0,0.0,0.0,0.0,0.8,0.0,0.0,0.0,0.0,0.0,0.0,0.0,0.0,0.0,0.0,0.0,0.0,103.0,500.0,1.0,0,0.01,0.02,12000,0.0,0.0,0.0,118.0492496285823,0.6173082552081156
69b7d5069605ebc57c7530b9,69b7d5069605ebc57c7530b9,69b7d5069605ebc57c7530ba,0.0,0.0,0.0,0.0,0.02,0.0,0.0,0.1,0.08,0.0,0.0,0.0,0.0,0.0,0.0,0.0,0.0,0.8,0.0,0.0,0.0,0.0,0.0,0.0,0.0,0.0,0.0,0.0,0.0,0.0,103.0,500.0,1.0,0,0.01,0.02,12000,0.0,0.0,0.0,151.93804680939633,0.6531131609978842
69b7d5069605ebc57c7530b9,69b7d5069605ebc57c7530b9,69b7d5069605ebc57c7530ba,0.0,0.0,0.0,0.0,0.02,0.0,0.0,0.1,0.08,0.0,0.0,0.0,0.0,0.0,0.0,0.0,0.0,0.8,0.0,0.0,0.0,0.0,0.0,0.0,0.0,0.0,0.0,0.0,0.0,0.0,103.0,500.0,1.0,0,0.01,0.02,12000,0.0,0.0,0.0,183.18557966281733,0.92014083446932
69b7d5069605ebc57c7530b9,69b7d5069605ebc57c7530b9,69b7d5069605ebc57c7530ba,0.0,0.0,0.0,0.0,0.02,0.0,0.0,0.1,0.08,0.0,0.0,0.0,0.0,0.0,0.0,0.0,0.0,0.8,0.0,0.0,0.0,0.0,0.0,0.0,0.0,0.0,0.0,0.0,0.0,0.0,103.0,500.0,1.0,0,0.01,0.02,12000,0.0,0.0,0.0,211.8693614486367,0.9646918618751725
69b7d5069605ebc57c7530b9,69b7d5069605ebc57c7530b9,69b7d5069605ebc57c7530ba,0.0,0.0,0.0,0.0,0.02,0.0,0.0,0.1,0.08,0.0,0.0,0.0,0.0,0.0,0.0,0.0,0.0,0.8,0.0,0.0,0.0,0.0,0.0,0.0,0.0,0.0,0.0,0.0,0.0,0.0,103.0,500.0,1.0,0,0.01,0.02,12000,0.0,0.0,0.0,231.96661188106023,0.9865270587841737
69b7d5069605ebc57c7530bb,69b7d5069605ebc57c7530bb,69b7d5079605ebc57c7530bc,0.0,0.0,0.0,0.0,0.02,0.0,0.0,0.15,0.08,0.0,0.0,0.0,0.0,0.0,0.0,0.0,0.0,0.75,0.0,0.0,0.0,0.0,0.0,0.0,0.0,0.0,0.0,0.0,0.0,0.0,105.0,500.0,1.0,0,0.01,0.02,12000,0.0,0.0,0.0,63.24156146155558,0.0560887491323292
69b7d5069605ebc57c7530bb,69b7d5069605ebc57c7530bb,69b7d5079605ebc57c7530bc,0.0,0.0,0.0,0.0,0.02,0.0,0.0,0.15,0.08,0.0,0.0,0.0,0.0,0.0,0.0,0.0,0.0,0.75,0.0,0.0,0.0,0.0,0.0,0.0,0.0,0.0,0.0,0.0,0.0,0.0,105.0,500.0,1.0,0,0.01,0.02,12000,0.0,0.0,0.0,80.8952063790542,0.09036571801326387
69b7d5069605ebc57c7530bb,69b7d5069605ebc57c7530bb,69b7d5079605ebc57c7530bc,0.0,0.0,0.0,0.0,0.02,0.0,0.0,0.15,0.08,0.0,0.0,0.0,0.0,0.0,0.0,0.0,0.0,0.75,0.0,0.0,0.0,0.0,0.0,0.0,0.0,0.0,0.0,0.0,0.0,0.0,105.0,500.0,1.0,0,0.01,0.02,12000,0.0,0.0,0.0,111.82493486733031,0.5318115293586344
69b7d5069605ebc57c7530bb,69b7d5069605ebc57c7530bb,69b7d5079605ebc57c7530bc,0.0,0.0,0.0,0.0,0.02,0.0,0.0,0.15,0.08,0.0,0.0,0.0,0.0,0.0,0.0,0.0,0.0,0.75,0.0,0.0,0.0,0.0,0.0,0.0,0.0,0.0,0.0,0.0,0.0,0.0,105.0,500.0,1.0,0,0.01,0.02,12000,0.0,0.0,0.0,145.17307706109912,0.7450151790119842
69b7d5069605ebc57c7530bb,69b7d5069605ebc57c7530bb,69b7d5079605ebc57c7530bc,0.0,0.0,0.0,0.0,0.02,0.0,0.0,0.15,0.08,0.0,0.0,0.0,0.0,0.0,0.0,0.0,0.0,0.75,0.0,0.0,0.0,0.0,0.0,0.0,0.0,0.0,0.0,0.0,0.0,0.0,105.0,500.0,1.0,0,0.01,0.02,12000,0.0,0.0,0.0,178.04063704416103,0.8395289906584261
69b7d5069605ebc57c7530bb,69b7d5069605ebc57c7530bb,69b7d5079605ebc57c7530bc,0.0,0.0,0.0,0.0,0.02,0.0,0.0,0.15,0.08,0.0,0.0,0.0,0.0,0.0,0.0,0.0,0.0,0.75,0.0,0.0,0.0,0.0,0.0,0.0,0.0,0.0,0.0,0.0,0.0,0.0,105.0,500.0,1.0,0,0.01,0.02,12000,0.0,0.0,0.0,205.21678592703705,0.8928487200287691
69b7d5069605ebc57c7530bb,69b7d5069605ebc57c7530bb,69b7d5079605ebc57c7530bc,0.0,0.0,0.0,0.0,0.02,0.0,0.0,0.15,0.08,0.0,0.0,0.0,0.0,0.0,0.0,0.0,0.0,0.75,0.0,0.0,0.0,0.0,0.0,0.0,0.0,0.0,0.0,0.0,0.0,0.0,105.0,500.0,1.0,0,0.01,0.02,12000,0.0,0.0,0.0,229.98808592488393,0.9376255509186856
69b7d5069605ebc57c7530bb,69b7d5069605ebc57c7530bb,69b7d5079605ebc57c7530bc,0.0,0.0,0.0,0.0,0.02,0.0,0.0,0.15,0.08,0.0,0.0,0.0,0.0,0.0,0.0,0.0,0.0,0.75,0.0,0.0,0.0,0.0,0.0,0.0,0.0,0.0,0.0,0.0,0.0,0.0,105.0,500.0,1.0,0,0.01,0.02,12000,0.0,0.0,0.0,266.301110305675,0.9793314544253302
69b7d5079605ebc57c7530bd,69b7d5079605ebc57c7530bd,69b7d5079605ebc57c7530be,0.0,0.0,0.0,0.0,0.02,0.0,0.0,0.2,0.08,0.0,0.0,0.0,0.0,0.0,0.0,0.0,0.0,0.7,0.0,0.0,0.0,0.0,0.0,0.0,0.0,0.0,0.0,0.0,0.0,0.0,104.0,500.0,1.0,0,0.01,0.02,12000,0.0,0.0,0.0,89.83054740151151,0.13988442206852716
69b7d5079605ebc57c7530bd,69b7d5079605ebc57c7530bd,69b7d5079605ebc57c7530be,0.0,0.0,0.0,0.0,0.02,0.0,0.0,0.2,0.08,0.0,0.0,0.0,0.0,0.0,0.0,0.0,0.0,0.7,0.0,0.0,0.0,0.0,0.0,0.0,0.0,0.0,0.0,0.0,0.0,0.0,104.0,500.0,1.0,0,0.01,0.02,12000,0.0,0.0,0.0,109.12359776359891,0.32782818863790325
69b7d5079605ebc57c7530bd,69b7d5079605ebc57c7530bd,69b7d5079605ebc57c7530be,0.0,0.0,0.0,0.0,0.02,0.0,0.0,0.2,0.08,0.0,0.0,0.0,0.0,0.0,0.0,0.0,0.0,0.7,0.0,0.0,0.0,0.0,0.0,0.0,0.0,0.0,0.0,0.0,0.0,0.0,104.0,500.0,1.0,0,0.01,0.02,12000,0.0,0.0,0.0,130.8738184610747,0.6342510432957272
69b7d5079605ebc57c7530bd,69b7d5079605ebc57c7530bd,69b7d5079605ebc57c7530be,0.0,0.0,0.0,0.0,0.02,0.0,0.0,0.2,0.08,0.0,0.0,0.0,0.0,0.0,0.0,0.0,0.0,0.7,0.0,0.0,0.0,0.0,0.0,0.0,0.0,0.0,0.0,0.0,0.0,0.0,104.0,500.0,1.0,0,0.01,0.02,12000,0.0,0.0,0.0,155.18391456316255,0.8130572955433082
69b7d5079605ebc57c7530bd,69b7d5079605ebc57c7530bd,69b7d5079605ebc57c7530be,0.0,0.0,0.0,0.0,0.02,0.0,0.0,0.2,0.08,0.0,0.0,0.0,0.0,0.0,0.0,0.0,0.0,0.7,0.0,0.0,0.0,0.0,0.0,0.0,0.0,0.0,0.0,0.0,0.0,0.0,104.0,500.0,1.0,0,0.01,0.02,12000,0.0,0.0,0.0,177.009710688935,0.8785026720078948
69b7d5079605ebc57c7530bd,69b7d5079605ebc57c7530bd,69b7d5079605ebc57c7530be,0.0,0.0,0.0,0.0,0.02,0.0,0.0,0.2,0.08,0.0,0.0,0.0,0.0,0.0,0.0,0.0,0.0,0.7,0.0,0.0,0.0,0.0,0.0,0.0,0.0,0.0,0.0,0.0,0.0,0.0,104.0,500.0,1.0,0,0.01,0.02,12000,0.0,0.0,0.0,194.27385147598167,0.9255375377384526
69b7d5079605ebc57c7530bd,69b7d5079605ebc57c7530bd,69b7d5079605ebc57c7530be,0.0,0.0,0.0,0.0,0.02,0.0,0.0,0.2,0.08,0.0,0.0,0.0,0.0,0.0,0.0,0.0,0.0,0.7,0.0,0.0,0.0,0.0,0.0,0.0,0.0,0.0,0.0,0.0,0.0,0.0,104.0,500.0,1.0,0,0.01,0.02,12000,0.0,0.0,0.0,218.15181115473226,0.9708939309041338
69b7d5079605ebc57c7530bf,69b7d5079605ebc57c7530bf,69b7d5089605ebc57c7530c0,0.0,0.0,0.0,0.0,0.02,0.0,0.05,0.0,0.08,0.0,0.0,0.0,0.0,0.0,0.0,0.0,0.0,0.85,0.0,0.0,0.0,0.0,0.0,0.0,0.0,0.0,0.0,0.0,0.0,0.0,96.0,500.0,1.0,1,0.01,0.02,12000,0.0,0.0,0.0,62.6795903280677,0.15194985490035376
69b7d5079605ebc57c7530bf,69b7d5079605ebc57c7530bf,69b7d5089605ebc57c7530c0,0.0,0.0,0.0,0.0,0.02,0.0,0.05,0.0,0.08,0.0,0.0,0.0,0.0,0.0,0.0,0.0,0.0,0.85,0.0,0.0,0.0,0.0,0.0,0.0,0.0,0.0,0.0,0.0,0.0,0.0,96.0,500.0,1.0,1,0.01,0.02,12000,0.0,0.0,0.0,92.03386181108297,0.1741990248634725
69b7d5079605ebc57c7530bf,69b7d5079605ebc57c7530bf,69b7d5089605ebc57c7530c0,0.0,0.0,0.0,0.0,0.02,0.0,0.05,0.0,0.08,0.0,0.0,0.0,0.0,0.0,0.0,0.0,0.0,0.85,0.0,0.0,0.0,0.0,0.0,0.0,0.0,0.0,0.0,0.0,0.0,0.0,96.0,500.0,1.0,1,0.01,0.02,12000,0.0,0.0,0.0,106.38737969296137,0.2721074155536785
69b7d5079605ebc57c7530bf,69b7d5079605ebc57c7530bf,69b7d5089605ebc57c7530c0,0.0,0.0,0.0,0.0,0.02,0.0,0.05,0.0,0.08,0.0,0.0,0.0,0.0,0.0,0.0,0.0,0.0,0.85,0.0,0.0,0.0,0.0,0.0,0.0,0.0,0.0,0.0,0.0,0.0,0.0,96.0,500.0,1.0,1,0.01,0.02,12000,0.0,0.0,0.0,131.91830963676426,0.3435516379115687
69b7d5079605ebc57c7530bf,69b7d5079605ebc57c7530bf,69b7d5089605ebc57c7530c0,0.0,0.0,0.0,0.0,0.02,0.0,0.05,0.0,0.08,0.0,0.0,0.0,0.0,0.0,0.0,0.0,0.0,0.85,0.0,0.0,0.0,0.0,0.0,0.0,0.0,0.0,0.0,0.0,0.0,0.0,96.0,500.0,1.0,1,0.01,0.02,12000,0.0,0.0,0.0,155.79239365252528,0.41350555727463556
69b7d5079605ebc57c7530bf,69b7d5079605ebc57c7530bf,69b7d5089605ebc57c7530c0,0.0,0.0,0.0,0.0,0.02,0.0,0.05,0.0,0.08,0.0,0.0,0.0,0.0,0.0,0.0,0.0,0.0,0.85,0.0,0.0,0.0,0.0,0.0,0.0,0.0,0.0,0.0,0.0,0.0,0.0,96.0,500.0,1.0,1,0.01,0.02,12000,0.0,0.0,0.0,179.10838219778802,0.5031645940136987
69b7d5079605ebc57c7530bf,69b7d5079605ebc57c7530bf,69b7d5089605ebc57c7530c0,0.0,0.0,0.0,0.0,0.02,0.0,0.05,0.0,0.08,0.0,0.0,0.0,0.0,0.0,0.0,0.0,0.0,0.85,0.0,0.0,0.0,0.0,0.0,0.0,0.0,0.0,0.0,0.0,0.0,0.0,96.0,500.0,1.0,1,0.01,0.02,12000,0.0,0.0,0.0,207.11586079192713,0.5701604877355255
69b7d5079605ebc57c7530bf,69b7d5079605ebc57c7530bf,69b7d5089605ebc57c7530c0,0.0,0.0,0.0,0.0,0.02,0.0,0.05,0.0,0.08,0.0,0.0,0.0,0.0,0.0,0.0,0.0,0.0,0.85,0.0,0.0,0.0,0.0,0.0,0.0,0.0,0.0,0.0,0.0,0.0,0.0,96.0,500.0,1.0,1,0.01,0.02,12000,0.0,0.0,0.0,236.2395303270629,0.6196566114423825
69b7d5079605ebc57c7530bf,69b7d5079605ebc57c7530bf,69b7d5089605ebc57c7530c0,0.0,0.0,0.0,0.0,0.02,0.0,0.05,0.0,0.08,0.0,0.0,0.0,0.0,0.0,0.0,0.0,0.0,0.85,0.0,0.0,0.0,0.0,0.0,0.0,0.0,0.0,0.0,0.0,0.0,0.0,96.0,500.0,1.0,1,0.01,0.02,12000,0.0,0.0,0.0,264.03772311976513,0.6485218234885802
69b7d5079605ebc57c7530bf,69b7d5079605ebc57c7530bf,69b7d5089605ebc57c7530c0,0.0,0.0,0.0,0.0,0.02,0.0,0.05,0.0,0.08,0.0,0.0,0.0,0.0,0.0,0.0,0.0,0.0,0.85,0.0,0.0,0.0,0.0,0.0,0.0,0.0,0.0,0.0,0.0,0.0,0.0,96.0,500.0,1.0,1,0.01,0.02,12000,0.0,0.0,0.0,289.9523436995357,0.6949169126809565
69b7d5089605ebc57c7530c1,69b7d5089605ebc57c7530c1,69b7d5089605ebc57c7530c2,0.0,0.0,0.0,0.0,0.02,0.0,0.1,0.0,0.08,0.0,0.0,0.0,0.0,0.0,0.0,0.0,0.0,0.8,0.0,0.0,0.0,0.0,0.0,0.0,0.0,0.0,0.0,0.0,0.0,0.0,84.0,500.0,1.0,0,0.01,0.02,12000,0.0,0.0,0.0,72.05481909984138,0.05498231206041497
69b7d5089605ebc57c7530c1,69b7d5089605ebc57c7530c1,69b7d5089605ebc57c7530c2,0.0,0.0,0.0,0.0,0.02,0.0,0.1,0.0,0.08,0.0,0.0,0.0,0.0,0.0,0.0,0.0,0.0,0.8,0.0,0.0,0.0,0.0,0.0,0.0,0.0,0.0,0.0,0.0,0.0,0.0,84.0,500.0,1.0,0,0.01,0.02,12000,0.0,0.0,0.0,113.93717119664684,0.3603589439087419
69b7d5089605ebc57c7530c1,69b7d5089605ebc57c7530c1,69b7d5089605ebc57c7530c2,0.0,0.0,0.0,0.0,0.02,0.0,0.1,0.0,0.08,0.0,0.0,0.0,0.0,0.0,0.0,0.0,0.0,0.8,0.0,0.0,0.0,0.0,0.0,0.0,0.0,0.0,0.0,0.0,0.0,0.0,84.0,500.0,1.0,0,0.01,0.02,12000,0.0,0.0,0.0,150.8664259927798,0.6831149172472046
69b7d5089605ebc57c7530c1,69b7d5089605ebc57c7530c1,69b7d5089605ebc57c7530c2,0.0,0.0,0.0,0.0,0.02,0.0,0.1,0.0,0.08,0.0,0.0,0.0,0.0,0.0,0.0,0.0,0.0,0.8,0.0,0.0,0.0,0.0,0.0,0.0,0.0,0.0,0.0,0.0,0.0,0.0,84.0,500.0,1.0,0,0.01,0.02,12000,0.0,0.0,0.0,179.94746323503026,0.8015413178560377
69b7d5089605ebc57c7530c1,69b7d5089605ebc57c7530c1,69b7d5089605ebc57c7530c2,0.0,0.0,0.0,0.0,0.02,0.0,0.1,0.0,0.08,0.0,0.0,0.0,0.0,0.0,0.0,0.0,0.0,0.8,0.0,0.0,0.0,0.0,0.0,0.0,0.0,0.0,0.0,0.0,0.0,0.0,84.0,500.0,1.0,0,0.01,0.02,12000,0.0,0.0,0.0,208.06927388736176,0.8789843861072316
69b7d5089605ebc57c7530c1,69b7d5089605ebc57c7530c1,69b7d5089605ebc57c7530c2,0.0,0.0,0.0,0.0,0.02,0.0,0.1,0.0,0.08,0.0,0.0,0.0,0.0,0.0,0.0,0.0,0.0,0.8,0.0,0.0,0.0,0.0,0.0,0.0,0.0,0.0,0.0,0.0,0.0,0.0,84.0,500.0,1.0,0,0.01,0.02,12000,0.0,0.0,0.0,233.14868909287955,0.9363234174939159
69b7d5089605ebc57c7530c1,69b7d5089605ebc57c7530c1,69b7d5089605ebc57c7530c2,0.0,0.0,0.0,0.0,0.02,0.0,0.1,0.0,0.08,0.0,0.0,0.0,0.0,0.0,0.0,0.0,0.0,0.8,0.0,0.0,0.0,0.0,0.0,0.0,0.0,0.0,0.0,0.0,0.0,0.0,84.0,500.0,1.0,0,0.01,0.02,12000,0.0,0.0,0.0,249.11254494692497,0.9569166952405643
69b7d5089605ebc57c7530c1,69b7d5089605ebc57c7530c1,69b7d5089605ebc57c7530c2,0.0,0.0,0.0,0.0,0.02,0.0,0.1,0.0,0.08,0.0,0.0,0.0,0.0,0.0,0.0,0.0,0.0,0.8,0.0,0.0,0.0,0.0,0.0,0.0,0.0,0.0,0.0,0.0,0.0,0.0,84.0,500.0,1.0,0,0.01,0.02,12000,0.0,0.0,0.0,265.13066008282436,0.9729487426091175
69b7d5099605ebc57c7530c3,69b7d5099605ebc57c7530c3,69b7d5099605ebc57c7530c4,0.0,0.0,0.0,0.0,0.02,0.0,0.15,0.0,0.08,0.0,0.0,0.0,0.0,0.0,0.0,0.0,0.0,0.75,0.0,0.0,0.0,0.0,0.0,0.0,0.0,0.0,0.0,0.0,0.0,0.0,94.0,500.0,1.0,0,0.01,0.02,12000,0.0,0.0,0.0,62.966389389296,0.005817366796852142
69b7d5099605ebc57c7530c3,69b7d5099605ebc57c7530c3,69b7d5099605ebc57c7530c4,0.0,0.0,0.0,0.0,0.02,0.0,0.15,0.0,0.08,0.0,0.0,0.0,0.0,0.0,0.0,0.0,0.0,0.75,0.0,0.0,0.0,0.0,0.0,0.0,0.0,0.0,0.0,0.0,0.0,0.0,94.0,500.0,1.0,0,0.01,0.02,12000,0.0,0.0,0.0,91.98154036072376,0.13471352228345865
69b7d5099605ebc57c7530c3,69b7d5099605ebc57c7530c3,69b7d5099605ebc57c7530c4,0.0,0.0,0.0,0.0,0.02,0.0,0.15,0.0,0.08,0.0,0.0,0.0,0.0,0.0,0.0,0.0,0.0,0.75,0.0,0.0,0.0,0.0,0.0,0.0,0.0,0.0,0.0,0.0,0.0,0.0,94.0,500.0,1.0,0,0.01,0.02,12000,0.0,0.0,0.0,121.14202869426043,0.26534836459735894
69b7d5099605ebc57c7530c3,69b7d5099605ebc57c7530c3,69b7d5099605ebc57c7530c4,0.0,0.0,0.0,0.0,0.02,0.0,0.15,0.0,0.08,0.0,0.0,0.0,0.0,0.0,0.0,0.0,0.0,0.75,0.0,0.0,0.0,0.0,0.0,0.0,0.0,0.0,0.0,0.0,0.0,0.0,94.0,500.0,1.0,0,0.01,0.02,12000,0.0,0.0,0.0,145.97921496293,0.5195052394771394
69b7d5099605ebc57c7530c3,69b7d5099605ebc57c7530c3,69b7d5099605ebc57c7530c4,0.0,0.0,0.0,0.0,0.02,0.0,0.15,0.0,0.08,0.0,0.0,0.0,0.0,0.0,0.0,0.0,0.0,0.75,0.0,0.0,0.0,0.0,0.0,0.0,0.0,0.0,0.0,0.0,0.0,0.0,94.0,500.0,1.0,0,0.01,0.02,12000,0.0,0.0,0.0,180.21875964430026,0.7848393868180943
69b7d5099605ebc57c7530c3,69b7d5099605ebc57c7530c3,69b7d5099605ebc57c7530c4,0.0,0.0,0.0,0.0,0.02,0.0,0.15,0.0,0.08,0.0,0.0,0.0,0.0,0.0,0.0,0.0,0.0,0.75,0.0,0.0,0.0,0.0,0.0,0.0,0.0,0.0,0.0,0.0,0.0,0.0,94.0,500.0,1.0,0,0.01,0.02,12000,0.0,0.0,0.0,206.11593974061768,0.890108971088791
69b7d5099605ebc57c7530c3,69b7d5099605ebc57c7530c3,69b7d5099605ebc57c7530c4,0.0,0.0,0.0,0.0,0.02,0.0,0.15,0.0,0.08,0.0,0.0,0.0,0.0,0.0,0.0,0.0,0.0,0.75,0.0,0.0,0.0,0.0,0.0,0.0,0.0,0.0,0.0,0.0,0.0,0.0,94.0,500.0,1.0,0,0.01,0.02,12000,0.0,0.0,0.0,231.23604940752597,0.9599198815786173
69b7d5099605ebc57c7530c3,69b7d5099605ebc57c7530c3,69b7d5099605ebc57c7530c4,0.0,0.0,0.0,0.0,0.02,0.0,0.15,0.0,0.08,0.0,0.0,0.0,0.0,0.0,0.0,0.0,0.0,0.75,0.0,0.0,0.0,0.0,0.0,0.0,0.0,0.0,0.0,0.0,0.0,0.0,94.0,500.0,1.0,0,0.01,0.02,12000,0.0,0.0,0.0,259.27065764259214,0.9932409490436804
69b7d5099605ebc57c7530c5,69b7d5099605ebc57c7530c5,69b7d50a9605ebc57c7530c6,0.0,0.0,0.0,0.0,0.02,0.0,0.2,0.0,0.08,0.0,0.0,0.0,0.0,0.0,0.0,0.0,0.0,0.7,0.0,0.0,0.0,0.0,0.0,0.0,0.0,0.0,0.0,0.0,0.0,0.0,104.0,500.0,1.0,0,0.01,0.02,12000,0.0,0.0,0.0,65.0398690887168,0.05724787368385839
69b7d5099605ebc57c7530c5,69b7d5099605ebc57c7530c5,69b7d50a9605ebc57c7530c6,0.0,0.0,0.0,0.0,0.02,0.0,0.2,0.0,0.08,0.0,0.0,0.0,0.0,0.0,0.0,0.0,0.0,0.7,0.0,0.0,0.0,0.0,0.0,0.0,0.0,0.0,0.0,0.0,0.0,0.0,104.0,500.0,1.0,0,0.01,0.02,12000,0.0,0.0,0.0,93.9271231814887,0.24647872011239996
69b7d5099605ebc57c7530c5,69b7d5099605ebc57c7530c5,69b7d50a9605ebc57c7530c6,0.0,0.0,0.0,0.0,0.02,0.0,0.2,0.0,0.08,0.0,0.0,0.0,0.0,0.0,0.0,0.0,0.0,0.7,0.0,0.0,0.0,0.0,0.0,0.0,0.0,0.0,0.0,0.0,0.0,0.0,104.0,500.0,1.0,0,0.01,0.02,12000,0.0,0.0,0.0,118.05506312306666,0.477904710929725
69b7d5099605ebc57c7530c5,69b7d5099605ebc57c7530c5,69b7d50a9605ebc57c7530c6,0.0,0.0,0.0,0.0,0.02,0.0,0.2,0.0,0.08,0.0,0.0,0.0,0.0,0.0,0.0,0.0,0.0,0.7,0.0,0.0,0.0,0.0,0.0,0.0,0.0,0.0,0.0,0.0,0.0,0.0,104.0,500.0,1.0,0,0.01,0.02,12000,0.0,0.0,0.0,149.07005619711336,0.6939835916134913
69b7d5099605ebc57c7530c5,69b7d5099605ebc57c7530c5,69b7d50a9605ebc57c7530c6,0.0,0.0,0.0,0.0,0.02,0.0,0.2,0.0,0.08,0.0,0.0,0.0,0.0,0.0,0.0,0.0,0.0,0.7,0.0,0.0,0.0,0.0,0.0,0.0,0.0,0.0,0.0,0.0,0.0,0.0,104.0,500.0,1.0,0,0.01,0.02,12000,0.0,0.0,0.0,179.29247618979267,0.7890619119700937
69b7d5099605ebc57c7530c5,69b7d5099605ebc57c7530c5,69b7d50a9605ebc57c7530c6,0.0,0.0,0.0,0.0,0.02,0.0,0.2,0.0,0.08,0.0,0.0,0.0,0.0,0.0,0.0,0.0,0.0,0.7,0.0,0.0,0.0,0.0,0.0,0.0,0.0,0.0,0.0,0.0,0.0,0.0,104.0,500.0,1.0,0,0.01,0.02,12000,0.0,0.0,0.0,206.87944534956327,0.8618534284495664
69b7d5099605ebc57c7530c5,69b7d5099605ebc57c7530c5,69b7d50a9605ebc57c7530c6,0.0,0.0,0.0,0.0,0.02,0.0,0.2,0.0,0.08,0.0,0.0,0.0,0.0,0.0,0.0,0.0,0.0,0.7,0.0,0.0,0.0,0.0,0.0,0.0,0.0,0.0,0.0,0.0,0.0,0.0,104.0,500.0,1.0,0,0.01,0.02,12000,0.0,0.0,0.0,230.04428303823272,0.9100323651660491
69b7d5099605ebc57c7530c5,69b7d5099605ebc57c7530c5,69b7d50a9605ebc57c7530c6,0.0,0.0,0.0,0.0,0.02,0.0,0.2,0.0,0.08,0.0,0.0,0.0,0.0,0.0,0.0,0.0,0.0,0.7,0.0,0.0,0.0,0.0,0.0,0.0,0.0,0.0,0.0,0.0,0.0,0.0,104.0,500.0,1.0,0,0.01,0.02,12000,0.0,0.0,0.0,252.9281351601582,0.9554866065081582
69b7d50a9605ebc57c7530c7,69b7d50a9605ebc57c7530c7,69b7d50a9605ebc57c7530c8,0.0,0.0,0.0,0.0,0.0,0.0,0.0,0.0,0.0,0.0,0.0,0.0,0.0,0.0,0.0,0.0,0.0,0.9,0.0,0.0,0.0,0.0,0.1,0.0,0.0,0.0,0.0,0.0,0.0,0.0,58.0,500.0,5.0,1,0.01,0.01,33000,500.0,10.2,1.0,261.9922201839306,0.04206522893870179
69b7d50a9605ebc57c7530c7,69b7d50a9605ebc57c7530c7,69b7d50a9605ebc57c7530c8,0.0,0.0,0.0,0.0,0.0,0.0,0.0,0.0,0.0,0.0,0.0,0.0,0.0,0.0,0.0,0.0,0.0,0.9,0.0,0.0,0.0,0.0,0.1,0.0,0.0,0.0,0.0,0.0,0.0,0.0,58.0,500.0,5.0,1,0.01,0.01,33000,500.0,10.2,1.0,302.0936907810693,0.12644215446722618
69b7d50a9605ebc57c7530c7,69b7d50a9605ebc57c7530c7,69b7d50a9605ebc57c7530c8,0.0,0.0,0.0,0.0,0.0,0.0,0.0,0.0,0.0,0.0,0.0,0.0,0.0,0.0,0.0,0.0,0.0,0.9,0.0,0.0,0.0,0.0,0.1,0.0,0.0,0.0,0.0,0.0,0.0,0.0,58.0,500.0,5.0,1,0.01,0.01,33000,500.0,10.2,1.0,312.13177252665423,0.16473812812068417
69b7d50a9605ebc57c7530c7,69b7d50a9605ebc57c7530c7,69b7d50a9605ebc57c7530c8,0.0,0.0,0.0,0.0,0.0,0.0,0.0,0.0,0.0,0.0,0.0,0.0,0.0,0.0,0.0,0.0,0.0,0.9,0.0,0.0,0.0,0.0,0.1,0.0,0.0,0.0,0.0,0.0,0.0,0.0,58.0,500.0,5.0,1,0.01,0.01,33000,500.0,10.2,1.0,321.8816680894346,0.2107425900350579
69b7d50a9605ebc57c7530c7,69b7d50a9605ebc57c7530c7,69b7d50a9605ebc57c7530c8,0.0,0.0,0.0,0.0,0.0,0.0,0.0,0.0,0.0,0.0,0.0,0.0,0.0,0.0,0.0,0.0,0.0,0.9,0.0,0.0,0.0,0.0,0.1,0.0,0.0,0.0,0.0,0.0,0.0,0.0,58.0,500.0,5.0,1,0.01,0.01,33000,500.0,10.2,1.0,332.1522361673659,0.2853372994794433
69b7d50a9605ebc57c7530c7,69b7d50a9605ebc57c7530c7,69b7d50a9605ebc57c7530c8,0.0,0.0,0.0,0.0,0.0,0.0,0.0,0.0,0.0,0.0,0.0,0.0,0.0,0.0,0.0,0.0,0.0,0.9,0.0,0.0,0.0,0.0,0.1,0.0,0.0,0.0,0.0,0.0,0.0,0.0,58.0,500.0,5.0,1,0.01,0.01,33000,500.0,10.2,1.0,342.0982920730637,0.37222989482630403
69b7d50a9605ebc57c7530c7,69b7d50a9605ebc57c7530c7,69b7d50a9605ebc57c7530c8,0.0,0.0,0.0,0.0,0.0,0.0,0.0,0.0,0.0,0.0,0.0,0.0,0.0,0.0,0.0,0.0,0.0,0.9,0.0,0.0,0.0,0.0,0.1,0.0,0.0,0.0,0.0,0.0,0.0,0.0,58.0,500.0,5.0,1,0.01,0.01,33000,500.0,10.2,1.0,351.81670511167215,0.44339955380856266
69b7d50a9605ebc57c7530c7,69b7d50a9605ebc57c7530c7,69b7d50a9605ebc57c7530c8,0.0,0.0,0.0,0.0,0.0,0.0,0.0,0.0,0.0,0.0,0.0,0.0,0.0,0.0,0.0,0.0,0.0,0.9,0.0,0.0,0.0,0.0,0.1,0.0,0.0,0.0,0.0,0.0,0.0,0.0,58.0,500.0,5.0,1,0.01,0.01,33000,500.0,10.2,1.0,361.9468126971442,0.5043195580580049
69b7d50a9605ebc57c7530c7,69b7d50a9605ebc57c7530c7,69b7d50a9605ebc57c7530c8,0.0,0.0,0.0,0.0,0.0,0.0,0.0,0.0,0.0,0.0,0.0,0.0,0.0,0.0,0.0,0.0,0.0,0.9,0.0,0.0,0.0,0.0,0.1,0.0,0.0,0.0,0.0,0.0,0.0,0.0,58.0,500.0,5.0,1,0.01,0.01,33000,500.0,10.2,1.0,371.8880251375847,0.6198448953574843
69b7d50a9605ebc57c7530c7,69b7d50a9605ebc57c7530c7,69b7d50a9605ebc57c7530c8,0.0,0.0,0.0,0.0,0.0,0.0,0.0,0.0,0.0,0.0,0.0,0.0,0.0,0.0,0.0,0.0,0.0,0.9,0.0,0.0,0.0,0.0,0.1,0.0,0.0,0.0,0.0,0.0,0.0,0.0,58.0,500.0,5.0,1,0.01,0.01,33000,500.0,10.2,1.0,382.31842756900426,0.7342908743227451
69b7d50a9605ebc57c7530c7,69b7d50a9605ebc57c7530c7,69b7d50a9605ebc57c7530c8,0.0,0.0,0.0,0.0,0.0,0.0,0.0,0.0,0.0,0.0,0.0,0.0,0.0,0.0,0.0,0.0,0.0,0.9,0.0,0.0,0.0,0.0,0.1,0.0,0.0,0.0,0.0,0.0,0.0,0.0,58.0,500.0,5.0,1,0.01,0.01,33000,500.0,10.2,1.0,391.82372813629513,0.9100987995325613
69b7d50a9605ebc57c7530c7,69b7d50a9605ebc57c7530c7,69b7d50a9605ebc57c7530c8,0.0,0.0,0.0,0.0,0.0,0.0,0.0,0.0,0.0,0.0,0.0,0.0,0.0,0.0,0.0,0.0,0.0,0.9,0.0,0.0,0.0,0.0,0.1,0.0,0.0,0.0,0.0,0.0,0.0,0.0,58.0,500.0,5.0,1,0.01,0.01,33000,500.0,10.2,1.0,402.171791658342,0.9679167109316903
69b7d50b9605ebc57c7530c9,69b7d50b9605ebc57c7530c9,69b7d50b9605ebc57c7530ca,0.0,0.0,0.0,0.0,0.0,0.0,0.0,0.0,0.0,0.0,0.0,0.0,0.0,0.0,0.0,0.0,0.0,0.9,0.0,0.0,0.0,0.0,0.1,0.0,0.0,0.0,0.0,0.0,0.0,0.0,24.0,800.0,5.0,1,0.01,0.01,33000,500.0,10.2,1.0,261.7597338515841,0.029163922235206634
69b7d50b9605ebc57c7530c9,69b7d50b9605ebc57c7530c9,69b7d50b9605ebc57c7530ca,0.0,0.0,0.0,0.0,0.0,0.0,0.0,0.0,0.0,0.0,0.0,0.0,0.0,0.0,0.0,0.0,0.0,0.9,0.0,0.0,0.0,0.0,0.1,0.0,0.0,0.0,0.0,0.0,0.0,0.0,24.0,800.0,5.0,1,0.01,0.01,33000,500.0,10.2,1.0,302.0912690484407,0.09361946244555401
69b7d50b9605ebc57c7530c9,69b7d50b9605ebc57c7530c9,69b7d50b9605ebc57c7530ca,0.0,0.0,0.0,0.0,0.0,0.0,0.0,0.0,0.0,0.0,0.0,0.0,0.0,0.0,0.0,0.0,0.0,0.9,0.0,0.0,0.0,0.0,0.1,0.0,0.0,0.0,0.0,0.0,0.0,0.0,24.0,800.0,5.0,1,0.01,0.01,33000,500.0,10.2,1.0,312.071229210939,0.1234930415382981
69b7d50b9605ebc57c7530c9,69b7d50b9605ebc57c7530c9,69b7d50b9605ebc57c7530ca,0.0,0.0,0.0,0.0,0.0,0.0,0.0,0.0,0.0,0.0,0.0,0.0,0.0,0.0,0.0,0.0,0.0,0.9,0.0,0.0,0.0,0.0,0.1,0.0,0.0,0.0,0.0,0.0,0.0,0.0,24.0,800.0,5.0,1,0.01,0.01,33000,500.0,10.2,1.0,321.87440289154875,0.16070115797301604
69b7d50b9605ebc57c7530c9,69b7d50b9605ebc57c7530c9,69b7d50b9605ebc57c7530ca,0.0,0.0,0.0,0.0,0.0,0.0,0.0,0.0,0.0,0.0,0.0,0.0,0.0,0.0,0.0,0.0,0.0,0.9,0.0,0.0,0.0,0.0,0.1,0.0,0.0,0.0,0.0,0.0,0.0,0.0,24.0,800.0,5.0,1,0.01,0.01,33000,500.0,10.2,1.0,331.9584975570772,0.2256156379475194
69b7d50b9605ebc57c7530c9,69b7d50b9605ebc57c7530c9,69b7d50b9605ebc57c7530ca,0.0,0.0,0.0,0.0,0.0,0.0,0.0,0.0,0.0,0.0,0.0,0.0,0.0,0.0,0.0,0.0,0.0,0.9,0.0,0.0,0.0,0.0,0.1,0.0,0.0,0.0,0.0,0.0,0.0,0.0,24.0,800.0,5.0,1,0.01,0.01,33000,500.0,10.2,1.0,341.70354965460035,0.2824391798576437
69b7d50b9605ebc57c7530c9,69b7d50b9605ebc57c7530c9,69b7d50b9605ebc57c7530ca,0.0,0.0,0.0,0.0,0.0,0.0,0.0,0.0,0.0,0.0,0.0,0.0,0.0,0.0,0.0,0.0,0.0,0.9,0.0,0.0,0.0,0.0,0.1,0.0,0.0,0.0,0.0,0.0,0.0,0.0,24.0,800.0,5.0,1,0.01,0.01,33000,500.0,10.2,1.0,351.823970309558,0.37081058111122916
69b7d50b9605ebc57c7530c9,69b7d50b9605ebc57c7530c9,69b7d50b9605ebc57c7530ca,0.0,0.0,0.0,0.0,0.0,0.0,0.0,0.0,0.0,0.0,0.0,0.0,0.0,0.0,0.0,0.0,0.0,0.9,0.0,0.0,0.0,0.0,0.1,0.0,0.0,0.0,0.0,0.0,0.0,0.0,24.0,800.0,5.0,1,0.01,0.01,33000,500.0,10.2,1.0,361.7700262152557,0.451456496334856
69b7d50b9605ebc57c7530c9,69b7d50b9605ebc57c7530c9,69b7d50b9605ebc57c7530ca,0.0,0.0,0.0,0.0,0.0,0.0,0.0,0.0,0.0,0.0,0.0,0.0,0.0,0.0,0.0,0.0,0.0,0.9,0.0,0.0,0.0,0.0,0.1,0.0,0.0,0.0,0.0,0.0,0.0,0.0,24.0,800.0,5.0,1,0.01,0.01,33000,500.0,10.2,1.0,371.76451677352566,0.512937426962711
69b7d50b9605ebc57c7530c9,69b7d50b9605ebc57c7530c9,69b7d50b9605ebc57c7530ca,0.0,0.0,0.0,0.0,0.0,0.0,0.0,0.0,0.0,0.0,0.0,0.0,0.0,0.0,0.0,0.0,0.0,0.9,0.0,0.0,0.0,0.0,0.1,0.0,0.0,0.0,0.0,0.0,0.0,0.0,24.0,800.0,5.0,1,0.01,0.01,33000,500.0,10.2,1.0,382.26514945117486,0.5903027727610751
69b7d50b9605ebc57c7530c9,69b7d50b9605ebc57c7530c9,69b7d50b9605ebc57c7530ca,0.0,0.0,0.0,0.0,0.0,0.0,0.0,0.0,0.0,0.0,0.0,0.0,0.0,0.0,0.0,0.0,0.0,0.9,0.0,0.0,0.0,0.0,0.1,0.0,0.0,0.0,0.0,0.0,0.0,0.0,24.0,800.0,5.0,1,0.01,0.01,33000,500.0,10.2,1.0,391.86489759098146,0.7209986189312653
69b7d50b9605ebc57c7530c9,69b7d50b9605ebc57c7530c9,69b7d50b9605ebc57c7530ca,0.0,0.0,0.0,0.0,0.0,0.0,0.0,0.0,0.0,0.0,0.0,0.0,0.0,0.0,0.0,0.0,0.0,0.9,0.0,0.0,0.0,0.0,0.1,0.0,0.0,0.0,0.0,0.0,0.0,0.0,24.0,800.0,5.0,1,0.01,0.01,33000,500.0,10.2,1.0,402.0773440858262,0.837407840220971
69b7d50b9605ebc57c7530c9,69b7d50b9605ebc57c7530c9,69b7d50b9605ebc57c7530ca,0.0,0.0,0.0,0.0,0.0,0.0,0.0,0.0,0.0,0.0,0.0,0.0,0.0,0.0,0.0,0.0,0.0,0.9,0.0,0.0,0.0,0.0,0.1,0.0,0.0,0.0,0.0,0.0,0.0,0.0,24.0,800.0,5.0,1,0.01,0.01,33000,500.0,10.2,1.0,411.9652784084373,0.9280824391798577
69b7d50b9605ebc57c7530c9,69b7d50b9605ebc57c7530c9,69b7d50b9605ebc57c7530ca,0.0,0.0,0.0,0.0,0.0,0.0,0.0,0.0,0.0,0.0,0.0,0.0,0.0,0.0,0.0,0.0,0.0,0.9,0.0,0.0,0.0,0.0,0.1,0.0,0.0,0.0,0.0,0.0,0.0,0.0,24.0,800.0,5.0,1,0.01,0.01,33000,500.0,10.2,1.0,421.8168867416193,0.9687326038457452
69b7d50b9605ebc57c7530c9,69b7d50b9605ebc57c7530c9,69b7d50b9605ebc57c7530ca,0.0,0.0,0.0,0.0,0.0,0.0,0.0,0.0,0.0,0.0,0.0,0.0,0.0,0.0,0.0,0.0,0.0,0.9,0.0,0.0,0.0,0.0,0.1,0.0,0.0,0.0,0.0,0.0,0.0,0.0,24.0,800.0,5.0,1,0.01,0.01,33000,500.0,10.2,1.0,432.1262025416084,0.9843705513651334
69b7d50b9605ebc57c7530cb,69b7d50b9605ebc57c7530cb,69b7d50c9605ebc57c7530cc,0.0,0.0,0.0,0.0,0.0,0.0,0.0,0.0,0.0,0.0,0.0,0.0,0.0,0.0,0.0,0.0,0.0,0.8,0.0,0.0,0.0,0.0,0.2,0.0,0.0,0.0,0.0,0.0,0.0,0.0,58.0,500.0,5.0,1,0.01,0.01,33000,500.0,10.2,1.0,252.24716808640744,0.043637522575162
69b7d50b9605ebc57c7530cb,69b7d50b9605ebc57c7530cb,69b7d50c9605ebc57c7530cc,0.0,0.0,0.0,0.0,0.0,0.0,0.0,0.0,0.0,0.0,0.0,0.0,0.0,0.0,0.0,0.0,0.0,0.8,0.0,0.0,0.0,0.0,0.2,0.0,0.0,0.0,0.0,0.0,0.0,0.0,58.0,500.0,5.0,1,0.01,0.01,33000,500.0,10.2,1.0,281.4072506674901,0.09531074046531392
69b7d50b9605ebc57c7530cb,69b7d50b9605ebc57c7530cb,69b7d50c9605ebc57c7530cc,0.0,0.0,0.0,0.0,0.0,0.0,0.0,0.0,0.0,0.0,0.0,0.0,0.0,0.0,0.0,0.0,0.0,0.8,0.0,0.0,0.0,0.0,0.2,0.0,0.0,0.0,0.0,0.0,0.0,0.0,58.0,500.0,5.0,1,0.01,0.01,33000,500.0,10.2,1.0,297.0734390419626,0.15664719005630512
69b7d50b9605ebc57c7530cb,69b7d50b9605ebc57c7530cb,69b7d50c9605ebc57c7530cc,0.0,0.0,0.0,0.0,0.0,0.0,0.0,0.0,0.0,0.0,0.0,0.0,0.0,0.0,0.0,0.0,0.0,0.8,0.0,0.0,0.0,0.0,0.2,0.0,0.0,0.0,0.0,0.0,0.0,0.0,58.0,500.0,5.0,1,0.01,0.01,33000,500.0,10.2,1.0,307.1260511833191,0.20631467119940505
69b7d50b9605ebc57c7530cb,69b7d50b9605ebc57c7530cb,69b7d50c9605ebc57c7530cc,0.0,0.0,0.0,0.0,0.0,0.0,0.0,0.0,0.0,0.0,0.0,0.0,0.0,0.0,0.0,0.0,0.0,0.8,0.0,0.0,0.0,0.0,0.2,0.0,0.0,0.0,0.0,0.0,0.0,0.0,58.0,500.0,5.0,1,0.01,0.01,33000,500.0,10.2,1.0,316.46183046660735,0.28812493360246466
69b7d50b9605ebc57c7530cb,69b7d50b9605ebc57c7530cb,69b7d50c9605ebc57c7530cc,0.0,0.0,0.0,0.0,0.0,0.0,0.0,0.0,0.0,0.0,0.0,0.0,0.0,0.0,0.0,0.0,0.0,0.8,0.0,0.0,0.0,0.0,0.2,0.0,0.0,0.0,0.0,0.0,0.0,0.0,58.0,500.0,5.0,1,0.01,0.01,33000,500.0,10.2,1.0,321.81870304109077,0.40103261446935096
69b7d50b9605ebc57c7530cb,69b7d50b9605ebc57c7530cb,69b7d50c9605ebc57c7530cc,0.0,0.0,0.0,0.0,0.0,0.0,0.0,0.0,0.0,0.0,0.0,0.0,0.0,0.0,0.0,0.0,0.0,0.8,0.0,0.0,0.0,0.0,0.2,0.0,0.0,0.0,0.0,0.0,0.0,0.0,58.0,500.0,5.0,1,0.01,0.01,33000,500.0,10.2,1.0,327.42985754157814,0.4917412089663232
69b7d50b9605ebc57c7530cb,69b7d50b9605ebc57c7530cb,69b7d50c9605ebc57c7530cc,0.0,0.0,0.0,0.0,0.0,0.0,0.0,0.0,0.0,0.0,0.0,0.0,0.0,0.0,0.0,0.0,0.0,0.8,0.0,0.0,0.0,0.0,0.2,0.0,0.0,0.0,0.0,0.0,0.0,0.0,58.0,500.0,5.0,1,0.01,0.01,33000,500.0,10.2,1.0,332.0892711190221,0.5827897588441516
69b7d50b9605ebc57c7530cb,69b7d50b9605ebc57c7530cb,69b7d50c9605ebc57c7530cc,0.0,0.0,0.0,0.0,0.0,0.0,0.0,0.0,0.0,0.0,0.0,0.0,0.0,0.0,0.0,0.0,0.0,0.8,0.0,0.0,0.0,0.0,0.2,0.0,0.0,0.0,0.0,0.0,0.0,0.0,58.0,500.0,5.0,1,0.01,0.01,33000,500.0,10.2,1.0,337.02960568138474,0.6733198767661744
69b7d50b9605ebc57c7530cb,69b7d50b9605ebc57c7530cb,69b7d50c9605ebc57c7530cc,0.0,0.0,0.0,0.0,0.0,0.0,0.0,0.0,0.0,0.0,0.0,0.0,0.0,0.0,0.0,0.0,0.0,0.8,0.0,0.0,0.0,0.0,0.2,0.0,0.0,0.0,0.0,0.0,0.0,0.0,58.0,500.0,5.0,1,0.01,0.01,33000,500.0,10.2,1.0,341.87549267123165,0.7811792202273452
69b7d50b9605ebc57c7530cb,69b7d50b9605ebc57c7530cb,69b7d50c9605ebc57c7530cc,0.0,0.0,0.0,0.0,0.0,0.0,0.0,0.0,0.0,0.0,0.0,0.0,0.0,0.0,0.0,0.0,0.0,0.8,0.0,0.0,0.0,0.0,0.2,0.0,0.0,0.0,0.0,0.0,0.0,0.0,58.0,500.0,5.0,1,0.01,0.01,33000,500.0,10.2,1.0,346.96355292393946,0.8983193455858918
69b7d50b9605ebc57c7530cb,69b7d50b9605ebc57c7530cb,69b7d50c9605ebc57c7530cc,0.0,0.0,0.0,0.0,0.0,0.0,0.0,0.0,0.0,0.0,0.0,0.0,0.0,0.0,0.0,0.0,0.0,0.8,0.0,0.0,0.0,0.0,0.2,0.0,0.0,0.0,0.0,0.0,0.0,0.0,58.0,500.0,5.0,1,0.01,0.01,33000,500.0,10.2,1.0,351.81186164641497,0.9962094975034526
69b7d50c9605ebc57c7530cd,69b7d50c9605ebc57c7530cd,69b7d50c9605ebc57c7530ce,0.0,0.0,0.0,0.0,0.0,0.0,0.0,0.0,0.0,0.0,0.0,0.0,0.0,0.0,0.0,0.0,0.0,0.8,0.0,0.0,0.0,0.0,0.2,0.0,0.0,0.0,0.0,0.0,0.0,0.0,37.0,800.0,5.0,1,0.01,0.01,33000,500.0,10.2,1.0,242.16307342087896,0.06135769680229469
69b7d50c9605ebc57c7530cd,69b7d50c9605ebc57c7530cd,69b7d50c9605ebc57c7530ce,0.0,0.0,0.0,0.0,0.0,0.0,0.0,0.0,0.0,0.0,0.0,0.0,0.0,0.0,0.0,0.0,0.0,0.8,0.0,0.0,0.0,0.0,0.2,0.0,0.0,0.0,0.0,0.0,0.0,0.0,37.0,800.0,5.0,1,0.01,0.01,33000,500.0,10.2,1.0,262.2537673078204,0.08793370870073304
69b7d50c9605ebc57c7530cd,69b7d50c9605ebc57c7530cd,69b7d50c9605ebc57c7530ce,0.0,0.0,0.0,0.0,0.0,0.0,0.0,0.0,0.0,0.0,0.0,0.0,0.0,0.0,0.0,0.0,0.0,0.8,0.0,0.0,0.0,0.0,0.2,0.0,0.0,0.0,0.0,0.0,0.0,0.0,37.0,800.0,5.0,1,0.01,0.01,33000,500.0,10.2,1.0,286.33305483408105,0.13145649633485604
69b7d50c9605ebc57c7530cd,69b7d50c9605ebc57c7530cd,69b7d50c9605ebc57c7530ce,0.0,0.0,0.0,0.0,0.0,0.0,0.0,0.0,0.0,0.0,0.0,0.0,0.0,0.0,0.0,0.0,0.0,0.8,0.0,0.0,0.0,0.0,0.2,0.0,0.0,0.0,0.0,0.0,0.0,0.0,37.0,800.0,5.0,1,0.01,0.01,33000,500.0,10.2,1.0,296.95961760841794,0.16472962923616274
69b7d50c9605ebc57c7530cd,69b7d50c9605ebc57c7530cd,69b7d50c9605ebc57c7530ce,0.0,0.0,0.0,0.0,0.0,0.0,0.0,0.0,0.0,0.0,0.0,0.0,0.0,0.0,0.0,0.0,0.0,0.8,0.0,0.0,0.0,0.0,0.2,0.0,0.0,0.0,0.0,0.0,0.0,0.0,37.0,800.0,5.0,1,0.01,0.01,33000,500.0,10.2,1.0,306.6852958449123,0.21390417507702114
69b7d50c9605ebc57c7530cd,69b7d50c9605ebc57c7530cd,69b7d50c9605ebc57c7530ce,0.0,0.0,0.0,0.0,0.0,0.0,0.0,0.0,0.0,0.0,0.0,0.0,0.0,0.0,0.0,0.0,0.0,0.8,0.0,0.0,0.0,0.0,0.2,0.0,0.0,0.0,0.0,0.0,0.0,0.0,37.0,800.0,5.0,1,0.01,0.01,33000,500.0,10.2,1.0,317.1956154530759,0.2613874428981196
69b7d50c9605ebc57c7530cd,69b7d50c9605ebc57c7530cd,69b7d50c9605ebc57c7530ce,0.0,0.0,0.0,0.0,0.0,0.0,0.0,0.0,0.0,0.0,0.0,0.0,0.0,0.0,0.0,0.0,0.0,0.8,0.0,0.0,0.0,0.0,0.2,0.0,0.0,0.0,0.0,0.0,0.0,0.0,37.0,800.0,5.0,1,0.01,0.01,33000,500.0,10.2,1.0,327.12229749774474,0.3896696058642303
69b7d50c9605ebc57c7530cd,69b7d50c9605ebc57c7530cd,69b7d50c9605ebc57c7530ce,0.0,0.0,0.0,0.0,0.0,0.0,0.0,0.0,0.0,0.0,0.0,0.0,0.0,0.0,0.0,0.0,0.0,0.8,0.0,0.0,0.0,0.0,0.2,0.0,0.0,0.0,0.0,0.0,0.0,0.0,37.0,800.0,5.0,1,0.01,0.01,33000,500.0,10.2,1.0,337.33716572521814,0.48702432805694257
69b7d50c9605ebc57c7530cd,69b7d50c9605ebc57c7530cd,69b7d50c9605ebc57c7530ce,0.0,0.0,0.0,0.0,0.0,0.0,0.0,0.0,0.0,0.0,0.0,0.0,0.0,0.0,0.0,0.0,0.0,0.8,0.0,0.0,0.0,0.0,0.2,0.0,0.0,0.0,0.0,0.0,0.0,0.0,37.0,800.0,5.0,1,0.01,0.01,33000,500.0,10.2,1.0,347.0870612879985,0.6411346010836079
69b7d50c9605ebc57c7530cd,69b7d50c9605ebc57c7530cd,69b7d50c9605ebc57c7530ce,0.0,0.0,0.0,0.0,0.0,0.0,0.0,0.0,0.0,0.0,0.0,0.0,0.0,0.0,0.0,0.0,0.0,0.8,0.0,0.0,0.0,0.0,0.2,0.0,0.0,0.0,0.0,0.0,0.0,0.0,37.0,800.0,5.0,1,0.01,0.01,33000,500.0,10.2,1.0,356.97983907586683,0.7400871135663445
69b7d50c9605ebc57c7530cd,69b7d50c9605ebc57c7530cd,69b7d50c9605ebc57c7530ce,0.0,0.0,0.0,0.0,0.0,0.0,0.0,0.0,0.0,0.0,0.0,0.0,0.0,0.0,0.0,0.0,0.0,0.8,0.0,0.0,0.0,0.0,0.2,0.0,0.0,0.0,0.0,0.0,0.0,0.0,37.0,800.0,5.0,1,0.01,0.01,33000,500.0,10.2,1.0,366.768482360705,0.9122915117390842
69b7d50c9605ebc57c7530cd,69b7d50c9605ebc57c7530cd,69b7d50c9605ebc57c7530ce,0.0,0.0,0.0,0.0,0.0,0.0,0.0,0.0,0.0,0.0,0.0,0.0,0.0,0.0,0.0,0.0,0.0,0.8,0.0,0.0,0.0,0.0,0.2,0.0,0.0,0.0,0.0,0.0,0.0,0.0,37.0,800.0,5.0,1,0.01,0.01,33000,500.0,10.2,1.0,376.78476851263235,1.0
69b7d50d9605ebc57c7530cf,69b7d50d9605ebc57c7530cf,69b7d50d9605ebc57c7530d0,0.0,0.0,0.0,0.0,0.0,0.0,0.0,0.0,0.0,0.0,0.0,0.0,0.0,0.0,0.0,0.0,0.1,0.9,0.0,0.0,0.0,0.0,0.0,0.0,0.0,0.0,0.0,0.0,0.0,0.0,91.59,500.0,3.0,1,0.03,0.03,200000,120.0,0.0,1.0,179.9672139051614,0.12065827521687361
69b7d50d9605ebc57c7530cf,69b7d50d9605ebc57c7530cf,69b7d50d9605ebc57c7530d0,0.0,0.0,0.0,0.0,0.0,0.0,0.0,0.0,0.0,0.0,0.0,0.0,0.0,0.0,0.0,0.0,0.1,0.9,0.0,0.0,0.0,0.0,0.0,0.0,0.0,0.0,0.0,0.0,0.0,0.0,91.59,500.0,3.0,1,0.03,0.03,200000,120.0,0.0,1.0,210.1053494370917,0.2233287974145263
69b7d50d9605ebc57c7530cf,69b7d50d9605ebc57c7530cf,69b7d50d9605ebc57c7530d0,0.0,0.0,0.0,0.0,0.0,0.0,0.0,0.0,0.0,0.0,0.0,0.0,0.0,0.0,0.0,0.0,0.1,0.9,0.0,0.0,0.0,0.0,0.0,0.0,0.0,0.0,0.0,0.0,0.0,0.0,91.59,500.0,3.0,1,0.03,0.03,200000,120.0,0.0,1.0,240.03133964947807,0.40418438509950677
69b7d50d9605ebc57c7530cf,69b7d50d9605ebc57c7530cf,69b7d50d9605ebc57c7530d0,0.0,0.0,0.0,0.0,0.0,0.0,0.0,0.0,0.0,0.0,0.0,0.0,0.0,0.0,0.0,0.0,0.1,0.9,0.0,0.0,0.0,0.0,0.0,0.0,0.0,0.0,0.0,0.0,0.0,0.0,91.59,500.0,3.0,1,0.03,0.03,200000,120.0,0.0,1.0,269.90718642269957,0.5497108351760503
69b7d50d9605ebc57c7530cf,69b7d50d9605ebc57c7530cf,69b7d50d9605ebc57c7530d0,0.0,0.0,0.0,0.0,0.0,0.0,0.0,0.0,0.0,0.0,0.0,0.0,0.0,0.0,0.0,0.0,0.1,0.9,0.0,0.0,0.0,0.0,0.0,0.0,0.0,0.0,0.0,0.0,0.0,0.0,91.59,500.0,3.0,1,0.03,0.03,200000,120.0,0.0,1.0,300.1031797690509,0.7079010035720361
69b7d50d9605ebc57c7530cf,69b7d50d9605ebc57c7530cf,69b7d50d9605ebc57c7530d0,0.0,0.0,0.0,0.0,0.0,0.0,0.0,0.0,0.0,0.0,0.0,0.0,0.0,0.0,0.0,0.0,0.1,0.9,0.0,0.0,0.0,0.0,0.0,0.0,0.0,0.0,0.0,0.0,0.0,0.0,91.59,500.0,3.0,1,0.03,0.03,200000,120.0,0.0,1.0,329.93852607217764,0.8892073481884676
69b7d50d9605ebc57c7530cf,69b7d50d9605ebc57c7530cf,69b7d50d9605ebc57c7530d0,0.0,0.0,0.0,0.0,0.0,0.0,0.0,0.0,0.0,0.0,0.0,0.0,0.0,0.0,0.0,0.0,0.1,0.9,0.0,0.0,0.0,0.0,0.0,0.0,0.0,0.0,0.0,0.0,0.0,0.0,91.59,500.0,3.0,1,0.03,0.03,200000,120.0,0.0,1.0,360.00337503917456,0.942481714577309
69b7d50d9605ebc57c7530d1,69b7d50d9605ebc57c7530d1,69b7d50e9605ebc57c7530d2,0.0,0.0,0.0,0.0,0.0,0.0,0.0,0.0,0.0,0.0,0.0,0.0,0.0,0.0,0.0,0.0,0.0,0.9,0.1,0.0,0.0,0.0,0.0,0.0,0.0,0.0,0.0,0.0,0.0,0.0,86.16,500.0,3.0,1,0.03,0.03,200000,120.0,0.0,1.0,149.85993587425568,0.014543289675114791
69b7d50d9605ebc57c7530d1,69b7d50d9605ebc57c7530d1,69b7d50e9605ebc57c7530d2,0.0,0.0,0.0,0.0,0.0,0.0,0.0,0.0,0.0,0.0,0.0,0.0,0.0,0.0,0.0,0.0,0.0,0.9,0.1,0.0,0.0,0.0,0.0,0.0,0.0,0.0,0.0,0.0,0.0,0.0,86.16,500.0,3.0,1,0.03,0.03,200000,120.0,0.0,1.0,179.95949952990526,0.07951182173839089
69b7d50d9605ebc57c7530d1,69b7d50d9605ebc57c7530d1,69b7d50e9605ebc57c7530d2,0.0,0.0,0.0,0.0,0.0,0.0,0.0,0.0,0.0,0.0,0.0,0.0,0.0,0.0,0.0,0.0,0.0,0.9,0.1,0.0,0.0,0.0,0.0,0.0,0.0,0.0,0.0,0.0,0.0,0.0,86.16,500.0,3.0,1,0.03,0.03,200000,120.0,0.0,1.0,209.93370458764252,0.18176560639564554
69b7d50d9605ebc57c7530d1,69b7d50d9605ebc57c7530d1,69b7d50e9605ebc57c7530d2,0.0,0.0,0.0,0.0,0.0,0.0,0.0,0.0,0.0,0.0,0.0,0.0,0.0,0.0,0.0,0.0,0.0,0.9,0.1,0.0,0.0,0.0,0.0,0.0,0.0,0.0,0.0,0.0,0.0,0.0,86.16,500.0,3.0,1,0.03,0.03,200000,120.0,0.0,1.0,240.14512668450615,0.3326331008674945
69b7d50d9605ebc57c7530d1,69b7d50d9605ebc57c7530d1,69b7d50e9605ebc57c7530d2,0.0,0.0,0.0,0.0,0.0,0.0,0.0,0.0,0.0,0.0,0.0,0.0,0.0,0.0,0.0,0.0,0.0,0.9,0.1,0.0,0.0,0.0,0.0,0.0,0.0,0.0,0.0,0.0,0.0,0.0,86.16,500.0,3.0,1,0.03,0.03,200000,120.0,0.0,1.0,269.9554012680504,0.5228950501786018
69b7d50d9605ebc57c7530d1,69b7d50d9605ebc57c7530d1,69b7d50e9605ebc57c7530d2,0.0,0.0,0.0,0.0,0.0,0.0,0.0,0.0,0.0,0.0,0.0,0.0,0.0,0.0,0.0,0.0,0.0,0.9,0.1,0.0,0.0,0.0,0.0,0.0,0.0,0.0,0.0,0.0,0.0,0.0,86.16,500.0,3.0,1,0.03,0.03,200000,120.0,0.0,1.0,300.25746727417373,0.664211600612349
69b7d50d9605ebc57c7530d1,69b7d50d9605ebc57c7530d1,69b7d50e9605ebc57c7530d2,0.0,0.0,0.0,0.0,0.0,0.0,0.0,0.0,0.0,0.0,0.0,0.0,0.0,0.0,0.0,0.0,0.0,0.9,0.1,0.0,0.0,0.0,0.0,0.0,0.0,0.0,0.0,0.0,0.0,0.0,86.16,500.0,3.0,1,0.03,0.03,200000,120.0,0.0,1.0,329.7880957546829,0.8451692464704883
69b7d50d9605ebc57c7530d1,69b7d50d9605ebc57c7530d1,69b7d50e9605ebc57c7530d2,0.0,0.0,0.0,0.0,0.0,0.0,0.0,0.0,0.0,0.0,0.0,0.0,0.0,0.0,0.0,0.0,0.0,0.9,0.1,0.0,0.0,0.0,0.0,0.0,0.0,0.0,0.0,0.0,0.0,0.0,86.16,500.0,3.0,1,0.03,0.03,200000,120.0,0.0,1.0,390.4385140184663,0.9743578839938766
69b7d50e9605ebc57c7530d3,69b7d50e9605ebc57c7530d3,69b7d50e9605ebc57c7530d4,0.0,0.0,0.0,0.0,0.0,0.0,0.0,0.0,0.0,0.0,0.0,0.0,0.0,0.0,0.0,0.0,0.0,0.9,0.0,0.1,0.0,0.0,0.0,0.0,0.0,0.0,0.0,0.0,0.0,0.0,83.26,500.0,3.0,1,0.03,0.03,200000,120.0,0.0,1.0,179.89199874641403,0.05170947440040821
69b7d50e9605ebc57c7530d3,69b7d50e9605ebc57c7530d3,69b7d50e9605ebc57c7530d4,0.0,0.0,0.0,0.0,0.0,0.0,0.0,0.0,0.0,0.0,0.0,0.0,0.0,0.0,0.0,0.0,0.0,0.9,0.0,0.1,0.0,0.0,0.0,0.0,0.0,0.0,0.0,0.0,0.0,0.0,83.26,500.0,3.0,1,0.03,0.03,200000,120.0,0.0,1.0,209.78713145777584,0.14926007824459941
69b7d50e9605ebc57c7530d3,69b7d50e9605ebc57c7530d3,69b7d50e9605ebc57c7530d4,0.0,0.0,0.0,0.0,0.0,0.0,0.0,0.0,0.0,0.0,0.0,0.0,0.0,0.0,0.0,0.0,0.0,0.9,0.0,0.1,0.0,0.0,0.0,0.0,0.0,0.0,0.0,0.0,0.0,0.0,83.26,500.0,3.0,1,0.03,0.03,200000,120.0,0.0,1.0,240.2685566886044,0.2994556897431536
69b7d50e9605ebc57c7530d3,69b7d50e9605ebc57c7530d3,69b7d50e9605ebc57c7530d4,0.0,0.0,0.0,0.0,0.0,0.0,0.0,0.0,0.0,0.0,0.0,0.0,0.0,0.0,0.0,0.0,0.0,0.9,0.0,0.1,0.0,0.0,0.0,0.0,0.0,0.0,0.0,0.0,0.0,0.0,83.26,500.0,3.0,1,0.03,0.03,200000,120.0,0.0,1.0,269.9708300185627,0.5027640755230481
69b7d50e9605ebc57c7530d3,69b7d50e9605ebc57c7530d3,69b7d50e9605ebc57c7530d4,0.0,0.0,0.0,0.0,0.0,0.0,0.0,0.0,0.0,0.0,0.0,0.0,0.0,0.0,0.0,0.0,0.0,0.9,0.0,0.1,0.0,0.0,0.0,0.0,0.0,0.0,0.0,0.0,0.0,0.0,83.26,500.0,3.0,1,0.03,0.03,200000,120.0,0.0,1.0,299.9508208577421,0.6178856948460623
69b7d50e9605ebc57c7530d3,69b7d50e9605ebc57c7530d3,69b7d50e9605ebc57c7530d4,0.0,0.0,0.0,0.0,0.0,0.0,0.0,0.0,0.0,0.0,0.0,0.0,0.0,0.0,0.0,0.0,0.0,0.9,0.0,0.1,0.0,0.0,0.0,0.0,0.0,0.0,0.0,0.0,0.0,0.0,83.26,500.0,3.0,1,0.03,0.03,200000,120.0,0.0,1.0,330.0561702948338,0.7766286783466576
69b7d50e9605ebc57c7530d3,69b7d50e9605ebc57c7530d3,69b7d50e9605ebc57c7530d4,0.0,0.0,0.0,0.0,0.0,0.0,0.0,0.0,0.0,0.0,0.0,0.0,0.0,0.0,0.0,0.0,0.0,0.9,0.0,0.1,0.0,0.0,0.0,0.0,0.0,0.0,0.0,0.0,0.0,0.0,83.26,500.0,3.0,1,0.03,0.03,200000,120.0,0.0,1.0,360.25794942262723,0.916286783466576
69b7d50e9605ebc57c7530d3,69b7d50e9605ebc57c7530d3,69b7d50e9605ebc57c7530d4,0.0,0.0,0.0,0.0,0.0,0.0,0.0,0.0,0.0,0.0,0.0,0.0,0.0,0.0,0.0,0.0,0.0,0.9,0.0,0.1,0.0,0.0,0.0,0.0,0.0,0.0,0.0,0.0,0.0,0.0,83.26,500.0,3.0,1,0.03,0.03,200000,120.0,0.0,1.0,390.28036932571536,0.9621194080625958
69b7d50f9605ebc57c7530d5,69b7d50f9605ebc57c7530d5,69b7d50f9605ebc57c7530d6,0.0,0.0,0.0,0.0,0.0,0.0,0.0,0.0,0.0,0.0,0.0,0.0,0.0,0.0,0.0,0.0,0.0,0.9,0.0,0.0,0.1,0.0,0.0,0.0,0.0,0.0,0.0,0.0,0.0,0.0,82.97,500.0,3.0,1,0.03,0.03,200000,120.0,0.0,1.0,149.75964899592586,0.02373703010716106
69b7d50f9605ebc57c7530d5,69b7d50f9605ebc57c7530d5,69b7d50f9605ebc57c7530d6,0.0,0.0,0.0,0.0,0.0,0.0,0.0,0.0,0.0,0.0,0.0,0.0,0.0,0.0,0.0,0.0,0.0,0.9,0.0,0.0,0.1,0.0,0.0,0.0,0.0,0.0,0.0,0.0,0.0,0.0,82.97,500.0,3.0,1,0.03,0.03,200000,120.0,0.0,1.0,179.94792796702106,0.09064466746045245
69b7d50f9605ebc57c7530d5,69b7d50f9605ebc57c7530d5,69b7d50f9605ebc57c7530d6,0.0,0.0,0.0,0.0,0.0,0.0,0.0,0.0,0.0,0.0,0.0,0.0,0.0,0.0,0.0,0.0,0.0,0.9,0.0,0.0,0.1,0.0,0.0,0.0,0.0,0.0,0.0,0.0,0.0,0.0,82.97,500.0,3.0,1,0.03,0.03,200000,120.0,0.0,1.0,210.21335069067766,0.22142371151556386
69b7d50f9605ebc57c7530d5,69b7d50f9605ebc57c7530d5,69b7d50f9605ebc57c7530d6,0.0,0.0,0.0,0.0,0.0,0.0,0.0,0.0,0.0,0.0,0.0,0.0,0.0,0.0,0.0,0.0,0.0,0.9,0.0,0.0,0.1,0.0,0.0,0.0,0.0,0.0,0.0,0.0,0.0,0.0,82.97,500.0,3.0,1,0.03,0.03,200000,120.0,0.0,1.0,240.13355512162195,0.34669161422010547
69b7d50f9605ebc57c7530d5,69b7d50f9605ebc57c7530d5,69b7d50f9605ebc57c7530d6,0.0,0.0,0.0,0.0,0.0,0.0,0.0,0.0,0.0,0.0,0.0,0.0,0.0,0.0,0.0,0.0,0.0,0.9,0.0,0.0,0.1,0.0,0.0,0.0,0.0,0.0,0.0,0.0,0.0,0.0,82.97,500.0,3.0,1,0.03,0.03,200000,120.0,0.0,1.0,270.12704611749956,0.5362391563191019
69b7d50f9605ebc57c7530d5,69b7d50f9605ebc57c7530d5,69b7d50f9605ebc57c7530d6,0.0,0.0,0.0,0.0,0.0,0.0,0.0,0.0,0.0,0.0,0.0,0.0,0.0,0.0,0.0,0.0,0.0,0.9,0.0,0.0,0.1,0.0,0.0,0.0,0.0,0.0,0.0,0.0,0.0,0.0,82.97,500.0,3.0,1,0.03,0.03,200000,120.0,0.0,1.0,300.05303632988597,0.6768498043885015
69b7d50f9605ebc57c7530d5,69b7d50f9605ebc57c7530d5,69b7d50f9605ebc57c7530d6,0.0,0.0,0.0,0.0,0.0,0.0,0.0,0.0,0.0,0.0,0.0,0.0,0.0,0.0,0.0,0.0,0.0,0.9,0.0,0.0,0.1,0.0,0.0,0.0,0.0,0.0,0.0,0.0,0.0,0.0,82.97,500.0,3.0,1,0.03,0.03,200000,120.0,0.0,1.0,330.0658132639039,0.8215257696887227
69b7d50f9605ebc57c7530d5,69b7d50f9605ebc57c7530d5,69b7d50f9605ebc57c7530d6,0.0,0.0,0.0,0.0,0.0,0.0,0.0,0.0,0.0,0.0,0.0,0.0,0.0,0.0,0.0,0.0,0.0,0.9,0.0,0.0,0.1,0.0,0.0,0.0,0.0,0.0,0.0,0.0,0.0,0.0,82.97,500.0,3.0,1,0.03,0.03,200000,120.0,0.0,1.0,360.2174489525325,0.9324204796734139
69b7d50f9605ebc57c7530d5,69b7d50f9605ebc57c7530d5,69b7d50f9605ebc57c7530d6,0.0,0.0,0.0,0.0,0.0,0.0,0.0,0.0,0.0,0.0,0.0,0.0,0.0,0.0,0.0,0.0,0.0,0.9,0.0,0.0,0.1,0.0,0.0,0.0,0.0,0.0,0.0,0.0,0.0,0.0,82.97,500.0,3.0,1,0.03,0.03,200000,120.0,0.0,1.0,390.18008244738553,0.9893604354482055
69b7d50f9605ebc57c7530d7,69b7d50f9605ebc57c7530d7,69b7d5109605ebc57c7530d8,0.0,0.0,0.0,0.0,0.0,0.0,0.0,0.0,0.0,0.0,0.0,0.0,0.0,0.0,0.0,0.0,0.0,0.9,0.0,0.0,0.1,0.0,0.0,0.0,0.0,0.0,0.0,0.0,0.0,0.0,64.12,500.0,3.0,1,0.03,0.03,200000,120.0,0.0,1.0,210.05520599792675,0.13778703861200886
69b7d50f9605ebc57c7530d7,69b7d50f9605ebc57c7530d7,69b7d5109605ebc57c7530d8,0.0,0.0,0.0,0.0,0.0,0.0,0.0,0.0,0.0,0.0,0.0,0.0,0.0,0.0,0.0,0.0,0.0,0.9,0.0,0.0,0.1,0.0,0.0,0.0,0.0,0.0,0.0,0.0,0.0,0.0,64.12,500.0,3.0,1,0.03,0.03,200000,120.0,0.0,1.0,240.07762590101493,0.267724102738561
69b7d50f9605ebc57c7530d7,69b7d50f9605ebc57c7530d7,69b7d5109605ebc57c7530d8,0.0,0.0,0.0,0.0,0.0,0.0,0.0,0.0,0.0,0.0,0.0,0.0,0.0,0.0,0.0,0.0,0.0,0.9,0.0,0.0,0.1,0.0,0.0,0.0,0.0,0.0,0.0,0.0,0.0,0.0,64.12,500.0,3.0,1,0.03,0.03,200000,120.0,0.0,1.0,270.1829753381066,0.47759823099166526
69b7d50f9605ebc57c7530d7,69b7d50f9605ebc57c7530d7,69b7d5109605ebc57c7530d8,0.0,0.0,0.0,0.0,0.0,0.0,0.0,0.0,0.0,0.0,0.0,0.0,0.0,0.0,0.0,0.0,0.0,0.9,0.0,0.0,0.1,0.0,0.0,0.0,0.0,0.0,0.0,0.0,0.0,0.0,64.12,500.0,3.0,1,0.03,0.03,200000,120.0,0.0,1.0,300.16296617728597,0.5898452117707094
69b7d50f9605ebc57c7530d7,69b7d50f9605ebc57c7530d7,69b7d5109605ebc57c7530d8,0.0,0.0,0.0,0.0,0.0,0.0,0.0,0.0,0.0,0.0,0.0,0.0,0.0,0.0,0.0,0.0,0.0,0.9,0.0,0.0,0.1,0.0,0.0,0.0,0.0,0.0,0.0,0.0,0.0,0.0,64.12,500.0,3.0,1,0.03,0.03,200000,120.0,0.0,1.0,329.85173935054604,0.7387565912570164
69b7d50f9605ebc57c7530d7,69b7d50f9605ebc57c7530d7,69b7d5109605ebc57c7530d8,0.0,0.0,0.0,0.0,0.0,0.0,0.0,0.0,0.0,0.0,0.0,0.0,0.0,0.0,0.0,0.0,0.0,0.9,0.0,0.0,0.1,0.0,0.0,0.0,0.0,0.0,0.0,0.0,0.0,0.0,64.12,500.0,3.0,1,0.03,0.03,200000,120.0,0.0,1.0,360.14994816904124,0.8625446504507569
69b7d50f9605ebc57c7530d7,69b7d50f9605ebc57c7530d7,69b7d5109605ebc57c7530d8,0.0,0.0,0.0,0.0,0.0,0.0,0.0,0.0,0.0,0.0,0.0,0.0,0.0,0.0,0.0,0.0,0.0,0.9,0.0,0.0,0.1,0.0,0.0,0.0,0.0,0.0,0.0,0.0,0.0,0.0,64.12,500.0,3.0,1,0.03,0.03,200000,120.0,0.0,1.0,390.01615197319256,0.9445824119748256
69b7d5109605ebc57c7530d9,69b7d5109605ebc57c7530d9,69b7d5109605ebc57c7530da,0.0,0.0,0.0,0.0,0.0,0.0,0.0,0.0,0.0,0.0,0.0,0.0,0.0,0.0,0.0,0.0,0.2,0.8,0.0,0.0,0.0,0.0,0.0,0.0,0.0,0.0,0.0,0.0,0.0,0.0,104.21,500.0,3.0,1,0.03,0.03,200000,120.0,0.0,1.0,149.92663935305347,0.07163489681450025
69b7d5109605ebc57c7530d9,69b7d5109605ebc57c7530d9,69b7d5109605ebc57c7530da,0.0,0.0,0.0,0.0,0.0,0.0,0.0,0.0,0.0,0.0,0.0,0.0,0.0,0.0,0.0,0.0,0.2,0.8,0.0,0.0,0.0,0.0,0.0,0.0,0.0,0.0,0.0,0.0,0.0,0.0,104.21,500.0,3.0,1,0.03,0.03,200000,120.0,0.0,1.0,120.0900920225659,0.030526730312802678
69b7d5109605ebc57c7530d9,69b7d5109605ebc57c7530d9,69b7d5109605ebc57c7530da,0.0,0.0,0.0,0.0,0.0,0.0,0.0,0.0,0.0,0.0,0.0,0.0,0.0,0.0,0.0,0.0,0.2,0.8,0.0,0.0,0.0,0.0,0.0,0.0,0.0,0.0,0.0,0.0,0.0,0.0,104.21,500.0,3.0,1,0.03,0.03,200000,120.0,0.0,1.0,180.0199489478539,0.19417605926115136
69b7d5109605ebc57c7530d9,69b7d5109605ebc57c7530d9,69b7d5109605ebc57c7530da,0.0,0.0,0.0,0.0,0.0,0.0,0.0,0.0,0.0,0.0,0.0,0.0,0.0,0.0,0.0,0.0,0.2,0.8,0.0,0.0,0.0,0.0,0.0,0.0,0.0,0.0,0.0,0.0,0.0,0.0,104.21,500.0,3.0,1,0.03,0.03,200000,120.0,0.0,1.0,210.12484180269848,0.3049671658311781
69b7d5109605ebc57c7530d9,69b7d5109605ebc57c7530d9,69b7d5109605ebc57c7530da,0.0,0.0,0.0,0.0,0.0,0.0,0.0,0.0,0.0,0.0,0.0,0.0,0.0,0.0,0.0,0.0,0.2,0.8,0.0,0.0,0.0,0.0,0.0,0.0,0.0,0.0,0.0,0.0,0.0,0.0,104.21,500.0,3.0,1,0.03,0.03,200000,120.0,0.0,1.0,240.15830455393723,0.47357195312749456
69b7d5109605ebc57c7530d9,69b7d5109605ebc57c7530d9,69b7d5109605ebc57c7530da,0.0,0.0,0.0,0.0,0.0,0.0,0.0,0.0,0.0,0.0,0.0,0.0,0.0,0.0,0.0,0.0,0.2,0.8,0.0,0.0,0.0,0.0,0.0,0.0,0.0,0.0,0.0,0.0,0.0,0.0,104.21,500.0,3.0,1,0.03,0.03,200000,120.0,0.0,1.0,270.07014307471206,0.6399970199133647
69b7d5109605ebc57c7530d9,69b7d5109605ebc57c7530d9,69b7d5109605ebc57c7530da,0.0,0.0,0.0,0.0,0.0,0.0,0.0,0.0,0.0,0.0,0.0,0.0,0.0,0.0,0.0,0.0,0.2,0.8,0.0,0.0,0.0,0.0,0.0,0.0,0.0,0.0,0.0,0.0,0.0,0.0,104.21,500.0,3.0,1,0.03,0.03,200000,120.0,0.0,1.0,300.115189085995,0.8075800632204093
69b7d5109605ebc57c7530d9,69b7d5109605ebc57c7530d9,69b7d5109605ebc57c7530da,0.0,0.0,0.0,0.0,0.0,0.0,0.0,0.0,0.0,0.0,0.0,0.0,0.0,0.0,0.0,0.0,0.2,0.8,0.0,0.0,0.0,0.0,0.0,0.0,0.0,0.0,0.0,0.0,0.0,0.0,104.21,500.0,3.0,1,0.03,0.03,200000,120.0,0.0,1.0,330.3088869345117,0.9150079291590835
69b7d5109605ebc57c7530d9,69b7d5109605ebc57c7530d9,69b7d5109605ebc57c7530da,0.0,0.0,0.0,0.0,0.0,0.0,0.0,0.0,0.0,0.0,0.0,0.0,0.0,0.0,0.0,0.0,0.2,0.8,0.0,0.0,0.0,0.0,0.0,0.0,0.0,0.0,0.0,0.0,0.0,0.0,104.21,500.0,3.0,1,0.03,0.03,200000,120.0,0.0,1.0,360.3693772925202,0.9781772512958056
69b7d5119605ebc57c7530db,69b7d5119605ebc57c7530db,69b7d5119605ebc57c7530dc,0.0,0.0,0.0,0.0,0.0,0.0,0.0,0.0,0.0,0.0,0.0,0.0,0.0,0.0,0.0,0.0,0.0,0.8,0.2,0.0,0.0,0.0,0.0,0.0,0.0,0.0,0.0,0.0,0.0,0.0,100.03,500.0,3.0,1,0.03,0.03,200000,120.0,0.0,1.0,150.24131791758725,0.06808433645178112
69b7d5119605ebc57c7530db,69b7d5119605ebc57c7530db,69b7d5119605ebc57c7530dc,0.0,0.0,0.0,0.0,0.0,0.0,0.0,0.0,0.0,0.0,0.0,0.0,0.0,0.0,0.0,0.0,0.0,0.8,0.2,0.0,0.0,0.0,0.0,0.0,0.0,0.0,0.0,0.0,0.0,0.0,100.03,500.0,3.0,1,0.03,0.03,200000,120.0,0.0,1.0,180.13578154829577,0.1647413178368828
69b7d5119605ebc57c7530db,69b7d5119605ebc57c7530db,69b7d5119605ebc57c7530dc,0.0,0.0,0.0,0.0,0.0,0.0,0.0,0.0,0.0,0.0,0.0,0.0,0.0,0.0,0.0,0.0,0.0,0.8,0.2,0.0,0.0,0.0,0.0,0.0,0.0,0.0,0.0,0.0,0.0,0.0,100.03,500.0,3.0,1,0.03,0.03,200000,120.0,0.0,1.0,210.32368776679036,0.26451461838926316
69b7d5119605ebc57c7530db,69b7d5119605ebc57c7530db,69b7d5119605ebc57c7530dc,0.0,0.0,0.0,0.0,0.0,0.0,0.0,0.0,0.0,0.0,0.0,0.0,0.0,0.0,0.0,0.0,0.0,0.8,0.2,0.0,0.0,0.0,0.0,0.0,0.0,0.0,0.0,0.0,0.0,0.0,100.03,500.0,3.0,1,0.03,0.03,200000,120.0,0.0,1.0,240.2973036744675,0.4361590940536628
69b7d5119605ebc57c7530db,69b7d5119605ebc57c7530db,69b7d5119605ebc57c7530dc,0.0,0.0,0.0,0.0,0.0,0.0,0.0,0.0,0.0,0.0,0.0,0.0,0.0,0.0,0.0,0.0,0.0,0.8,0.2,0.0,0.0,0.0,0.0,0.0,0.0,0.0,0.0,0.0,0.0,0.0,100.03,500.0,3.0,1,0.03,0.03,200000,120.0,0.0,1.0,270.2072116519016,0.6136871121896186
69b7d5119605ebc57c7530db,69b7d5119605ebc57c7530db,69b7d5119605ebc57c7530dc,0.0,0.0,0.0,0.0,0.0,0.0,0.0,0.0,0.0,0.0,0.0,0.0,0.0,0.0,0.0,0.0,0.0,0.8,0.2,0.0,0.0,0.0,0.0,0.0,0.0,0.0,0.0,0.0,0.0,0.0,100.03,500.0,3.0,1,0.03,0.03,200000,120.0,0.0,1.0,300.0398978957078,0.7350106963823876
69b7d5119605ebc57c7530db,69b7d5119605ebc57c7530db,69b7d5119605ebc57c7530dc,0.0,0.0,0.0,0.0,0.0,0.0,0.0,0.0,0.0,0.0,0.0,0.0,0.0,0.0,0.0,0.0,0.0,0.8,0.2,0.0,0.0,0.0,0.0,0.0,0.0,0.0,0.0,0.0,0.0,0.0,100.03,500.0,3.0,1,0.03,0.03,200000,120.0,0.0,1.0,330.268345524357,0.8712772864182551
69b7d5119605ebc57c7530db,69b7d5119605ebc57c7530db,69b7d5119605ebc57c7530dc,0.0,0.0,0.0,0.0,0.0,0.0,0.0,0.0,0.0,0.0,0.0,0.0,0.0,0.0,0.0,0.0,0.0,0.8,0.2,0.0,0.0,0.0,0.0,0.0,0.0,0.0,0.0,0.0,0.0,0.0,100.03,500.0,3.0,1,0.03,0.03,200000,120.0,0.0,1.0,360.3191831656621,0.9628255478569985
69b7d5119605ebc57c7530dd,69b7d5119605ebc57c7530dd,69b7d5129605ebc57c7530de,0.0,0.0,0.0,0.0,0.0,0.0,0.0,0.0,0.0,0.0,0.0,0.0,0.0,0.0,0.0,0.0,0.0,0.8,0.0,0.2,0.0,0.0,0.0,0.0,0.0,0.0,0.0,0.0,0.0,0.0,97.08,500.0,3.0,1,0.03,0.03,200000,120.0,0.0,1.0,149.97104184988953,0.06022542226763306
69b7d5119605ebc57c7530dd,69b7d5119605ebc57c7530dd,69b7d5129605ebc57c7530de,0.0,0.0,0.0,0.0,0.0,0.0,0.0,0.0,0.0,0.0,0.0,0.0,0.0,0.0,0.0,0.0,0.0,0.8,0.0,0.2,0.0,0.0,0.0,0.0,0.0,0.0,0.0,0.0,0.0,0.0,97.08,500.0,3.0,1,0.03,0.03,200000,120.0,0.0,1.0,180.14736480833994,0.1387719914428941
69b7d5119605ebc57c7530dd,69b7d5119605ebc57c7530dd,69b7d5129605ebc57c7530de,0.0,0.0,0.0,0.0,0.0,0.0,0.0,0.0,0.0,0.0,0.0,0.0,0.0,0.0,0.0,0.0,0.0,0.8,0.0,0.2,0.0,0.0,0.0,0.0,0.0,0.0,0.0,0.0,0.0,0.0,97.08,500.0,3.0,1,0.03,0.03,200000,120.0,0.0,1.0,210.2985907033613,0.23971178304969293
69b7d5119605ebc57c7530dd,69b7d5119605ebc57c7530dd,69b7d5129605ebc57c7530de,0.0,0.0,0.0,0.0,0.0,0.0,0.0,0.0,0.0,0.0,0.0,0.0,0.0,0.0,0.0,0.0,0.0,0.8,0.0,0.2,0.0,0.0,0.0,0.0,0.0,0.0,0.0,0.0,0.0,0.0,97.08,500.0,3.0,1,0.03,0.03,200000,120.0,0.0,1.0,240.21235976747678,0.4126419532339261
69b7d5119605ebc57c7530dd,69b7d5119605ebc57c7530dd,69b7d5129605ebc57c7530de,0.0,0.0,0.0,0.0,0.0,0.0,0.0,0.0,0.0,0.0,0.0,0.0,0.0,0.0,0.0,0.0,0.0,0.8,0.0,0.2,0.0,0.0,0.0,0.0,0.0,0.0,0.0,0.0,0.0,0.0,97.08,500.0,3.0,1,0.03,0.03,200000,120.0,0.0,1.0,270.0643514446899,0.5780027033643049
69b7d5119605ebc57c7530dd,69b7d5119605ebc57c7530dd,69b7d5129605ebc57c7530de,0.0,0.0,0.0,0.0,0.0,0.0,0.0,0.0,0.0,0.0,0.0,0.0,0.0,0.0,0.0,0.0,0.0,0.8,0.0,0.2,0.0,0.0,0.0,0.0,0.0,0.0,0.0,0.0,0.0,0.0,97.08,500.0,3.0,1,0.03,0.03,200000,120.0,0.0,1.0,300.25225766318454,0.7003395170131017
69b7d5119605ebc57c7530dd,69b7d5119605ebc57c7530dd,69b7d5129605ebc57c7530de,0.0,0.0,0.0,0.0,0.0,0.0,0.0,0.0,0.0,0.0,0.0,0.0,0.0,0.0,0.0,0.0,0.0,0.8,0.0,0.2,0.0,0.0,0.0,0.0,0.0,0.0,0.0,0.0,0.0,0.0,97.08,500.0,3.0,1,0.03,0.03,200000,120.0,0.0,1.0,329.8590703361291,0.848330619325862
69b7d5119605ebc57c7530dd,69b7d5119605ebc57c7530dd,69b7d5129605ebc57c7530de,0.0,0.0,0.0,0.0,0.0,0.0,0.0,0.0,0.0,0.0,0.0,0.0,0.0,0.0,0.0,0.0,0.0,0.8,0.0,0.2,0.0,0.0,0.0,0.0,0.0,0.0,0.0,0.0,0.0,0.0,97.08,500.0,3.0,1,0.03,0.03,200000,120.0,0.0,1.0,360.44852956948887,0.9332290303010952
69b7d5129605ebc57c7530df,69b7d5129605ebc57c7530df,69b7d5129605ebc57c7530e0,0.0,0.0,0.0,0.0,0.0,0.0,0.0,0.0,0.0,0.0,0.0,0.0,0.0,0.0,0.0,0.0,0.0,0.8,0.0,0.0,0.2,0.0,0.0,0.0,0.0,0.0,0.0,0.0,0.0,0.0,90.74,500.0,3.0,1,0.03,0.03,200000,120.0,0.0,1.0,150.1100409704198,0.05038262183764914
69b7d5129605ebc57c7530df,69b7d5129605ebc57c7530df,69b7d5129605ebc57c7530e0,0.0,0.0,0.0,0.0,0.0,0.0,0.0,0.0,0.0,0.0,0.0,0.0,0.0,0.0,0.0,0.0,0.0,0.8,0.0,0.0,0.2,0.0,0.0,0.0,0.0,0.0,0.0,0.0,0.0,0.0,90.74,500.0,3.0,1,0.03,0.03,200000,120.0,0.0,1.0,180.32304425234346,0.11884798365209617
69b7d5129605ebc57c7530df,69b7d5129605ebc57c7530df,69b7d5129605ebc57c7530e0,0.0,0.0,0.0,0.0,0.0,0.0,0.0,0.0,0.0,0.0,0.0,0.0,0.0,0.0,0.0,0.0,0.0,0.8,0.0,0.0,0.2,0.0,0.0,0.0,0.0,0.0,0.0,0.0,0.0,0.0,90.74,500.0,3.0,1,0.03,0.03,200000,120.0,0.0,1.0,210.23681331645895,0.2508658215992422
69b7d5129605ebc57c7530df,69b7d5129605ebc57c7530df,69b7d5129605ebc57c7530e0,0.0,0.0,0.0,0.0,0.0,0.0,0.0,0.0,0.0,0.0,0.0,0.0,0.0,0.0,0.0,0.0,0.0,0.8,0.0,0.0,0.2,0.0,0.0,0.0,0.0,0.0,0.0,0.0,0.0,0.0,90.74,500.0,3.0,1,0.03,0.03,200000,120.0,0.0,1.0,240.53089941869194,0.37459050416679973
69b7d5129605ebc57c7530df,69b7d5129605ebc57c7530df,69b7d5129605ebc57c7530e0,0.0,0.0,0.0,0.0,0.0,0.0,0.0,0.0,0.0,0.0,0.0,0.0,0.0,0.0,0.0,0.0,0.0,0.8,0.0,0.0,0.2,0.0,0.0,0.0,0.0,0.0,0.0,0.0,0.0,0.0,90.74,500.0,3.0,1,0.03,0.03,200000,120.0,0.0,1.0,270.3674467491795,0.535344891812212
69b7d5129605ebc57c7530df,69b7d5129605ebc57c7530df,69b7d5129605ebc57c7530e0,0.0,0.0,0.0,0.0,0.0,0.0,0.0,0.0,0.0,0.0,0.0,0.0,0.0,0.0,0.0,0.0,0.0,0.8,0.0,0.0,0.2,0.0,0.0,0.0,0.0,0.0,0.0,0.0,0.0,0.0,90.74,500.0,3.0,1,0.03,0.03,200000,120.0,0.0,1.0,300.22329951307404,0.6855497727683941
69b7d5129605ebc57c7530df,69b7d5129605ebc57c7530df,69b7d5129605ebc57c7530e0,0.0,0.0,0.0,0.0,0.0,0.0,0.0,0.0,0.0,0.0,0.0,0.0,0.0,0.0,0.0,0.0,0.0,0.8,0.0,0.0,0.2,0.0,0.0,0.0,0.0,0.0,0.0,0.0,0.0,0.0,90.74,500.0,3.0,1,0.03,0.03,200000,120.0,0.0,1.0,329.9208477230314,0.8434517917770896
69b7d5129605ebc57c7530df,69b7d5129605ebc57c7530df,69b7d5129605ebc57c7530e0,0.0,0.0,0.0,0.0,0.0,0.0,0.0,0.0,0.0,0.0,0.0,0.0,0.0,0.0,0.0,0.0,0.0,0.8,0.0,0.0,0.2,0.0,0.0,0.0,0.0,0.0,0.0,0.0,0.0,0.0,90.74,500.0,3.0,1,0.03,0.03,200000,120.0,0.0,1.0,360.31532207898067,0.9301127111338165
69b7d5129605ebc57c7530df,69b7d5129605ebc57c7530df,69b7d5129605ebc57c7530e0,0.0,0.0,0.0,0.0,0.0,0.0,0.0,0.0,0.0,0.0,0.0,0.0,0.0,0.0,0.0,0.0,0.0,0.8,0.0,0.0,0.2,0.0,0.0,0.0,0.0,0.0,0.0,0.0,0.0,0.0,90.74,500.0,3.0,1,0.03,0.03,200000,120.0,0.0,1.0,390.3816040670113,0.9793267132837361
69b7d5139605ebc57c7530e1,69b7d5139605ebc57c7530e1,69b7d5139605ebc57c7530e2,0.0,0.0,0.0,0.0,0.0,0.0,0.0,0.0,0.0,0.0,0.0,0.0,0.0,0.0,0.0,0.0,0.0,0.8,0.0,0.0,0.0,0.0,0.0,0.0,0.0,0.0,0.0,0.2,0.0,0.0,78.0,500.0,5.0,1,0.01,0.01,30000,0.0,0.0,0.0,181.29546330098512,0.034233905635307295
69b7d5139605ebc57c7530e1,69b7d5139605ebc57c7530e1,69b7d5139605ebc57c7530e2,0.0,0.0,0.0,0.0,0.0,0.0,0.0,0.0,0.0,0.0,0.0,0.0,0.0,0.0,0.0,0.0,0.0,0.8,0.0,0.0,0.0,0.0,0.0,0.0,0.0,0.0,0.0,0.2,0.0,0.0,78.0,500.0,5.0,1,0.01,0.01,30000,0.0,0.0,0.0,195.64302617820258,0.04825052757731287
69b7d5139605ebc57c7530e1,69b7d5139605ebc57c7530e1,69b7d5139605ebc57c7530e2,0.0,0.0,0.0,0.0,0.0,0.0,0.0,0.0,0.0,0.0,0.0,0.0,0.0,0.0,0.0,0.0,0.0,0.8,0.0,0.0,0.0,0.0,0.0,0.0,0.0,0.0,0.0,0.2,0.0,0.0,78.0,500.0,5.0,1,0.01,0.01,30000,0.0,0.0,0.0,211.24813340426704,0.07275790497529287
69b7d5139605ebc57c7530e1,69b7d5139605ebc57c7530e1,69b7d5139605ebc57c7530e2,0.0,0.0,0.0,0.0,0.0,0.0,0.0,0.0,0.0,0.0,0.0,0.0,0.0,0.0,0.0,0.0,0.0,0.8,0.0,0.0,0.0,0.0,0.0,0.0,0.0,0.0,0.0,0.2,0.0,0.0,78.0,500.0,5.0,1,0.01,0.01,30000,0.0,0.0,0.0,226.15154739410394,0.10439517494724226
69b7d5139605ebc57c7530e1,69b7d5139605ebc57c7530e1,69b7d5139605ebc57c7530e2,0.0,0.0,0.0,0.0,0.0,0.0,0.0,0.0,0.0,0.0,0.0,0.0,0.0,0.0,0.0,0.0,0.0,0.8,0.0,0.0,0.0,0.0,0.0,0.0,0.0,0.0,0.0,0.2,0.0,0.0,78.0,500.0,5.0,1,0.01,0.01,30000,0.0,0.0,0.0,240.67522151492358,0.15511207218473455
69b7d5139605ebc57c7530e1,69b7d5139605ebc57c7530e1,69b7d5139605ebc57c7530e2,0.0,0.0,0.0,0.0,0.0,0.0,0.0,0.0,0.0,0.0,0.0,0.0,0.0,0.0,0.0,0.0,0.0,0.8,0.0,0.0,0.0,0.0,0.0,0.0,0.0,0.0,0.0,0.2,0.0,0.0,78.0,500.0,5.0,1,0.01,0.01,30000,0.0,0.0,0.0,252.8599181816514,0.20625450503260992
69b7d5139605ebc57c7530e1,69b7d5139605ebc57c7530e1,69b7d5139605ebc57c7530e2,0.0,0.0,0.0,0.0,0.0,0.0,0.0,0.0,0.0,0.0,0.0,0.0,0.0,0.0,0.0,0.0,0.0,0.8,0.0,0.0,0.0,0.0,0.0,0.0,0.0,0.0,0.0,0.2,0.0,0.0,78.0,500.0,5.0,1,0.01,0.01,30000,0.0,0.0,0.0,261.70950817266237,0.2540621281991159
69b7d5139605ebc57c7530e1,69b7d5139605ebc57c7530e1,69b7d5139605ebc57c7530e2,0.0,0.0,0.0,0.0,0.0,0.0,0.0,0.0,0.0,0.0,0.0,0.0,0.0,0.0,0.0,0.0,0.0,0.8,0.0,0.0,0.0,0.0,0.0,0.0,0.0,0.0,0.0,0.2,0.0,0.0,78.0,500.0,5.0,1,0.01,0.01,30000,0.0,0.0,0.0,273.3356019885895,0.32103622263328385
69b7d5139605ebc57c7530e1,69b7d5139605ebc57c7530e1,69b7d5139605ebc57c7530e2,0.0,0.0,0.0,0.0,0.0,0.0,0.0,0.0,0.0,0.0,0.0,0.0,0.0,0.0,0.0,0.0,0.0,0.8,0.0,0.0,0.0,0.0,0.0,0.0,0.0,0.0,0.0,0.2,0.0,0.0,78.0,500.0,5.0,1,0.01,0.01,30000,0.0,0.0,0.0,283.19507989213184,0.38083700249242286
69b7d5139605ebc57c7530e1,69b7d5139605ebc57c7530e1,69b7d5139605ebc57c7530e2,0.0,0.0,0.0,0.0,0.0,0.0,0.0,0.0,0.0,0.0,0.0,0.0,0.0,0.0,0.0,0.0,0.0,0.8,0.0,0.0,0.0,0.0,0.0,0.0,0.0,0.0,0.0,0.2,0.0,0.0,78.0,500.0,5.0,1,0.01,0.01,30000,0.0,0.0,0.0,291.40626662508487,0.43517529461827714
69b7d5139605ebc57c7530e1,69b7d5139605ebc57c7530e1,69b7d5139605ebc57c7530e2,0.0,0.0,0.0,0.0,0.0,0.0,0.0,0.0,0.0,0.0,0.0,0.0,0.0,0.0,0.0,0.0,0.0,0.8,0.0,0.0,0.0,0.0,0.0,0.0,0.0,0.0,0.0,0.2,0.0,0.0,78.0,500.0,5.0,1,0.01,0.01,30000,0.0,0.0,0.0,300.3879400487975,0.4990230049761613
69b7d5139605ebc57c7530e1,69b7d5139605ebc57c7530e1,69b7d5139605ebc57c7530e2,0.0,0.0,0.0,0.0,0.0,0.0,0.0,0.0,0.0,0.0,0.0,0.0,0.0,0.0,0.0,0.0,0.0,0.8,0.0,0.0,0.0,0.0,0.0,0.0,0.0,0.0,0.0,0.2,0.0,0.0,78.0,500.0,5.0,1,0.01,0.01,30000,0.0,0.0,0.0,309.5292142870246,0.5509730870437433
69b7d5139605ebc57c7530e1,69b7d5139605ebc57c7530e1,69b7d5139605ebc57c7530e2,0.0,0.0,0.0,0.0,0.0,0.0,0.0,0.0,0.0,0.0,0.0,0.0,0.0,0.0,0.0,0.0,0.0,0.8,0.0,0.0,0.0,0.0,0.0,0.0,0.0,0.0,0.0,0.2,0.0,0.0,78.0,500.0,5.0,1,0.01,0.01,30000,0.0,0.0,0.0,317.3909302709545,0.6079774900346507
69b7d5139605ebc57c7530e1,69b7d5139605ebc57c7530e1,69b7d5139605ebc57c7530e2,0.0,0.0,0.0,0.0,0.0,0.0,0.0,0.0,0.0,0.0,0.0,0.0,0.0,0.0,0.0,0.0,0.0,0.8,0.0,0.0,0.0,0.0,0.0,0.0,0.0,0.0,0.0,0.2,0.0,0.0,78.0,500.0,5.0,1,0.01,0.01,30000,0.0,0.0,0.0,327.18711819632733,0.6750818504719972
69b7d5139605ebc57c7530e1,69b7d5139605ebc57c7530e1,69b7d5139605ebc57c7530e2,0.0,0.0,0.0,0.0,0.0,0.0,0.0,0.0,0.0,0.0,0.0,0.0,0.0,0.0,0.0,0.0,0.0,0.8,0.0,0.0,0.0,0.0,0.0,0.0,0.0,0.0,0.0,0.2,0.0,0.0,78.0,500.0,5.0,1,0.01,0.01,30000,0.0,0.0,0.0,338.5022655977692,0.7389035076292455
69b7d5139605ebc57c7530e1,69b7d5139605ebc57c7530e1,69b7d5139605ebc57c7530e2,0.0,0.0,0.0,0.0,0.0,0.0,0.0,0.0,0.0,0.0,0.0,0.0,0.0,0.0,0.0,0.0,0.0,0.8,0.0,0.0,0.0,0.0,0.0,0.0,0.0,0.0,0.0,0.2,0.0,0.0,78.0,500.0,5.0,1,0.01,0.01,30000,0.0,0.0,0.0,355.46948322356957,0.8167591555289233
69b7d5139605ebc57c7530e1,69b7d5139605ebc57c7530e1,69b7d5139605ebc57c7530e2,0.0,0.0,0.0,0.0,0.0,0.0,0.0,0.0,0.0,0.0,0.0,0.0,0.0,0.0,0.0,0.0,0.0,0.8,0.0,0.0,0.0,0.0,0.0,0.0,0.0,0.0,0.0,0.2,0.0,0.0,78.0,500.0,5.0,1,0.01,0.01,30000,0.0,0.0,0.0,371.2259360496047,0.8705069084403685
69b7d5139605ebc57c7530e1,69b7d5139605ebc57c7530e1,69b7d5139605ebc57c7530e2,0.0,0.0,0.0,0.0,0.0,0.0,0.0,0.0,0.0,0.0,0.0,0.0,0.0,0.0,0.0,0.0,0.0,0.8,0.0,0.0,0.0,0.0,0.0,0.0,0.0,0.0,0.0,0.2,0.0,0.0,78.0,500.0,5.0,1,0.01,0.01,30000,0.0,0.0,0.0,382.12557098567265,0.9003378231682428
69b7d5139605ebc57c7530e1,69b7d5139605ebc57c7530e1,69b7d5139605ebc57c7530e2,0.0,0.0,0.0,0.0,0.0,0.0,0.0,0.0,0.0,0.0,0.0,0.0,0.0,0.0,0.0,0.0,0.0,0.8,0.0,0.0,0.0,0.0,0.0,0.0,0.0,0.0,0.0,0.2,0.0,0.0,78.0,500.0,5.0,1,0.01,0.01,30000,0.0,0.0,0.0,398.12692850984206,0.9276676306350902
69b7d5139605ebc57c7530e1,69b7d5139605ebc57c7530e1,69b7d5139605ebc57c7530e2,0.0,0.0,0.0,0.0,0.0,0.0,0.0,0.0,0.0,0.0,0.0,0.0,0.0,0.0,0.0,0.0,0.0,0.8,0.0,0.0,0.0,0.0,0.0,0.0,0.0,0.0,0.0,0.2,0.0,0.0,78.0,500.0,5.0,1,0.01,0.01,30000,0.0,0.0,0.0,416.5773330153547,0.9520881640309511
69b7d5139605ebc57c7530e3,69b7d5139605ebc57c7530e3,69b7d5139605ebc57c7530e4,0.0,0.0,0.0,0.0,0.0,0.0,0.0,0.0,0.0,0.0,0.0,0.0,0.0,0.5,0.0,0.0,0.0,0.5,0.0,0.0,0.0,0.0,0.0,0.0,0.0,0.0,0.0,0.0,0.0,0.0,78.0,500.0,5.0,0,0.01,0.01,30000,0.0,0.0,0.0,231.12393828768506,0.027121381861761718
69b7d5139605ebc57c7530e3,69b7d5139605ebc57c7530e3,69b7d5139605ebc57c7530e4,0.0,0.0,0.0,0.0,0.0,0.0,0.0,0.0,0.0,0.0,0.0,0.0,0.0,0.5,0.0,0.0,0.0,0.5,0.0,0.0,0.0,0.0,0.0,0.0,0.0,0.0,0.0,0.0,0.0,0.0,78.0,500.0,5.0,0,0.01,0.01,30000,0.0,0.0,0.0,257.3012236062446,0.04269251144169727
69b7d5139605ebc57c7530e3,69b7d5139605ebc57c7530e3,69b7d5139605ebc57c7530e4,0.0,0.0,0.0,0.0,0.0,0.0,0.0,0.0,0.0,0.0,0.0,0.0,0.0,0.5,0.0,0.0,0.0,0.5,0.0,0.0,0.0,0.0,0.0,0.0,0.0,0.0,0.0,0.0,0.0,0.0,78.0,500.0,5.0,0,0.01,0.01,30000,0.0,0.0,0.0,283.58582671387427,0.06350901874962006
69b7d5139605ebc57c7530e3,69b7d5139605ebc57c7530e3,69b7d5139605ebc57c7530e4,0.0,0.0,0.0,0.0,0.0,0.0,0.0,0.0,0.0,0.0,0.0,0.0,0.0,0.5,0.0,0.0,0.0,0.5,0.0,0.0,0.0,0.0,0.0,0.0,0.0,0.0,0.0,0.0,0.0,0.0,78.0,500.0,5.0,0,0.01,0.01,30000,0.0,0.0,0.0,310.7619929922401,0.09670079635949942
69b7d5139605ebc57c7530e3,69b7d5139605ebc57c7530e3,69b7d5139605ebc57c7530e4,0.0,0.0,0.0,0.0,0.0,0.0,0.0,0.0,0.0,0.0,0.0,0.0,0.0,0.5,0.0,0.0,0.0,0.5,0.0,0.0,0.0,0.0,0.0,0.0,0.0,0.0,0.0,0.0,0.0,0.0,78.0,500.0,5.0,0,0.01,0.01,30000,0.0,0.0,0.0,336.51275889270056,0.1437962987086297
69b7d5139605ebc57c7530e3,69b7d5139605ebc57c7530e3,69b7d5139605ebc57c7530e4,0.0,0.0,0.0,0.0,0.0,0.0,0.0,0.0,0.0,0.0,0.0,0.0,0.0,0.5,0.0,0.0,0.0,0.5,0.0,0.0,0.0,0.0,0.0,0.0,0.0,0.0,0.0,0.0,0.0,0.0,78.0,500.0,5.0,0,0.01,0.01,30000,0.0,0.0,0.0,356.12990038707784,0.20566396581820076
69b7d5139605ebc57c7530e3,69b7d5139605ebc57c7530e3,69b7d5139605ebc57c7530e4,0.0,0.0,0.0,0.0,0.0,0.0,0.0,0.0,0.0,0.0,0.0,0.0,0.0,0.5,0.0,0.0,0.0,0.5,0.0,0.0,0.0,0.0,0.0,0.0,0.0,0.0,0.0,0.0,0.0,0.0,78.0,500.0,5.0,0,0.01,0.01,30000,0.0,0.0,0.0,374.3656693144503,0.27282043265681855
69b7d5139605ebc57c7530e3,69b7d5139605ebc57c7530e3,69b7d5139605ebc57c7530e4,0.0,0.0,0.0,0.0,0.0,0.0,0.0,0.0,0.0,0.0,0.0,0.0,0.0,0.5,0.0,0.0,0.0,0.5,0.0,0.0,0.0,0.0,0.0,0.0,0.0,0.0,0.0,0.0,0.0,0.0,78.0,500.0,5.0,0,0.01,0.01,30000,0.0,0.0,0.0,390.8485810203445,0.3552701282685911
69b7d5139605ebc57c7530e3,69b7d5139605ebc57c7530e3,69b7d5139605ebc57c7530e4,0.0,0.0,0.0,0.0,0.0,0.0,0.0,0.0,0.0,0.0,0.0,0.0,0.0,0.5,0.0,0.0,0.0,0.5,0.0,0.0,0.0,0.0,0.0,0.0,0.0,0.0,0.0,0.0,0.0,0.0,78.0,500.0,5.0,0,0.01,0.01,30000,0.0,0.0,0.0,405.05855698849774,0.41984732824427484
69b7d5139605ebc57c7530e3,69b7d5139605ebc57c7530e3,69b7d5139605ebc57c7530e4,0.0,0.0,0.0,0.0,0.0,0.0,0.0,0.0,0.0,0.0,0.0,0.0,0.0,0.5,0.0,0.0,0.0,0.5,0.0,0.0,0.0,0.0,0.0,0.0,0.0,0.0,0.0,0.0,0.0,0.0,78.0,500.0,5.0,0,0.01,0.01,30000,0.0,0.0,0.0,419.76109409110086,0.496461106913651
69b7d5139605ebc57c7530e3,69b7d5139605ebc57c7530e3,69b7d5139605ebc57c7530e4,0.0,0.0,0.0,0.0,0.0,0.0,0.0,0.0,0.0,0.0,0.0,0.0,0.0,0.5,0.0,0.0,0.0,0.5,0.0,0.0,0.0,0.0,0.0,0.0,0.0,0.0,0.0,0.0,0.0,0.0,78.0,500.0,5.0,0,0.01,0.01,30000,0.0,0.0,0.0,432.85661609583383,0.5614117360984463
69b7d5139605ebc57c7530e3,69b7d5139605ebc57c7530e3,69b7d5139605ebc57c7530e4,0.0,0.0,0.0,0.0,0.0,0.0,0.0,0.0,0.0,0.0,0.0,0.0,0.0,0.5,0.0,0.0,0.0,0.5,0.0,0.0,0.0,0.0,0.0,0.0,0.0,0.0,0.0,0.0,0.0,0.0,78.0,500.0,5.0,0,0.01,0.01,30000,0.0,0.0,0.0,446.5932930968061,0.6247991732450998
69b7d5139605ebc57c7530e3,69b7d5139605ebc57c7530e3,69b7d5139605ebc57c7530e4,0.0,0.0,0.0,0.0,0.0,0.0,0.0,0.0,0.0,0.0,0.0,0.0,0.0,0.5,0.0,0.0,0.0,0.5,0.0,0.0,0.0,0.0,0.0,0.0,0.0,0.0,0.0,0.0,0.0,0.0,78.0,500.0,5.0,0,0.01,0.01,30000,0.0,0.0,0.0,461.30408541395315,0.6924419664955839
69b7d5139605ebc57c7530e3,69b7d5139605ebc57c7530e3,69b7d5139605ebc57c7530e4,0.0,0.0,0.0,0.0,0.0,0.0,0.0,0.0,0.0,0.0,0.0,0.0,0.0,0.5,0.0,0.0,0.0,0.5,0.0,0.0,0.0,0.0,0.0,0.0,0.0,0.0,0.0,0.0,0.0,0.0,78.0,500.0,5.0,0,0.01,0.01,30000,0.0,0.0,0.0,475.5223165966502,0.7541272612007052
69b7d5139605ebc57c7530e3,69b7d5139605ebc57c7530e3,69b7d5139605ebc57c7530e4,0.0,0.0,0.0,0.0,0.0,0.0,0.0,0.0,0.0,0.0,0.0,0.0,0.0,0.5,0.0,0.0,0.0,0.5,0.0,0.0,0.0,0.0,0.0,0.0,0.0,0.0,0.0,0.0,0.0,0.0,78.0,500.0,5.0,0,0.01,0.01,30000,0.0,0.0,0.0,490.34593017922987,0.8057647048606588
69b7d5149605ebc57c7530e5,69b7d5149605ebc57c7530e5,69b7d5149605ebc57c7530e6,0.0,0.0,0.0,0.0,0.0,0.0,0.0,0.0,0.0,0.0,0.0,0.0,0.0,0.2,0.0,0.0,0.0,0.8,0.0,0.0,0.0,0.0,0.0,0.0,0.0,0.0,0.0,0.0,0.0,0.0,84.0,500.0,5.0,1,0.01,0.01,33000,0.0,0.0,0.0,225.09985671773393,0.02525441908731785
69b7d5149605ebc57c7530e5,69b7d5149605ebc57c7530e5,69b7d5149605ebc57c7530e6,0.0,0.0,0.0,0.0,0.0,0.0,0.0,0.0,0.0,0.0,0.0,0.0,0.0,0.2,0.0,0.0,0.0,0.8,0.0,0.0,0.0,0.0,0.0,0.0,0.0,0.0,0.0,0.0,0.0,0.0,84.0,500.0,5.0,1,0.01,0.01,33000,0.0,0.0,0.0,248.1231125316874,0.036224743400800535
69b7d5149605ebc57c7530e5,69b7d5149605ebc57c7530e5,69b7d5149605ebc57c7530e6,0.0,0.0,0.0,0.0,0.0,0.0,0.0,0.0,0.0,0.0,0.0,0.0,0.0,0.2,0.0,0.0,0.0,0.8,0.0,0.0,0.0,0.0,0.0,0.0,0.0,0.0,0.0,0.0,0.0,0.0,84.0,500.0,5.0,1,0.01,0.01,33000,0.0,0.0,0.0,277.25019287997355,0.05785145587889041
69b7d5149605ebc57c7530e5,69b7d5149605ebc57c7530e5,69b7d5149605ebc57c7530e6,0.0,0.0,0.0,0.0,0.0,0.0,0.0,0.0,0.0,0.0,0.0,0.0,0.0,0.2,0.0,0.0,0.0,0.8,0.0,0.0,0.0,0.0,0.0,0.0,0.0,0.0,0.0,0.0,0.0,0.0,84.0,500.0,5.0,1,0.01,0.01,33000,0.0,0.0,0.0,306.4665491017304,0.08984678171845159
69b7d5149605ebc57c7530e5,69b7d5149605ebc57c7530e5,69b7d5149605ebc57c7530e6,0.0,0.0,0.0,0.0,0.0,0.0,0.0,0.0,0.0,0.0,0.0,0.0,0.0,0.2,0.0,0.0,0.0,0.8,0.0,0.0,0.0,0.0,0.0,0.0,0.0,0.0,0.0,0.0,0.0,0.0,84.0,500.0,5.0,1,0.01,0.01,33000,0.0,0.0,0.0,331.55637606083985,0.13792261473930217
69b7d5149605ebc57c7530e5,69b7d5149605ebc57c7530e5,69b7d5149605ebc57c7530e6,0.0,0.0,0.0,0.0,0.0,0.0,0.0,0.0,0.0,0.0,0.0,0.0,0.0,0.2,0.0,0.0,0.0,0.8,0.0,0.0,0.0,0.0,0.0,0.0,0.0,0.0,0.0,0.0,0.0,0.0,84.0,500.0,5.0,1,0.01,0.01,33000,0.0,0.0,0.0,355.65094235644216,0.20420674439493167
69b7d5149605ebc57c7530e5,69b7d5149605ebc57c7530e5,69b7d5149605ebc57c7530e6,0.0,0.0,0.0,0.0,0.0,0.0,0.0,0.0,0.0,0.0,0.0,0.0,0.0,0.2,0.0,0.0,0.0,0.8,0.0,0.0,0.0,0.0,0.0,0.0,0.0,0.0,0.0,0.0,0.0,0.0,84.0,500.0,5.0,1,0.01,0.01,33000,0.0,0.0,0.0,373.9987876115948,0.2707524875079574
69b7d5149605ebc57c7530e5,69b7d5149605ebc57c7530e5,69b7d5149605ebc57c7530e6,0.0,0.0,0.0,0.0,0.0,0.0,0.0,0.0,0.0,0.0,0.0,0.0,0.0,0.2,0.0,0.0,0.0,0.8,0.0,0.0,0.0,0.0,0.0,0.0,0.0,0.0,0.0,0.0,0.0,0.0,84.0,500.0,5.0,1,0.01,0.01,33000,0.0,0.0,0.0,393.8610162019178,0.36778491885622594
69b7d5149605ebc57c7530e5,69b7d5149605ebc57c7530e5,69b7d5149605ebc57c7530e6,0.0,0.0,0.0,0.0,0.0,0.0,0.0,0.0,0.0,0.0,0.0,0.0,0.0,0.2,0.0,0.0,0.0,0.8,0.0,0.0,0.0,0.0,0.0,0.0,0.0,0.0,0.0,0.0,0.0,0.0,84.0,500.0,5.0,1,0.01,0.01,33000,0.0,0.0,0.0,412.20886145707044,0.4546405867117804
69b7d5149605ebc57c7530e5,69b7d5149605ebc57c7530e5,69b7d5149605ebc57c7530e6,0.0,0.0,0.0,0.0,0.0,0.0,0.0,0.0,0.0,0.0,0.0,0.0,0.0,0.2,0.0,0.0,0.0,0.8,0.0,0.0,0.0,0.0,0.0,0.0,0.0,0.0,0.0,0.0,0.0,0.0,84.0,500.0,5.0,1,0.01,0.01,33000,0.0,0.0,0.0,428.1495646423454,0.5374586868748529
69b7d5149605ebc57c7530e5,69b7d5149605ebc57c7530e5,69b7d5149605ebc57c7530e6,0.0,0.0,0.0,0.0,0.0,0.0,0.0,0.0,0.0,0.0,0.0,0.0,0.0,0.2,0.0,0.0,0.0,0.8,0.0,0.0,0.0,0.0,0.0,0.0,0.0,0.0,0.0,0.0,0.0,0.0,84.0,500.0,5.0,1,0.01,0.01,33000,0.0,0.0,0.0,442.65854733825637,0.6098209691906551
69b7d5149605ebc57c7530e5,69b7d5149605ebc57c7530e5,69b7d5149605ebc57c7530e6,0.0,0.0,0.0,0.0,0.0,0.0,0.0,0.0,0.0,0.0,0.0,0.0,0.0,0.2,0.0,0.0,0.0,0.8,0.0,0.0,0.0,0.0,0.0,0.0,0.0,0.0,0.0,0.0,0.0,0.0,84.0,500.0,5.0,1,0.01,0.01,33000,0.0,0.0,0.0,459.3564421911165,0.6809362273595353
69b7d5149605ebc57c7530e5,69b7d5149605ebc57c7530e5,69b7d5149605ebc57c7530e6,0.0,0.0,0.0,0.0,0.0,0.0,0.0,0.0,0.0,0.0,0.0,0.0,0.0,0.2,0.0,0.0,0.0,0.8,0.0,0.0,0.0,0.0,0.0,0.0,0.0,0.0,0.0,0.0,0.0,0.0,84.0,500.0,5.0,1,0.01,0.01,33000,0.0,0.0,0.0,476.78177008707155,0.7593417805411911
69b7d5149605ebc57c7530e5,69b7d5149605ebc57c7530e5,69b7d5149605ebc57c7530e6,0.0,0.0,0.0,0.0,0.0,0.0,0.0,0.0,0.0,0.0,0.0,0.0,0.0,0.2,0.0,0.0,0.0,0.8,0.0,0.0,0.0,0.0,0.0,0.0,0.0,0.0,0.0,0.0,0.0,0.0,84.0,500.0,5.0,1,0.01,0.01,33000,0.0,0.0,0.0,496.3133472941695,0.8268031707551036
69b7d5149605ebc57c7530e5,69b7d5149605ebc57c7530e5,69b7d5149605ebc57c7530e6,0.0,0.0,0.0,0.0,0.0,0.0,0.0,0.0,0.0,0.0,0.0,0.0,0.0,0.2,0.0,0.0,0.0,0.8,0.0,0.0,0.0,0.0,0.0,0.0,0.0,0.0,0.0,0.0,0.0,0.0,84.0,500.0,5.0,1,0.01,0.01,33000,0.0,0.0,0.0,506.57676622947207,0.8890235713725113
69b7d5149605ebc57c7530e5,69b7d5149605ebc57c7530e5,69b7d5149605ebc57c7530e6,0.0,0.0,0.0,0.0,0.0,0.0,0.0,0.0,0.0,0.0,0.0,0.0,0.0,0.2,0.0,0.0,0.0,0.8,0.0,0.0,0.0,0.0,0.0,0.0,0.0,0.0,0.0,0.0,0.0,0.0,84.0,500.0,5.0,1,0.01,0.01,33000,0.0,0.0,0.0,525.1362283698886,0.938067374185728
69b7d5149605ebc57c7530e5,69b7d5149605ebc57c7530e5,69b7d5149605ebc57c7530e6,0.0,0.0,0.0,0.0,0.0,0.0,0.0,0.0,0.0,0.0,0.0,0.0,0.0,0.2,0.0,0.0,0.0,0.8,0.0,0.0,0.0,0.0,0.0,0.0,0.0,0.0,0.0,0.0,0.0,0.0,84.0,500.0,5.0,1,0.01,0.01,33000,0.0,0.0,0.0,550.7054998346744,0.9628421686011528
69b7d5149605ebc57c7530e7,69b7d5149605ebc57c7530e7,69b7d5159605ebc57c7530e8,0.0,0.0,0.0,0.0,0.0,0.0,0.0,0.0,0.0,0.0,0.0,0.0,0.0,0.0,0.0,0.0,0.2,0.8,0.0,0.0,0.0,0.0,0.0,0.0,0.0,0.0,0.0,0.0,0.0,0.0,66.0,500.0,5.0,1,0.01,0.01,33000,0.0,0.0,0.0,231.25989198721481,0.03712294960452766
69b7d5149605ebc57c7530e7,69b7d5149605ebc57c7530e7,69b7d5159605ebc57c7530e8,0.0,0.0,0.0,0.0,0.0,0.0,0.0,0.0,0.0,0.0,0.0,0.0,0.0,0.0,0.0,0.0,0.2,0.8,0.0,0.0,0.0,0.0,0.0,0.0,0.0,0.0,0.0,0.0,0.0,0.0,66.0,500.0,5.0,1,0.01,0.01,33000,0.0,0.0,0.0,263.7067122230794,0.051590173798540195
69b7d5149605ebc57c7530e7,69b7d5149605ebc57c7530e7,69b7d5159605ebc57c7530e8,0.0,0.0,0.0,0.0,0.0,0.0,0.0,0.0,0.0,0.0,0.0,0.0,0.0,0.0,0.0,0.0,0.2,0.8,0.0,0.0,0.0,0.0,0.0,0.0,0.0,0.0,0.0,0.0,0.0,0.0,66.0,500.0,5.0,1,0.01,0.01,33000,0.0,0.0,0.0,293.09831367794555,0.10272688427092688
69b7d5149605ebc57c7530e7,69b7d5149605ebc57c7530e7,69b7d5159605ebc57c7530e8,0.0,0.0,0.0,0.0,0.0,0.0,0.0,0.0,0.0,0.0,0.0,0.0,0.0,0.0,0.0,0.0,0.2,0.8,0.0,0.0,0.0,0.0,0.0,0.0,0.0,0.0,0.0,0.0,0.0,0.0,66.0,500.0,5.0,1,0.01,0.01,33000,0.0,0.0,0.0,315.29494103383666,0.16245323659449043
69b7d5149605ebc57c7530e7,69b7d5149605ebc57c7530e7,69b7d5159605ebc57c7530e8,0.0,0.0,0.0,0.0,0.0,0.0,0.0,0.0,0.0,0.0,0.0,0.0,0.0,0.0,0.0,0.0,0.2,0.8,0.0,0.0,0.0,0.0,0.0,0.0,0.0,0.0,0.0,0.0,0.0,0.0,66.0,500.0,5.0,1,0.01,0.01,33000,0.0,0.0,0.0,333.9932767552077,0.26920896810931955
69b7d5149605ebc57c7530e7,69b7d5149605ebc57c7530e7,69b7d5159605ebc57c7530e8,0.0,0.0,0.0,0.0,0.0,0.0,0.0,0.0,0.0,0.0,0.0,0.0,0.0,0.0,0.0,0.0,0.2,0.8,0.0,0.0,0.0,0.0,0.0,0.0,0.0,0.0,0.0,0.0,0.0,0.0,66.0,500.0,5.0,1,0.01,0.01,33000,0.0,0.0,0.0,348.51879202027993,0.39073713951845684
69b7d5149605ebc57c7530e7,69b7d5149605ebc57c7530e7,69b7d5159605ebc57c7530e8,0.0,0.0,0.0,0.0,0.0,0.0,0.0,0.0,0.0,0.0,0.0,0.0,0.0,0.0,0.0,0.0,0.2,0.8,0.0,0.0,0.0,0.0,0.0,0.0,0.0,0.0,0.0,0.0,0.0,0.0,66.0,500.0,5.0,1,0.01,0.01,33000,0.0,0.0,0.0,363.80480546676955,0.5028646673584889
69b7d5149605ebc57c7530e7,69b7d5149605ebc57c7530e7,69b7d5159605ebc57c7530e8,0.0,0.0,0.0,0.0,0.0,0.0,0.0,0.0,0.0,0.0,0.0,0.0,0.0,0.0,0.0,0.0,0.2,0.8,0.0,0.0,0.0,0.0,0.0,0.0,0.0,0.0,0.0,0.0,0.0,0.0,66.0,500.0,5.0,1,0.01,0.01,33000,0.0,0.0,0.0,373.1754656673647,0.5738403983500912
69b7d5149605ebc57c7530e7,69b7d5149605ebc57c7530e7,69b7d5159605ebc57c7530e8,0.0,0.0,0.0,0.0,0.0,0.0,0.0,0.0,0.0,0.0,0.0,0.0,0.0,0.0,0.0,0.0,0.2,0.8,0.0,0.0,0.0,0.0,0.0,0.0,0.0,0.0,0.0,0.0,0.0,0.0,66.0,500.0,5.0,1,0.01,0.01,33000,0.0,0.0,0.0,382.6552408244241,0.6424877695708667
69b7d5149605ebc57c7530e7,69b7d5149605ebc57c7530e7,69b7d5159605ebc57c7530e8,0.0,0.0,0.0,0.0,0.0,0.0,0.0,0.0,0.0,0.0,0.0,0.0,0.0,0.0,0.0,0.0,0.2,0.8,0.0,0.0,0.0,0.0,0.0,0.0,0.0,0.0,0.0,0.0,0.0,0.0,66.0,500.0,5.0,1,0.01,0.01,33000,0.0,0.0,0.0,391.8539623057423,0.7167685505742415
69b7d5149605ebc57c7530e7,69b7d5149605ebc57c7530e7,69b7d5159605ebc57c7530e8,0.0,0.0,0.0,0.0,0.0,0.0,0.0,0.0,0.0,0.0,0.0,0.0,0.0,0.0,0.0,0.0,0.2,0.8,0.0,0.0,0.0,0.0,0.0,0.0,0.0,0.0,0.0,0.0,0.0,0.0,66.0,500.0,5.0,1,0.01,0.01,33000,0.0,0.0,0.0,403.9095117381241,0.8032666800380212
69b7d5149605ebc57c7530e7,69b7d5149605ebc57c7530e7,69b7d5159605ebc57c7530e8,0.0,0.0,0.0,0.0,0.0,0.0,0.0,0.0,0.0,0.0,0.0,0.0,0.0,0.0,0.0,0.0,0.2,0.8,0.0,0.0,0.0,0.0,0.0,0.0,0.0,0.0,0.0,0.0,0.0,0.0,66.0,500.0,5.0,1,0.01,0.01,33000,0.0,0.0,0.0,413.83235974870496,0.8696380141794493
69b7d5149605ebc57c7530e7,69b7d5149605ebc57c7530e7,69b7d5159605ebc57c7530e8,0.0,0.0,0.0,0.0,0.0,0.0,0.0,0.0,0.0,0.0,0.0,0.0,0.0,0.0,0.0,0.0,0.2,0.8,0.0,0.0,0.0,0.0,0.0,0.0,0.0,0.0,0.0,0.0,0.0,0.0,66.0,500.0,5.0,1,0.01,0.01,33000,0.0,0.0,0.0,430.5038024909071,0.925309357913371
69b7d5149605ebc57c7530e7,69b7d5149605ebc57c7530e7,69b7d5159605ebc57c7530e8,0.0,0.0,0.0,0.0,0.0,0.0,0.0,0.0,0.0,0.0,0.0,0.0,0.0,0.0,0.0,0.0,0.2,0.8,0.0,0.0,0.0,0.0,0.0,0.0,0.0,0.0,0.0,0.0,0.0,0.0,66.0,500.0,5.0,1,0.01,0.01,33000,0.0,0.0,0.0,449.0301994930012,0.9543658925815143
69b7d5159605ebc57c7530e9,69b7d5159605ebc57c7530e9,69b7d5159605ebc57c7530ea,0.0,0.0,0.0,0.0,0.0,0.0,0.0,0.0,0.0,0.0,0.0,0.0,0.0,0.0,0.0,0.0,0.0,0.8,0.2,0.0,0.0,0.0,0.0,0.0,0.0,0.0,0.0,0.0,0.0,0.0,68.0,500.0,5.0,1,0.01,0.01,33000,0.0,0.0,0.0,283.22506337484845,0.047674692386176346
69b7d5159605ebc57c7530e9,69b7d5159605ebc57c7530e9,69b7d5159605ebc57c7530ea,0.0,0.0,0.0,0.0,0.0,0.0,0.0,0.0,0.0,0.0,0.0,0.0,0.0,0.0,0.0,0.0,0.0,0.8,0.2,0.0,0.0,0.0,0.0,0.0,0.0,0.0,0.0,0.0,0.0,0.0,68.0,500.0,5.0,1,0.01,0.01,33000,0.0,0.0,0.0,313.7276534773504,0.11234553905452897
69b7d5159605ebc57c7530e9,69b7d5159605ebc57c7530e9,69b7d5159605ebc57c7530ea,0.0,0.0,0.0,0.0,0.0,0.0,0.0,0.0,0.0,0.0,0.0,0.0,0.0,0.0,0.0,0.0,0.0,0.8,0.2,0.0,0.0,0.0,0.0,0.0,0.0,0.0,0.0,0.0,0.0,0.0,68.0,500.0,5.0,1,0.01,0.01,33000,0.0,0.0,0.0,335.3985451339138,0.19486714396588561
69b7d5159605ebc57c7530e9,69b7d5159605ebc57c7530e9,69b7d5159605ebc57c7530ea,0.0,0.0,0.0,0.0,0.0,0.0,0.0,0.0,0.0,0.0,0.0,0.0,0.0,0.0,0.0,0.0,0.0,0.8,0.2,0.0,0.0,0.0,0.0,0.0,0.0,0.0,0.0,0.0,0.0,0.0,68.0,500.0,5.0,1,0.01,0.01,33000,0.0,0.0,0.0,358.3358315882288,0.31265424293425653
69b7d5159605ebc57c7530e9,69b7d5159605ebc57c7530e9,69b7d5159605ebc57c7530ea,0.0,0.0,0.0,0.0,0.0,0.0,0.0,0.0,0.0,0.0,0.0,0.0,0.0,0.0,0.0,0.0,0.0,0.8,0.2,0.0,0.0,0.0,0.0,0.0,0.0,0.0,0.0,0.0,0.0,0.0,68.0,500.0,5.0,1,0.01,0.01,33000,0.0,0.0,0.0,373.63837760387963,0.4205785145587889
69b7d5159605ebc57c7530e9,69b7d5159605ebc57c7530e9,69b7d5159605ebc57c7530ea,0.0,0.0,0.0,0.0,0.0,0.0,0.0,0.0,0.0,0.0,0.0,0.0,0.0,0.0,0.0,0.0,0.0,0.8,0.2,0.0,0.0,0.0,0.0,0.0,0.0,0.0,0.0,0.0,0.0,0.0,68.0,500.0,5.0,1,0.01,0.01,33000,0.0,0.0,0.0,387.89937176237186,0.5348338318523105
69b7d5159605ebc57c7530e9,69b7d5159605ebc57c7530e9,69b7d5159605ebc57c7530ea,0.0,0.0,0.0,0.0,0.0,0.0,0.0,0.0,0.0,0.0,0.0,0.0,0.0,0.0,0.0,0.0,0.0,0.8,0.2,0.0,0.0,0.0,0.0,0.0,0.0,0.0,0.0,0.0,0.0,0.0,68.0,500.0,5.0,1,0.01,0.01,33000,0.0,0.0,0.0,402.02479885374186,0.6554637970577207
69b7d5159605ebc57c7530e9,69b7d5159605ebc57c7530e9,69b7d5159605ebc57c7530ea,0.0,0.0,0.0,0.0,0.0,0.0,0.0,0.0,0.0,0.0,0.0,0.0,0.0,0.0,0.0,0.0,0.0,0.8,0.2,0.0,0.0,0.0,0.0,0.0,0.0,0.0,0.0,0.0,0.0,0.0,68.0,500.0,5.0,1,0.01,0.01,33000,0.0,0.0,0.0,417.6017855174694,0.7601702231562791
69b7d5159605ebc57c7530e9,69b7d5159605ebc57c7530e9,69b7d5159605ebc57c7530ea,0.0,0.0,0.0,0.0,0.0,0.0,0.0,0.0,0.0,0.0,0.0,0.0,0.0,0.0,0.0,0.0,0.0,0.8,0.2,0.0,0.0,0.0,0.0,0.0,0.0,0.0,0.0,0.0,0.0,0.0,68.0,500.0,5.0,1,0.01,0.01,33000,0.0,0.0,0.0,434.58073404607075,0.8592083576779188
69b7d5159605ebc57c7530e9,69b7d5159605ebc57c7530e9,69b7d5159605ebc57c7530ea,0.0,0.0,0.0,0.0,0.0,0.0,0.0,0.0,0.0,0.0,0.0,0.0,0.0,0.0,0.0,0.0,0.0,0.8,0.2,0.0,0.0,0.0,0.0,0.0,0.0,0.0,0.0,0.0,0.0,0.0,68.0,500.0,5.0,1,0.01,0.01,33000,0.0,0.0,0.0,452.5681692935082,0.9249430990730163
69b7d5159605ebc57c7530e9,69b7d5159605ebc57c7530e9,69b7d5159605ebc57c7530ea,0.0,0.0,0.0,0.0,0.0,0.0,0.0,0.0,0.0,0.0,0.0,0.0,0.0,0.0,0.0,0.0,0.0,0.8,0.2,0.0,0.0,0.0,0.0,0.0,0.0,0.0,0.0,0.0,0.0,0.0,68.0,500.0,5.0,1,0.01,0.01,33000,0.0,0.0,0.0,476.4445056761821,0.977405317729544
69b7d5169605ebc57c7530eb,69b7d5169605ebc57c7530eb,69b7d5169605ebc57c7530ec,0.0,0.0,0.0,0.0,0.0,0.0,0.0,0.0,0.0,0.0,0.0,0.0,0.0,0.0,0.0,0.0,0.0,0.8,0.0,0.0,0.0,0.0,0.0,0.0,0.0,0.0,0.0,0.2,0.0,0.0,78.0,500.0,5.0,1,0.01,0.01,33000,0.0,0.0,0.0,188.22561446048715,0.04289588656440487
69b7d5169605ebc57c7530eb,69b7d5169605ebc57c7530eb,69b7d5169605ebc57c7530ec,0.0,0.0,0.0,0.0,0.0,0.0,0.0,0.0,0.0,0.0,0.0,0.0,0.0,0.0,0.0,0.0,0.0,0.8,0.0,0.0,0.0,0.0,0.0,0.0,0.0,0.0,0.0,0.2,0.0,0.0,78.0,500.0,5.0,1,0.01,0.01,33000,0.0,0.0,0.0,215.24644549763033,0.08090832192407976
69b7d5169605ebc57c7530eb,69b7d5169605ebc57c7530eb,69b7d5169605ebc57c7530ec,0.0,0.0,0.0,0.0,0.0,0.0,0.0,0.0,0.0,0.0,0.0,0.0,0.0,0.0,0.0,0.0,0.0,0.8,0.0,0.0,0.0,0.0,0.0,0.0,0.0,0.0,0.0,0.2,0.0,0.0,78.0,500.0,5.0,1,0.01,0.01,33000,0.0,0.0,0.0,238.10437561997134,0.14445423072562852
69b7d5169605ebc57c7530eb,69b7d5169605ebc57c7530eb,69b7d5169605ebc57c7530ec,0.0,0.0,0.0,0.0,0.0,0.0,0.0,0.0,0.0,0.0,0.0,0.0,0.0,0.0,0.0,0.0,0.0,0.8,0.0,0.0,0.0,0.0,0.0,0.0,0.0,0.0,0.0,0.2,0.0,0.0,78.0,500.0,5.0,1,0.01,0.01,33000,0.0,0.0,0.0,256.2736691281825,0.22656597455373104
69b7d5169605ebc57c7530eb,69b7d5169605ebc57c7530eb,69b7d5169605ebc57c7530ec,0.0,0.0,0.0,0.0,0.0,0.0,0.0,0.0,0.0,0.0,0.0,0.0,0.0,0.0,0.0,0.0,0.0,0.8,0.0,0.0,0.0,0.0,0.0,0.0,0.0,0.0,0.0,0.2,0.0,0.0,78.0,500.0,5.0,1,0.01,0.01,33000,0.0,0.0,0.0,273.90069436790475,0.3250198390205192
69b7d5169605ebc57c7530eb,69b7d5169605ebc57c7530eb,69b7d5169605ebc57c7530ec,0.0,0.0,0.0,0.0,0.0,0.0,0.0,0.0,0.0,0.0,0.0,0.0,0.0,0.0,0.0,0.0,0.0,0.8,0.0,0.0,0.0,0.0,0.0,0.0,0.0,0.0,0.0,0.2,0.0,0.0,78.0,500.0,5.0,1,0.01,0.01,33000,0.0,0.0,0.0,291.1177118924281,0.4371473668605513
69b7d5169605ebc57c7530eb,69b7d5169605ebc57c7530eb,69b7d5169605ebc57c7530ec,0.0,0.0,0.0,0.0,0.0,0.0,0.0,0.0,0.0,0.0,0.0,0.0,0.0,0.0,0.0,0.0,0.0,0.8,0.0,0.0,0.0,0.0,0.0,0.0,0.0,0.0,0.0,0.2,0.0,0.0,78.0,500.0,5.0,1,0.01,0.01,33000,0.0,0.0,0.0,308.24545354348066,0.5417927498190507
69b7d5169605ebc57c7530eb,69b7d5169605ebc57c7530eb,69b7d5169605ebc57c7530ec,0.0,0.0,0.0,0.0,0.0,0.0,0.0,0.0,0.0,0.0,0.0,0.0,0.0,0.0,0.0,0.0,0.0,0.8,0.0,0.0,0.0,0.0,0.0,0.0,0.0,0.0,0.0,0.2,0.0,0.0,78.0,500.0,5.0,1,0.01,0.01,33000,0.0,0.0,0.0,323.6835666262537,0.6535976210616273
69b7d5169605ebc57c7530eb,69b7d5169605ebc57c7530eb,69b7d5169605ebc57c7530ec,0.0,0.0,0.0,0.0,0.0,0.0,0.0,0.0,0.0,0.0,0.0,0.0,0.0,0.0,0.0,0.0,0.0,0.8,0.0,0.0,0.0,0.0,0.0,0.0,0.0,0.0,0.0,0.2,0.0,0.0,78.0,500.0,5.0,1,0.01,0.01,33000,0.0,0.0,0.0,339.1415187920203,0.7443338885352262
69b7d5169605ebc57c7530eb,69b7d5169605ebc57c7530eb,69b7d5169605ebc57c7530ec,0.0,0.0,0.0,0.0,0.0,0.0,0.0,0.0,0.0,0.0,0.0,0.0,0.0,0.0,0.0,0.0,0.0,0.8,0.0,0.0,0.0,0.0,0.0,0.0,0.0,0.0,0.0,0.2,0.0,0.0,78.0,500.0,5.0,1,0.01,0.01,33000,0.0,0.0,0.0,355.98820676733163,0.8225999145396038
69b7d5169605ebc57c7530eb,69b7d5169605ebc57c7530eb,69b7d5169605ebc57c7530ec,0.0,0.0,0.0,0.0,0.0,0.0,0.0,0.0,0.0,0.0,0.0,0.0,0.0,0.0,0.0,0.0,0.0,0.8,0.0,0.0,0.0,0.0,0.0,0.0,0.0,0.0,0.0,0.2,0.0,0.0,78.0,500.0,5.0,1,0.01,0.01,33000,0.0,0.0,0.0,376.09511738124104,0.8890410122696711
69b7d5169605ebc57c7530eb,69b7d5169605ebc57c7530eb,69b7d5169605ebc57c7530ec,0.0,0.0,0.0,0.0,0.0,0.0,0.0,0.0,0.0,0.0,0.0,0.0,0.0,0.0,0.0,0.0,0.0,0.8,0.0,0.0,0.0,0.0,0.0,0.0,0.0,0.0,0.0,0.2,0.0,0.0,78.0,500.0,5.0,1,0.01,0.01,33000,0.0,0.0,0.0,396.77074837429734,0.9261988436685182
69b7d5169605ebc57c7530eb,69b7d5169605ebc57c7530eb,69b7d5169605ebc57c7530ec,0.0,0.0,0.0,0.0,0.0,0.0,0.0,0.0,0.0,0.0,0.0,0.0,0.0,0.0,0.0,0.0,0.0,0.8,0.0,0.0,0.0,0.0,0.0,0.0,0.0,0.0,0.0,0.2,0.0,0.0,78.0,500.0,5.0,1,0.01,0.01,33000,0.0,0.0,0.0,431.0130056210735,0.9600080228126935
69b7d5169605ebc57c7530eb,69b7d5169605ebc57c7530eb,69b7d5169605ebc57c7530ec,0.0,0.0,0.0,0.0,0.0,0.0,0.0,0.0,0.0,0.0,0.0,0.0,0.0,0.0,0.0,0.0,0.0,0.8,0.0,0.0,0.0,0.0,0.0,0.0,0.0,0.0,0.0,0.2,0.0,0.0,78.0,500.0,5.0,1,0.01,0.01,33000,0.0,0.0,0.0,467.9401520996363,0.9769954566462898
69b7d5169605ebc57c7530eb,69b7d5169605ebc57c7530eb,69b7d5169605ebc57c7530ec,0.0,0.0,0.0,0.0,0.0,0.0,0.0,0.0,0.0,0.0,0.0,0.0,0.0,0.0,0.0,0.0,0.0,0.8,0.0,0.0,0.0,0.0,0.0,0.0,0.0,0.0,0.0,0.2,0.0,0.0,78.0,500.0,5.0,1,0.01,0.01,33000,0.0,0.0,0.0,162.97046180976525,0.032361584679915935
69b7d5179605ebc57c7530ef,69b7d5179605ebc57c7530ef,69b7d5179605ebc57c7530f0,0.0,0.0,0.0,0.0,0.2,0.0,0.0,0.0,0.0,0.0,0.0,0.0,0.0,0.0,0.0,0.0,0.0,0.8,0.0,0.0,0.0,0.0,0.0,0.0,0.0,0.0,0.0,0.0,0.0,0.0,58.0,500.0,5.0,1,0.01,0.01,33000,0.0,0.0,0.0,58.84172820456299,0.024609105892407106
69b7d5179605ebc57c7530ef,69b7d5179605ebc57c7530ef,69b7d5179605ebc57c7530f0,0.0,0.0,0.0,0.0,0.2,0.0,0.0,0.0,0.0,0.0,0.0,0.0,0.0,0.0,0.0,0.0,0.0,0.8,0.0,0.0,0.0,0.0,0.0,0.0,0.0,0.0,0.0,0.0,0.0,0.0,58.0,500.0,5.0,1,0.01,0.01,33000,0.0,0.0,0.0,71.73382563650391,0.08648068856661986
69b7d5179605ebc57c7530ef,69b7d5179605ebc57c7530ef,69b7d5179605ebc57c7530f0,0.0,0.0,0.0,0.0,0.2,0.0,0.0,0.0,0.0,0.0,0.0,0.0,0.0,0.0,0.0,0.0,0.0,0.8,0.0,0.0,0.0,0.0,0.0,0.0,0.0,0.0,0.0,0.0,0.0,0.0,58.0,500.0,5.0,1,0.01,0.01,33000,0.0,0.0,0.0,82.60894963077263,0.15806685095881332
69b7d5179605ebc57c7530ef,69b7d5179605ebc57c7530ef,69b7d5179605ebc57c7530f0,0.0,0.0,0.0,0.0,0.2,0.0,0.0,0.0,0.0,0.0,0.0,0.0,0.0,0.0,0.0,0.0,0.0,0.8,0.0,0.0,0.0,0.0,0.0,0.0,0.0,0.0,0.0,0.0,0.0,0.0,58.0,500.0,5.0,1,0.01,0.01,33000,0.0,0.0,0.0,94.48594731621294,0.25222153427572314
69b7d5179605ebc57c7530ef,69b7d5179605ebc57c7530ef,69b7d5179605ebc57c7530f0,0.0,0.0,0.0,0.0,0.2,0.0,0.0,0.0,0.0,0.0,0.0,0.0,0.0,0.0,0.0,0.0,0.0,0.8,0.0,0.0,0.0,0.0,0.0,0.0,0.0,0.0,0.0,0.0,0.0,0.0,58.0,500.0,5.0,1,0.01,0.01,33000,0.0,0.0,0.0,104.84194863881848,0.35854996381013843
69b7d5179605ebc57c7530ef,69b7d5179605ebc57c7530ef,69b7d5179605ebc57c7530f0,0.0,0.0,0.0,0.0,0.2,0.0,0.0,0.0,0.0,0.0,0.0,0.0,0.0,0.0,0.0,0.0,0.0,0.8,0.0,0.0,0.0,0.0,0.0,0.0,0.0,0.0,0.0,0.0,0.0,0.0,58.0,500.0,5.0,1,0.01,0.01,33000,0.0,0.0,0.0,115.41617987435248,0.4686456271310596
69b7d5179605ebc57c7530ef,69b7d5179605ebc57c7530ef,69b7d5179605ebc57c7530f0,0.0,0.0,0.0,0.0,0.2,0.0,0.0,0.0,0.0,0.0,0.0,0.0,0.0,0.0,0.0,0.0,0.0,0.8,0.0,0.0,0.0,0.0,0.0,0.0,0.0,0.0,0.0,0.0,0.0,0.0,58.0,500.0,5.0,1,0.01,0.01,33000,0.0,0.0,0.0,122.80954480326243,0.5566785555448972
69b7d5179605ebc57c7530ef,69b7d5179605ebc57c7530ef,69b7d5179605ebc57c7530f0,0.0,0.0,0.0,0.0,0.2,0.0,0.0,0.0,0.0,0.0,0.0,0.0,0.0,0.0,0.0,0.0,0.0,0.8,0.0,0.0,0.0,0.0,0.0,0.0,0.0,0.0,0.0,0.0,0.0,0.0,58.0,500.0,5.0,1,0.01,0.01,33000,0.0,0.0,0.0,130.60961093353907,0.6466125417491476
69b7d5179605ebc57c7530ef,69b7d5179605ebc57c7530ef,69b7d5179605ebc57c7530f0,0.0,0.0,0.0,0.0,0.2,0.0,0.0,0.0,0.0,0.0,0.0,0.0,0.0,0.0,0.0,0.0,0.0,0.8,0.0,0.0,0.0,0.0,0.0,0.0,0.0,0.0,0.0,0.0,0.0,0.0,58.0,500.0,5.0,1,0.01,0.01,33000,0.0,0.0,0.0,138.07241265292626,0.7303288481159471
69b7d5179605ebc57c7530ef,69b7d5179605ebc57c7530ef,69b7d5179605ebc57c7530f0,0.0,0.0,0.0,0.0,0.2,0.0,0.0,0.0,0.0,0.0,0.0,0.0,0.0,0.0,0.0,0.0,0.0,0.8,0.0,0.0,0.0,0.0,0.0,0.0,0.0,0.0,0.0,0.0,0.0,0.0,58.0,500.0,5.0,1,0.01,0.01,33000,0.0,0.0,0.0,144.1828502149234,0.7896976620477356
69b7d5179605ebc57c7530ef,69b7d5179605ebc57c7530ef,69b7d5179605ebc57c7530f0,0.0,0.0,0.0,0.0,0.2,0.0,0.0,0.0,0.0,0.0,0.0,0.0,0.0,0.0,0.0,0.0,0.0,0.8,0.0,0.0,0.0,0.0,0.0,0.0,0.0,0.0,0.0,0.0,0.0,0.0,58.0,500.0,5.0,1,0.01,0.01,33000,0.0,0.0,0.0,151.3050810095889,0.8579351721852572
69b7d5179605ebc57c7530ef,69b7d5179605ebc57c7530ef,69b7d5179605ebc57c7530f0,0.0,0.0,0.0,0.0,0.2,0.0,0.0,0.0,0.0,0.0,0.0,0.0,0.0,0.0,0.0,0.0,0.0,0.8,0.0,0.0,0.0,0.0,0.0,0.0,0.0,0.0,0.0,0.0,0.0,0.0,58.0,500.0,5.0,1,0.01,0.01,33000,0.0,0.0,0.0,163.57886035489915,0.9287190533081021
69b7d5179605ebc57c7530ef,69b7d5179605ebc57c7530ef,69b7d5179605ebc57c7530f0,0.0,0.0,0.0,0.0,0.2,0.0,0.0,0.0,0.0,0.0,0.0,0.0,0.0,0.0,0.0,0.0,0.0,0.8,0.0,0.0,0.0,0.0,0.0,0.0,0.0,0.0,0.0,0.0,0.0,0.0,58.0,500.0,5.0,1,0.01,0.01,33000,0.0,0.0,0.0,179.5096439986774,0.9733503091399021
69b7d51c9605ebc57c7530fd,69b7d51c9605ebc57c7530fd,69b7d51c9605ebc57c7530fe,0.0,0.0,0.0,0.0,0.0,0.0,0.0,0.0,0.0,0.0,0.0,0.0,0.0,0.1,0.0,0.0,0.0,0.8,0.1,0.0,0.0,0.0,0.0,0.0,0.0,0.0,0.0,0.0,0.0,0.0,7.0,550.0,4.0,1,0.01,0.1,30000,0.0,0.0,0.0,273.39254682371114,0.014251805464370488
69b7d51c9605ebc57c7530fd,69b7d51c9605ebc57c7530fd,69b7d51c9605ebc57c7530fe,0.0,0.0,0.0,0.0,0.0,0.0,0.0,0.0,0.0,0.0,0.0,0.0,0.0,0.1,0.0,0.0,0.0,0.8,0.1,0.0,0.0,0.0,0.0,0.0,0.0,0.0,0.0,0.0,0.0,0.0,7.0,550.0,4.0,1,0.01,0.1,30000,0.0,0.0,0.0,295.33064130224903,0.030382303924044243
69b7d51c9605ebc57c7530fd,69b7d51c9605ebc57c7530fd,69b7d51c9605ebc57c7530fe,0.0,0.0,0.0,0.0,0.0,0.0,0.0,0.0,0.0,0.0,0.0,0.0,0.0,0.1,0.0,0.0,0.0,0.8,0.1,0.0,0.0,0.0,0.0,0.0,0.0,0.0,0.0,0.0,0.0,0.0,7.0,550.0,4.0,1,0.01,0.1,30000,0.0,0.0,0.0,314.7602777101505,0.06973385182566537
69b7d51c9605ebc57c7530fd,69b7d51c9605ebc57c7530fd,69b7d51c9605ebc57c7530fe,0.0,0.0,0.0,0.0,0.0,0.0,0.0,0.0,0.0,0.0,0.0,0.0,0.0,0.1,0.0,0.0,0.0,0.8,0.1,0.0,0.0,0.0,0.0,0.0,0.0,0.0,0.0,0.0,0.0,0.0,7.0,550.0,4.0,1,0.01,0.1,30000,0.0,0.0,0.0,327.82978080374755,0.12836725417908187
69b7d51c9605ebc57c7530fd,69b7d51c9605ebc57c7530fd,69b7d51c9605ebc57c7530fe,0.0,0.0,0.0,0.0,0.0,0.0,0.0,0.0,0.0,0.0,0.0,0.0,0.0,0.1,0.0,0.0,0.0,0.8,0.1,0.0,0.0,0.0,0.0,0.0,0.0,0.0,0.0,0.0,0.0,0.0,7.0,550.0,4.0,1,0.01,0.1,30000,0.0,0.0,0.0,342.6320340505553,0.21047421847381448
69b7d51c9605ebc57c7530fd,69b7d51c9605ebc57c7530fd,69b7d51c9605ebc57c7530fe,0.0,0.0,0.0,0.0,0.0,0.0,0.0,0.0,0.0,0.0,0.0,0.0,0.0,0.1,0.0,0.0,0.0,0.8,0.1,0.0,0.0,0.0,0.0,0.0,0.0,0.0,0.0,0.0,0.0,0.0,7.0,550.0,4.0,1,0.01,0.1,30000,0.0,0.0,0.0,354.3448877993905,0.30419675773950816
69b7d51c9605ebc57c7530fd,69b7d51c9605ebc57c7530fd,69b7d51c9605ebc57c7530fe,0.0,0.0,0.0,0.0,0.0,0.0,0.0,0.0,0.0,0.0,0.0,0.0,0.0,0.1,0.0,0.0,0.0,0.8,0.1,0.0,0.0,0.0,0.0,0.0,0.0,0.0,0.0,0.0,0.0,0.0,7.0,550.0,4.0,1,0.01,0.1,30000,0.0,0.0,0.0,366.9576970541568,0.3936265845159335
69b7d51c9605ebc57c7530fd,69b7d51c9605ebc57c7530fd,69b7d51c9605ebc57c7530fe,0.0,0.0,0.0,0.0,0.0,0.0,0.0,0.0,0.0,0.0,0.0,0.0,0.0,0.1,0.0,0.0,0.0,0.8,0.1,0.0,0.0,0.0,0.0,0.0,0.0,0.0,0.0,0.0,0.0,0.0,7.0,550.0,4.0,1,0.01,0.1,30000,0.0,0.0,0.0,388.7144572143355,0.45376496136558764
69b7d51c9605ebc57c7530fd,69b7d51c9605ebc57c7530fd,69b7d51c9605ebc57c7530fe,0.0,0.0,0.0,0.0,0.0,0.0,0.0,0.0,0.0,0.0,0.0,0.0,0.0,0.1,0.0,0.0,0.0,0.8,0.1,0.0,0.0,0.0,0.0,0.0,0.0,0.0,0.0,0.0,0.0,0.0,7.0,550.0,4.0,1,0.01,0.1,30000,0.0,0.0,0.0,412.1771031842642,0.49130851977172874
69b7d51c9605ebc57c7530fd,69b7d51c9605ebc57c7530fd,69b7d51c9605ebc57c7530fe,0.0,0.0,0.0,0.0,0.0,0.0,0.0,0.0,0.0,0.0,0.0,0.0,0.0,0.1,0.0,0.0,0.0,0.8,0.1,0.0,0.0,0.0,0.0,0.0,0.0,0.0,0.0,0.0,0.0,0.0,7.0,550.0,4.0,1,0.01,0.1,30000,0.0,0.0,0.0,430.2668804620667,0.550113630624716
69b7d51c9605ebc57c7530fd,69b7d51c9605ebc57c7530fd,69b7d51c9605ebc57c7530fe,0.0,0.0,0.0,0.0,0.0,0.0,0.0,0.0,0.0,0.0,0.0,0.0,0.0,0.1,0.0,0.0,0.0,0.8,0.1,0.0,0.0,0.0,0.0,0.0,0.0,0.0,0.0,0.0,0.0,0.0,7.0,550.0,4.0,1,0.01,0.1,30000,0.0,0.0,0.0,444.25648731919034,0.6224231099439423
69b7d51c9605ebc57c7530fd,69b7d51c9605ebc57c7530fd,69b7d51c9605ebc57c7530fe,0.0,0.0,0.0,0.0,0.0,0.0,0.0,0.0,0.0,0.0,0.0,0.0,0.0,0.1,0.0,0.0,0.0,0.8,0.1,0.0,0.0,0.0,0.0,0.0,0.0,0.0,0.0,0.0,0.0,0.0,7.0,550.0,4.0,1,0.01,0.1,30000,0.0,0.0,0.0,457.3159162839897,0.7082369577294076
69b7d51c9605ebc57c7530fd,69b7d51c9605ebc57c7530fd,69b7d51c9605ebc57c7530fe,0.0,0.0,0.0,0.0,0.0,0.0,0.0,0.0,0.0,0.0,0.0,0.0,0.0,0.1,0.0,0.0,0.0,0.8,0.1,0.0,0.0,0.0,0.0,0.0,0.0,0.0,0.0,0.0,0.0,0.0,7.0,550.0,4.0,1,0.01,0.1,30000,0.0,0.0,0.0,467.29937792254674,0.7852229685369427
69b7d51c9605ebc57c7530fd,69b7d51c9605ebc57c7530fd,69b7d51c9605ebc57c7530fe,0.0,0.0,0.0,0.0,0.0,0.0,0.0,0.0,0.0,0.0,0.0,0.0,0.0,0.1,0.0,0.0,0.0,0.8,0.1,0.0,0.0,0.0,0.0,0.0,0.0,0.0,0.0,0.0,0.0,0.0,7.0,550.0,4.0,1,0.01,0.1,30000,0.0,0.0,0.0,477.87721316017024,0.8550578253623555
69b7d51c9605ebc57c7530fd,69b7d51c9605ebc57c7530fd,69b7d51c9605ebc57c7530fe,0.0,0.0,0.0,0.0,0.0,0.0,0.0,0.0,0.0,0.0,0.0,0.0,0.0,0.1,0.0,0.0,0.0,0.8,0.1,0.0,0.0,0.0,0.0,0.0,0.0,0.0,0.0,0.0,0.0,0.0,7.0,550.0,4.0,1,0.01,0.1,30000,0.0,0.0,0.0,490.9601484254976,0.9236604211908491
69b7d51c9605ebc57c7530ff,69b7d51c9605ebc57c7530ff,69b7d51d9605ebc57c753100,0.0,0.0,0.0,0.0,0.0,0.0,0.0,0.0,0.0,0.0,0.0,0.0,0.0,0.1,0.0,0.0,0.0,0.9,0.0,0.0,0.0,0.0,0.0,0.0,0.0,0.0,0.0,0.0,0.0,0.0,2.0,550.0,4.0,1,0.01,0.1,30000,0.0,0.0,0.0,205.97311886632468,0.018312206454219486
69b7d51c9605ebc57c7530ff,69b7d51c9605ebc57c7530ff,69b7d51d9605ebc57c753100,0.0,0.0,0.0,0.0,0.0,0.0,0.0,0.0,0.0,0.0,0.0,0.0,0.0,0.1,0.0,0.0,0.0,0.9,0.0,0.0,0.0,0.0,0.0,0.0,0.0,0.0,0.0,0.0,0.0,0.0,2.0,550.0,4.0,1,0.01,0.1,30000,0.0,0.0,0.0,218.9721030583376,0.06571385283571538
69b7d51c9605ebc57c7530ff,69b7d51c9605ebc57c7530ff,69b7d51d9605ebc57c753100,0.0,0.0,0.0,0.0,0.0,0.0,0.0,0.0,0.0,0.0,0.0,0.0,0.0,0.1,0.0,0.0,0.0,0.9,0.0,0.0,0.0,0.0,0.0,0.0,0.0,0.0,0.0,0.0,0.0,0.0,2.0,550.0,4.0,1,0.01,0.1,30000,0.0,0.0,0.0,227.98844833231192,0.1411140851472148
69b7d51c9605ebc57c7530ff,69b7d51c9605ebc57c7530ff,69b7d51d9605ebc57c753100,0.0,0.0,0.0,0.0,0.0,0.0,0.0,0.0,0.0,0.0,0.0,0.0,0.0,0.1,0.0,0.0,0.0,0.9,0.0,0.0,0.0,0.0,0.0,0.0,0.0,0.0,0.0,0.0,0.0,0.0,2.0,550.0,4.0,1,0.01,0.1,30000,0.0,0.0,0.0,234.59036073776204,0.2677036513307409
69b7d51c9605ebc57c7530ff,69b7d51c9605ebc57c7530ff,69b7d51d9605ebc57c753100,0.0,0.0,0.0,0.0,0.0,0.0,0.0,0.0,0.0,0.0,0.0,0.0,0.0,0.1,0.0,0.0,0.0,0.9,0.0,0.0,0.0,0.0,0.0,0.0,0.0,0.0,0.0,0.0,0.0,0.0,2.0,550.0,4.0,1,0.01,0.1,30000,0.0,0.0,0.0,239.79196924032672,0.378334427554164
69b7d51c9605ebc57c7530ff,69b7d51c9605ebc57c7530ff,69b7d51d9605ebc57c753100,0.0,0.0,0.0,0.0,0.0,0.0,0.0,0.0,0.0,0.0,0.0,0.0,0.0,0.1,0.0,0.0,0.0,0.9,0.0,0.0,0.0,0.0,0.0,0.0,0.0,0.0,0.0,0.0,0.0,0.0,2.0,550.0,4.0,1,0.01,0.1,30000,0.0,0.0,0.0,247.0822804469555,0.4882581687793547
69b7d51c9605ebc57c7530ff,69b7d51c9605ebc57c7530ff,69b7d51d9605ebc57c753100,0.0,0.0,0.0,0.0,0.0,0.0,0.0,0.0,0.0,0.0,0.0,0.0,0.0,0.1,0.0,0.0,0.0,0.9,0.0,0.0,0.0,0.0,0.0,0.0,0.0,0.0,0.0,0.0,0.0,0.0,2.0,550.0,4.0,1,0.01,0.1,30000,0.0,0.0,0.0,253.0327325234853,0.569890409575274
69b7d51c9605ebc57c7530ff,69b7d51c9605ebc57c7530ff,69b7d51d9605ebc57c753100,0.0,0.0,0.0,0.0,0.0,0.0,0.0,0.0,0.0,0.0,0.0,0.0,0.0,0.1,0.0,0.0,0.0,0.9,0.0,0.0,0.0,0.0,0.0,0.0,0.0,0.0,0.0,0.0,0.0,0.0,2.0,550.0,4.0,1,0.01,0.1,30000,0.0,0.0,0.0,261.8610273932352,0.683581637291046
69b7d51c9605ebc57c7530ff,69b7d51c9605ebc57c7530ff,69b7d51d9605ebc57c753100,0.0,0.0,0.0,0.0,0.0,0.0,0.0,0.0,0.0,0.0,0.0,0.0,0.0,0.1,0.0,0.0,0.0,0.9,0.0,0.0,0.0,0.0,0.0,0.0,0.0,0.0,0.0,0.0,0.0,0.0,2.0,550.0,4.0,1,0.01,0.1,30000,0.0,0.0,0.0,270.2628508105476,0.7750618655623454
69b7d51c9605ebc57c7530ff,69b7d51c9605ebc57c7530ff,69b7d51d9605ebc57c753100,0.0,0.0,0.0,0.0,0.0,0.0,0.0,0.0,0.0,0.0,0.0,0.0,0.0,0.1,0.0,0.0,0.0,0.9,0.0,0.0,0.0,0.0,0.0,0.0,0.0,0.0,0.0,0.0,0.0,0.0,2.0,550.0,4.0,1,0.01,0.1,30000,0.0,0.0,0.0,282.29807668091036,0.8757739508105652
69b7d51c9605ebc57c7530ff,69b7d51c9605ebc57c7530ff,69b7d51d9605ebc57c753100,0.0,0.0,0.0,0.0,0.0,0.0,0.0,0.0,0.0,0.0,0.0,0.0,0.0,0.1,0.0,0.0,0.0,0.9,0.0,0.0,0.0,0.0,0.0,0.0,0.0,0.0,0.0,0.0,0.0,0.0,2.0,550.0,4.0,1,0.01,0.1,30000,0.0,0.0,0.0,296.8954893088308,0.9392454926518863
69b7d51c9605ebc57c7530ff,69b7d51c9605ebc57c7530ff,69b7d51d9605ebc57c753100,0.0,0.0,0.0,0.0,0.0,0.0,0.0,0.0,0.0,0.0,0.0,0.0,0.0,0.1,0.0,0.0,0.0,0.9,0.0,0.0,0.0,0.0,0.0,0.0,0.0,0.0,0.0,0.0,0.0,0.0,2.0,550.0,4.0,1,0.01,0.1,30000,0.0,0.0,0.0,316.8288321566191,0.9658704105853241
69b7d51c9605ebc57c7530ff,69b7d51c9605ebc57c7530ff,69b7d51d9605ebc57c753100,0.0,0.0,0.0,0.0,0.0,0.0,0.0,0.0,0.0,0.0,0.0,0.0,0.0,0.1,0.0,0.0,0.0,0.9,0.0,0.0,0.0,0.0,0.0,0.0,0.0,0.0,0.0,0.0,0.0,0.0,2.0,550.0,4.0,1,0.01,0.1,30000,0.0,0.0,0.0,338.71991403410095,0.9836674915408313
69b7d51d9605ebc57c753101,69b7d51d9605ebc57c753101,69b7d51d9605ebc57c753102,0.0,0.0,0.0,0.0,0.0,0.0,0.0,0.0,0.0,0.0,0.0,0.0,0.0,0.0,0.0,0.0,0.0,0.9,0.1,0.0,0.0,0.0,0.0,0.0,0.0,0.0,0.0,0.0,0.0,0.0,9.0,550.0,4.0,1,0.01,0.1,30000,0.0,0.0,0.0,292.9162084337248,0.011756981970607547
69b7d51d9605ebc57c753101,69b7d51d9605ebc57c753101,69b7d51d9605ebc57c753102,0.0,0.0,0.0,0.0,0.0,0.0,0.0,0.0,0.0,0.0,0.0,0.0,0.0,0.0,0.0,0.0,0.0,0.9,0.1,0.0,0.0,0.0,0.0,0.0,0.0,0.0,0.0,0.0,0.0,0.0,9.0,550.0,4.0,1,0.01,0.1,30000,0.0,0.0,0.0,322.96061855150816,0.06260289884349275
69b7d51d9605ebc57c753101,69b7d51d9605ebc57c753101,69b7d51d9605ebc57c753102,0.0,0.0,0.0,0.0,0.0,0.0,0.0,0.0,0.0,0.0,0.0,0.0,0.0,0.0,0.0,0.0,0.0,0.9,0.1,0.0,0.0,0.0,0.0,0.0,0.0,0.0,0.0,0.0,0.0,0.0,9.0,550.0,4.0,1,0.01,0.1,30000,0.0,0.0,0.0,349.59325704979136,0.1431038836422403
69b7d51d9605ebc57c753101,69b7d51d9605ebc57c753101,69b7d51d9605ebc57c753102,0.0,0.0,0.0,0.0,0.0,0.0,0.0,0.0,0.0,0.0,0.0,0.0,0.0,0.0,0.0,0.0,0.0,0.9,0.1,0.0,0.0,0.0,0.0,0.0,0.0,0.0,0.0,0.0,0.0,0.0,9.0,550.0,4.0,1,0.01,0.1,30000,0.0,0.0,0.0,371.7563404048121,0.2379980809050048
69b7d51d9605ebc57c753101,69b7d51d9605ebc57c753101,69b7d51d9605ebc57c753102,0.0,0.0,0.0,0.0,0.0,0.0,0.0,0.0,0.0,0.0,0.0,0.0,0.0,0.0,0.0,0.0,0.0,0.9,0.1,0.0,0.0,0.0,0.0,0.0,0.0,0.0,0.0,0.0,0.0,0.0,9.0,550.0,4.0,1,0.01,0.1,30000,0.0,0.0,0.0,388.38872704987534,0.3424372506439069
69b7d51d9605ebc57c753101,69b7d51d9605ebc57c753101,69b7d51d9605ebc57c753102,0.0,0.0,0.0,0.0,0.0,0.0,0.0,0.0,0.0,0.0,0.0,0.0,0.0,0.0,0.0,0.0,0.0,0.9,0.1,0.0,0.0,0.0,0.0,0.0,0.0,0.0,0.0,0.0,0.0,0.0,9.0,550.0,4.0,1,0.01,0.1,30000,0.0,0.0,0.0,403.4159691731659,0.4518761678703096
69b7d51d9605ebc57c753101,69b7d51d9605ebc57c753101,69b7d51d9605ebc57c753102,0.0,0.0,0.0,0.0,0.0,0.0,0.0,0.0,0.0,0.0,0.0,0.0,0.0,0.0,0.0,0.0,0.0,0.9,0.1,0.0,0.0,0.0,0.0,0.0,0.0,0.0,0.0,0.0,0.0,0.0,9.0,550.0,4.0,1,0.01,0.1,30000,0.0,0.0,0.0,419.1047457541745,0.5859098025352255
69b7d51d9605ebc57c753101,69b7d51d9605ebc57c753101,69b7d51d9605ebc57c753102,0.0,0.0,0.0,0.0,0.0,0.0,0.0,0.0,0.0,0.0,0.0,0.0,0.0,0.0,0.0,0.0,0.0,0.9,0.1,0.0,0.0,0.0,0.0,0.0,0.0,0.0,0.0,0.0,0.0,0.0,9.0,550.0,4.0,1,0.01,0.1,30000,0.0,0.0,0.0,432.53355944155743,0.6902378667744054
69b7d51d9605ebc57c753101,69b7d51d9605ebc57c753101,69b7d51d9605ebc57c753102,0.0,0.0,0.0,0.0,0.0,0.0,0.0,0.0,0.0,0.0,0.0,0.0,0.0,0.0,0.0,0.0,0.0,0.9,0.1,0.0,0.0,0.0,0.0,0.0,0.0,0.0,0.0,0.0,0.0,0.0,9.0,550.0,4.0,1,0.01,0.1,30000,0.0,0.0,0.0,445.2471099843011,0.7909802535225495
69b7d51d9605ebc57c753101,69b7d51d9605ebc57c753101,69b7d51d9605ebc57c753102,0.0,0.0,0.0,0.0,0.0,0.0,0.0,0.0,0.0,0.0,0.0,0.0,0.0,0.0,0.0,0.0,0.0,0.9,0.1,0.0,0.0,0.0,0.0,0.0,0.0,0.0,0.0,0.0,0.0,0.0,9.0,550.0,4.0,1,0.01,0.1,30000,0.0,0.0,0.0,460.096375832165,0.8844199787889501
69b7d51d9605ebc57c753101,69b7d51d9605ebc57c753101,69b7d51d9605ebc57c753102,0.0,0.0,0.0,0.0,0.0,0.0,0.0,0.0,0.0,0.0,0.0,0.0,0.0,0.0,0.0,0.0,0.0,0.9,0.1,0.0,0.0,0.0,0.0,0.0,0.0,0.0,0.0,0.0,0.0,0.0,9.0,550.0,4.0,1,0.01,0.1,30000,0.0,0.0,0.0,473.7132399237724,0.9454067976364832
69b7d51d9605ebc57c753101,69b7d51d9605ebc57c753101,69b7d51d9605ebc57c753102,0.0,0.0,0.0,0.0,0.0,0.0,0.0,0.0,0.0,0.0,0.0,0.0,0.0,0.0,0.0,0.0,0.0,0.9,0.1,0.0,0.0,0.0,0.0,0.0,0.0,0.0,0.0,0.0,0.0,0.0,9.0,550.0,4.0,1,0.01,0.1,30000,0.0,0.0,0.0,490.23816919499313,0.9835563860411091
69b7d51e9605ebc57c753103,69b7d51e9605ebc57c753103,69b7d51e9605ebc57c753104,0.0,0.0,0.0,0.0,0.0,0.0,0.0,0.0,0.0,0.0,0.0,0.0,0.0,0.0,0.0,0.0,0.0,1.0,0.0,0.0,0.0,0.0,0.0,0.0,0.0,0.0,0.0,0.0,0.0,0.0,6.0,550.0,4.0,1,0.01,0.1,30000,0.0,0.0,0.0,215.85919725983695,0.016433513458916218
69b7d51e9605ebc57c753103,69b7d51e9605ebc57c753103,69b7d51e9605ebc57c753104,0.0,0.0,0.0,0.0,0.0,0.0,0.0,0.0,0.0,0.0,0.0,0.0,0.0,0.0,0.0,0.0,0.0,1.0,0.0,0.0,0.0,0.0,0.0,0.0,0.0,0.0,0.0,0.0,0.0,0.0,6.0,550.0,4.0,1,0.01,0.1,30000,0.0,0.0,0.0,234.17396341412226,0.06353214484116965
69b7d51e9605ebc57c753103,69b7d51e9605ebc57c753103,69b7d51e9605ebc57c753104,0.0,0.0,0.0,0.0,0.0,0.0,0.0,0.0,0.0,0.0,0.0,0.0,0.0,0.0,0.0,0.0,0.0,1.0,0.0,0.0,0.0,0.0,0.0,0.0,0.0,0.0,0.0,0.0,0.0,0.0,6.0,550.0,4.0,1,0.01,0.1,30000,0.0,0.0,0.0,249.15419293635668,0.16682995808292514
69b7d51e9605ebc57c753103,69b7d51e9605ebc57c753103,69b7d51e9605ebc57c753104,0.0,0.0,0.0,0.0,0.0,0.0,0.0,0.0,0.0,0.0,0.0,0.0,0.0,0.0,0.0,0.0,0.0,1.0,0.0,0.0,0.0,0.0,0.0,0.0,0.0,0.0,0.0,0.0,0.0,0.0,6.0,550.0,4.0,1,0.01,0.1,30000,0.0,0.0,0.0,258.89587548376807,0.3131559012171103
69b7d51e9605ebc57c753103,69b7d51e9605ebc57c753103,69b7d51e9605ebc57c753104,0.0,0.0,0.0,0.0,0.0,0.0,0.0,0.0,0.0,0.0,0.0,0.0,0.0,0.0,0.0,0.0,0.0,1.0,0.0,0.0,0.0,0.0,0.0,0.0,0.0,0.0,0.0,0.0,0.0,0.0,6.0,550.0,4.0,1,0.01,0.1,30000,0.0,0.0,0.0,262.1464610425044,0.45982526135043694
69b7d51e9605ebc57c753103,69b7d51e9605ebc57c753103,69b7d51e9605ebc57c753104,0.0,0.0,0.0,0.0,0.0,0.0,0.0,0.0,0.0,0.0,0.0,0.0,0.0,0.0,0.0,0.0,0.0,1.0,0.0,0.0,0.0,0.0,0.0,0.0,0.0,0.0,0.0,0.0,0.0,0.0,6.0,550.0,4.0,1,0.01,0.1,30000,0.0,0.0,0.0,263.52661668779433,0.5721630220695925
69b7d51e9605ebc57c753103,69b7d51e9605ebc57c753103,69b7d51e9605ebc57c753104,0.0,0.0,0.0,0.0,0.0,0.0,0.0,0.0,0.0,0.0,0.0,0.0,0.0,0.0,0.0,0.0,0.0,1.0,0.0,0.0,0.0,0.0,0.0,0.0,0.0,0.0,0.0,0.0,0.0,0.0,6.0,550.0,4.0,1,0.01,0.1,30000,0.0,0.0,0.0,265.4306270305666,0.6860360587849099
69b7d51e9605ebc57c753103,69b7d51e9605ebc57c753103,69b7d51e9605ebc57c753104,0.0,0.0,0.0,0.0,0.0,0.0,0.0,0.0,0.0,0.0,0.0,0.0,0.0,0.0,0.0,0.0,0.0,1.0,0.0,0.0,0.0,0.0,0.0,0.0,0.0,0.0,0.0,0.0,0.0,0.0,6.0,550.0,4.0,1,0.01,0.1,30000,0.0,0.0,0.0,267.8987885860121,0.784445230038887
69b7d51e9605ebc57c753103,69b7d51e9605ebc57c753103,69b7d51e9605ebc57c753104,0.0,0.0,0.0,0.0,0.0,0.0,0.0,0.0,0.0,0.0,0.0,0.0,0.0,0.0,0.0,0.0,0.0,1.0,0.0,0.0,0.0,0.0,0.0,0.0,0.0,0.0,0.0,0.0,0.0,0.0,6.0,550.0,4.0,1,0.01,0.1,30000,0.0,0.0,0.0,271.41465953642216,0.8629059138427353
69b7d51e9605ebc57c753103,69b7d51e9605ebc57c753103,69b7d51e9605ebc57c753104,0.0,0.0,0.0,0.0,0.0,0.0,0.0,0.0,0.0,0.0,0.0,0.0,0.0,0.0,0.0,0.0,0.0,1.0,0.0,0.0,0.0,0.0,0.0,0.0,0.0,0.0,0.0,0.0,0.0,0.0,6.0,550.0,4.0,1,0.01,0.1,30000,0.0,0.0,0.0,276.4987365363466,0.9340134336649665
69b7d51e9605ebc57c753103,69b7d51e9605ebc57c753103,69b7d51e9605ebc57c753104,0.0,0.0,0.0,0.0,0.0,0.0,0.0,0.0,0.0,0.0,0.0,0.0,0.0,0.0,0.0,0.0,0.0,1.0,0.0,0.0,0.0,0.0,0.0,0.0,0.0,0.0,0.0,0.0,0.0,0.0,6.0,550.0,4.0,1,0.01,0.1,30000,0.0,0.0,0.0,291.136445679458,0.9793646785515884
69b7d51e9605ebc57c753103,69b7d51e9605ebc57c753103,69b7d51e9605ebc57c753104,0.0,0.0,0.0,0.0,0.0,0.0,0.0,0.0,0.0,0.0,0.0,0.0,0.0,0.0,0.0,0.0,0.0,1.0,0.0,0.0,0.0,0.0,0.0,0.0,0.0,0.0,0.0,0.0,0.0,0.0,6.0,550.0,4.0,1,0.01,0.1,30000,0.0,0.0,0.0,255.65536405382943,0.2380788849048028
69b7d51e9605ebc57c753105,69b7d51e9605ebc57c753105,69b7d51f9605ebc57c753106,0.0,0.0,0.0,0.0,0.0,0.0,0.0,0.0,0.0,0.0,0.0,0.0,0.0,0.1,0.0,0.0,0.0,0.8,0.1,0.0,0.0,0.0,0.0,0.0,0.0,0.0,0.0,0.0,0.0,0.0,38.0,550.0,4.0,1,0.01,0.1,30000,0.0,0.0,0.0,172.02293744190808,0.020902621829311047
69b7d51e9605ebc57c753105,69b7d51e9605ebc57c753105,69b7d51f9605ebc57c753106,0.0,0.0,0.0,0.0,0.0,0.0,0.0,0.0,0.0,0.0,0.0,0.0,0.0,0.1,0.0,0.0,0.0,0.8,0.1,0.0,0.0,0.0,0.0,0.0,0.0,0.0,0.0,0.0,0.0,0.0,38.0,550.0,4.0,1,0.01,0.1,30000,0.0,0.0,0.0,190.6785134773225,0.07414461278982726
69b7d51e9605ebc57c753105,69b7d51e9605ebc57c753105,69b7d51f9605ebc57c753106,0.0,0.0,0.0,0.0,0.0,0.0,0.0,0.0,0.0,0.0,0.0,0.0,0.0,0.1,0.0,0.0,0.0,0.8,0.1,0.0,0.0,0.0,0.0,0.0,0.0,0.0,0.0,0.0,0.0,0.0,38.0,550.0,4.0,1,0.01,0.1,30000,0.0,0.0,0.0,207.32391259826392,0.1591385011891564
69b7d51e9605ebc57c753105,69b7d51e9605ebc57c753105,69b7d51f9605ebc57c753106,0.0,0.0,0.0,0.0,0.0,0.0,0.0,0.0,0.0,0.0,0.0,0.0,0.0,0.1,0.0,0.0,0.0,0.8,0.1,0.0,0.0,0.0,0.0,0.0,0.0,0.0,0.0,0.0,0.0,0.0,38.0,550.0,4.0,1,0.01,0.1,30000,0.0,0.0,0.0,219.8859429399625,0.2524043700313634
69b7d51e9605ebc57c753105,69b7d51e9605ebc57c753105,69b7d51f9605ebc57c753106,0.0,0.0,0.0,0.0,0.0,0.0,0.0,0.0,0.0,0.0,0.0,0.0,0.0,0.1,0.0,0.0,0.0,0.8,0.1,0.0,0.0,0.0,0.0,0.0,0.0,0.0,0.0,0.0,0.0,0.0,38.0,550.0,4.0,1,0.01,0.1,30000,0.0,0.0,0.0,230.0155962001985,0.3571733136246056
69b7d51e9605ebc57c753105,69b7d51e9605ebc57c753105,69b7d51f9605ebc57c753106,0.0,0.0,0.0,0.0,0.0,0.0,0.0,0.0,0.0,0.0,0.0,0.0,0.0,0.1,0.0,0.0,0.0,0.8,0.1,0.0,0.0,0.0,0.0,0.0,0.0,0.0,0.0,0.0,0.0,0.0,38.0,550.0,4.0,1,0.01,0.1,30000,0.0,0.0,0.0,235.5294043511823,0.43923931891185086
69b7d51e9605ebc57c753105,69b7d51e9605ebc57c753105,69b7d51f9605ebc57c753106,0.0,0.0,0.0,0.0,0.0,0.0,0.0,0.0,0.0,0.0,0.0,0.0,0.0,0.1,0.0,0.0,0.0,0.8,0.1,0.0,0.0,0.0,0.0,0.0,0.0,0.0,0.0,0.0,0.0,0.0,38.0,550.0,4.0,1,0.01,0.1,30000,0.0,0.0,0.0,240.38155552404808,0.5238731440158427
69b7d51e9605ebc57c753105,69b7d51e9605ebc57c753105,69b7d51f9605ebc57c753106,0.0,0.0,0.0,0.0,0.0,0.0,0.0,0.0,0.0,0.0,0.0,0.0,0.0,0.1,0.0,0.0,0.0,0.8,0.1,0.0,0.0,0.0,0.0,0.0,0.0,0.0,0.0,0.0,0.0,0.0,38.0,550.0,4.0,1,0.01,0.1,30000,0.0,0.0,0.0,249.43680388172095,0.6394724125188322
69b7d51e9605ebc57c753105,69b7d51e9605ebc57c753105,69b7d51f9605ebc57c753106,0.0,0.0,0.0,0.0,0.0,0.0,0.0,0.0,0.0,0.0,0.0,0.0,0.0,0.1,0.0,0.0,0.0,0.8,0.1,0.0,0.0,0.0,0.0,0.0,0.0,0.0,0.0,0.0,0.0,0.0,38.0,550.0,4.0,1,0.01,0.1,30000,0.0,0.0,0.0,257.49641602470183,0.7443171589110927
69b7d51e9605ebc57c753105,69b7d51e9605ebc57c753105,69b7d51f9605ebc57c753106,0.0,0.0,0.0,0.0,0.0,0.0,0.0,0.0,0.0,0.0,0.0,0.0,0.0,0.1,0.0,0.0,0.0,0.8,0.1,0.0,0.0,0.0,0.0,0.0,0.0,0.0,0.0,0.0,0.0,0.0,38.0,550.0,4.0,1,0.01,0.1,30000,0.0,0.0,0.0,270.43023457315246,0.8345035390431792
69b7d51e9605ebc57c753105,69b7d51e9605ebc57c753105,69b7d51f9605ebc57c753106,0.0,0.0,0.0,0.0,0.0,0.0,0.0,0.0,0.0,0.0,0.0,0.0,0.0,0.1,0.0,0.0,0.0,0.8,0.1,0.0,0.0,0.0,0.0,0.0,0.0,0.0,0.0,0.0,0.0,0.0,38.0,550.0,4.0,1,0.01,0.1,30000,0.0,0.0,0.0,293.88439907368024,0.9029818926063845
69b7d51e9605ebc57c753105,69b7d51e9605ebc57c753105,69b7d51f9605ebc57c753106,0.0,0.0,0.0,0.0,0.0,0.0,0.0,0.0,0.0,0.0,0.0,0.0,0.0,0.1,0.0,0.0,0.0,0.8,0.1,0.0,0.0,0.0,0.0,0.0,0.0,0.0,0.0,0.0,0.0,0.0,38.0,550.0,4.0,1,0.01,0.1,30000,0.0,0.0,0.0,314.9912566756463,0.9463979457441467
69b7d51e9605ebc57c753105,69b7d51e9605ebc57c753105,69b7d51f9605ebc57c753106,0.0,0.0,0.0,0.0,0.0,0.0,0.0,0.0,0.0,0.0,0.0,0.0,0.0,0.1,0.0,0.0,0.0,0.8,0.1,0.0,0.0,0.0,0.0,0.0,0.0,0.0,0.0,0.0,0.0,0.0,38.0,550.0,4.0,1,0.01,0.1,30000,0.0,0.0,0.0,343.1368842257825,0.9789457725726523
69b7d51f9605ebc57c753107,69b7d51f9605ebc57c753107,69b7d51f9605ebc57c753108,0.0,0.0,0.0,0.0,0.0,0.0,0.0,0.0,0.0,0.0,0.0,0.0,0.0,0.1,0.0,0.0,0.0,0.9,0.0,0.0,0.0,0.0,0.0,0.0,0.0,0.0,0.0,0.0,0.0,0.0,20.0,550.0,4.0,1,0.01,0.1,30000,0.0,0.0,0.0,219.73785780676465,0.016430256687228174
69b7d51f9605ebc57c753107,69b7d51f9605ebc57c753107,69b7d51f9605ebc57c753108,0.0,0.0,0.0,0.0,0.0,0.0,0.0,0.0,0.0,0.0,0.0,0.0,0.0,0.1,0.0,0.0,0.0,0.9,0.0,0.0,0.0,0.0,0.0,0.0,0.0,0.0,0.0,0.0,0.0,0.0,20.0,550.0,4.0,1,0.01,0.1,30000,0.0,0.0,0.0,237.40724987003165,0.049707685456285476
69b7d51f9605ebc57c753107,69b7d51f9605ebc57c753107,69b7d51f9605ebc57c753108,0.0,0.0,0.0,0.0,0.0,0.0,0.0,0.0,0.0,0.0,0.0,0.0,0.0,0.1,0.0,0.0,0.0,0.9,0.0,0.0,0.0,0.0,0.0,0.0,0.0,0.0,0.0,0.0,0.0,0.0,20.0,550.0,4.0,1,0.01,0.1,30000,0.0,0.0,0.0,252.77344549994487,0.12942380397396172
69b7d51f9605ebc57c753107,69b7d51f9605ebc57c753107,69b7d51f9605ebc57c753108,0.0,0.0,0.0,0.0,0.0,0.0,0.0,0.0,0.0,0.0,0.0,0.0,0.0,0.1,0.0,0.0,0.0,0.9,0.0,0.0,0.0,0.0,0.0,0.0,0.0,0.0,0.0,0.0,0.0,0.0,20.0,550.0,4.0,1,0.01,0.1,30000,0.0,0.0,0.0,263.54270050569494,0.2199891981011399
69b7d51f9605ebc57c753107,69b7d51f9605ebc57c753107,69b7d51f9605ebc57c753108,0.0,0.0,0.0,0.0,0.0,0.0,0.0,0.0,0.0,0.0,0.0,0.0,0.0,0.1,0.0,0.0,0.0,0.9,0.0,0.0,0.0,0.0,0.0,0.0,0.0,0.0,0.0,0.0,0.0,0.0,20.0,550.0,4.0,1,0.01,0.1,30000,0.0,0.0,0.0,274.8255273563653,0.3093796488435336
69b7d51f9605ebc57c753107,69b7d51f9605ebc57c753107,69b7d51f9605ebc57c753108,0.0,0.0,0.0,0.0,0.0,0.0,0.0,0.0,0.0,0.0,0.0,0.0,0.0,0.1,0.0,0.0,0.0,0.9,0.0,0.0,0.0,0.0,0.0,0.0,0.0,0.0,0.0,0.0,0.0,0.0,20.0,550.0,4.0,1,0.01,0.1,30000,0.0,0.0,0.0,281.1301731335759,0.3834674095340971
69b7d51f9605ebc57c753107,69b7d51f9605ebc57c753107,69b7d51f9605ebc57c753108,0.0,0.0,0.0,0.0,0.0,0.0,0.0,0.0,0.0,0.0,0.0,0.0,0.0,0.1,0.0,0.0,0.0,0.9,0.0,0.0,0.0,0.0,0.0,0.0,0.0,0.0,0.0,0.0,0.0,0.0,20.0,550.0,4.0,1,0.01,0.1,30000,0.0,0.0,0.0,286.3509617656789,0.4688213612287634
69b7d51f9605ebc57c753107,69b7d51f9605ebc57c753107,69b7d51f9605ebc57c753108,0.0,0.0,0.0,0.0,0.0,0.0,0.0,0.0,0.0,0.0,0.0,0.0,0.0,0.1,0.0,0.0,0.0,0.9,0.0,0.0,0.0,0.0,0.0,0.0,0.0,0.0,0.0,0.0,0.0,0.0,20.0,550.0,4.0,1,0.01,0.1,30000,0.0,0.0,0.0,292.3657387715235,0.5644939689398031
69b7d51f9605ebc57c753107,69b7d51f9605ebc57c753107,69b7d51f9605ebc57c753108,0.0,0.0,0.0,0.0,0.0,0.0,0.0,0.0,0.0,0.0,0.0,0.0,0.0,0.1,0.0,0.0,0.0,0.9,0.0,0.0,0.0,0.0,0.0,0.0,0.0,0.0,0.0,0.0,0.0,0.0,20.0,550.0,4.0,1,0.01,0.1,30000,0.0,0.0,0.0,298.1536619562991,0.6603087068990022
69b7d51f9605ebc57c753107,69b7d51f9605ebc57c753107,69b7d51f9605ebc57c753108,0.0,0.0,0.0,0.0,0.0,0.0,0.0,0.0,0.0,0.0,0.0,0.0,0.0,0.1,0.0,0.0,0.0,0.9,0.0,0.0,0.0,0.0,0.0,0.0,0.0,0.0,0.0,0.0,0.0,0.0,20.0,550.0,4.0,1,0.01,0.1,30000,0.0,0.0,0.0,303.85966570568866,0.749737059040905
69b7d51f9605ebc57c753107,69b7d51f9605ebc57c753107,69b7d51f9605ebc57c753108,0.0,0.0,0.0,0.0,0.0,0.0,0.0,0.0,0.0,0.0,0.0,0.0,0.0,0.1,0.0,0.0,0.0,0.9,0.0,0.0,0.0,0.0,0.0,0.0,0.0,0.0,0.0,0.0,0.0,0.0,20.0,550.0,4.0,1,0.01,0.1,30000,0.0,0.0,0.0,311.1883044252249,0.8318788671271686
69b7d51f9605ebc57c753107,69b7d51f9605ebc57c753107,69b7d51f9605ebc57c753108,0.0,0.0,0.0,0.0,0.0,0.0,0.0,0.0,0.0,0.0,0.0,0.0,0.0,0.1,0.0,0.0,0.0,0.9,0.0,0.0,0.0,0.0,0.0,0.0,0.0,0.0,0.0,0.0,0.0,0.0,20.0,550.0,4.0,1,0.01,0.1,30000,0.0,0.0,0.0,321.74961009499503,0.9000066327449141
69b7d51f9605ebc57c753107,69b7d51f9605ebc57c753107,69b7d51f9605ebc57c753108,0.0,0.0,0.0,0.0,0.0,0.0,0.0,0.0,0.0,0.0,0.0,0.0,0.0,0.1,0.0,0.0,0.0,0.9,0.0,0.0,0.0,0.0,0.0,0.0,0.0,0.0,0.0,0.0,0.0,0.0,20.0,550.0,4.0,1,0.01,0.1,30000,0.0,0.0,0.0,337.7900656930857,0.9468717132380112
69b7d51f9605ebc57c753107,69b7d51f9605ebc57c753107,69b7d51f9605ebc57c753108,0.0,0.0,0.0,0.0,0.0,0.0,0.0,0.0,0.0,0.0,0.0,0.0,0.0,0.1,0.0,0.0,0.0,0.9,0.0,0.0,0.0,0.0,0.0,0.0,0.0,0.0,0.0,0.0,0.0,0.0,20.0,550.0,4.0,1,0.01,0.1,30000,0.0,0.0,0.0,358.29513051971577,0.9654339236476307
69b7d51f9605ebc57c753107,69b7d51f9605ebc57c753107,69b7d51f9605ebc57c753108,0.0,0.0,0.0,0.0,0.0,0.0,0.0,0.0,0.0,0.0,0.0,0.0,0.0,0.1,0.0,0.0,0.0,0.9,0.0,0.0,0.0,0.0,0.0,0.0,0.0,0.0,0.0,0.0,0.0,0.0,20.0,550.0,4.0,1,0.01,0.1,30000,0.0,0.0,0.0,375.79753296469585,0.9761126429593412
69b7d5209605ebc57c753109,69b7d5209605ebc57c753109,69b7d5209605ebc57c75310a,0.0,0.0,0.0,0.0,0.0,0.0,0.0,0.0,0.0,0.0,0.0,0.0,0.0,0.0,0.0,0.0,0.0,0.9,0.1,0.0,0.0,0.0,0.0,0.0,0.0,0.0,0.0,0.0,0.0,0.0,33.0,550.0,4.0,1,0.01,0.1,30000,0.0,0.0,0.0,235.98626274083526,0.0193391890995575
69b7d5209605ebc57c753109,69b7d5209605ebc57c753109,69b7d5209605ebc57c75310a,0.0,0.0,0.0,0.0,0.0,0.0,0.0,0.0,0.0,0.0,0.0,0.0,0.0,0.0,0.0,0.0,0.0,0.9,0.1,0.0,0.0,0.0,0.0,0.0,0.0,0.0,0.0,0.0,0.0,0.0,33.0,550.0,4.0,1,0.01,0.1,30000,0.0,0.0,0.0,267.61346629487844,0.08780806731288554
69b7d5209605ebc57c753109,69b7d5209605ebc57c753109,69b7d5209605ebc57c75310a,0.0,0.0,0.0,0.0,0.0,0.0,0.0,0.0,0.0,0.0,0.0,0.0,0.0,0.0,0.0,0.0,0.0,0.9,0.1,0.0,0.0,0.0,0.0,0.0,0.0,0.0,0.0,0.0,0.0,0.0,33.0,550.0,4.0,1,0.01,0.1,30000,0.0,0.0,0.0,288.64785670400306,0.1775112046012299
69b7d5209605ebc57c753109,69b7d5209605ebc57c753109,69b7d5209605ebc57c75310a,0.0,0.0,0.0,0.0,0.0,0.0,0.0,0.0,0.0,0.0,0.0,0.0,0.0,0.0,0.0,0.0,0.0,0.9,0.1,0.0,0.0,0.0,0.0,0.0,0.0,0.0,0.0,0.0,0.0,0.0,33.0,550.0,4.0,1,0.01,0.1,30000,0.0,0.0,0.0,304.82694519274696,0.27216994987539916
69b7d5209605ebc57c753109,69b7d5209605ebc57c753109,69b7d5209605ebc57c75310a,0.0,0.0,0.0,0.0,0.0,0.0,0.0,0.0,0.0,0.0,0.0,0.0,0.0,0.0,0.0,0.0,0.0,0.9,0.1,0.0,0.0,0.0,0.0,0.0,0.0,0.0,0.0,0.0,0.0,0.0,33.0,550.0,4.0,1,0.01,0.1,30000,0.0,0.0,0.0,317.0518455503568,0.36676236770042736
69b7d5209605ebc57c753109,69b7d5209605ebc57c753109,69b7d5209605ebc57c75310a,0.0,0.0,0.0,0.0,0.0,0.0,0.0,0.0,0.0,0.0,0.0,0.0,0.0,0.0,0.0,0.0,0.0,0.9,0.1,0.0,0.0,0.0,0.0,0.0,0.0,0.0,0.0,0.0,0.0,0.0,33.0,550.0,4.0,1,0.01,0.1,30000,0.0,0.0,0.0,325.562014587961,0.489742933757829
69b7d5209605ebc57c753109,69b7d5209605ebc57c753109,69b7d5209605ebc57c75310a,0.0,0.0,0.0,0.0,0.0,0.0,0.0,0.0,0.0,0.0,0.0,0.0,0.0,0.0,0.0,0.0,0.0,0.9,0.1,0.0,0.0,0.0,0.0,0.0,0.0,0.0,0.0,0.0,0.0,0.0,33.0,550.0,4.0,1,0.01,0.1,30000,0.0,0.0,0.0,332.09351418624067,0.6250509300055904
69b7d5209605ebc57c753109,69b7d5209605ebc57c753109,69b7d5209605ebc57c75310a,0.0,0.0,0.0,0.0,0.0,0.0,0.0,0.0,0.0,0.0,0.0,0.0,0.0,0.0,0.0,0.0,0.0,0.9,0.1,0.0,0.0,0.0,0.0,0.0,0.0,0.0,0.0,0.0,0.0,0.0,33.0,550.0,4.0,1,0.01,0.1,30000,0.0,0.0,0.0,340.8840997526663,0.7354103300264362
69b7d5209605ebc57c753109,69b7d5209605ebc57c753109,69b7d5209605ebc57c75310a,0.0,0.0,0.0,0.0,0.0,0.0,0.0,0.0,0.0,0.0,0.0,0.0,0.0,0.0,0.0,0.0,0.0,0.9,0.1,0.0,0.0,0.0,0.0,0.0,0.0,0.0,0.0,0.0,0.0,0.0,33.0,550.0,4.0,1,0.01,0.1,30000,0.0,0.0,0.0,348.03629661137103,0.8022020713114831
69b7d5209605ebc57c753109,69b7d5209605ebc57c753109,69b7d5209605ebc57c75310a,0.0,0.0,0.0,0.0,0.0,0.0,0.0,0.0,0.0,0.0,0.0,0.0,0.0,0.0,0.0,0.0,0.0,0.9,0.1,0.0,0.0,0.0,0.0,0.0,0.0,0.0,0.0,0.0,0.0,0.0,33.0,550.0,4.0,1,0.01,0.1,30000,0.0,0.0,0.0,360.4785985475054,0.8876981532543088
69b7d5209605ebc57c753109,69b7d5209605ebc57c753109,69b7d5209605ebc57c75310a,0.0,0.0,0.0,0.0,0.0,0.0,0.0,0.0,0.0,0.0,0.0,0.0,0.0,0.0,0.0,0.0,0.0,0.9,0.1,0.0,0.0,0.0,0.0,0.0,0.0,0.0,0.0,0.0,0.0,0.0,33.0,550.0,4.0,1,0.01,0.1,30000,0.0,0.0,0.0,374.42695779573705,0.9490131423102798
69b7d5209605ebc57c753109,69b7d5209605ebc57c753109,69b7d5209605ebc57c75310a,0.0,0.0,0.0,0.0,0.0,0.0,0.0,0.0,0.0,0.0,0.0,0.0,0.0,0.0,0.0,0.0,0.0,0.9,0.1,0.0,0.0,0.0,0.0,0.0,0.0,0.0,0.0,0.0,0.0,0.0,33.0,550.0,4.0,1,0.01,0.1,30000,0.0,0.0,0.0,392.78006206972606,0.9855785174867582
69b7d5209605ebc57c75310b,69b7d5209605ebc57c75310b,69b7d5219605ebc57c75310c,0.0,0.0,0.0,0.0,0.0,0.0,0.0,0.0,0.0,0.0,0.0,0.0,0.0,0.0,0.0,0.0,0.2,0.8,0.0,0.0,0.0,0.0,0.0,0.0,0.0,0.0,0.0,0.0,0.0,0.0,66.0,500.0,5.0,1,0.01,0.01,33000,500.0,10.2,1.0,260.3505338784583,0.05207045111019504
69b7d5209605ebc57c75310b,69b7d5209605ebc57c75310b,69b7d5219605ebc57c75310c,0.0,0.0,0.0,0.0,0.0,0.0,0.0,0.0,0.0,0.0,0.0,0.0,0.0,0.0,0.0,0.0,0.2,0.8,0.0,0.0,0.0,0.0,0.0,0.0,0.0,0.0,0.0,0.0,0.0,0.0,66.0,500.0,5.0,1,0.01,0.01,33000,500.0,10.2,1.0,285.7305997697773,0.07349838744877421
69b7d5209605ebc57c75310b,69b7d5209605ebc57c75310b,69b7d5219605ebc57c75310c,0.0,0.0,0.0,0.0,0.0,0.0,0.0,0.0,0.0,0.0,0.0,0.0,0.0,0.0,0.0,0.0,0.2,0.8,0.0,0.0,0.0,0.0,0.0,0.0,0.0,0.0,0.0,0.0,0.0,0.0,66.0,500.0,5.0,1,0.01,0.01,33000,500.0,10.2,1.0,308.06749229283264,0.12723392904774605
69b7d5209605ebc57c75310b,69b7d5209605ebc57c75310b,69b7d5219605ebc57c75310c,0.0,0.0,0.0,0.0,0.0,0.0,0.0,0.0,0.0,0.0,0.0,0.0,0.0,0.0,0.0,0.0,0.2,0.8,0.0,0.0,0.0,0.0,0.0,0.0,0.0,0.0,0.0,0.0,0.0,0.0,66.0,500.0,5.0,1,0.01,0.01,33000,500.0,10.2,1.0,324.7229124492253,0.197943694075996
69b7d5209605ebc57c75310b,69b7d5209605ebc57c75310b,69b7d5219605ebc57c75310c,0.0,0.0,0.0,0.0,0.0,0.0,0.0,0.0,0.0,0.0,0.0,0.0,0.0,0.0,0.0,0.0,0.2,0.8,0.0,0.0,0.0,0.0,0.0,0.0,0.0,0.0,0.0,0.0,0.0,0.0,66.0,500.0,5.0,1,0.01,0.01,33000,500.0,10.2,1.0,335.755077468609,0.278312600531859
69b7d5209605ebc57c75310b,69b7d5209605ebc57c75310b,69b7d5219605ebc57c75310c,0.0,0.0,0.0,0.0,0.0,0.0,0.0,0.0,0.0,0.0,0.0,0.0,0.0,0.0,0.0,0.0,0.2,0.8,0.0,0.0,0.0,0.0,0.0,0.0,0.0,0.0,0.0,0.0,0.0,0.0,66.0,500.0,5.0,1,0.01,0.01,33000,500.0,10.2,1.0,351.03180777729267,0.40979816840046235
69b7d5209605ebc57c75310b,69b7d5209605ebc57c75310b,69b7d5219605ebc57c75310c,0.0,0.0,0.0,0.0,0.0,0.0,0.0,0.0,0.0,0.0,0.0,0.0,0.0,0.0,0.0,0.0,0.2,0.8,0.0,0.0,0.0,0.0,0.0,0.0,0.0,0.0,0.0,0.0,0.0,0.0,66.0,500.0,5.0,1,0.01,0.01,33000,500.0,10.2,1.0,366.78750711176383,0.5299352554620625
69b7d5209605ebc57c75310b,69b7d5209605ebc57c75310b,69b7d5219605ebc57c75310c,0.0,0.0,0.0,0.0,0.0,0.0,0.0,0.0,0.0,0.0,0.0,0.0,0.0,0.0,0.0,0.0,0.2,0.8,0.0,0.0,0.0,0.0,0.0,0.0,0.0,0.0,0.0,0.0,0.0,0.0,66.0,500.0,5.0,1,0.01,0.01,33000,500.0,10.2,1.0,383.6810886621945,0.6470654800876193
69b7d5209605ebc57c75310b,69b7d5209605ebc57c75310b,69b7d5219605ebc57c75310c,0.0,0.0,0.0,0.0,0.0,0.0,0.0,0.0,0.0,0.0,0.0,0.0,0.0,0.0,0.0,0.0,0.2,0.8,0.0,0.0,0.0,0.0,0.0,0.0,0.0,0.0,0.0,0.0,0.0,0.0,66.0,500.0,5.0,1,0.01,0.01,33000,500.0,10.2,1.0,399.31241482422365,0.7702660103300274
69b7d5209605ebc57c75310b,69b7d5209605ebc57c75310b,69b7d5219605ebc57c75310c,0.0,0.0,0.0,0.0,0.0,0.0,0.0,0.0,0.0,0.0,0.0,0.0,0.0,0.0,0.0,0.0,0.2,0.8,0.0,0.0,0.0,0.0,0.0,0.0,0.0,0.0,0.0,0.0,0.0,0.0,66.0,500.0,5.0,1,0.01,0.01,33000,500.0,10.2,1.0,413.0622659733524,0.864400203690681
69b7d5209605ebc57c75310b,69b7d5209605ebc57c75310b,69b7d5219605ebc57c75310c,0.0,0.0,0.0,0.0,0.0,0.0,0.0,0.0,0.0,0.0,0.0,0.0,0.0,0.0,0.0,0.0,0.2,0.8,0.0,0.0,0.0,0.0,0.0,0.0,0.0,0.0,0.0,0.0,0.0,0.0,66.0,500.0,5.0,1,0.01,0.01,33000,500.0,10.2,1.0,426.0685243255402,0.9139487701770977
69b7d5209605ebc57c75310b,69b7d5209605ebc57c75310b,69b7d5219605ebc57c75310c,0.0,0.0,0.0,0.0,0.0,0.0,0.0,0.0,0.0,0.0,0.0,0.0,0.0,0.0,0.0,0.0,0.2,0.8,0.0,0.0,0.0,0.0,0.0,0.0,0.0,0.0,0.0,0.0,0.0,0.0,66.0,500.0,5.0,1,0.01,0.01,33000,500.0,10.2,1.0,445.452215562524,0.9472586629161716
69b7d5209605ebc57c75310b,69b7d5209605ebc57c75310b,69b7d5219605ebc57c75310c,0.0,0.0,0.0,0.0,0.0,0.0,0.0,0.0,0.0,0.0,0.0,0.0,0.0,0.0,0.0,0.0,0.2,0.8,0.0,0.0,0.0,0.0,0.0,0.0,0.0,0.0,0.0,0.0,0.0,0.0,66.0,500.0,5.0,1,0.01,0.01,33000,500.0,10.2,1.0,236.5317482369441,0.04097254217286226
69b7d5219605ebc57c75310d,69b7d5219605ebc57c75310d,69b7d5219605ebc57c75310e,0.0,0.0,0.0,0.0,0.0,0.0,0.0,0.0,0.0,0.0,0.0,0.0,0.0,0.0,0.0,0.0,0.0,0.8,0.2,0.0,0.0,0.0,0.0,0.0,0.0,0.0,0.0,0.0,0.0,0.0,72.0,500.0,5.0,1,0.01,0.01,33000,500.0,10.2,1.0,282.9573426480901,0.04232239708366675
69b7d5219605ebc57c75310d,69b7d5219605ebc57c75310d,69b7d5219605ebc57c75310e,0.0,0.0,0.0,0.0,0.0,0.0,0.0,0.0,0.0,0.0,0.0,0.0,0.0,0.0,0.0,0.0,0.0,0.8,0.2,0.0,0.0,0.0,0.0,0.0,0.0,0.0,0.0,0.0,0.0,0.0,72.0,500.0,5.0,1,0.01,0.01,33000,500.0,10.2,1.0,309.6128951163683,0.09320465255381233
69b7d5219605ebc57c75310d,69b7d5219605ebc57c75310d,69b7d5219605ebc57c75310e,0.0,0.0,0.0,0.0,0.0,0.0,0.0,0.0,0.0,0.0,0.0,0.0,0.0,0.0,0.0,0.0,0.0,0.8,0.2,0.0,0.0,0.0,0.0,0.0,0.0,0.0,0.0,0.0,0.0,0.0,72.0,500.0,5.0,1,0.01,0.01,33000,500.0,10.2,1.0,336.16789055160825,0.18818755708593
69b7d5219605ebc57c75310d,69b7d5219605ebc57c75310d,69b7d5219605ebc57c75310e,0.0,0.0,0.0,0.0,0.0,0.0,0.0,0.0,0.0,0.0,0.0,0.0,0.0,0.0,0.0,0.0,0.0,0.8,0.2,0.0,0.0,0.0,0.0,0.0,0.0,0.0,0.0,0.0,0.0,0.0,72.0,500.0,5.0,1,0.01,0.01,33000,500.0,10.2,1.0,363.16745392238585,0.34603166905114086
69b7d5219605ebc57c75310d,69b7d5219605ebc57c75310d,69b7d5219605ebc57c75310e,0.0,0.0,0.0,0.0,0.0,0.0,0.0,0.0,0.0,0.0,0.0,0.0,0.0,0.0,0.0,0.0,0.0,0.8,0.2,0.0,0.0,0.0,0.0,0.0,0.0,0.0,0.0,0.0,0.0,0.0,72.0,500.0,5.0,1,0.01,0.01,33000,500.0,10.2,1.0,376.19752841397747,0.4436172878424145
69b7d5219605ebc57c75310d,69b7d5219605ebc57c75310d,69b7d5219605ebc57c75310e,0.0,0.0,0.0,0.0,0.0,0.0,0.0,0.0,0.0,0.0,0.0,0.0,0.0,0.0,0.0,0.0,0.0,0.8,0.2,0.0,0.0,0.0,0.0,0.0,0.0,0.0,0.0,0.0,0.0,0.0,72.0,500.0,5.0,1,0.01,0.01,33000,500.0,10.2,1.0,390.77035949139315,0.551581431816161
69b7d5219605ebc57c75310d,69b7d5219605ebc57c75310d,69b7d5219605ebc57c75310e,0.0,0.0,0.0,0.0,0.0,0.0,0.0,0.0,0.0,0.0,0.0,0.0,0.0,0.0,0.0,0.0,0.0,0.8,0.2,0.0,0.0,0.0,0.0,0.0,0.0,0.0,0.0,0.0,0.0,0.0,72.0,500.0,5.0,1,0.01,0.01,33000,500.0,10.2,1.0,404.0094867621958,0.6594889950451432
69b7d5219605ebc57c75310d,69b7d5219605ebc57c75310d,69b7d5219605ebc57c75310e,0.0,0.0,0.0,0.0,0.0,0.0,0.0,0.0,0.0,0.0,0.0,0.0,0.0,0.0,0.0,0.0,0.0,0.8,0.2,0.0,0.0,0.0,0.0,0.0,0.0,0.0,0.0,0.0,0.0,0.0,72.0,500.0,5.0,1,0.01,0.01,33000,500.0,10.2,1.0,418.13774990407387,0.7493068858766379
69b7d5219605ebc57c75310d,69b7d5219605ebc57c75310d,69b7d5219605ebc57c75310e,0.0,0.0,0.0,0.0,0.0,0.0,0.0,0.0,0.0,0.0,0.0,0.0,0.0,0.0,0.0,0.0,0.0,0.8,0.2,0.0,0.0,0.0,0.0,0.0,0.0,0.0,0.0,0.0,0.0,0.0,72.0,500.0,5.0,1,0.01,0.01,33000,500.0,10.2,1.0,431.5726987655301,0.844136214101538
69b7d5219605ebc57c75310d,69b7d5219605ebc57c75310d,69b7d5219605ebc57c75310e,0.0,0.0,0.0,0.0,0.0,0.0,0.0,0.0,0.0,0.0,0.0,0.0,0.0,0.0,0.0,0.0,0.0,0.8,0.2,0.0,0.0,0.0,0.0,0.0,0.0,0.0,0.0,0.0,0.0,0.0,72.0,500.0,5.0,1,0.01,0.01,33000,500.0,10.2,1.0,445.1267283240054,0.9072560763678394
69b7d5219605ebc57c75310d,69b7d5219605ebc57c75310d,69b7d5219605ebc57c75310e,0.0,0.0,0.0,0.0,0.0,0.0,0.0,0.0,0.0,0.0,0.0,0.0,0.0,0.0,0.0,0.0,0.0,0.8,0.2,0.0,0.0,0.0,0.0,0.0,0.0,0.0,0.0,0.0,0.0,0.0,72.0,500.0,5.0,1,0.01,0.01,33000,500.0,10.2,1.0,457.5058283385597,0.9301146972526007
69b7d5229605ebc57c75310f,69b7d5229605ebc57c75310f,69b7d5229605ebc57c753110,0.0,0.0,0.0,0.0,0.0,0.0,0.0,0.0,0.0,0.0,0.0,0.0,0.0,0.0,0.0,0.0,0.0,0.8,0.0,0.0,0.0,0.0,0.0,0.2,0.0,0.0,0.0,0.0,0.0,0.0,85.0,500.0,5.0,1,0.01,0.01,33000,500.0,10.2,1.0,259.9244896069014,0.03486182173832214
69b7d5229605ebc57c75310f,69b7d5229605ebc57c75310f,69b7d5229605ebc57c753110,0.0,0.0,0.0,0.0,0.0,0.0,0.0,0.0,0.0,0.0,0.0,0.0,0.0,0.0,0.0,0.0,0.0,0.8,0.0,0.0,0.0,0.0,0.0,0.2,0.0,0.0,0.0,0.0,0.0,0.0,85.0,500.0,5.0,1,0.01,0.01,33000,500.0,10.2,1.0,274.03687532251024,0.08325452443884025
69b7d5229605ebc57c75310f,69b7d5229605ebc57c75310f,69b7d5229605ebc57c753110,0.0,0.0,0.0,0.0,0.0,0.0,0.0,0.0,0.0,0.0,0.0,0.0,0.0,0.0,0.0,0.0,0.0,0.8,0.0,0.0,0.0,0.0,0.0,0.2,0.0,0.0,0.0,0.0,0.0,0.0,85.0,500.0,5.0,1,0.01,0.01,33000,500.0,10.2,1.0,287.77084904536974,0.13416102879959907
69b7d5229605ebc57c75310f,69b7d5229605ebc57c75310f,69b7d5229605ebc57c753110,0.0,0.0,0.0,0.0,0.0,0.0,0.0,0.0,0.0,0.0,0.0,0.0,0.0,0.0,0.0,0.0,0.0,0.8,0.0,0.0,0.0,0.0,0.0,0.2,0.0,0.0,0.0,0.0,0.0,0.0,85.0,500.0,5.0,1,0.01,0.01,33000,500.0,10.2,1.0,301.70064435888276,0.17468092501434726
69b7d5229605ebc57c75310f,69b7d5229605ebc57c75310f,69b7d5229605ebc57c753110,0.0,0.0,0.0,0.0,0.0,0.0,0.0,0.0,0.0,0.0,0.0,0.0,0.0,0.0,0.0,0.0,0.0,0.8,0.0,0.0,0.0,0.0,0.0,0.2,0.0,0.0,0.0,0.0,0.0,0.0,85.0,500.0,5.0,1,0.01,0.01,33000,500.0,10.2,1.0,316.28670662485615,0.2693000961872661
69b7d5229605ebc57c75310f,69b7d5229605ebc57c75310f,69b7d5229605ebc57c753110,0.0,0.0,0.0,0.0,0.0,0.0,0.0,0.0,0.0,0.0,0.0,0.0,0.0,0.0,0.0,0.0,0.0,0.8,0.0,0.0,0.0,0.0,0.0,0.2,0.0,0.0,0.0,0.0,0.0,0.0,85.0,500.0,5.0,1,0.01,0.01,33000,500.0,10.2,1.0,330.77750433321427,0.3603304315494233
69b7d5229605ebc57c75310f,69b7d5229605ebc57c75310f,69b7d5229605ebc57c753110,0.0,0.0,0.0,0.0,0.0,0.0,0.0,0.0,0.0,0.0,0.0,0.0,0.0,0.0,0.0,0.0,0.0,0.8,0.0,0.0,0.0,0.0,0.0,0.2,0.0,0.0,0.0,0.0,0.0,0.0,85.0,500.0,5.0,1,0.01,0.01,33000,500.0,10.2,1.0,344.7549319255349,0.47983704745507894
69b7d5229605ebc57c75310f,69b7d5229605ebc57c75310f,69b7d5229605ebc57c753110,0.0,0.0,0.0,0.0,0.0,0.0,0.0,0.0,0.0,0.0,0.0,0.0,0.0,0.0,0.0,0.0,0.0,0.8,0.0,0.0,0.0,0.0,0.0,0.2,0.0,0.0,0.0,0.0,0.0,0.0,85.0,500.0,5.0,1,0.01,0.01,33000,500.0,10.2,1.0,359.9734450045648,0.6132301947185916
69b7d5229605ebc57c75310f,69b7d5229605ebc57c75310f,69b7d5229605ebc57c753110,0.0,0.0,0.0,0.0,0.0,0.0,0.0,0.0,0.0,0.0,0.0,0.0,0.0,0.0,0.0,0.0,0.0,0.8,0.0,0.0,0.0,0.0,0.0,0.2,0.0,0.0,0.0,0.0,0.0,0.0,85.0,500.0,5.0,1,0.01,0.01,33000,500.0,10.2,1.0,374.0037973511161,0.7150593693671847
69b7d5229605ebc57c75310f,69b7d5229605ebc57c75310f,69b7d5229605ebc57c753110,0.0,0.0,0.0,0.0,0.0,0.0,0.0,0.0,0.0,0.0,0.0,0.0,0.0,0.0,0.0,0.0,0.0,0.8,0.0,0.0,0.0,0.0,0.0,0.2,0.0,0.0,0.0,0.0,0.0,0.0,85.0,500.0,5.0,1,0.01,0.01,33000,500.0,10.2,1.0,389.33874488945344,0.7913787110906343
69b7d5229605ebc57c75310f,69b7d5229605ebc57c75310f,69b7d5229605ebc57c753110,0.0,0.0,0.0,0.0,0.0,0.0,0.0,0.0,0.0,0.0,0.0,0.0,0.0,0.0,0.0,0.0,0.0,0.8,0.0,0.0,0.0,0.0,0.0,0.2,0.0,0.0,0.0,0.0,0.0,0.0,85.0,500.0,5.0,1,0.01,0.01,33000,500.0,10.2,1.0,403.5966736791966,0.8463428631473442
69b7d5229605ebc57c75310f,69b7d5229605ebc57c75310f,69b7d5229605ebc57c753110,0.0,0.0,0.0,0.0,0.0,0.0,0.0,0.0,0.0,0.0,0.0,0.0,0.0,0.0,0.0,0.0,0.0,0.8,0.0,0.0,0.0,0.0,0.0,0.2,0.0,0.0,0.0,0.0,0.0,0.0,85.0,500.0,5.0,1,0.01,0.01,33000,500.0,10.2,1.0,418.73050715145746,0.9147166517131841
69b7d5229605ebc57c75310f,69b7d5229605ebc57c75310f,69b7d5229605ebc57c753110,0.0,0.0,0.0,0.0,0.0,0.0,0.0,0.0,0.0,0.0,0.0,0.0,0.0,0.0,0.0,0.0,0.0,0.8,0.0,0.0,0.0,0.0,0.0,0.2,0.0,0.0,0.0,0.0,0.0,0.0,85.0,500.0,5.0,1,0.01,0.01,33000,500.0,10.2,1.0,443.8459492716231,0.9558670190838768
69b7d5229605ebc57c753111,69b7d5229605ebc57c753111,69b7d5239605ebc57c753112,0.0,0.0,0.0,0.0,0.0,0.0,0.0,0.0,0.0,0.0,0.0,0.0,0.0,0.0,0.0,0.0,0.0,0.8,0.0,0.0,0.0,0.0,0.0,0.0,0.0,0.0,0.0,0.2,0.0,0.0,78.0,500.0,5.0,1,0.01,0.01,33000,500.0,10.2,1.0,189.53985895552998,0.03991367394941681
69b7d5229605ebc57c753111,69b7d5229605ebc57c753111,69b7d5239605ebc57c753112,0.0,0.0,0.0,0.0,0.0,0.0,0.0,0.0,0.0,0.0,0.0,0.0,0.0,0.0,0.0,0.0,0.0,0.8,0.0,0.0,0.0,0.0,0.0,0.0,0.0,0.0,0.0,0.2,0.0,0.0,78.0,500.0,5.0,1,0.01,0.01,33000,500.0,10.2,1.0,210.26254647454982,0.0688021856333406
69b7d5229605ebc57c753111,69b7d5229605ebc57c753111,69b7d5239605ebc57c753112,0.0,0.0,0.0,0.0,0.0,0.0,0.0,0.0,0.0,0.0,0.0,0.0,0.0,0.0,0.0,0.0,0.0,0.8,0.0,0.0,0.0,0.0,0.0,0.0,0.0,0.0,0.0,0.2,0.0,0.0,78.0,500.0,5.0,1,0.01,0.01,33000,500.0,10.2,1.0,230.64651556649335,0.11746970909414227
69b7d5229605ebc57c753111,69b7d5229605ebc57c753111,69b7d5239605ebc57c753112,0.0,0.0,0.0,0.0,0.0,0.0,0.0,0.0,0.0,0.0,0.0,0.0,0.0,0.0,0.0,0.0,0.0,0.8,0.0,0.0,0.0,0.0,0.0,0.0,0.0,0.0,0.0,0.2,0.0,0.0,78.0,500.0,5.0,1,0.01,0.01,33000,500.0,10.2,1.0,251.28187724103256,0.19399920786957328
69b7d5229605ebc57c753111,69b7d5229605ebc57c753111,69b7d5239605ebc57c753112,0.0,0.0,0.0,0.0,0.0,0.0,0.0,0.0,0.0,0.0,0.0,0.0,0.0,0.0,0.0,0.0,0.0,0.8,0.0,0.0,0.0,0.0,0.0,0.0,0.0,0.0,0.0,0.2,0.0,0.0,78.0,500.0,5.0,1,0.01,0.01,33000,500.0,10.2,1.0,272.23743367866734,0.3149122594307977
69b7d5229605ebc57c753111,69b7d5229605ebc57c753111,69b7d5239605ebc57c753112,0.0,0.0,0.0,0.0,0.0,0.0,0.0,0.0,0.0,0.0,0.0,0.0,0.0,0.0,0.0,0.0,0.0,0.8,0.0,0.0,0.0,0.0,0.0,0.0,0.0,0.0,0.0,0.2,0.0,0.0,78.0,500.0,5.0,1,0.01,0.01,33000,500.0,10.2,1.0,294.52140144749205,0.4534138396501693
69b7d5229605ebc57c753111,69b7d5229605ebc57c753111,69b7d5239605ebc57c753112,0.0,0.0,0.0,0.0,0.0,0.0,0.0,0.0,0.0,0.0,0.0,0.0,0.0,0.0,0.0,0.0,0.0,0.8,0.0,0.0,0.0,0.0,0.0,0.0,0.0,0.0,0.0,0.2,0.0,0.0,78.0,500.0,5.0,1,0.01,0.01,33000,500.0,10.2,1.0,315.9135871075299,0.5961508927633227
69b7d5229605ebc57c753111,69b7d5229605ebc57c753111,69b7d5239605ebc57c753112,0.0,0.0,0.0,0.0,0.0,0.0,0.0,0.0,0.0,0.0,0.0,0.0,0.0,0.0,0.0,0.0,0.0,0.8,0.0,0.0,0.0,0.0,0.0,0.0,0.0,0.0,0.0,0.2,0.0,0.0,78.0,500.0,5.0,1,0.01,0.01,33000,500.0,10.2,1.0,338.85117559110336,0.7385807932620416
69b7d5229605ebc57c753111,69b7d5229605ebc57c753111,69b7d5239605ebc57c753112,0.0,0.0,0.0,0.0,0.0,0.0,0.0,0.0,0.0,0.0,0.0,0.0,0.0,0.0,0.0,0.0,0.0,0.8,0.0,0.0,0.0,0.0,0.0,0.0,0.0,0.0,0.0,0.2,0.0,0.0,78.0,500.0,5.0,1,0.01,0.01,33000,500.0,10.2,1.0,361.02400137604366,0.8421235561806379
69b7d5229605ebc57c753111,69b7d5229605ebc57c753111,69b7d5239605ebc57c753112,0.0,0.0,0.0,0.0,0.0,0.0,0.0,0.0,0.0,0.0,0.0,0.0,0.0,0.0,0.0,0.0,0.0,0.8,0.0,0.0,0.0,0.0,0.0,0.0,0.0,0.0,0.0,0.2,0.0,0.0,78.0,500.0,5.0,1,0.01,0.01,33000,500.0,10.2,1.0,383.048637849138,0.9063831163057623
69b7d5229605ebc57c753111,69b7d5229605ebc57c753111,69b7d5239605ebc57c753112,0.0,0.0,0.0,0.0,0.0,0.0,0.0,0.0,0.0,0.0,0.0,0.0,0.0,0.0,0.0,0.0,0.0,0.8,0.0,0.0,0.0,0.0,0.0,0.0,0.0,0.0,0.0,0.2,0.0,0.0,78.0,500.0,5.0,1,0.01,0.01,33000,500.0,10.2,1.0,405.56547453657765,0.9349563924117138
69b7d5229605ebc57c753111,69b7d5229605ebc57c753111,69b7d5239605ebc57c753112,0.0,0.0,0.0,0.0,0.0,0.0,0.0,0.0,0.0,0.0,0.0,0.0,0.0,0.0,0.0,0.0,0.0,0.8,0.0,0.0,0.0,0.0,0.0,0.0,0.0,0.0,0.0,0.2,0.0,0.0,78.0,500.0,5.0,1,0.01,0.01,33000,500.0,10.2,1.0,426.86504187671176,0.9503059401699038
69b7d5229605ebc57c753111,69b7d5229605ebc57c753111,69b7d5239605ebc57c753112,0.0,0.0,0.0,0.0,0.0,0.0,0.0,0.0,0.0,0.0,0.0,0.0,0.0,0.0,0.0,0.0,0.0,0.8,0.0,0.0,0.0,0.0,0.0,0.0,0.0,0.0,0.0,0.2,0.0,0.0,78.0,500.0,5.0,1,0.01,0.01,33000,500.0,10.2,1.0,283.1161169107821,0.3816856212161627
69b7d5229605ebc57c753111,69b7d5229605ebc57c753111,69b7d5239605ebc57c753112,0.0,0.0,0.0,0.0,0.0,0.0,0.0,0.0,0.0,0.0,0.0,0.0,0.0,0.0,0.0,0.0,0.0,0.8,0.0,0.0,0.0,0.0,0.0,0.0,0.0,0.0,0.0,0.2,0.0,0.0,78.0,500.0,5.0,1,0.01,0.01,33000,500.0,10.2,1.0,305.6303073605102,0.5198800488210997
69b7d5229605ebc57c753111,69b7d5229605ebc57c753111,69b7d5239605ebc57c753112,0.0,0.0,0.0,0.0,0.0,0.0,0.0,0.0,0.0,0.0,0.0,0.0,0.0,0.0,0.0,0.0,0.0,0.8,0.0,0.0,0.0,0.0,0.0,0.0,0.0,0.0,0.0,0.2,0.0,0.0,78.0,500.0,5.0,1,0.01,0.01,33000,500.0,10.2,1.0,327.5993728416624,0.672866299700122
69b7d5229605ebc57c753111,69b7d5229605ebc57c753111,69b7d5239605ebc57c753112,0.0,0.0,0.0,0.0,0.0,0.0,0.0,0.0,0.0,0.0,0.0,0.0,0.0,0.0,0.0,0.0,0.0,0.8,0.0,0.0,0.0,0.0,0.0,0.0,0.0,0.0,0.0,0.2,0.0,0.0,78.0,500.0,5.0,1,0.01,0.01,33000,500.0,10.2,1.0,262.0864658172244,0.2475084264894881
69b7d5239605ebc57c753113,69b7d5239605ebc57c753113,69b7d5239605ebc57c753114,0.0,0.0,0.0,0.0,0.0,0.0,0.0,0.0,0.0,0.0,0.0,0.0,0.0,0.5,0.0,0.0,0.0,0.5,0.0,0.0,0.0,0.0,0.0,0.0,0.0,0.0,0.0,0.0,0.0,0.0,84.0,500.0,5.0,0,0.01,0.01,33000,500.0,10.2,1.0,240.91656412495536,0.028920843538074798
69b7d5239605ebc57c753113,69b7d5239605ebc57c753113,69b7d5239605ebc57c753114,0.0,0.0,0.0,0.0,0.0,0.0,0.0,0.0,0.0,0.0,0.0,0.0,0.0,0.5,0.0,0.0,0.0,0.5,0.0,0.0,0.0,0.0,0.0,0.0,0.0,0.0,0.0,0.0,0.0,0.0,84.0,500.0,5.0,0,0.01,0.01,33000,500.0,10.2,1.0,265.5583296947565,0.04783497821641326
69b7d5239605ebc57c753113,69b7d5239605ebc57c753113,69b7d5239605ebc57c753114,0.0,0.0,0.0,0.0,0.0,0.0,0.0,0.0,0.0,0.0,0.0,0.0,0.0,0.5,0.0,0.0,0.0,0.5,0.0,0.0,0.0,0.0,0.0,0.0,0.0,0.0,0.0,0.0,0.0,0.0,84.0,500.0,5.0,0,0.01,0.01,33000,500.0,10.2,1.0,290.742573995422,0.0636210060056419
69b7d5239605ebc57c753113,69b7d5239605ebc57c753113,69b7d5239605ebc57c753114,0.0,0.0,0.0,0.0,0.0,0.0,0.0,0.0,0.0,0.0,0.0,0.0,0.0,0.5,0.0,0.0,0.0,0.5,0.0,0.0,0.0,0.0,0.0,0.0,0.0,0.0,0.0,0.0,0.0,0.0,84.0,500.0,5.0,0,0.01,0.01,33000,500.0,10.2,1.0,316.082946321068,0.09941236855080547
69b7d5239605ebc57c753113,69b7d5239605ebc57c753113,69b7d5239605ebc57c753114,0.0,0.0,0.0,0.0,0.0,0.0,0.0,0.0,0.0,0.0,0.0,0.0,0.0,0.5,0.0,0.0,0.0,0.5,0.0,0.0,0.0,0.0,0.0,0.0,0.0,0.0,0.0,0.0,0.0,0.0,84.0,500.0,5.0,0,0.01,0.01,33000,500.0,10.2,1.0,341.6932348932905,0.16167543668210513
69b7d5239605ebc57c753113,69b7d5239605ebc57c753113,69b7d5239605ebc57c753114,0.0,0.0,0.0,0.0,0.0,0.0,0.0,0.0,0.0,0.0,0.0,0.0,0.0,0.5,0.0,0.0,0.0,0.5,0.0,0.0,0.0,0.0,0.0,0.0,0.0,0.0,0.0,0.0,0.0,0.0,84.0,500.0,5.0,0,0.01,0.01,33000,500.0,10.2,1.0,368.1026872543961,0.2447602188866526
69b7d5239605ebc57c753113,69b7d5239605ebc57c753113,69b7d5239605ebc57c753114,0.0,0.0,0.0,0.0,0.0,0.0,0.0,0.0,0.0,0.0,0.0,0.0,0.0,0.5,0.0,0.0,0.0,0.5,0.0,0.0,0.0,0.0,0.0,0.0,0.0,0.0,0.0,0.0,0.0,0.0,84.0,500.0,5.0,0,0.01,0.01,33000,500.0,10.2,1.0,393.87704256473364,0.3658753445363208
69b7d5239605ebc57c753113,69b7d5239605ebc57c753113,69b7d5239605ebc57c753114,0.0,0.0,0.0,0.0,0.0,0.0,0.0,0.0,0.0,0.0,0.0,0.0,0.0,0.5,0.0,0.0,0.0,0.5,0.0,0.0,0.0,0.0,0.0,0.0,0.0,0.0,0.0,0.0,0.0,0.0,84.0,500.0,5.0,0,0.01,0.01,33000,500.0,10.2,1.0,419.70167639159024,0.4971992531341691
69b7d5239605ebc57c753113,69b7d5239605ebc57c753113,69b7d5239605ebc57c753114,0.0,0.0,0.0,0.0,0.0,0.0,0.0,0.0,0.0,0.0,0.0,0.0,0.0,0.5,0.0,0.0,0.0,0.5,0.0,0.0,0.0,0.0,0.0,0.0,0.0,0.0,0.0,0.0,0.0,0.0,84.0,500.0,5.0,0,0.01,0.01,33000,500.0,10.2,1.0,432.7079347437781,0.5650395661065173
69b7d5239605ebc57c753113,69b7d5239605ebc57c753113,69b7d5239605ebc57c753114,0.0,0.0,0.0,0.0,0.0,0.0,0.0,0.0,0.0,0.0,0.0,0.0,0.0,0.5,0.0,0.0,0.0,0.5,0.0,0.0,0.0,0.0,0.0,0.0,0.0,0.0,0.0,0.0,0.0,0.0,84.0,500.0,5.0,0,0.01,0.01,33000,500.0,10.2,1.0,445.6877307188505,0.6246029244162079
69b7d5239605ebc57c753113,69b7d5239605ebc57c753113,69b7d5239605ebc57c753114,0.0,0.0,0.0,0.0,0.0,0.0,0.0,0.0,0.0,0.0,0.0,0.0,0.0,0.5,0.0,0.0,0.0,0.5,0.0,0.0,0.0,0.0,0.0,0.0,0.0,0.0,0.0,0.0,0.0,0.0,84.0,500.0,5.0,0,0.01,0.01,33000,500.0,10.2,1.0,458.1673877664431,0.675792332500788
69b7d5239605ebc57c753113,69b7d5239605ebc57c753113,69b7d5239605ebc57c753114,0.0,0.0,0.0,0.0,0.0,0.0,0.0,0.0,0.0,0.0,0.0,0.0,0.0,0.5,0.0,0.0,0.0,0.5,0.0,0.0,0.0,0.0,0.0,0.0,0.0,0.0,0.0,0.0,0.0,0.0,84.0,500.0,5.0,0,0.01,0.01,33000,500.0,10.2,1.0,470.3982984691515,0.7303765852712237
69b7d5239605ebc57c753113,69b7d5239605ebc57c753113,69b7d5239605ebc57c753114,0.0,0.0,0.0,0.0,0.0,0.0,0.0,0.0,0.0,0.0,0.0,0.0,0.0,0.5,0.0,0.0,0.0,0.5,0.0,0.0,0.0,0.0,0.0,0.0,0.0,0.0,0.0,0.0,0.0,0.0,84.0,500.0,5.0,0,0.01,0.01,33000,500.0,10.2,1.0,483.64271821537733,0.776425228545794
69b7d5239605ebc57c753113,69b7d5239605ebc57c753113,69b7d5239605ebc57c753114,0.0,0.0,0.0,0.0,0.0,0.0,0.0,0.0,0.0,0.0,0.0,0.0,0.0,0.5,0.0,0.0,0.0,0.5,0.0,0.0,0.0,0.0,0.0,0.0,0.0,0.0,0.0,0.0,0.0,0.0,84.0,500.0,5.0,0,0.01,0.01,33000,500.0,10.2,1.0,406.52341258815284,0.4144862872523582
69b7d5239605ebc57c753113,69b7d5239605ebc57c753113,69b7d5239605ebc57c753114,0.0,0.0,0.0,0.0,0.0,0.0,0.0,0.0,0.0,0.0,0.0,0.0,0.0,0.5,0.0,0.0,0.0,0.5,0.0,0.0,0.0,0.0,0.0,0.0,0.0,0.0,0.0,0.0,0.0,0.0,84.0,500.0,5.0,0,0.01,0.01,33000,500.0,10.2,1.0,381.1512854099684,0.30185827331732906
69b7d5239605ebc57c753113,69b7d5239605ebc57c753113,69b7d5239605ebc57c753114,0.0,0.0,0.0,0.0,0.0,0.0,0.0,0.0,0.0,0.0,0.0,0.0,0.0,0.5,0.0,0.0,0.0,0.5,0.0,0.0,0.0,0.0,0.0,0.0,0.0,0.0,0.0,0.0,0.0,0.0,84.0,500.0,5.0,0,0.01,0.01,33000,500.0,10.2,1.0,354.9879331560354,0.2037068470784128
69b7d5239605ebc57c753113,69b7d5239605ebc57c753113,69b7d5239605ebc57c753114,0.0,0.0,0.0,0.0,0.0,0.0,0.0,0.0,0.0,0.0,0.0,0.0,0.0,0.5,0.0,0.0,0.0,0.5,0.0,0.0,0.0,0.0,0.0,0.0,0.0,0.0,0.0,0.0,0.0,0.0,84.0,500.0,5.0,0,0.01,0.01,33000,500.0,10.2,1.0,328.79282604956404,0.1246958784968921
69b7d5249605ebc57c753115,69b7d5249605ebc57c753115,69b7d5249605ebc57c753116,0.0,0.0,0.0,0.0,0.0,0.0,0.0,0.0,0.0,0.0,0.0,0.0,0.0,0.0,0.0,0.0,0.0,0.8,0.0,0.0,0.0,0.0,0.05,0.0,0.0,0.0,0.0,0.0,0.15,0.0,23.0,500.0,1.0,1,0.01,0.02,10000,0.0,0.0,0.0,252.3381893168363,0.04789130381674417
69b7d5249605ebc57c753115,69b7d5249605ebc57c753115,69b7d5249605ebc57c753116,0.0,0.0,0.0,0.0,0.0,0.0,0.0,0.0,0.0,0.0,0.0,0.0,0.0,0.0,0.0,0.0,0.0,0.8,0.0,0.0,0.0,0.0,0.05,0.0,0.0,0.0,0.0,0.0,0.15,0.0,23.0,500.0,1.0,1,0.01,0.02,10000,0.0,0.0,0.0,281.1126632519568,0.26852875790913755
69b7d5249605ebc57c753115,69b7d5249605ebc57c753115,69b7d5249605ebc57c753116,0.0,0.0,0.0,0.0,0.0,0.0,0.0,0.0,0.0,0.0,0.0,0.0,0.0,0.0,0.0,0.0,0.0,0.8,0.0,0.0,0.0,0.0,0.05,0.0,0.0,0.0,0.0,0.0,0.15,0.0,23.0,500.0,1.0,1,0.01,0.02,10000,0.0,0.0,0.0,317.20437260249673,0.4793820897223964
69b7d5249605ebc57c753115,69b7d5249605ebc57c753115,69b7d5249605ebc57c753116,0.0,0.0,0.0,0.0,0.0,0.0,0.0,0.0,0.0,0.0,0.0,0.0,0.0,0.0,0.0,0.0,0.0,0.8,0.0,0.0,0.0,0.0,0.05,0.0,0.0,0.0,0.0,0.0,0.15,0.0,23.0,500.0,1.0,1,0.01,0.02,10000,0.0,0.0,0.0,346.06088826803256,0.6705938876719244
69b7d5249605ebc57c753115,69b7d5249605ebc57c753115,69b7d5249605ebc57c753116,0.0,0.0,0.0,0.0,0.0,0.0,0.0,0.0,0.0,0.0,0.0,0.0,0.0,0.0,0.0,0.0,0.0,0.8,0.0,0.0,0.0,0.0,0.05,0.0,0.0,0.0,0.0,0.0,0.15,0.0,23.0,500.0,1.0,1,0.01,0.02,10000,0.0,0.0,0.0,376.473979467394,0.8587348637226081
69b7d5249605ebc57c753115,69b7d5249605ebc57c753115,69b7d5249605ebc57c753116,0.0,0.0,0.0,0.0,0.0,0.0,0.0,0.0,0.0,0.0,0.0,0.0,0.0,0.0,0.0,0.0,0.0,0.8,0.0,0.0,0.0,0.0,0.05,0.0,0.0,0.0,0.0,0.0,0.15,0.0,23.0,500.0,1.0,1,0.01,0.02,10000,0.0,0.0,0.0,394.44777046054236,0.9496429182172784
69b7d5249605ebc57c753117,69b7d5249605ebc57c753117,69b7d5259605ebc57c753118,0.0,0.0,0.0,0.0,0.0,0.0,0.0,0.0,0.05,0.0,0.0,0.0,0.0,0.0,0.0,0.0,0.0,0.75,0.0,0.0,0.0,0.0,0.05,0.0,0.0,0.0,0.0,0.0,0.15,0.0,60.0,500.0,1.0,1,0.01,0.02,10000,0.0,0.0,0.0,121.3641100689594,0.08878673626436268
69b7d5249605ebc57c753117,69b7d5249605ebc57c753117,69b7d5259605ebc57c753118,0.0,0.0,0.0,0.0,0.0,0.0,0.0,0.0,0.05,0.0,0.0,0.0,0.0,0.0,0.0,0.0,0.0,0.75,0.0,0.0,0.0,0.0,0.05,0.0,0.0,0.0,0.0,0.0,0.15,0.0,60.0,500.0,1.0,1,0.01,0.02,10000,0.0,0.0,0.0,177.5981729084902,0.20983868209542267
69b7d5249605ebc57c753117,69b7d5249605ebc57c753117,69b7d5259605ebc57c753118,0.0,0.0,0.0,0.0,0.0,0.0,0.0,0.0,0.05,0.0,0.0,0.0,0.0,0.0,0.0,0.0,0.0,0.75,0.0,0.0,0.0,0.0,0.05,0.0,0.0,0.0,0.0,0.0,0.15,0.0,60.0,500.0,1.0,1,0.01,0.02,10000,0.0,0.0,0.0,233.4929821060334,0.349337546111188
69b7d5249605ebc57c753117,69b7d5249605ebc57c753117,69b7d5259605ebc57c753118,0.0,0.0,0.0,0.0,0.0,0.0,0.0,0.0,0.05,0.0,0.0,0.0,0.0,0.0,0.0,0.0,0.0,0.75,0.0,0.0,0.0,0.0,0.05,0.0,0.0,0.0,0.0,0.0,0.15,0.0,60.0,500.0,1.0,1,0.01,0.02,10000,0.0,0.0,0.0,259.22747732765697,0.44851996319248216
69b7d5249605ebc57c753117,69b7d5249605ebc57c753117,69b7d5259605ebc57c753118,0.0,0.0,0.0,0.0,0.0,0.0,0.0,0.0,0.05,0.0,0.0,0.0,0.0,0.0,0.0,0.0,0.0,0.75,0.0,0.0,0.0,0.0,0.05,0.0,0.0,0.0,0.0,0.0,0.15,0.0,60.0,500.0,1.0,1,0.01,0.02,10000,0.0,0.0,0.0,285.3233996319209,0.5596631949251227
69b7d5249605ebc57c753117,69b7d5249605ebc57c753117,69b7d5259605ebc57c753118,0.0,0.0,0.0,0.0,0.0,0.0,0.0,0.0,0.05,0.0,0.0,0.0,0.0,0.0,0.0,0.0,0.0,0.75,0.0,0.0,0.0,0.0,0.05,0.0,0.0,0.0,0.0,0.0,0.15,0.0,60.0,500.0,1.0,1,0.01,0.02,10000,0.0,0.0,0.0,310.38382225769976,0.6101082238743984
69b7d5249605ebc57c753117,69b7d5249605ebc57c753117,69b7d5259605ebc57c753118,0.0,0.0,0.0,0.0,0.0,0.0,0.0,0.0,0.05,0.0,0.0,0.0,0.0,0.0,0.0,0.0,0.0,0.75,0.0,0.0,0.0,0.0,0.05,0.0,0.0,0.0,0.0,0.0,0.15,0.0,60.0,500.0,1.0,1,0.01,0.02,10000,0.0,0.0,0.0,334.2624004966851,0.729833633276602
69b7d5249605ebc57c753117,69b7d5249605ebc57c753117,69b7d5259605ebc57c753118,0.0,0.0,0.0,0.0,0.0,0.0,0.0,0.0,0.05,0.0,0.0,0.0,0.0,0.0,0.0,0.0,0.0,0.75,0.0,0.0,0.0,0.0,0.05,0.0,0.0,0.0,0.0,0.0,0.15,0.0,60.0,500.0,1.0,1,0.01,0.02,10000,0.0,0.0,0.0,355.11208674249986,0.8095870554800042
69b7d5249605ebc57c753117,69b7d5249605ebc57c753117,69b7d5259605ebc57c753118,0.0,0.0,0.0,0.0,0.0,0.0,0.0,0.0,0.05,0.0,0.0,0.0,0.0,0.0,0.0,0.0,0.0,0.75,0.0,0.0,0.0,0.0,0.05,0.0,0.0,0.0,0.0,0.0,0.15,0.0,60.0,500.0,1.0,1,0.01,0.02,10000,0.0,0.0,0.0,390.35677066010334,0.919865473408197
69b7d5249605ebc57c753117,69b7d5249605ebc57c753117,69b7d5259605ebc57c753118,0.0,0.0,0.0,0.0,0.0,0.0,0.0,0.0,0.05,0.0,0.0,0.0,0.0,0.0,0.0,0.0,0.0,0.75,0.0,0.0,0.0,0.0,0.05,0.0,0.0,0.0,0.0,0.0,0.15,0.0,60.0,500.0,1.0,1,0.01,0.02,10000,0.0,0.0,0.0,400.310428169139,0.9502951930358873
69b7d5259605ebc57c753119,69b7d5259605ebc57c753119,69b7d5259605ebc57c75311a,0.0,0.0,0.0,0.0,0.0,0.0,0.0,0.0,0.0,0.0,0.0,0.0,0.0,0.05,0.0,0.0,0.0,0.75,0.0,0.0,0.0,0.0,0.05,0.0,0.0,0.0,0.0,0.0,0.15,0.0,69.0,500.0,1.0,1,0.01,0.02,10000,0.0,0.0,0.0,221.313111155458,0.07055235706549622
69b7d5259605ebc57c753119,69b7d5259605ebc57c753119,69b7d5259605ebc57c75311a,0.0,0.0,0.0,0.0,0.0,0.0,0.0,0.0,0.0,0.0,0.0,0.0,0.0,0.05,0.0,0.0,0.0,0.75,0.0,0.0,0.0,0.0,0.05,0.0,0.0,0.0,0.0,0.0,0.15,0.0,69.0,500.0,1.0,1,0.01,0.02,10000,0.0,0.0,0.0,259.47581986296814,0.07865082531901206
69b7d5259605ebc57c753119,69b7d5259605ebc57c753119,69b7d5259605ebc57c75311a,0.0,0.0,0.0,0.0,0.0,0.0,0.0,0.0,0.0,0.0,0.0,0.0,0.0,0.05,0.0,0.0,0.0,0.75,0.0,0.0,0.0,0.0,0.05,0.0,0.0,0.0,0.0,0.0,0.15,0.0,69.0,500.0,1.0,1,0.01,0.02,10000,0.0,0.0,0.0,289.534136011885,0.1493310315062581
69b7d5259605ebc57c753119,69b7d5259605ebc57c753119,69b7d5259605ebc57c75311a,0.0,0.0,0.0,0.0,0.0,0.0,0.0,0.0,0.0,0.0,0.0,0.0,0.0,0.05,0.0,0.0,0.0,0.75,0.0,0.0,0.0,0.0,0.05,0.0,0.0,0.0,0.0,0.0,0.15,0.0,69.0,500.0,1.0,1,0.01,0.02,10000,0.0,0.0,0.0,204.64755316082397,0.05914121220511234
69b7d5259605ebc57c753119,69b7d5259605ebc57c753119,69b7d5259605ebc57c75311a,0.0,0.0,0.0,0.0,0.0,0.0,0.0,0.0,0.0,0.0,0.0,0.0,0.0,0.05,0.0,0.0,0.0,0.75,0.0,0.0,0.0,0.0,0.05,0.0,0.0,0.0,0.0,0.0,0.15,0.0,69.0,500.0,1.0,1,0.01,0.02,10000,0.0,0.0,0.0,188.49863633339987,0.05043444271626453
69b7d5259605ebc57c753119,69b7d5259605ebc57c753119,69b7d5259605ebc57c75311a,0.0,0.0,0.0,0.0,0.0,0.0,0.0,0.0,0.0,0.0,0.0,0.0,0.0,0.05,0.0,0.0,0.0,0.75,0.0,0.0,0.0,0.0,0.05,0.0,0.0,0.0,0.0,0.0,0.15,0.0,69.0,500.0,1.0,1,0.01,0.02,10000,0.0,0.0,0.0,323.7898844763742,0.3390184119021832
69b7d5259605ebc57c753119,69b7d5259605ebc57c753119,69b7d5259605ebc57c75311a,0.0,0.0,0.0,0.0,0.0,0.0,0.0,0.0,0.0,0.0,0.0,0.0,0.0,0.05,0.0,0.0,0.0,0.75,0.0,0.0,0.0,0.0,0.05,0.0,0.0,0.0,0.0,0.0,0.15,0.0,69.0,500.0,1.0,1,0.01,0.02,10000,0.0,0.0,0.0,354.524490565201,0.5193540769211977
69b7d5259605ebc57c753119,69b7d5259605ebc57c753119,69b7d5259605ebc57c75311a,0.0,0.0,0.0,0.0,0.0,0.0,0.0,0.0,0.0,0.0,0.0,0.0,0.0,0.05,0.0,0.0,0.0,0.75,0.0,0.0,0.0,0.0,0.05,0.0,0.0,0.0,0.0,0.0,0.15,0.0,69.0,500.0,1.0,1,0.01,0.02,10000,0.0,0.0,0.0,378.3964167719905,0.7001954381478979
69b7d5259605ebc57c753119,69b7d5259605ebc57c753119,69b7d5259605ebc57c75311a,0.0,0.0,0.0,0.0,0.0,0.0,0.0,0.0,0.0,0.0,0.0,0.0,0.0,0.05,0.0,0.0,0.0,0.75,0.0,0.0,0.0,0.0,0.05,0.0,0.0,0.0,0.0,0.0,0.15,0.0,69.0,500.0,1.0,1,0.01,0.02,10000,0.0,0.0,0.0,407.42145058648754,0.7996270388677617
69b7d5259605ebc57c753119,69b7d5259605ebc57c753119,69b7d5259605ebc57c75311a,0.0,0.0,0.0,0.0,0.0,0.0,0.0,0.0,0.0,0.0,0.0,0.0,0.0,0.05,0.0,0.0,0.0,0.75,0.0,0.0,0.0,0.0,0.05,0.0,0.0,0.0,0.0,0.0,0.15,0.0,69.0,500.0,1.0,1,0.01,0.02,10000,0.0,0.0,0.0,432.47300383600526,0.8899634367798308
69b7d5259605ebc57c753119,69b7d5259605ebc57c753119,69b7d5259605ebc57c75311a,0.0,0.0,0.0,0.0,0.0,0.0,0.0,0.0,0.0,0.0,0.0,0.0,0.0,0.05,0.0,0.0,0.0,0.75,0.0,0.0,0.0,0.0,0.05,0.0,0.0,0.0,0.0,0.0,0.15,0.0,69.0,500.0,1.0,1,0.01,0.02,10000,0.0,0.0,0.0,448.3292312468126,0.909231195185707
69b7d5259605ebc57c753119,69b7d5259605ebc57c753119,69b7d5259605ebc57c75311a,0.0,0.0,0.0,0.0,0.0,0.0,0.0,0.0,0.0,0.0,0.0,0.0,0.0,0.05,0.0,0.0,0.0,0.75,0.0,0.0,0.0,0.0,0.05,0.0,0.0,0.0,0.0,0.0,0.15,0.0,69.0,500.0,1.0,1,0.01,0.02,10000,0.0,0.0,0.0,461.31399809308414,0.9604237750506919
69b7d5269605ebc57c75311b,69b7d5269605ebc57c75311b,69b7d5269605ebc57c75311c,0.0,0.0,0.0,0.0,0.0,0.0,0.0,0.05,0.0,0.0,0.0,0.0,0.0,0.0,0.0,0.0,0.0,0.75,0.0,0.0,0.0,0.0,0.05,0.0,0.0,0.0,0.0,0.0,0.15,0.0,72.0,500.0,1.0,1,0.01,0.02,10000,0.0,0.0,0.0,136.4487017450498,0.13959821174094675
69b7d5269605ebc57c75311b,69b7d5269605ebc57c75311b,69b7d5269605ebc57c75311c,0.0,0.0,0.0,0.0,0.0,0.0,0.0,0.05,0.0,0.0,0.0,0.0,0.0,0.0,0.0,0.0,0.0,0.75,0.0,0.0,0.0,0.0,0.05,0.0,0.0,0.0,0.0,0.0,0.15,0.0,72.0,500.0,1.0,1,0.01,0.02,10000,0.0,0.0,0.0,182.27455154216278,0.15869740474426103
69b7d5269605ebc57c75311b,69b7d5269605ebc57c75311b,69b7d5269605ebc57c75311c,0.0,0.0,0.0,0.0,0.0,0.0,0.0,0.05,0.0,0.0,0.0,0.0,0.0,0.0,0.0,0.0,0.0,0.75,0.0,0.0,0.0,0.0,0.05,0.0,0.0,0.0,0.0,0.0,0.15,0.0,72.0,500.0,1.0,1,0.01,0.02,10000,0.0,0.0,0.0,229.13368367369566,0.29878258320371986
69b7d5269605ebc57c75311b,69b7d5269605ebc57c75311b,69b7d5269605ebc57c75311c,0.0,0.0,0.0,0.0,0.0,0.0,0.0,0.05,0.0,0.0,0.0,0.0,0.0,0.0,0.0,0.0,0.0,0.75,0.0,0.0,0.0,0.0,0.05,0.0,0.0,0.0,0.0,0.0,0.15,0.0,72.0,500.0,1.0,1,0.01,0.02,10000,0.0,0.0,0.0,261.2940419964966,0.32942484181724907
69b7d5269605ebc57c75311b,69b7d5269605ebc57c75311b,69b7d5269605ebc57c75311c,0.0,0.0,0.0,0.0,0.0,0.0,0.0,0.05,0.0,0.0,0.0,0.0,0.0,0.0,0.0,0.0,0.0,0.75,0.0,0.0,0.0,0.0,0.05,0.0,0.0,0.0,0.0,0.0,0.15,0.0,72.0,500.0,1.0,1,0.01,0.02,10000,0.0,0.0,0.0,290.44102973458394,0.39924023420004723
69b7d5269605ebc57c75311b,69b7d5269605ebc57c75311b,69b7d5269605ebc57c75311c,0.0,0.0,0.0,0.0,0.0,0.0,0.0,0.05,0.0,0.0,0.0,0.0,0.0,0.0,0.0,0.0,0.0,0.75,0.0,0.0,0.0,0.0,0.05,0.0,0.0,0.0,0.0,0.0,0.15,0.0,72.0,500.0,1.0,1,0.01,0.02,10000,0.0,0.0,0.0,318.7831215769751,0.5398311088671917
69b7d5269605ebc57c75311b,69b7d5269605ebc57c75311b,69b7d5269605ebc57c75311c,0.0,0.0,0.0,0.0,0.0,0.0,0.0,0.05,0.0,0.0,0.0,0.0,0.0,0.0,0.0,0.0,0.0,0.75,0.0,0.0,0.0,0.0,0.05,0.0,0.0,0.0,0.0,0.0,0.15,0.0,72.0,500.0,1.0,1,0.01,0.02,10000,0.0,0.0,0.0,352.01002239517504,0.6791027760360256
69b7d5269605ebc57c75311b,69b7d5269605ebc57c75311b,69b7d5269605ebc57c75311c,0.0,0.0,0.0,0.0,0.0,0.0,0.0,0.05,0.0,0.0,0.0,0.0,0.0,0.0,0.0,0.0,0.0,0.75,0.0,0.0,0.0,0.0,0.05,0.0,0.0,0.0,0.0,0.0,0.15,0.0,72.0,500.0,1.0,1,0.01,0.02,10000,0.0,0.0,0.0,381.52287190403337,0.8186236268434296
69b7d5269605ebc57c75311b,69b7d5269605ebc57c75311b,69b7d5269605ebc57c75311c,0.0,0.0,0.0,0.0,0.0,0.0,0.0,0.05,0.0,0.0,0.0,0.0,0.0,0.0,0.0,0.0,0.0,0.75,0.0,0.0,0.0,0.0,0.05,0.0,0.0,0.0,0.0,0.0,0.15,0.0,72.0,500.0,1.0,1,0.01,0.02,10000,0.0,0.0,0.0,409.0778066032506,0.8992931653651028
69b7d5269605ebc57c75311b,69b7d5269605ebc57c75311b,69b7d5269605ebc57c75311c,0.0,0.0,0.0,0.0,0.0,0.0,0.0,0.05,0.0,0.0,0.0,0.0,0.0,0.0,0.0,0.0,0.0,0.75,0.0,0.0,0.0,0.0,0.05,0.0,0.0,0.0,0.0,0.0,0.15,0.0,72.0,500.0,1.0,1,0.01,0.02,10000,0.0,0.0,0.0,435.5573294308078,0.9599547234957371
69b7d5269605ebc57c75311b,69b7d5269605ebc57c75311b,69b7d5269605ebc57c75311c,0.0,0.0,0.0,0.0,0.0,0.0,0.0,0.05,0.0,0.0,0.0,0.0,0.0,0.0,0.0,0.0,0.0,0.75,0.0,0.0,0.0,0.0,0.05,0.0,0.0,0.0,0.0,0.0,0.15,0.0,72.0,500.0,1.0,1,0.01,0.02,10000,0.0,0.0,0.0,450.1984522938424,0.9788047328604815
69b7d5269605ebc57c75311d,69b7d5269605ebc57c75311d,69b7d5269605ebc57c75311e,0.0,0.0,0.0,0.0,0.0,0.0,0.05,0.0,0.0,0.0,0.0,0.0,0.0,0.0,0.0,0.0,0.0,0.75,0.0,0.0,0.0,0.0,0.05,0.0,0.0,0.0,0.0,0.0,0.15,0.0,62.0,500.0,1.0,1,0.01,0.02,10000,0.0,0.0,0.0,192.44107408146522,0.04883673585719986
69b7d5269605ebc57c75311d,69b7d5269605ebc57c75311d,69b7d5269605ebc57c75311e,0.0,0.0,0.0,0.0,0.0,0.0,0.05,0.0,0.0,0.0,0.0,0.0,0.0,0.0,0.0,0.0,0.0,0.75,0.0,0.0,0.0,0.0,0.05,0.0,0.0,0.0,0.0,0.0,0.15,0.0,62.0,500.0,1.0,1,0.01,0.02,10000,0.0,0.0,0.0,156.30058316148916,0.019279158964503544
69b7d5269605ebc57c75311d,69b7d5269605ebc57c75311d,69b7d5269605ebc57c75311e,0.0,0.0,0.0,0.0,0.0,0.0,0.05,0.0,0.0,0.0,0.0,0.0,0.0,0.0,0.0,0.0,0.0,0.75,0.0,0.0,0.0,0.0,0.05,0.0,0.0,0.0,0.0,0.0,0.15,0.0,62.0,500.0,1.0,1,0.01,0.02,10000,0.0,0.0,0.0,229.33102729550544,0.16941230120275894
69b7d5269605ebc57c75311d,69b7d5269605ebc57c75311d,69b7d5269605ebc57c75311e,0.0,0.0,0.0,0.0,0.0,0.0,0.05,0.0,0.0,0.0,0.0,0.0,0.0,0.0,0.0,0.0,0.0,0.75,0.0,0.0,0.0,0.0,0.05,0.0,0.0,0.0,0.0,0.0,0.15,0.0,62.0,500.0,1.0,1,0.01,0.02,10000,0.0,0.0,0.0,265.2253930242356,0.29912704293938974
69b7d5269605ebc57c75311d,69b7d5269605ebc57c75311d,69b7d5269605ebc57c75311e,0.0,0.0,0.0,0.0,0.0,0.0,0.05,0.0,0.0,0.0,0.0,0.0,0.0,0.0,0.0,0.0,0.0,0.75,0.0,0.0,0.0,0.0,0.05,0.0,0.0,0.0,0.0,0.0,0.15,0.0,62.0,500.0,1.0,1,0.01,0.02,10000,0.0,0.0,0.0,308.31725758886006,0.4693341259435998
69b7d5269605ebc57c75311d,69b7d5269605ebc57c75311d,69b7d5269605ebc57c75311e,0.0,0.0,0.0,0.0,0.0,0.0,0.05,0.0,0.0,0.0,0.0,0.0,0.0,0.0,0.0,0.0,0.0,0.75,0.0,0.0,0.0,0.0,0.05,0.0,0.0,0.0,0.0,0.0,0.15,0.0,62.0,500.0,1.0,1,0.01,0.02,10000,0.0,0.0,0.0,349.0986496374643,0.6788755791890947
69b7d5269605ebc57c75311d,69b7d5269605ebc57c75311d,69b7d5269605ebc57c75311e,0.0,0.0,0.0,0.0,0.0,0.0,0.05,0.0,0.0,0.0,0.0,0.0,0.0,0.0,0.0,0.0,0.0,0.75,0.0,0.0,0.0,0.0,0.05,0.0,0.0,0.0,0.0,0.0,0.15,0.0,62.0,500.0,1.0,1,0.01,0.02,10000,0.0,0.0,0.0,389.05962438191534,0.8692152344036286
69b7d5269605ebc57c75311d,69b7d5269605ebc57c75311d,69b7d5269605ebc57c75311e,0.0,0.0,0.0,0.0,0.0,0.0,0.05,0.0,0.0,0.0,0.0,0.0,0.0,0.0,0.0,0.0,0.0,0.75,0.0,0.0,0.0,0.0,0.05,0.0,0.0,0.0,0.0,0.0,0.15,0.0,62.0,500.0,1.0,1,0.01,0.02,10000,0.0,0.0,0.0,415.5280604891461,0.9501412854944178
69b7d5269605ebc57c75311d,69b7d5269605ebc57c75311d,69b7d5269605ebc57c75311e,0.0,0.0,0.0,0.0,0.0,0.0,0.05,0.0,0.0,0.0,0.0,0.0,0.0,0.0,0.0,0.0,0.0,0.75,0.0,0.0,0.0,0.0,0.05,0.0,0.0,0.0,0.0,0.0,0.15,0.0,62.0,500.0,1.0,1,0.01,0.02,10000,0.0,0.0,0.0,430.1891394487683,0.9794130340958135
69b7d5279605ebc57c75311f,69b7d5279605ebc57c75311f,69b7d5279605ebc57c753120,0.0,0.0,0.0,0.0,0.05,0.0,0.0,0.0,0.0,0.0,0.0,0.0,0.0,0.0,0.0,0.0,0.0,0.75,0.0,0.0,0.0,0.0,0.05,0.0,0.0,0.0,0.0,0.0,0.15,0.0,95.0,500.0,1.0,1,0.01,0.02,10000,0.0,0.0,0.0,143.61294041996496,0.04937174778707014
69b7d5279605ebc57c75311f,69b7d5279605ebc57c75311f,69b7d5279605ebc57c753120,0.0,0.0,0.0,0.0,0.05,0.0,0.0,0.0,0.0,0.0,0.0,0.0,0.0,0.0,0.0,0.0,0.0,0.75,0.0,0.0,0.0,0.0,0.05,0.0,0.0,0.0,0.0,0.0,0.15,0.0,95.0,500.0,1.0,1,0.01,0.02,10000,0.0,0.0,0.0,195.4389232577219,0.16929503831402024
69b7d5279605ebc57c75311f,69b7d5279605ebc57c75311f,69b7d5279605ebc57c753120,0.0,0.0,0.0,0.0,0.05,0.0,0.0,0.0,0.0,0.0,0.0,0.0,0.0,0.0,0.0,0.0,0.0,0.75,0.0,0.0,0.0,0.0,0.05,0.0,0.0,0.0,0.0,0.0,0.15,0.0,95.0,500.0,1.0,1,0.01,0.02,10000,0.0,0.0,0.0,236.29348766048028,0.3699758145291976
69b7d5279605ebc57c75311f,69b7d5279605ebc57c75311f,69b7d5279605ebc57c753120,0.0,0.0,0.0,0.0,0.05,0.0,0.0,0.0,0.0,0.0,0.0,0.0,0.0,0.0,0.0,0.0,0.0,0.75,0.0,0.0,0.0,0.0,0.05,0.0,0.0,0.0,0.0,0.0,0.15,0.0,95.0,500.0,1.0,1,0.01,0.02,10000,0.0,0.0,0.0,277.4651322645735,0.5588643414955904
69b7d5279605ebc57c75311f,69b7d5279605ebc57c75311f,69b7d5279605ebc57c753120,0.0,0.0,0.0,0.0,0.05,0.0,0.0,0.0,0.0,0.0,0.0,0.0,0.0,0.0,0.0,0.0,0.0,0.75,0.0,0.0,0.0,0.0,0.05,0.0,0.0,0.0,0.0,0.0,0.15,0.0,95.0,500.0,1.0,1,0.01,0.02,10000,0.0,0.0,0.0,306.2639969844121,0.6795644986604344
69b7d5279605ebc57c75311f,69b7d5279605ebc57c75311f,69b7d5279605ebc57c753120,0.0,0.0,0.0,0.0,0.05,0.0,0.0,0.0,0.0,0.0,0.0,0.0,0.0,0.0,0.0,0.0,0.0,0.75,0.0,0.0,0.0,0.0,0.05,0.0,0.0,0.0,0.0,0.0,0.15,0.0,95.0,500.0,1.0,1,0.01,0.02,10000,0.0,0.0,0.0,336.3067917248719,0.8000667747005318
69b7d5279605ebc57c75311f,69b7d5279605ebc57c75311f,69b7d5279605ebc57c753120,0.0,0.0,0.0,0.0,0.05,0.0,0.0,0.0,0.0,0.0,0.0,0.0,0.0,0.0,0.0,0.0,0.0,0.75,0.0,0.0,0.0,0.0,0.05,0.0,0.0,0.0,0.0,0.0,0.15,0.0,95.0,500.0,1.0,1,0.01,0.02,10000,0.0,0.0,0.0,361.40269185569525,0.8794977239599027
69b7d5279605ebc57c75311f,69b7d5279605ebc57c75311f,69b7d5279605ebc57c753120,0.0,0.0,0.0,0.0,0.05,0.0,0.0,0.0,0.0,0.0,0.0,0.0,0.0,0.0,0.0,0.0,0.0,0.75,0.0,0.0,0.0,0.0,0.05,0.0,0.0,0.0,0.0,0.0,0.15,0.0,95.0,500.0,1.0,1,0.01,0.02,10000,0.0,0.0,0.0,384.64045765981507,0.9498334704114787
69b7d5279605ebc57c753121,69b7d5279605ebc57c753121,69b7d5289605ebc57c753122,0.0,0.0,0.0,0.0,0.1,0.0,0.0,0.0,0.0,0.0,0.0,0.0,0.0,0.0,0.0,0.0,0.0,0.7,0.0,0.0,0.0,0.0,0.05,0.0,0.0,0.0,0.0,0.0,0.15,0.0,83.0,500.0,1.0,1,0.01,0.02,10000,0.0,0.0,0.0,118.26151815259665,0.1532304159847578
69b7d5279605ebc57c753121,69b7d5279605ebc57c753121,69b7d5289605ebc57c753122,0.0,0.0,0.0,0.0,0.1,0.0,0.0,0.0,0.0,0.0,0.0,0.0,0.0,0.0,0.0,0.0,0.0,0.7,0.0,0.0,0.0,0.0,0.05,0.0,0.0,0.0,0.0,0.0,0.15,0.0,83.0,500.0,1.0,1,0.01,0.02,10000,0.0,0.0,0.0,147.27785045788468,0.1807176530936271
69b7d5279605ebc57c753121,69b7d5279605ebc57c753121,69b7d5289605ebc57c753122,0.0,0.0,0.0,0.0,0.1,0.0,0.0,0.0,0.0,0.0,0.0,0.0,0.0,0.0,0.0,0.0,0.0,0.7,0.0,0.0,0.0,0.0,0.05,0.0,0.0,0.0,0.0,0.0,0.15,0.0,83.0,500.0,1.0,1,0.01,0.02,10000,0.0,0.0,0.0,182.47429393413802,0.32223552114121007
69b7d5279605ebc57c753121,69b7d5279605ebc57c753121,69b7d5289605ebc57c753122,0.0,0.0,0.0,0.0,0.1,0.0,0.0,0.0,0.0,0.0,0.0,0.0,0.0,0.0,0.0,0.0,0.0,0.7,0.0,0.0,0.0,0.0,0.05,0.0,0.0,0.0,0.0,0.0,0.15,0.0,83.0,500.0,1.0,1,0.01,0.02,10000,0.0,0.0,0.0,209.36665699791035,0.43166418329710055
69b7d5279605ebc57c753121,69b7d5279605ebc57c753121,69b7d5289605ebc57c753122,0.0,0.0,0.0,0.0,0.1,0.0,0.0,0.0,0.0,0.0,0.0,0.0,0.0,0.0,0.0,0.0,0.0,0.7,0.0,0.0,0.0,0.0,0.05,0.0,0.0,0.0,0.0,0.0,0.15,0.0,83.0,500.0,1.0,1,0.01,0.02,10000,0.0,0.0,0.0,235.75821794955277,0.5594494247539021
69b7d5279605ebc57c753121,69b7d5279605ebc57c753121,69b7d5289605ebc57c753122,0.0,0.0,0.0,0.0,0.1,0.0,0.0,0.0,0.0,0.0,0.0,0.0,0.0,0.0,0.0,0.0,0.0,0.7,0.0,0.0,0.0,0.0,0.05,0.0,0.0,0.0,0.0,0.0,0.15,0.0,83.0,500.0,1.0,1,0.01,0.02,10000,0.0,0.0,0.0,259.32433152389467,0.6714941742592637
69b7d5279605ebc57c753121,69b7d5279605ebc57c753121,69b7d5289605ebc57c753122,0.0,0.0,0.0,0.0,0.1,0.0,0.0,0.0,0.0,0.0,0.0,0.0,0.0,0.0,0.0,0.0,0.0,0.7,0.0,0.0,0.0,0.0,0.05,0.0,0.0,0.0,0.0,0.0,0.15,0.0,83.0,500.0,1.0,1,0.01,0.02,10000,0.0,0.0,0.0,289.9052264560851,0.759063484696744
69b7d5279605ebc57c753121,69b7d5279605ebc57c753121,69b7d5289605ebc57c753122,0.0,0.0,0.0,0.0,0.1,0.0,0.0,0.0,0.0,0.0,0.0,0.0,0.0,0.0,0.0,0.0,0.0,0.7,0.0,0.0,0.0,0.0,0.05,0.0,0.0,0.0,0.0,0.0,0.15,0.0,83.0,500.0,1.0,1,0.01,0.02,10000,0.0,0.0,0.0,319.5431216664989,0.8301082097755197
69b7d5279605ebc57c753121,69b7d5279605ebc57c753121,69b7d5289605ebc57c753122,0.0,0.0,0.0,0.0,0.1,0.0,0.0,0.0,0.0,0.0,0.0,0.0,0.0,0.0,0.0,0.0,0.0,0.7,0.0,0.0,0.0,0.0,0.05,0.0,0.0,0.0,0.0,0.0,0.15,0.0,83.0,500.0,1.0,1,0.01,0.02,10000,0.0,0.0,0.0,346.597091085604,0.881367400278463
69b7d5279605ebc57c753121,69b7d5279605ebc57c753121,69b7d5289605ebc57c753122,0.0,0.0,0.0,0.0,0.1,0.0,0.0,0.0,0.0,0.0,0.0,0.0,0.0,0.0,0.0,0.0,0.0,0.7,0.0,0.0,0.0,0.0,0.05,0.0,0.0,0.0,0.0,0.0,0.15,0.0,83.0,500.0,1.0,1,0.01,0.02,10000,0.0,0.0,0.0,372.38129628423775,0.9220596497227582
69b7d5279605ebc57c753121,69b7d5279605ebc57c753121,69b7d5289605ebc57c753122,0.0,0.0,0.0,0.0,0.1,0.0,0.0,0.0,0.0,0.0,0.0,0.0,0.0,0.0,0.0,0.0,0.0,0.7,0.0,0.0,0.0,0.0,0.05,0.0,0.0,0.0,0.0,0.0,0.15,0.0,83.0,500.0,1.0,1,0.01,0.02,10000,0.0,0.0,0.0,388.4478094347329,0.9494955910012457
69b7d5279605ebc57c753121,69b7d5279605ebc57c753121,69b7d5289605ebc57c753122,0.0,0.0,0.0,0.0,0.1,0.0,0.0,0.0,0.0,0.0,0.0,0.0,0.0,0.0,0.0,0.0,0.0,0.7,0.0,0.0,0.0,0.0,0.05,0.0,0.0,0.0,0.0,0.0,0.15,0.0,83.0,500.0,1.0,1,0.01,0.02,10000,0.0,0.0,0.0,401.5681144149317,0.970299714208945
69b7d5289605ebc57c753123,69b7d5289605ebc57c753123,69b7d5289605ebc57c753124,0.0,0.0,0.0,0.0,0.15,0.0,0.0,0.0,0.0,0.0,0.0,0.0,0.0,0.0,0.0,0.0,0.0,0.65,0.0,0.0,0.0,0.0,0.05,0.0,0.0,0.0,0.0,0.0,0.15,0.0,75.0,500.0,1.0,1,0.01,0.02,10000,0.0,0.0,0.0,117.43395154177199,0.13274872371088692
69b7d5289605ebc57c753123,69b7d5289605ebc57c753123,69b7d5289605ebc57c753124,0.0,0.0,0.0,0.0,0.15,0.0,0.0,0.0,0.0,0.0,0.0,0.0,0.0,0.0,0.0,0.0,0.0,0.65,0.0,0.0,0.0,0.0,0.05,0.0,0.0,0.0,0.0,0.0,0.15,0.0,75.0,500.0,1.0,1,0.01,0.02,10000,0.0,0.0,0.0,187.26210419762148,0.3119030753071643
69b7d5289605ebc57c753123,69b7d5289605ebc57c753123,69b7d5289605ebc57c753124,0.0,0.0,0.0,0.0,0.15,0.0,0.0,0.0,0.0,0.0,0.0,0.0,0.0,0.0,0.0,0.0,0.0,0.65,0.0,0.0,0.0,0.0,0.05,0.0,0.0,0.0,0.0,0.0,0.15,0.0,75.0,500.0,1.0,1,0.01,0.02,10000,0.0,0.0,0.0,213.26829614808588,0.4312904565328904
69b7d5289605ebc57c753123,69b7d5289605ebc57c753123,69b7d5289605ebc57c753124,0.0,0.0,0.0,0.0,0.15,0.0,0.0,0.0,0.0,0.0,0.0,0.0,0.0,0.0,0.0,0.0,0.0,0.65,0.0,0.0,0.0,0.0,0.05,0.0,0.0,0.0,0.0,0.0,0.15,0.0,75.0,500.0,1.0,1,0.01,0.02,10000,0.0,0.0,0.0,249.55336265531673,0.630955812306114
69b7d5289605ebc57c753123,69b7d5289605ebc57c753123,69b7d5289605ebc57c753124,0.0,0.0,0.0,0.0,0.15,0.0,0.0,0.0,0.0,0.0,0.0,0.0,0.0,0.0,0.0,0.0,0.0,0.65,0.0,0.0,0.0,0.0,0.05,0.0,0.0,0.0,0.0,0.0,0.15,0.0,75.0,500.0,1.0,1,0.01,0.02,10000,0.0,0.0,0.0,281.2228806184847,0.7907276679938445
69b7d5289605ebc57c753123,69b7d5289605ebc57c753123,69b7d5289605ebc57c753124,0.0,0.0,0.0,0.0,0.15,0.0,0.0,0.0,0.0,0.0,0.0,0.0,0.0,0.0,0.0,0.0,0.0,0.65,0.0,0.0,0.0,0.0,0.05,0.0,0.0,0.0,0.0,0.0,0.15,0.0,75.0,500.0,1.0,1,0.01,0.02,10000,0.0,0.0,0.0,310.71160073166834,0.8619775763941473
69b7d5289605ebc57c753123,69b7d5289605ebc57c753123,69b7d5289605ebc57c753124,0.0,0.0,0.0,0.0,0.15,0.0,0.0,0.0,0.0,0.0,0.0,0.0,0.0,0.0,0.0,0.0,0.0,0.65,0.0,0.0,0.0,0.0,0.05,0.0,0.0,0.0,0.0,0.0,0.15,0.0,75.0,500.0,1.0,1,0.01,0.02,10000,0.0,0.0,0.0,340.58391395201534,0.94178656049244
69b7d5289605ebc57c753123,69b7d5289605ebc57c753123,69b7d5289605ebc57c753124,0.0,0.0,0.0,0.0,0.15,0.0,0.0,0.0,0.0,0.0,0.0,0.0,0.0,0.0,0.0,0.0,0.0,0.65,0.0,0.0,0.0,0.0,0.05,0.0,0.0,0.0,0.0,0.0,0.15,0.0,75.0,500.0,1.0,1,0.01,0.02,10000,0.0,0.0,0.0,369.4155532797802,0.9806468159945284
69b7d5299605ebc57c753125,69b7d5299605ebc57c753125,69b7d5299605ebc57c753126,0.0,0.0,0.0,0.0,0.2,0.0,0.0,0.0,0.0,0.0,0.0,0.0,0.0,0.0,0.0,0.0,0.0,0.6,0.0,0.0,0.0,0.0,0.05,0.0,0.0,0.0,0.0,0.0,0.15,0.0,133.0,500.0,1.0,1,0.01,0.02,10000,0.0,0.0,0.0,102.32464526517057,0.23196218764503285
69b7d5299605ebc57c753125,69b7d5299605ebc57c753125,69b7d5299605ebc57c753126,0.0,0.0,0.0,0.0,0.2,0.0,0.0,0.0,0.0,0.0,0.0,0.0,0.0,0.0,0.0,0.0,0.0,0.6,0.0,0.0,0.0,0.0,0.05,0.0,0.0,0.0,0.0,0.0,0.15,0.0,133.0,500.0,1.0,1,0.01,0.02,10000,0.0,0.0,0.0,125.1732976575958,0.36283983487627935
69b7d5299605ebc57c753125,69b7d5299605ebc57c753125,69b7d5299605ebc57c753126,0.0,0.0,0.0,0.0,0.2,0.0,0.0,0.0,0.0,0.0,0.0,0.0,0.0,0.0,0.0,0.0,0.0,0.6,0.0,0.0,0.0,0.0,0.05,0.0,0.0,0.0,0.0,0.0,0.15,0.0,133.0,500.0,1.0,1,0.01,0.02,10000,0.0,0.0,0.0,158.3771880494172,0.48182417743471995
69b7d5299605ebc57c753125,69b7d5299605ebc57c753125,69b7d5299605ebc57c753126,0.0,0.0,0.0,0.0,0.2,0.0,0.0,0.0,0.0,0.0,0.0,0.0,0.0,0.0,0.0,0.0,0.0,0.6,0.0,0.0,0.0,0.0,0.05,0.0,0.0,0.0,0.0,0.0,0.15,0.0,133.0,500.0,1.0,1,0.01,0.02,10000,0.0,0.0,0.0,181.50643169615637,0.5706538997044384
69b7d5299605ebc57c753125,69b7d5299605ebc57c753125,69b7d5299605ebc57c753126,0.0,0.0,0.0,0.0,0.2,0.0,0.0,0.0,0.0,0.0,0.0,0.0,0.0,0.0,0.0,0.0,0.0,0.6,0.0,0.0,0.0,0.0,0.05,0.0,0.0,0.0,0.0,0.0,0.15,0.0,133.0,500.0,1.0,1,0.01,0.02,10000,0.0,0.0,0.0,201.6326385641305,0.6005080729866387
69b7d5299605ebc57c753125,69b7d5299605ebc57c753125,69b7d5299605ebc57c753126,0.0,0.0,0.0,0.0,0.2,0.0,0.0,0.0,0.0,0.0,0.0,0.0,0.0,0.0,0.0,0.0,0.0,0.6,0.0,0.0,0.0,0.0,0.05,0.0,0.0,0.0,0.0,0.0,0.15,0.0,133.0,500.0,1.0,1,0.01,0.02,10000,0.0,0.0,0.0,218.75048097129564,0.6820318034148366
69b7d5299605ebc57c753125,69b7d5299605ebc57c753125,69b7d5299605ebc57c753126,0.0,0.0,0.0,0.0,0.2,0.0,0.0,0.0,0.0,0.0,0.0,0.0,0.0,0.0,0.0,0.0,0.0,0.6,0.0,0.0,0.0,0.0,0.05,0.0,0.0,0.0,0.0,0.0,0.15,0.0,133.0,500.0,1.0,1,0.01,0.02,10000,0.0,0.0,0.0,238.1840891735581,0.850611885976697
69b7d5299605ebc57c753125,69b7d5299605ebc57c753125,69b7d5299605ebc57c753126,0.0,0.0,0.0,0.0,0.2,0.0,0.0,0.0,0.0,0.0,0.0,0.0,0.0,0.0,0.0,0.0,0.0,0.6,0.0,0.0,0.0,0.0,0.05,0.0,0.0,0.0,0.0,0.0,0.15,0.0,133.0,500.0,1.0,1,0.01,0.02,10000,0.0,0.0,0.0,259.32255562988,0.9018710764796404
69b7d5299605ebc57c753125,69b7d5299605ebc57c753125,69b7d5299605ebc57c753126,0.0,0.0,0.0,0.0,0.2,0.0,0.0,0.0,0.0,0.0,0.0,0.0,0.0,0.0,0.0,0.0,0.0,0.6,0.0,0.0,0.0,0.0,0.05,0.0,0.0,0.0,0.0,0.0,0.15,0.0,133.0,500.0,1.0,1,0.01,0.02,10000,0.0,0.0,0.0,277.3976049109389,0.9215760033220157
69b7d5299605ebc57c753125,69b7d5299605ebc57c753125,69b7d5299605ebc57c753126,0.0,0.0,0.0,0.0,0.2,0.0,0.0,0.0,0.0,0.0,0.0,0.0,0.0,0.0,0.0,0.0,0.0,0.6,0.0,0.0,0.0,0.0,0.05,0.0,0.0,0.0,0.0,0.0,0.15,0.0,133.0,500.0,1.0,1,0.01,0.02,10000,0.0,0.0,0.0,293.499635941727,0.9506534111727204
69b7d5299605ebc57c753127,69b7d5299605ebc57c753127,69b7d52a9605ebc57c753128,0.0,0.0,0.0,0.0,0.25,0.0,0.0,0.0,0.0,0.0,0.0,0.0,0.0,0.0,0.0,0.0,0.0,0.55,0.0,0.0,0.0,0.0,0.05,0.0,0.0,0.0,0.0,0.0,0.15,0.0,96.0,500.0,1.0,0,0.01,0.02,10000,0.0,0.0,0.0,137.58146913792186,0.18112069176091258
69b7d5299605ebc57c753127,69b7d5299605ebc57c753127,69b7d52a9605ebc57c753128,0.0,0.0,0.0,0.0,0.25,0.0,0.0,0.0,0.0,0.0,0.0,0.0,0.0,0.0,0.0,0.0,0.0,0.55,0.0,0.0,0.0,0.0,0.05,0.0,0.0,0.0,0.0,0.0,0.15,0.0,96.0,500.0,1.0,0,0.01,0.02,10000,0.0,0.0,0.0,154.66734545282338,0.22171767752021299
69b7d5299605ebc57c753127,69b7d5299605ebc57c753127,69b7d52a9605ebc57c753128,0.0,0.0,0.0,0.0,0.25,0.0,0.0,0.0,0.0,0.0,0.0,0.0,0.0,0.0,0.0,0.0,0.0,0.55,0.0,0.0,0.0,0.0,0.05,0.0,0.0,0.0,0.0,0.0,0.15,0.0,96.0,500.0,1.0,0,0.01,0.02,10000,0.0,0.0,0.0,171.20624641121418,0.3022374752680818
69b7d5299605ebc57c753127,69b7d5299605ebc57c753127,69b7d52a9605ebc57c753128,0.0,0.0,0.0,0.0,0.25,0.0,0.0,0.0,0.0,0.0,0.0,0.0,0.0,0.0,0.0,0.0,0.0,0.55,0.0,0.0,0.0,0.0,0.05,0.0,0.0,0.0,0.0,0.0,0.15,0.0,96.0,500.0,1.0,0,0.01,0.02,10000,0.0,0.0,0.0,193.20424557062432,0.420686875595398
69b7d5299605ebc57c753127,69b7d5299605ebc57c753127,69b7d52a9605ebc57c753128,0.0,0.0,0.0,0.0,0.25,0.0,0.0,0.0,0.0,0.0,0.0,0.0,0.0,0.0,0.0,0.0,0.0,0.55,0.0,0.0,0.0,0.0,0.05,0.0,0.0,0.0,0.0,0.0,0.15,0.0,96.0,500.0,1.0,0,0.01,0.02,10000,0.0,0.0,0.0,218.74692918326633,0.511099440631183
69b7d5299605ebc57c753127,69b7d5299605ebc57c753127,69b7d52a9605ebc57c753128,0.0,0.0,0.0,0.0,0.25,0.0,0.0,0.0,0.0,0.0,0.0,0.0,0.0,0.0,0.0,0.0,0.0,0.55,0.0,0.0,0.0,0.0,0.05,0.0,0.0,0.0,0.0,0.0,0.15,0.0,96.0,500.0,1.0,0,0.01,0.02,10000,0.0,0.0,0.0,243.71955081720722,0.6004054813258751
69b7d5299605ebc57c753127,69b7d5299605ebc57c753127,69b7d52a9605ebc57c753128,0.0,0.0,0.0,0.0,0.25,0.0,0.0,0.0,0.0,0.0,0.0,0.0,0.0,0.0,0.0,0.0,0.0,0.55,0.0,0.0,0.0,0.0,0.05,0.0,0.0,0.0,0.0,0.0,0.15,0.0,96.0,500.0,1.0,0,0.01,0.02,10000,0.0,0.0,0.0,269.6493793250419,0.7116075136178216
69b7d5299605ebc57c753127,69b7d5299605ebc57c753127,69b7d52a9605ebc57c753128,0.0,0.0,0.0,0.0,0.25,0.0,0.0,0.0,0.0,0.0,0.0,0.0,0.0,0.0,0.0,0.0,0.0,0.55,0.0,0.0,0.0,0.0,0.05,0.0,0.0,0.0,0.0,0.0,0.15,0.0,96.0,500.0,1.0,0,0.01,0.02,10000,0.0,0.0,0.0,288.68163547999455,0.7606096875839664
69b7d5299605ebc57c753127,69b7d5299605ebc57c753127,69b7d52a9605ebc57c753128,0.0,0.0,0.0,0.0,0.25,0.0,0.0,0.0,0.0,0.0,0.0,0.0,0.0,0.0,0.0,0.0,0.0,0.55,0.0,0.0,0.0,0.0,0.05,0.0,0.0,0.0,0.0,0.0,0.15,0.0,96.0,500.0,1.0,0,0.01,0.02,10000,0.0,0.0,0.0,316.5809304500707,0.8404772954884097
69b7d5299605ebc57c753127,69b7d5299605ebc57c753127,69b7d52a9605ebc57c753128,0.0,0.0,0.0,0.0,0.25,0.0,0.0,0.0,0.0,0.0,0.0,0.0,0.0,0.0,0.0,0.0,0.0,0.55,0.0,0.0,0.0,0.0,0.05,0.0,0.0,0.0,0.0,0.0,0.15,0.0,96.0,500.0,1.0,0,0.01,0.02,10000,0.0,0.0,0.0,338.3604946456795,0.8710276264686485
69b7d5299605ebc57c753127,69b7d5299605ebc57c753127,69b7d52a9605ebc57c753128,0.0,0.0,0.0,0.0,0.25,0.0,0.0,0.0,0.0,0.0,0.0,0.0,0.0,0.0,0.0,0.0,0.0,0.55,0.0,0.0,0.0,0.0,0.05,0.0,0.0,0.0,0.0,0.0,0.15,0.0,96.0,500.0,1.0,0,0.01,0.02,10000,0.0,0.0,0.0,359.8079666605497,0.912972959769413
69b7d5299605ebc57c753127,69b7d5299605ebc57c753127,69b7d52a9605ebc57c753128,0.0,0.0,0.0,0.0,0.25,0.0,0.0,0.0,0.0,0.0,0.0,0.0,0.0,0.0,0.0,0.0,0.0,0.55,0.0,0.0,0.0,0.0,0.05,0.0,0.0,0.0,0.0,0.0,0.15,0.0,96.0,500.0,1.0,0,0.01,0.02,10000,0.0,0.0,0.0,382.57492792830124,0.9496274945650847
69b7d5299605ebc57c753127,69b7d5299605ebc57c753127,69b7d52a9605ebc57c753128,0.0,0.0,0.0,0.0,0.25,0.0,0.0,0.0,0.0,0.0,0.0,0.0,0.0,0.0,0.0,0.0,0.0,0.55,0.0,0.0,0.0,0.0,0.05,0.0,0.0,0.0,0.0,0.0,0.15,0.0,96.0,500.0,1.0,0,0.01,0.02,10000,0.0,0.0,0.0,407.58661923056434,0.9809252790737439
69b7d52a9605ebc57c753129,69b7d52a9605ebc57c753129,69b7d52a9605ebc57c75312a,0.0,0.0,0.0,0.0,0.3,0.0,0.0,0.0,0.0,0.0,0.0,0.0,0.0,0.0,0.0,0.0,0.0,0.5,0.0,0.0,0.0,0.0,0.05,0.0,0.0,0.0,0.0,0.0,0.15,0.0,73.0,500.0,1.0,0,0.01,0.02,10000,0.0,0.0,0.0,119.4300564142332,0.061542783165197
69b7d52a9605ebc57c753129,69b7d52a9605ebc57c753129,69b7d52a9605ebc57c75312a,0.0,0.0,0.0,0.0,0.3,0.0,0.0,0.0,0.0,0.0,0.0,0.0,0.0,0.0,0.0,0.0,0.0,0.5,0.0,0.0,0.0,0.0,0.05,0.0,0.0,0.0,0.0,0.0,0.15,0.0,73.0,500.0,1.0,0,0.01,0.02,10000,0.0,0.0,0.0,144.29434851328074,0.10136300349300179
69b7d52a9605ebc57c753129,69b7d52a9605ebc57c753129,69b7d52a9605ebc57c75312a,0.0,0.0,0.0,0.0,0.3,0.0,0.0,0.0,0.0,0.0,0.0,0.0,0.0,0.0,0.0,0.0,0.0,0.5,0.0,0.0,0.0,0.0,0.05,0.0,0.0,0.0,0.0,0.0,0.15,0.0,73.0,500.0,1.0,0,0.01,0.02,10000,0.0,0.0,0.0,178.61350034629933,0.27178240797283765
69b7d52a9605ebc57c753129,69b7d52a9605ebc57c753129,69b7d52a9605ebc57c75312a,0.0,0.0,0.0,0.0,0.3,0.0,0.0,0.0,0.0,0.0,0.0,0.0,0.0,0.0,0.0,0.0,0.0,0.5,0.0,0.0,0.0,0.0,0.05,0.0,0.0,0.0,0.0,0.0,0.15,0.0,73.0,500.0,1.0,0,0.01,0.02,10000,0.0,0.0,0.0,217.26760946906688,0.5907838491414055
69b7d52a9605ebc57c753129,69b7d52a9605ebc57c753129,69b7d52a9605ebc57c75312a,0.0,0.0,0.0,0.0,0.3,0.0,0.0,0.0,0.0,0.0,0.0,0.0,0.0,0.0,0.0,0.0,0.0,0.5,0.0,0.0,0.0,0.0,0.05,0.0,0.0,0.0,0.0,0.0,0.15,0.0,73.0,500.0,1.0,0,0.01,0.02,10000,0.0,0.0,0.0,239.1501755175251,0.7118200249151175
69b7d52a9605ebc57c753129,69b7d52a9605ebc57c753129,69b7d52a9605ebc57c75312a,0.0,0.0,0.0,0.0,0.3,0.0,0.0,0.0,0.0,0.0,0.0,0.0,0.0,0.0,0.0,0.0,0.0,0.5,0.0,0.0,0.0,0.0,0.05,0.0,0.0,0.0,0.0,0.0,0.15,0.0,73.0,500.0,1.0,0,0.01,0.02,10000,0.0,0.0,0.0,260.27088303370056,0.840755758567625
69b7d52a9605ebc57c753129,69b7d52a9605ebc57c753129,69b7d52a9605ebc57c75312a,0.0,0.0,0.0,0.0,0.3,0.0,0.0,0.0,0.0,0.0,0.0,0.0,0.0,0.0,0.0,0.0,0.0,0.5,0.0,0.0,0.0,0.0,0.05,0.0,0.0,0.0,0.0,0.0,0.15,0.0,73.0,500.0,1.0,0,0.01,0.02,10000,0.0,0.0,0.0,280.3562443393378,0.8823493490314859
69b7d52a9605ebc57c753129,69b7d52a9605ebc57c753129,69b7d52a9605ebc57c75312a,0.0,0.0,0.0,0.0,0.3,0.0,0.0,0.0,0.0,0.0,0.0,0.0,0.0,0.0,0.0,0.0,0.0,0.5,0.0,0.0,0.0,0.0,0.05,0.0,0.0,0.0,0.0,0.0,0.15,0.0,73.0,500.0,1.0,0,0.01,0.02,10000,0.0,0.0,0.0,301.3757258966785,0.9504555558269621
69b7d52a9605ebc57c753129,69b7d52a9605ebc57c753129,69b7d52a9605ebc57c75312a,0.0,0.0,0.0,0.0,0.3,0.0,0.0,0.0,0.0,0.0,0.0,0.0,0.0,0.0,0.0,0.0,0.0,0.5,0.0,0.0,0.0,0.0,0.05,0.0,0.0,0.0,0.0,0.0,0.15,0.0,73.0,500.0,1.0,0,0.01,0.02,10000,0.0,0.0,0.0,314.65941312622465,0.9904516475732187
69b7d52b9605ebc57c75312b,69b7d52b9605ebc57c75312b,69b7d52b9605ebc57c75312c,0.0,0.0,0.0,0.0,0.0,0.0,0.0,0.0,0.0,0.0,0.0,0.0,0.0,0.0,0.0,0.0,0.0,0.8,0.0,0.0,0.0,0.0,0.0,0.0,0.0,0.0,0.0,0.0,0.2,0.0,32.0,500.0,1.0,1,0.01,0.02,10000,0.0,0.0,0.0,221.74522446037403,0.07720647069055488
69b7d52b9605ebc57c75312b,69b7d52b9605ebc57c75312b,69b7d52b9605ebc57c75312c,0.0,0.0,0.0,0.0,0.0,0.0,0.0,0.0,0.0,0.0,0.0,0.0,0.0,0.0,0.0,0.0,0.0,0.8,0.0,0.0,0.0,0.0,0.0,0.0,0.0,0.0,0.0,0.0,0.2,0.0,32.0,500.0,1.0,1,0.01,0.02,10000,0.0,0.0,0.0,269.7475738523354,0.16746477648286656
69b7d52b9605ebc57c75312b,69b7d52b9605ebc57c75312b,69b7d52b9605ebc57c75312c,0.0,0.0,0.0,0.0,0.0,0.0,0.0,0.0,0.0,0.0,0.0,0.0,0.0,0.0,0.0,0.0,0.0,0.8,0.0,0.0,0.0,0.0,0.0,0.0,0.0,0.0,0.0,0.0,0.2,0.0,32.0,500.0,1.0,1,0.01,0.02,10000,0.0,0.0,0.0,292.0214115040113,0.2994981735954079
69b7d52b9605ebc57c75312b,69b7d52b9605ebc57c75312b,69b7d52b9605ebc57c75312c,0.0,0.0,0.0,0.0,0.0,0.0,0.0,0.0,0.0,0.0,0.0,0.0,0.0,0.0,0.0,0.0,0.0,0.8,0.0,0.0,0.0,0.0,0.0,0.0,0.0,0.0,0.0,0.0,0.2,0.0,32.0,500.0,1.0,1,0.01,0.02,10000,0.0,0.0,0.0,316.3696554670084,0.38808140546181946
69b7d52b9605ebc57c75312b,69b7d52b9605ebc57c75312b,69b7d52b9605ebc57c75312c,0.0,0.0,0.0,0.0,0.0,0.0,0.0,0.0,0.0,0.0,0.0,0.0,0.0,0.0,0.0,0.0,0.0,0.8,0.0,0.0,0.0,0.0,0.0,0.0,0.0,0.0,0.0,0.0,0.2,0.0,32.0,500.0,1.0,1,0.01,0.02,10000,0.0,0.0,0.0,336.43025910055667,0.5085458340580971
69b7d52b9605ebc57c75312b,69b7d52b9605ebc57c75312b,69b7d52b9605ebc57c75312c,0.0,0.0,0.0,0.0,0.0,0.0,0.0,0.0,0.0,0.0,0.0,0.0,0.0,0.0,0.0,0.0,0.0,0.8,0.0,0.0,0.0,0.0,0.0,0.0,0.0,0.0,0.0,0.0,0.2,0.0,32.0,500.0,1.0,1,0.01,0.02,10000,0.0,0.0,0.0,360.3593501795416,0.5880492259523395
69b7d52b9605ebc57c75312b,69b7d52b9605ebc57c75312b,69b7d52b9605ebc57c75312c,0.0,0.0,0.0,0.0,0.0,0.0,0.0,0.0,0.0,0.0,0.0,0.0,0.0,0.0,0.0,0.0,0.0,0.8,0.0,0.0,0.0,0.0,0.0,0.0,0.0,0.0,0.0,0.0,0.2,0.0,32.0,500.0,1.0,1,0.01,0.02,10000,0.0,0.0,0.0,381.2128736000427,0.6372134284223343
69b7d52b9605ebc57c75312b,69b7d52b9605ebc57c75312b,69b7d52b9605ebc57c75312c,0.0,0.0,0.0,0.0,0.0,0.0,0.0,0.0,0.0,0.0,0.0,0.0,0.0,0.0,0.0,0.0,0.0,0.8,0.0,0.0,0.0,0.0,0.0,0.0,0.0,0.0,0.0,0.0,0.2,0.0,32.0,500.0,1.0,1,0.01,0.02,10000,0.0,0.0,0.0,399.169703522753,0.6778065750565315
69b7d52b9605ebc57c75312b,69b7d52b9605ebc57c75312b,69b7d52b9605ebc57c75312c,0.0,0.0,0.0,0.0,0.0,0.0,0.0,0.0,0.0,0.0,0.0,0.0,0.0,0.0,0.0,0.0,0.0,0.8,0.0,0.0,0.0,0.0,0.0,0.0,0.0,0.0,0.0,0.0,0.2,0.0,32.0,500.0,1.0,1,0.01,0.02,10000,0.0,0.0,0.0,417.5563653838453,0.7186032353452775
69b7d52b9605ebc57c75312b,69b7d52b9605ebc57c75312b,69b7d52b9605ebc57c75312c,0.0,0.0,0.0,0.0,0.0,0.0,0.0,0.0,0.0,0.0,0.0,0.0,0.0,0.0,0.0,0.0,0.0,0.8,0.0,0.0,0.0,0.0,0.0,0.0,0.0,0.0,0.0,0.0,0.2,0.0,32.0,500.0,1.0,1,0.01,0.02,10000,0.0,0.0,0.0,438.6822046907746,0.7775830579231172
69b7d52b9605ebc57c75312b,69b7d52b9605ebc57c75312b,69b7d52b9605ebc57c75312c,0.0,0.0,0.0,0.0,0.0,0.0,0.0,0.0,0.0,0.0,0.0,0.0,0.0,0.0,0.0,0.0,0.0,0.8,0.0,0.0,0.0,0.0,0.0,0.0,0.0,0.0,0.0,0.0,0.2,0.0,32.0,500.0,1.0,1,0.01,0.02,10000,0.0,0.0,0.0,477.0814144407513,0.8099025917550878
69b7d52b9605ebc57c75312b,69b7d52b9605ebc57c75312b,69b7d52b9605ebc57c75312c,0.0,0.0,0.0,0.0,0.0,0.0,0.0,0.0,0.0,0.0,0.0,0.0,0.0,0.0,0.0,0.0,0.0,0.8,0.0,0.0,0.0,0.0,0.0,0.0,0.0,0.0,0.0,0.0,0.2,0.0,32.0,500.0,1.0,1,0.01,0.02,10000,0.0,0.0,0.0,519.1382003123624,0.8297921377630892
69b7d52b9605ebc57c75312b,69b7d52b9605ebc57c75312b,69b7d52b9605ebc57c75312c,0.0,0.0,0.0,0.0,0.0,0.0,0.0,0.0,0.0,0.0,0.0,0.0,0.0,0.0,0.0,0.0,0.0,0.8,0.0,0.0,0.0,0.0,0.0,0.0,0.0,0.0,0.0,0.0,0.2,0.0,32.0,500.0,1.0,1,0.01,0.02,10000,0.0,0.0,0.0,561.229693110675,0.8507853539746043
69b7d52b9605ebc57c75312b,69b7d52b9605ebc57c75312b,69b7d52b9605ebc57c75312c,0.0,0.0,0.0,0.0,0.0,0.0,0.0,0.0,0.0,0.0,0.0,0.0,0.0,0.0,0.0,0.0,0.0,0.8,0.0,0.0,0.0,0.0,0.0,0.0,0.0,0.0,0.0,0.0,0.2,0.0,32.0,500.0,1.0,1,0.01,0.02,10000,0.0,0.0,0.0,581.442473268992,0.8888502348234476
69b7d52b9605ebc57c75312b,69b7d52b9605ebc57c75312b,69b7d52b9605ebc57c75312c,0.0,0.0,0.0,0.0,0.0,0.0,0.0,0.0,0.0,0.0,0.0,0.0,0.0,0.0,0.0,0.0,0.0,0.8,0.0,0.0,0.0,0.0,0.0,0.0,0.0,0.0,0.0,0.0,0.2,0.0,32.0,500.0,1.0,1,0.01,0.02,10000,0.0,0.0,0.0,603.4680229065716,0.918602365628805
69b7d52b9605ebc57c75312d,69b7d52b9605ebc57c75312d,69b7d52c9605ebc57c75312e,0.0,0.0,0.0,0.0,0.0,0.0,0.0,0.0,0.0,0.0,0.0,0.0,0.0,0.0,0.0,0.0,0.0,0.8,0.0,0.0,0.0,0.0,0.05,0.0,0.0,0.0,0.0,0.0,0.15,0.0,43.0,500.0,1.0,1,0.01,0.02,10000,0.0,0.0,0.0,268.693017233324,0.17688902417811792
69b7d52b9605ebc57c75312d,69b7d52b9605ebc57c75312d,69b7d52c9605ebc57c75312e,0.0,0.0,0.0,0.0,0.0,0.0,0.0,0.0,0.0,0.0,0.0,0.0,0.0,0.0,0.0,0.0,0.0,0.8,0.0,0.0,0.0,0.0,0.05,0.0,0.0,0.0,0.0,0.0,0.15,0.0,43.0,500.0,1.0,1,0.01,0.02,10000,0.0,0.0,0.0,336.4729753180356,0.5384388589319882
69b7d52b9605ebc57c75312d,69b7d52b9605ebc57c75312d,69b7d52c9605ebc57c75312e,0.0,0.0,0.0,0.0,0.0,0.0,0.0,0.0,0.0,0.0,0.0,0.0,0.0,0.0,0.0,0.0,0.0,0.8,0.0,0.0,0.0,0.0,0.05,0.0,0.0,0.0,0.0,0.0,0.15,0.0,43.0,500.0,1.0,1,0.01,0.02,10000,0.0,0.0,0.0,366.2088022105643,0.6882718733692816
69b7d52b9605ebc57c75312d,69b7d52b9605ebc57c75312d,69b7d52c9605ebc57c75312e,0.0,0.0,0.0,0.0,0.0,0.0,0.0,0.0,0.0,0.0,0.0,0.0,0.0,0.0,0.0,0.0,0.0,0.8,0.0,0.0,0.0,0.0,0.05,0.0,0.0,0.0,0.0,0.0,0.15,0.0,43.0,500.0,1.0,1,0.01,0.02,10000,0.0,0.0,0.0,387.03028846795615,0.8489302487389112
69b7d52b9605ebc57c75312d,69b7d52b9605ebc57c75312d,69b7d52c9605ebc57c75312e,0.0,0.0,0.0,0.0,0.0,0.0,0.0,0.0,0.0,0.0,0.0,0.0,0.0,0.0,0.0,0.0,0.0,0.8,0.0,0.0,0.0,0.0,0.05,0.0,0.0,0.0,0.0,0.0,0.15,0.0,43.0,500.0,1.0,1,0.01,0.02,10000,0.0,0.0,0.0,406.06837264560227,0.919205079144199
69b7d52b9605ebc57c75312d,69b7d52b9605ebc57c75312d,69b7d52c9605ebc57c75312e,0.0,0.0,0.0,0.0,0.0,0.0,0.0,0.0,0.0,0.0,0.0,0.0,0.0,0.0,0.0,0.0,0.0,0.8,0.0,0.0,0.0,0.0,0.05,0.0,0.0,0.0,0.0,0.0,0.15,0.0,43.0,500.0,1.0,1,0.01,0.02,10000,0.0,0.0,0.0,420.58654706125776,0.9386328057053401
69b7d52c9605ebc57c75312f,69b7d52c9605ebc57c75312f,69b7d52c9605ebc57c753130,0.0,0.0,0.0,0.0,0.0,0.0,0.0,0.0,0.0,0.0,0.0,0.0,0.0,0.0,0.0,0.0,0.0,0.8,0.0,0.0,0.0,0.0,0.05,0.0,0.0,0.0,0.0,0.0,0.15,0.0,23.0,500.0,1.0,1,0.01,0.02,10000,0.0,0.0,0.0,252.1191248514944,0.04726648112715255
69b7d52c9605ebc57c75312f,69b7d52c9605ebc57c75312f,69b7d52c9605ebc57c753130,0.0,0.0,0.0,0.0,0.0,0.0,0.0,0.0,0.0,0.0,0.0,0.0,0.0,0.0,0.0,0.0,0.0,0.8,0.0,0.0,0.0,0.0,0.05,0.0,0.0,0.0,0.0,0.0,0.15,0.0,23.0,500.0,1.0,1,0.01,0.02,10000,0.0,0.0,0.0,281.45715696875044,0.2684701687249957
69b7d52c9605ebc57c75312f,69b7d52c9605ebc57c75312f,69b7d52c9605ebc57c753130,0.0,0.0,0.0,0.0,0.0,0.0,0.0,0.0,0.0,0.0,0.0,0.0,0.0,0.0,0.0,0.0,0.0,0.8,0.0,0.0,0.0,0.0,0.05,0.0,0.0,0.0,0.0,0.0,0.15,0.0,23.0,500.0,1.0,1,0.01,0.02,10000,0.0,0.0,0.0,317.5336723933096,0.47824578187510874
69b7d52c9605ebc57c75312f,69b7d52c9605ebc57c75312f,69b7d52c9605ebc57c753130,0.0,0.0,0.0,0.0,0.0,0.0,0.0,0.0,0.0,0.0,0.0,0.0,0.0,0.0,0.0,0.0,0.0,0.8,0.0,0.0,0.0,0.0,0.05,0.0,0.0,0.0,0.0,0.0,0.15,0.0,23.0,500.0,1.0,1,0.01,0.02,10000,0.0,0.0,0.0,346.3911470639275,0.6679753000521831
69b7d52c9605ebc57c75312f,69b7d52c9605ebc57c75312f,69b7d52c9605ebc57c753130,0.0,0.0,0.0,0.0,0.0,0.0,0.0,0.0,0.0,0.0,0.0,0.0,0.0,0.0,0.0,0.0,0.0,0.8,0.0,0.0,0.0,0.0,0.05,0.0,0.0,0.0,0.0,0.0,0.15,0.0,23.0,500.0,1.0,1,0.01,0.02,10000,0.0,0.0,0.0,376.4553548783255,0.8588319707775266
69b7d52c9605ebc57c75312f,69b7d52c9605ebc57c75312f,69b7d52c9605ebc57c753130,0.0,0.0,0.0,0.0,0.0,0.0,0.0,0.0,0.0,0.0,0.0,0.0,0.0,0.0,0.0,0.0,0.0,0.8,0.0,0.0,0.0,0.0,0.05,0.0,0.0,0.0,0.0,0.0,0.15,0.0,23.0,500.0,1.0,1,0.01,0.02,10000,0.0,0.0,0.0,394.59906825250624,0.9481431553313621
69b7d52d9605ebc57c753131,69b7d52d9605ebc57c753131,69b7d52d9605ebc57c753132,0.0,0.0,0.0,0.0,0.0,0.0,0.0,0.0,0.0,0.0,0.0,0.0,0.0,0.0,0.0,0.0,0.0,0.8,0.0,0.0,0.0,0.0,0.1,0.0,0.0,0.0,0.0,0.0,0.1,0.0,41.0,500.0,1.0,1,0.01,0.02,10000,0.0,0.0,0.0,291.85054663409556,0.16895981909897373
69b7d52d9605ebc57c753131,69b7d52d9605ebc57c753131,69b7d52d9605ebc57c753132,0.0,0.0,0.0,0.0,0.0,0.0,0.0,0.0,0.0,0.0,0.0,0.0,0.0,0.0,0.0,0.0,0.0,0.8,0.0,0.0,0.0,0.0,0.1,0.0,0.0,0.0,0.0,0.0,0.1,0.0,41.0,500.0,1.0,1,0.01,0.02,10000,0.0,0.0,0.0,322.6889858902994,0.26839189424247695
69b7d52d9605ebc57c753131,69b7d52d9605ebc57c753131,69b7d52d9605ebc57c753132,0.0,0.0,0.0,0.0,0.0,0.0,0.0,0.0,0.0,0.0,0.0,0.0,0.0,0.0,0.0,0.0,0.0,0.8,0.0,0.0,0.0,0.0,0.1,0.0,0.0,0.0,0.0,0.0,0.1,0.0,41.0,500.0,1.0,1,0.01,0.02,10000,0.0,0.0,0.0,350.58534566764115,0.40740737519568626
69b7d52d9605ebc57c753131,69b7d52d9605ebc57c753131,69b7d52d9605ebc57c753132,0.0,0.0,0.0,0.0,0.0,0.0,0.0,0.0,0.0,0.0,0.0,0.0,0.0,0.0,0.0,0.0,0.0,0.8,0.0,0.0,0.0,0.0,0.1,0.0,0.0,0.0,0.0,0.0,0.1,0.0,41.0,500.0,1.0,1,0.01,0.02,10000,0.0,0.0,0.0,379.7204757518722,0.5390885371368934
69b7d52d9605ebc57c753131,69b7d52d9605ebc57c753131,69b7d52d9605ebc57c753132,0.0,0.0,0.0,0.0,0.0,0.0,0.0,0.0,0.0,0.0,0.0,0.0,0.0,0.0,0.0,0.0,0.0,0.8,0.0,0.0,0.0,0.0,0.1,0.0,0.0,0.0,0.0,0.0,0.1,0.0,41.0,500.0,1.0,1,0.01,0.02,10000,0.0,0.0,0.0,409.53105602498897,0.6685232214298139
69b7d52d9605ebc57c753131,69b7d52d9605ebc57c753131,69b7d52d9605ebc57c753132,0.0,0.0,0.0,0.0,0.0,0.0,0.0,0.0,0.0,0.0,0.0,0.0,0.0,0.0,0.0,0.0,0.0,0.8,0.0,0.0,0.0,0.0,0.1,0.0,0.0,0.0,0.0,0.0,0.1,0.0,41.0,500.0,1.0,1,0.01,0.02,10000,0.0,0.0,0.0,417.5350072751058,0.7172177770046966
69b7d52d9605ebc57c753131,69b7d52d9605ebc57c753131,69b7d52d9605ebc57c753132,0.0,0.0,0.0,0.0,0.0,0.0,0.0,0.0,0.0,0.0,0.0,0.0,0.0,0.0,0.0,0.0,0.0,0.8,0.0,0.0,0.0,0.0,0.1,0.0,0.0,0.0,0.0,0.0,0.1,0.0,41.0,500.0,1.0,1,0.01,0.02,10000,0.0,0.0,0.0,436.7412865590752,0.819647764828666
69b7d52d9605ebc57c753131,69b7d52d9605ebc57c753131,69b7d52d9605ebc57c753132,0.0,0.0,0.0,0.0,0.0,0.0,0.0,0.0,0.0,0.0,0.0,0.0,0.0,0.0,0.0,0.0,0.0,0.8,0.0,0.0,0.0,0.0,0.1,0.0,0.0,0.0,0.0,0.0,0.1,0.0,41.0,500.0,1.0,1,0.01,0.02,10000,0.0,0.0,0.0,465.40386848744544,0.9482997042963994
69b7d52d9605ebc57c753133,69b7d52d9605ebc57c753133,69b7d52e9605ebc57c753134,0.0,0.0,0.0,0.0,0.0,0.0,0.0,0.0,0.0,0.0,0.0,0.0,0.0,0.0,0.0,0.0,0.0,0.8,0.0,0.0,0.0,0.0,0.15,0.0,0.0,0.0,0.0,0.0,0.05,0.0,48.0,500.0,1.0,1,0.01,0.02,10000,0.0,0.0,0.0,288.0594823328394,0.04812750043485823
69b7d52d9605ebc57c753133,69b7d52d9605ebc57c753133,69b7d52e9605ebc57c753134,0.0,0.0,0.0,0.0,0.0,0.0,0.0,0.0,0.0,0.0,0.0,0.0,0.0,0.0,0.0,0.0,0.0,0.8,0.0,0.0,0.0,0.0,0.15,0.0,0.0,0.0,0.0,0.0,0.05,0.0,48.0,500.0,1.0,1,0.01,0.02,10000,0.0,0.0,0.0,347.30954573972474,0.18806662028178814
69b7d52d9605ebc57c753133,69b7d52d9605ebc57c753133,69b7d52e9605ebc57c753134,0.0,0.0,0.0,0.0,0.0,0.0,0.0,0.0,0.0,0.0,0.0,0.0,0.0,0.0,0.0,0.0,0.0,0.8,0.0,0.0,0.0,0.0,0.15,0.0,0.0,0.0,0.0,0.0,0.05,0.0,48.0,500.0,1.0,1,0.01,0.02,10000,0.0,0.0,0.0,373.6307449975305,0.41721516785527923
69b7d52d9605ebc57c753133,69b7d52d9605ebc57c753133,69b7d52e9605ebc57c753134,0.0,0.0,0.0,0.0,0.0,0.0,0.0,0.0,0.0,0.0,0.0,0.0,0.0,0.0,0.0,0.0,0.0,0.8,0.0,0.0,0.0,0.0,0.15,0.0,0.0,0.0,0.0,0.0,0.05,0.0,48.0,500.0,1.0,1,0.01,0.02,10000,0.0,0.0,0.0,406.31399089610613,0.5689189424247696
69b7d52d9605ebc57c753133,69b7d52d9605ebc57c753133,69b7d52e9605ebc57c753134,0.0,0.0,0.0,0.0,0.0,0.0,0.0,0.0,0.0,0.0,0.0,0.0,0.0,0.0,0.0,0.0,0.0,0.8,0.0,0.0,0.0,0.0,0.15,0.0,0.0,0.0,0.0,0.0,0.05,0.0,48.0,500.0,1.0,1,0.01,0.02,10000,0.0,0.0,0.0,318.26251785404406,0.1485614889546008
69b7d52d9605ebc57c753133,69b7d52d9605ebc57c753133,69b7d52e9605ebc57c753134,0.0,0.0,0.0,0.0,0.0,0.0,0.0,0.0,0.0,0.0,0.0,0.0,0.0,0.0,0.0,0.0,0.0,0.8,0.0,0.0,0.0,0.0,0.15,0.0,0.0,0.0,0.0,0.0,0.05,0.0,48.0,500.0,1.0,1,0.01,0.02,10000,0.0,0.0,0.0,431.3723919746907,0.637839624282484
69b7d52d9605ebc57c753133,69b7d52d9605ebc57c753133,69b7d52e9605ebc57c753134,0.0,0.0,0.0,0.0,0.0,0.0,0.0,0.0,0.0,0.0,0.0,0.0,0.0,0.0,0.0,0.0,0.0,0.8,0.0,0.0,0.0,0.0,0.15,0.0,0.0,0.0,0.0,0.0,0.05,0.0,48.0,500.0,1.0,1,0.01,0.02,10000,0.0,0.0,0.0,461.50601364249195,0.7185875804487738
69b7d52d9605ebc57c753133,69b7d52d9605ebc57c753133,69b7d52e9605ebc57c753134,0.0,0.0,0.0,0.0,0.0,0.0,0.0,0.0,0.0,0.0,0.0,0.0,0.0,0.0,0.0,0.0,0.0,0.8,0.0,0.0,0.0,0.0,0.15,0.0,0.0,0.0,0.0,0.0,0.05,0.0,48.0,500.0,1.0,1,0.01,0.02,10000,0.0,0.0,0.0,489.188792332439,0.7575917550878414
69b7d52d9605ebc57c753133,69b7d52d9605ebc57c753133,69b7d52e9605ebc57c753134,0.0,0.0,0.0,0.0,0.0,0.0,0.0,0.0,0.0,0.0,0.0,0.0,0.0,0.0,0.0,0.0,0.0,0.8,0.0,0.0,0.0,0.0,0.15,0.0,0.0,0.0,0.0,0.0,0.05,0.0,48.0,500.0,1.0,1,0.01,0.02,10000,0.0,0.0,0.0,510.2105108592634,0.8091589841711603
69b7d52d9605ebc57c753133,69b7d52d9605ebc57c753133,69b7d52e9605ebc57c753134,0.0,0.0,0.0,0.0,0.0,0.0,0.0,0.0,0.0,0.0,0.0,0.0,0.0,0.0,0.0,0.0,0.0,0.8,0.0,0.0,0.0,0.0,0.15,0.0,0.0,0.0,0.0,0.0,0.05,0.0,48.0,500.0,1.0,1,0.01,0.02,10000,0.0,0.0,0.0,533.6003096925767,0.8404687771786398
69b7d52d9605ebc57c753133,69b7d52d9605ebc57c753133,69b7d52e9605ebc57c753134,0.0,0.0,0.0,0.0,0.0,0.0,0.0,0.0,0.0,0.0,0.0,0.0,0.0,0.0,0.0,0.0,0.0,0.8,0.0,0.0,0.0,0.0,0.15,0.0,0.0,0.0,0.0,0.0,0.05,0.0,48.0,500.0,1.0,1,0.01,0.02,10000,0.0,0.0,0.0,557.6548796604061,0.8898051835101758
69b7d52d9605ebc57c753133,69b7d52d9605ebc57c753133,69b7d52e9605ebc57c753134,0.0,0.0,0.0,0.0,0.0,0.0,0.0,0.0,0.0,0.0,0.0,0.0,0.0,0.0,0.0,0.0,0.0,0.8,0.0,0.0,0.0,0.0,0.15,0.0,0.0,0.0,0.0,0.0,0.05,0.0,48.0,500.0,1.0,1,0.01,0.02,10000,0.0,0.0,0.0,570.5845447385634,0.9581857714385111
69b7d52e9605ebc57c753135,69b7d52e9605ebc57c753135,69b7d52e9605ebc57c753136,0.0,0.0,0.0,0.0,0.0,0.0,0.0,0.0,0.0,0.0,0.0,0.0,0.0,0.0,0.0,0.0,0.0,0.8,0.0,0.0,0.0,0.0,0.2,0.0,0.0,0.0,0.0,0.0,0.0,0.0,43.0,500.0,1.0,1,0.01,0.02,10000,0.0,0.0,0.0,345.33125091773127,0.1288050095668812
69b7d52e9605ebc57c753135,69b7d52e9605ebc57c753135,69b7d52e9605ebc57c753136,0.0,0.0,0.0,0.0,0.0,0.0,0.0,0.0,0.0,0.0,0.0,0.0,0.0,0.0,0.0,0.0,0.0,0.8,0.0,0.0,0.0,0.0,0.2,0.0,0.0,0.0,0.0,0.0,0.0,0.0,43.0,500.0,1.0,1,0.01,0.02,10000,0.0,0.0,0.0,374.59452965439914,0.1496808140546182
69b7d52e9605ebc57c753135,69b7d52e9605ebc57c753135,69b7d52e9605ebc57c753136,0.0,0.0,0.0,0.0,0.0,0.0,0.0,0.0,0.0,0.0,0.0,0.0,0.0,0.0,0.0,0.0,0.0,0.8,0.0,0.0,0.0,0.0,0.2,0.0,0.0,0.0,0.0,0.0,0.0,0.0,43.0,500.0,1.0,1,0.01,0.02,10000,0.0,0.0,0.0,404.2102171852682,0.22804922595233953
69b7d52e9605ebc57c753135,69b7d52e9605ebc57c753135,69b7d52e9605ebc57c753136,0.0,0.0,0.0,0.0,0.0,0.0,0.0,0.0,0.0,0.0,0.0,0.0,0.0,0.0,0.0,0.0,0.0,0.8,0.0,0.0,0.0,0.0,0.2,0.0,0.0,0.0,0.0,0.0,0.0,0.0,43.0,500.0,1.0,1,0.01,0.02,10000,0.0,0.0,0.0,434.71493599241785,0.3280840146112368
69b7d52e9605ebc57c753135,69b7d52e9605ebc57c753135,69b7d52e9605ebc57c753136,0.0,0.0,0.0,0.0,0.0,0.0,0.0,0.0,0.0,0.0,0.0,0.0,0.0,0.0,0.0,0.0,0.0,0.8,0.0,0.0,0.0,0.0,0.2,0.0,0.0,0.0,0.0,0.0,0.0,0.0,43.0,500.0,1.0,1,0.01,0.02,10000,0.0,0.0,0.0,463.71123836984236,0.42750826230648814
69b7d52e9605ebc57c753135,69b7d52e9605ebc57c753135,69b7d52e9605ebc57c753136,0.0,0.0,0.0,0.0,0.0,0.0,0.0,0.0,0.0,0.0,0.0,0.0,0.0,0.0,0.0,0.0,0.0,0.8,0.0,0.0,0.0,0.0,0.2,0.0,0.0,0.0,0.0,0.0,0.0,0.0,43.0,500.0,1.0,1,0.01,0.02,10000,0.0,0.0,0.0,492.0961648845995,0.5593929379022439
69b7d52e9605ebc57c753135,69b7d52e9605ebc57c753135,69b7d52e9605ebc57c753136,0.0,0.0,0.0,0.0,0.0,0.0,0.0,0.0,0.0,0.0,0.0,0.0,0.0,0.0,0.0,0.0,0.0,0.8,0.0,0.0,0.0,0.0,0.2,0.0,0.0,0.0,0.0,0.0,0.0,0.0,43.0,500.0,1.0,1,0.01,0.02,10000,0.0,0.0,0.0,523.3724453699625,0.6983771090624457
69b7d52e9605ebc57c753135,69b7d52e9605ebc57c753135,69b7d52e9605ebc57c753136,0.0,0.0,0.0,0.0,0.0,0.0,0.0,0.0,0.0,0.0,0.0,0.0,0.0,0.0,0.0,0.0,0.0,0.8,0.0,0.0,0.0,0.0,0.2,0.0,0.0,0.0,0.0,0.0,0.0,0.0,43.0,500.0,1.0,1,0.01,0.02,10000,0.0,0.0,0.0,558.0633534900485,0.8399991302835277
69b7d52e9605ebc57c753135,69b7d52e9605ebc57c753135,69b7d52e9605ebc57c753136,0.0,0.0,0.0,0.0,0.0,0.0,0.0,0.0,0.0,0.0,0.0,0.0,0.0,0.0,0.0,0.0,0.0,0.8,0.0,0.0,0.0,0.0,0.2,0.0,0.0,0.0,0.0,0.0,0.0,0.0,43.0,500.0,1.0,1,0.01,0.02,10000,0.0,0.0,0.0,581.7761937180462,0.9193459732127327
69b7d52e9605ebc57c753137,69b7d52e9605ebc57c753137,69b7d52f9605ebc57c753138,0.0,0.0,0.0,0.0,0.0,0.0,0.0,0.0,0.185,0.0,0.0,0.0,0.0,0.0,0.0,0.0,0.0,0.815,0.0,0.0,0.0,0.0,0.0,0.0,0.0,0.0,0.0,0.0,0.0,0.0,78.0,350.0,4.897478354978356,0,0.01,0.025,18000,200.0,0.0,1.0,52.00148505661778,0.1609858334950514
69b7d52e9605ebc57c753137,69b7d52e9605ebc57c753137,69b7d52f9605ebc57c753138,0.0,0.0,0.0,0.0,0.0,0.0,0.0,0.0,0.185,0.0,0.0,0.0,0.0,0.0,0.0,0.0,0.0,0.815,0.0,0.0,0.0,0.0,0.0,0.0,0.0,0.0,0.0,0.0,0.0,0.0,78.0,350.0,4.897478354978356,0,0.01,0.025,18000,200.0,0.0,1.0,63.531464637089286,0.2471414709877741
69b7d52e9605ebc57c753137,69b7d52e9605ebc57c753137,69b7d52f9605ebc57c753138,0.0,0.0,0.0,0.0,0.0,0.0,0.0,0.0,0.185,0.0,0.0,0.0,0.0,0.0,0.0,0.0,0.0,0.815,0.0,0.0,0.0,0.0,0.0,0.0,0.0,0.0,0.0,0.0,0.0,0.0,78.0,350.0,4.897478354978356,0,0.01,0.025,18000,200.0,0.0,1.0,70.3211434935957,0.36322918688142836
69b7d52e9605ebc57c753137,69b7d52e9605ebc57c753137,69b7d52f9605ebc57c753138,0.0,0.0,0.0,0.0,0.0,0.0,0.0,0.0,0.185,0.0,0.0,0.0,0.0,0.0,0.0,0.0,0.0,0.815,0.0,0.0,0.0,0.0,0.0,0.0,0.0,0.0,0.0,0.0,0.0,0.0,78.0,350.0,4.897478354978356,0,0.01,0.025,18000,200.0,0.0,1.0,80.01113792463337,0.6302891519503202
69b7d52e9605ebc57c753137,69b7d52e9605ebc57c753137,69b7d52f9605ebc57c753138,0.0,0.0,0.0,0.0,0.0,0.0,0.0,0.0,0.185,0.0,0.0,0.0,0.0,0.0,0.0,0.0,0.0,0.815,0.0,0.0,0.0,0.0,0.0,0.0,0.0,0.0,0.0,0.0,0.0,0.0,78.0,350.0,4.897478354978356,0,0.01,0.025,18000,200.0,0.0,1.0,89.96621496194543,0.8558121482631477
69b7d52e9605ebc57c753137,69b7d52e9605ebc57c753137,69b7d52f9605ebc57c753138,0.0,0.0,0.0,0.0,0.0,0.0,0.0,0.0,0.185,0.0,0.0,0.0,0.0,0.0,0.0,0.0,0.0,0.815,0.0,0.0,0.0,0.0,0.0,0.0,0.0,0.0,0.0,0.0,0.0,0.0,78.0,350.0,4.897478354978356,0,0.01,0.025,18000,200.0,0.0,1.0,99.97326898087991,0.9712090044634194
69b7d52f9605ebc57c753139,69b7d52f9605ebc57c753139,69b7d52f9605ebc57c75313a,0.0,0.0,0.0,0.0,0.0,0.0,0.0,0.0,0.19,0.0,0.0,0.0,0.0,0.0,0.0,0.0,0.0,0.81,0.0,0.0,0.0,0.0,0.0,0.0,0.0,0.0,0.0,0.0,0.0,0.0,62.0,550.0,4.897478354978356,0,0.01,0.025,18000,200.0,0.0,1.0,51.92945981065528,0.16153696875606444
69b7d52f9605ebc57c753139,69b7d52f9605ebc57c753139,69b7d52f9605ebc57c75313a,0.0,0.0,0.0,0.0,0.0,0.0,0.0,0.0,0.19,0.0,0.0,0.0,0.0,0.0,0.0,0.0,0.0,0.81,0.0,0.0,0.0,0.0,0.0,0.0,0.0,0.0,0.0,0.0,0.0,0.0,62.0,550.0,4.897478354978356,0,0.01,0.025,18000,200.0,0.0,1.0,60.541303137182105,0.24145158160294977
69b7d52f9605ebc57c753139,69b7d52f9605ebc57c753139,69b7d52f9605ebc57c75313a,0.0,0.0,0.0,0.0,0.0,0.0,0.0,0.0,0.19,0.0,0.0,0.0,0.0,0.0,0.0,0.0,0.0,0.81,0.0,0.0,0.0,0.0,0.0,0.0,0.0,0.0,0.0,0.0,0.0,0.0,62.0,550.0,4.897478354978356,0,0.01,0.025,18000,200.0,0.0,1.0,70.89511787636904,0.5164991267222977
69b7d52f9605ebc57c753139,69b7d52f9605ebc57c753139,69b7d52f9605ebc57c75313a,0.0,0.0,0.0,0.0,0.0,0.0,0.0,0.0,0.19,0.0,0.0,0.0,0.0,0.0,0.0,0.0,0.0,0.81,0.0,0.0,0.0,0.0,0.0,0.0,0.0,0.0,0.0,0.0,0.0,0.0,62.0,550.0,4.897478354978356,0,0.01,0.025,18000,200.0,0.0,1.0,79.93540003712641,0.7672346206093538
69b7d52f9605ebc57c753139,69b7d52f9605ebc57c753139,69b7d52f9605ebc57c75313a,0.0,0.0,0.0,0.0,0.0,0.0,0.0,0.0,0.19,0.0,0.0,0.0,0.0,0.0,0.0,0.0,0.0,0.81,0.0,0.0,0.0,0.0,0.0,0.0,0.0,0.0,0.0,0.0,0.0,0.0,62.0,550.0,4.897478354978356,0,0.01,0.025,18000,200.0,0.0,1.0,89.9684425468721,0.9330875218319425
69b7d5309605ebc57c75313b,69b7d5309605ebc57c75313b,69b7d5309605ebc57c75313c,0.0,0.0,0.0,0.0,0.0,0.0,0.0,0.0,0.197,0.0,0.0,0.0,0.0,0.0,0.0,0.0,0.0,0.803,0.0,0.0,0.0,0.0,0.0,0.0,0.0,0.0,0.0,0.0,0.0,0.0,0.7,850.0,4.897478354978356,0,0.01,0.025,18000,200.0,0.0,1.0,61.444217560794506,0.04121870754900058
69b7d5309605ebc57c75313b,69b7d5309605ebc57c75313b,69b7d5309605ebc57c75313c,0.0,0.0,0.0,0.0,0.0,0.0,0.0,0.0,0.197,0.0,0.0,0.0,0.0,0.0,0.0,0.0,0.0,0.803,0.0,0.0,0.0,0.0,0.0,0.0,0.0,0.0,0.0,0.0,0.0,0.0,0.7,850.0,4.897478354978356,0,0.01,0.025,18000,200.0,0.0,1.0,70.51494338221644,0.08900446341936735
69b7d5309605ebc57c75313b,69b7d5309605ebc57c75313b,69b7d5309605ebc57c75313c,0.0,0.0,0.0,0.0,0.0,0.0,0.0,0.0,0.197,0.0,0.0,0.0,0.0,0.0,0.0,0.0,0.0,0.803,0.0,0.0,0.0,0.0,0.0,0.0,0.0,0.0,0.0,0.0,0.0,0.0,0.7,850.0,4.897478354978356,0,0.01,0.025,18000,200.0,0.0,1.0,80.01410803786894,0.15675528818164175
69b7d5309605ebc57c75313b,69b7d5309605ebc57c75313b,69b7d5309605ebc57c75313c,0.0,0.0,0.0,0.0,0.0,0.0,0.0,0.0,0.197,0.0,0.0,0.0,0.0,0.0,0.0,0.0,0.0,0.803,0.0,0.0,0.0,0.0,0.0,0.0,0.0,0.0,0.0,0.0,0.0,0.0,0.7,850.0,4.897478354978356,0,0.01,0.025,18000,200.0,0.0,1.0,89.9773528865788,0.3704172326799922
69b7d5309605ebc57c75313b,69b7d5309605ebc57c75313b,69b7d5309605ebc57c75313c,0.0,0.0,0.0,0.0,0.0,0.0,0.0,0.0,0.197,0.0,0.0,0.0,0.0,0.0,0.0,0.0,0.0,0.803,0.0,0.0,0.0,0.0,0.0,0.0,0.0,0.0,0.0,0.0,0.0,0.0,0.7,850.0,4.897478354978356,0,0.01,0.025,18000,200.0,0.0,1.0,99.92648969741973,0.5948301960023287
69b7d5309605ebc57c75313b,69b7d5309605ebc57c75313b,69b7d5309605ebc57c75313c,0.0,0.0,0.0,0.0,0.0,0.0,0.0,0.0,0.197,0.0,0.0,0.0,0.0,0.0,0.0,0.0,0.0,0.803,0.0,0.0,0.0,0.0,0.0,0.0,0.0,0.0,0.0,0.0,0.0,0.0,0.7,850.0,4.897478354978356,0,0.01,0.025,18000,200.0,0.0,1.0,109.94022647113421,0.7746710653987968
69b7d5309605ebc57c75313b,69b7d5309605ebc57c75313b,69b7d5309605ebc57c75313c,0.0,0.0,0.0,0.0,0.0,0.0,0.0,0.0,0.197,0.0,0.0,0.0,0.0,0.0,0.0,0.0,0.0,0.803,0.0,0.0,0.0,0.0,0.0,0.0,0.0,0.0,0.0,0.0,0.0,0.0,0.7,850.0,4.897478354978356,0,0.01,0.025,18000,200.0,0.0,1.0,119.9910896602933,0.900725790801475
69b7d5309605ebc57c75313b,69b7d5309605ebc57c75313b,69b7d5309605ebc57c75313c,0.0,0.0,0.0,0.0,0.0,0.0,0.0,0.0,0.197,0.0,0.0,0.0,0.0,0.0,0.0,0.0,0.0,0.803,0.0,0.0,0.0,0.0,0.0,0.0,0.0,0.0,0.0,0.0,0.0,0.0,0.7,850.0,4.897478354978356,0,0.01,0.025,18000,200.0,0.0,1.0,130.02784481158346,0.9766815447312246
69b7d5309605ebc57c75313d,69b7d5309605ebc57c75313d,69b7d5319605ebc57c75313e,0.0,0.0,0.0,0.0,0.0,0.0,0.0,0.0,0.05,0.0,0.0,0.0,0.0,0.0,0.0,0.0,0.0,0.95,0.0,0.0,0.0,0.0,0.0,0.0,0.0,0.0,0.0,0.0,0.0,0.0,39.0,550.0,4.0,1,0.01,0.1,30000,100.0,20.0,0.5,74.44222523025661,0.01589473355016262
69b7d5309605ebc57c75313d,69b7d5309605ebc57c75313d,69b7d5319605ebc57c75313e,0.0,0.0,0.0,0.0,0.0,0.0,0.0,0.0,0.05,0.0,0.0,0.0,0.0,0.0,0.0,0.0,0.0,0.95,0.0,0.0,0.0,0.0,0.0,0.0,0.0,0.0,0.0,0.0,0.0,0.0,39.0,550.0,4.0,1,0.01,0.1,30000,100.0,20.0,0.5,99.47369915659343,0.07285933199899924
69b7d5309605ebc57c75313d,69b7d5309605ebc57c75313d,69b7d5319605ebc57c75313e,0.0,0.0,0.0,0.0,0.0,0.0,0.0,0.0,0.05,0.0,0.0,0.0,0.0,0.0,0.0,0.0,0.0,0.95,0.0,0.0,0.0,0.0,0.0,0.0,0.0,0.0,0.0,0.0,0.0,0.0,39.0,550.0,4.0,1,0.01,0.1,30000,100.0,20.0,0.5,124.54682278996242,0.2216818864148111
69b7d5309605ebc57c75313d,69b7d5309605ebc57c75313d,69b7d5319605ebc57c75313e,0.0,0.0,0.0,0.0,0.0,0.0,0.0,0.0,0.05,0.0,0.0,0.0,0.0,0.0,0.0,0.0,0.0,0.95,0.0,0.0,0.0,0.0,0.0,0.0,0.0,0.0,0.0,0.0,0.0,0.0,39.0,550.0,4.0,1,0.01,0.1,30000,100.0,20.0,0.5,149.691886826387,0.49272110332749564
69b7d5309605ebc57c75313d,69b7d5309605ebc57c75313d,69b7d5319605ebc57c75313e,0.0,0.0,0.0,0.0,0.0,0.0,0.0,0.0,0.05,0.0,0.0,0.0,0.0,0.0,0.0,0.0,0.0,0.95,0.0,0.0,0.0,0.0,0.0,0.0,0.0,0.0,0.0,0.0,0.0,0.0,39.0,550.0,4.0,1,0.01,0.1,30000,100.0,20.0,0.5,174.48482152153952,0.7679822366775081
69b7d5309605ebc57c75313d,69b7d5309605ebc57c75313d,69b7d5319605ebc57c75313e,0.0,0.0,0.0,0.0,0.0,0.0,0.0,0.0,0.05,0.0,0.0,0.0,0.0,0.0,0.0,0.0,0.0,0.95,0.0,0.0,0.0,0.0,0.0,0.0,0.0,0.0,0.0,0.0,0.0,0.0,39.0,550.0,4.0,1,0.01,0.1,30000,100.0,20.0,0.5,199.4367823708149,0.9301507380535401
69b7d5309605ebc57c75313d,69b7d5309605ebc57c75313d,69b7d5319605ebc57c75313e,0.0,0.0,0.0,0.0,0.0,0.0,0.0,0.0,0.05,0.0,0.0,0.0,0.0,0.0,0.0,0.0,0.0,0.95,0.0,0.0,0.0,0.0,0.0,0.0,0.0,0.0,0.0,0.0,0.0,0.0,39.0,550.0,4.0,1,0.01,0.1,30000,100.0,20.0,0.5,224.55912838522192,0.9869980610457842
69b7d5319605ebc57c75313f,69b7d5319605ebc57c75313f,69b7d5319605ebc57c753140,0.0,0.0,0.0,0.0,0.0,0.0,0.0,0.0,0.0,0.0,0.0,0.0,0.0,0.0,0.0,0.0,0.0,1.0,0.0,0.0,0.0,0.0,0.0,0.0,0.0,0.0,0.0,0.0,0.0,0.0,7.0,550.0,4.0,1,0.01,0.1,30000,100.0,20.0,0.5,249.7344831176699,0.031132724543407556
69b7d5319605ebc57c75313f,69b7d5319605ebc57c75313f,69b7d5319605ebc57c753140,0.0,0.0,0.0,0.0,0.0,0.0,0.0,0.0,0.0,0.0,0.0,0.0,0.0,0.0,0.0,0.0,0.0,1.0,0.0,0.0,0.0,0.0,0.0,0.0,0.0,0.0,0.0,0.0,0.0,0.0,7.0,550.0,4.0,1,0.01,0.1,30000,100.0,20.0,0.5,274.7886750660242,0.0680432199149362
69b7d5319605ebc57c75313f,69b7d5319605ebc57c75313f,69b7d5319605ebc57c753140,0.0,0.0,0.0,0.0,0.0,0.0,0.0,0.0,0.0,0.0,0.0,0.0,0.0,0.0,0.0,0.0,0.0,1.0,0.0,0.0,0.0,0.0,0.0,0.0,0.0,0.0,0.0,0.0,0.0,0.0,7.0,550.0,4.0,1,0.01,0.1,30000,100.0,20.0,0.5,299.9602434614693,0.13535151363522643
69b7d5319605ebc57c75313f,69b7d5319605ebc57c75313f,69b7d5319605ebc57c753140,0.0,0.0,0.0,0.0,0.0,0.0,0.0,0.0,0.0,0.0,0.0,0.0,0.0,0.0,0.0,0.0,0.0,1.0,0.0,0.0,0.0,0.0,0.0,0.0,0.0,0.0,0.0,0.0,0.0,0.0,7.0,550.0,4.0,1,0.01,0.1,30000,100.0,20.0,0.5,324.6092973505107,0.2559419564673505
69b7d5319605ebc57c75313f,69b7d5319605ebc57c75313f,69b7d5319605ebc57c753140,0.0,0.0,0.0,0.0,0.0,0.0,0.0,0.0,0.0,0.0,0.0,0.0,0.0,0.0,0.0,0.0,0.0,1.0,0.0,0.0,0.0,0.0,0.0,0.0,0.0,0.0,0.0,0.0,0.0,0.0,7.0,550.0,4.0,1,0.01,0.1,30000,100.0,20.0,0.5,349.35679600162814,0.3763213034776082
69b7d5319605ebc57c75313f,69b7d5319605ebc57c75313f,69b7d5319605ebc57c753140,0.0,0.0,0.0,0.0,0.0,0.0,0.0,0.0,0.0,0.0,0.0,0.0,0.0,0.0,0.0,0.0,0.0,1.0,0.0,0.0,0.0,0.0,0.0,0.0,0.0,0.0,0.0,0.0,0.0,0.0,7.0,550.0,4.0,1,0.01,0.1,30000,100.0,20.0,0.5,374.5624414300995,0.5314220040030022
69b7d5319605ebc57c75313f,69b7d5319605ebc57c75313f,69b7d5319605ebc57c753140,0.0,0.0,0.0,0.0,0.0,0.0,0.0,0.0,0.0,0.0,0.0,0.0,0.0,0.0,0.0,0.0,0.0,1.0,0.0,0.0,0.0,0.0,0.0,0.0,0.0,0.0,0.0,0.0,0.0,0.0,7.0,550.0,4.0,1,0.01,0.1,30000,100.0,20.0,0.5,399.61663337845386,0.6920737428071052
69b7d5319605ebc57c75313f,69b7d5319605ebc57c75313f,69b7d5319605ebc57c753140,0.0,0.0,0.0,0.0,0.0,0.0,0.0,0.0,0.0,0.0,0.0,0.0,0.0,0.0,0.0,0.0,0.0,1.0,0.0,0.0,0.0,0.0,0.0,0.0,0.0,0.0,0.0,0.0,0.0,0.0,7.0,550.0,4.0,1,0.01,0.1,30000,100.0,20.0,0.5,425.06839071211533,0.8121872654490868
69b7d5319605ebc57c75313f,69b7d5319605ebc57c75313f,69b7d5319605ebc57c753140,0.0,0.0,0.0,0.0,0.0,0.0,0.0,0.0,0.0,0.0,0.0,0.0,0.0,0.0,0.0,0.0,0.0,1.0,0.0,0.0,0.0,0.0,0.0,0.0,0.0,0.0,0.0,0.0,0.0,0.0,7.0,550.0,4.0,1,0.01,0.1,30000,100.0,20.0,0.5,449.9256931363176,0.9012462471853889
69b7d5319605ebc57c75313f,69b7d5319605ebc57c75313f,69b7d5319605ebc57c753140,0.0,0.0,0.0,0.0,0.0,0.0,0.0,0.0,0.0,0.0,0.0,0.0,0.0,0.0,0.0,0.0,0.0,1.0,0.0,0.0,0.0,0.0,0.0,0.0,0.0,0.0,0.0,0.0,0.0,0.0,7.0,550.0,4.0,1,0.01,0.1,30000,100.0,20.0,0.5,475.0518254877275,0.9484848011008257
69b7d5319605ebc57c75313f,69b7d5319605ebc57c75313f,69b7d5319605ebc57c753140,0.0,0.0,0.0,0.0,0.0,0.0,0.0,0.0,0.0,0.0,0.0,0.0,0.0,0.0,0.0,0.0,0.0,1.0,0.0,0.0,0.0,0.0,0.0,0.0,0.0,0.0,0.0,0.0,0.0,0.0,7.0,550.0,4.0,1,0.01,0.1,30000,100.0,20.0,0.5,500.0037863370029,0.9813219289467099
69b7d5329605ebc57c753141,69b7d5329605ebc57c753141,69b7d5329605ebc57c753142,0.0,0.0,0.0,0.0,0.0,0.0,0.0,0.0,0.0,0.0,0.0,0.0,0.0,0.0,0.0,0.0,0.1,0.9,0.0,0.0,0.0,0.0,0.0,0.0,0.0,0.0,0.0,0.0,0.0,0.0,9.0,650.0,4.0,1,0.01,0.1,30000,100.0,20.0,0.5,251.15162067438666,0.06389105665678164
69b7d5329605ebc57c753141,69b7d5329605ebc57c753141,69b7d5329605ebc57c753142,0.0,0.0,0.0,0.0,0.0,0.0,0.0,0.0,0.0,0.0,0.0,0.0,0.0,0.0,0.0,0.0,0.1,0.9,0.0,0.0,0.0,0.0,0.0,0.0,0.0,0.0,0.0,0.0,0.0,0.0,9.0,650.0,4.0,1,0.01,0.1,30000,100.0,20.0,0.5,304.33855921709306,0.23258935539253942
69b7d5329605ebc57c753141,69b7d5329605ebc57c753141,69b7d5329605ebc57c753142,0.0,0.0,0.0,0.0,0.0,0.0,0.0,0.0,0.0,0.0,0.0,0.0,0.0,0.0,0.0,0.0,0.1,0.9,0.0,0.0,0.0,0.0,0.0,0.0,0.0,0.0,0.0,0.0,0.0,0.0,9.0,650.0,4.0,1,0.01,0.1,30000,100.0,20.0,0.5,350.0731723791155,0.47830497892929613
69b7d5329605ebc57c753141,69b7d5329605ebc57c753141,69b7d5329605ebc57c753142,0.0,0.0,0.0,0.0,0.0,0.0,0.0,0.0,0.0,0.0,0.0,0.0,0.0,0.0,0.0,0.0,0.1,0.9,0.0,0.0,0.0,0.0,0.0,0.0,0.0,0.0,0.0,0.0,0.0,0.0,9.0,650.0,4.0,1,0.01,0.1,30000,100.0,20.0,0.5,400.14934670198954,0.7470501014515375
69b7d5329605ebc57c753141,69b7d5329605ebc57c753141,69b7d5329605ebc57c753142,0.0,0.0,0.0,0.0,0.0,0.0,0.0,0.0,0.0,0.0,0.0,0.0,0.0,0.0,0.0,0.0,0.1,0.9,0.0,0.0,0.0,0.0,0.0,0.0,0.0,0.0,0.0,0.0,0.0,0.0,9.0,650.0,4.0,1,0.01,0.1,30000,100.0,20.0,0.5,451.0360458396812,0.9407835180271579
69b7d5329605ebc57c753143,69b7d5329605ebc57c753143,69b7d5339605ebc57c753144,0.0,0.0,0.0,0.0,0.0,0.0,0.0,0.0,0.0,0.0,0.0,0.0,0.0,0.0,0.0,0.0,0.25,0.75,0.0,0.0,0.0,0.0,0.0,0.0,0.0,0.0,0.0,0.0,0.0,0.0,14.0,650.0,4.0,0,0.01,0.1,30000,100.0,20.0,0.5,199.16545963511373,0.018948025597003273
69b7d5329605ebc57c753143,69b7d5329605ebc57c753143,69b7d5339605ebc57c753144,0.0,0.0,0.0,0.0,0.0,0.0,0.0,0.0,0.0,0.0,0.0,0.0,0.0,0.0,0.0,0.0,0.25,0.75,0.0,0.0,0.0,0.0,0.0,0.0,0.0,0.0,0.0,0.0,0.0,0.0,14.0,650.0,4.0,0,0.01,0.1,30000,100.0,20.0,0.5,250.25854240620802,0.0880599344466989
69b7d5329605ebc57c753143,69b7d5329605ebc57c753143,69b7d5339605ebc57c753144,0.0,0.0,0.0,0.0,0.0,0.0,0.0,0.0,0.0,0.0,0.0,0.0,0.0,0.0,0.0,0.0,0.25,0.75,0.0,0.0,0.0,0.0,0.0,0.0,0.0,0.0,0.0,0.0,0.0,0.0,14.0,650.0,4.0,0,0.01,0.1,30000,100.0,20.0,0.5,302.049577101173,0.21688777899172781
69b7d5329605ebc57c753143,69b7d5329605ebc57c753143,69b7d5339605ebc57c753144,0.0,0.0,0.0,0.0,0.0,0.0,0.0,0.0,0.0,0.0,0.0,0.0,0.0,0.0,0.0,0.0,0.25,0.75,0.0,0.0,0.0,0.0,0.0,0.0,0.0,0.0,0.0,0.0,0.0,0.0,14.0,650.0,4.0,0,0.01,0.1,30000,100.0,20.0,0.5,355.38661283180863,0.456321211175277
69b7d5329605ebc57c753143,69b7d5329605ebc57c753143,69b7d5339605ebc57c753144,0.0,0.0,0.0,0.0,0.0,0.0,0.0,0.0,0.0,0.0,0.0,0.0,0.0,0.0,0.0,0.0,0.25,0.75,0.0,0.0,0.0,0.0,0.0,0.0,0.0,0.0,0.0,0.0,0.0,0.0,14.0,650.0,4.0,0,0.01,0.1,30000,100.0,20.0,0.5,401.1249784235292,0.5957468393944123
69b7d5329605ebc57c753143,69b7d5329605ebc57c753143,69b7d5339605ebc57c753144,0.0,0.0,0.0,0.0,0.0,0.0,0.0,0.0,0.0,0.0,0.0,0.0,0.0,0.0,0.0,0.0,0.25,0.75,0.0,0.0,0.0,0.0,0.0,0.0,0.0,0.0,0.0,0.0,0.0,0.0,14.0,650.0,4.0,0,0.01,0.1,30000,100.0,20.0,0.5,448.5631946685479,0.7934602778211332
69b7d5329605ebc57c753143,69b7d5329605ebc57c753143,69b7d5339605ebc57c753144,0.0,0.0,0.0,0.0,0.0,0.0,0.0,0.0,0.0,0.0,0.0,0.0,0.0,0.0,0.0,0.0,0.25,0.75,0.0,0.0,0.0,0.0,0.0,0.0,0.0,0.0,0.0,0.0,0.0,0.0,14.0,650.0,4.0,0,0.01,0.1,30000,100.0,20.0,0.5,499.1421945709847,0.9383877009520838
69b7d5329605ebc57c753143,69b7d5329605ebc57c753143,69b7d5339605ebc57c753144,0.0,0.0,0.0,0.0,0.0,0.0,0.0,0.0,0.0,0.0,0.0,0.0,0.0,0.0,0.0,0.0,0.25,0.75,0.0,0.0,0.0,0.0,0.0,0.0,0.0,0.0,0.0,0.0,0.0,0.0,14.0,650.0,4.0,0,0.01,0.1,30000,100.0,20.0,0.5,548.0138389607271,0.9850710160761668
69b7d5339605ebc57c753145,69b7d5339605ebc57c753145,69b7d5339605ebc57c753146,0.0,0.0,0.0,0.0,0.0,0.0,0.0,0.0,0.0,0.0,0.0,0.0,0.0,0.0,0.0,0.0,0.5,0.5,0.0,0.0,0.0,0.0,0.0,0.0,0.0,0.0,0.0,0.0,0.0,0.0,18.0,650.0,4.0,0,0.01,0.1,30000,100.0,20.0,0.5,249.89455672547976,0.015264554393631969
69b7d5339605ebc57c753145,69b7d5339605ebc57c753145,69b7d5339605ebc57c753146,0.0,0.0,0.0,0.0,0.0,0.0,0.0,0.0,0.0,0.0,0.0,0.0,0.0,0.0,0.0,0.0,0.5,0.5,0.0,0.0,0.0,0.0,0.0,0.0,0.0,0.0,0.0,0.0,0.0,0.0,18.0,650.0,4.0,0,0.01,0.1,30000,100.0,20.0,0.5,301.1264793954085,0.06890900577493365
69b7d5339605ebc57c753145,69b7d5339605ebc57c753145,69b7d5339605ebc57c753146,0.0,0.0,0.0,0.0,0.0,0.0,0.0,0.0,0.0,0.0,0.0,0.0,0.0,0.0,0.0,0.0,0.5,0.5,0.0,0.0,0.0,0.0,0.0,0.0,0.0,0.0,0.0,0.0,0.0,0.0,18.0,650.0,4.0,0,0.01,0.1,30000,100.0,20.0,0.5,351.1238526946198,0.16937724363976903
69b7d5339605ebc57c753145,69b7d5339605ebc57c753145,69b7d5339605ebc57c753146,0.0,0.0,0.0,0.0,0.0,0.0,0.0,0.0,0.0,0.0,0.0,0.0,0.0,0.0,0.0,0.0,0.5,0.5,0.0,0.0,0.0,0.0,0.0,0.0,0.0,0.0,0.0,0.0,0.0,0.0,18.0,650.0,4.0,0,0.01,0.1,30000,100.0,20.0,0.5,403.1700526090644,0.5292570625877946
69b7d5339605ebc57c753145,69b7d5339605ebc57c753145,69b7d5339605ebc57c753146,0.0,0.0,0.0,0.0,0.0,0.0,0.0,0.0,0.0,0.0,0.0,0.0,0.0,0.0,0.0,0.0,0.5,0.5,0.0,0.0,0.0,0.0,0.0,0.0,0.0,0.0,0.0,0.0,0.0,0.0,18.0,650.0,4.0,0,0.01,0.1,30000,100.0,20.0,0.5,451.1035895742493,0.7638442328702982
69b7d5339605ebc57c753145,69b7d5339605ebc57c753145,69b7d5339605ebc57c753146,0.0,0.0,0.0,0.0,0.0,0.0,0.0,0.0,0.0,0.0,0.0,0.0,0.0,0.0,0.0,0.0,0.5,0.5,0.0,0.0,0.0,0.0,0.0,0.0,0.0,0.0,0.0,0.0,0.0,0.0,18.0,650.0,4.0,0,0.01,0.1,30000,100.0,20.0,0.5,498.39921349073524,0.9202356797253004
69b7d5339605ebc57c753145,69b7d5339605ebc57c753145,69b7d5339605ebc57c753146,0.0,0.0,0.0,0.0,0.0,0.0,0.0,0.0,0.0,0.0,0.0,0.0,0.0,0.0,0.0,0.0,0.5,0.5,0.0,0.0,0.0,0.0,0.0,0.0,0.0,0.0,0.0,0.0,0.0,0.0,18.0,650.0,4.0,0,0.01,0.1,30000,100.0,20.0,0.5,549.2071116047641,0.9542375526767599
69b7d5349605ebc57c753147,69b7d5349605ebc57c753147,69b7d5349605ebc57c753148,0.0,0.0,0.0,0.0,0.0,0.0,0.0,0.0,0.0,0.0,0.0,0.0,0.0,0.0,0.0,0.0,0.0,0.9,0.0,0.1,0.0,0.0,0.0,0.0,0.0,0.0,0.0,0.0,0.0,0.0,10.0,650.0,4.0,1,0.01,0.1,30000,100.0,20.0,0.5,199.13262504024394,0.013901044746698206
69b7d5349605ebc57c753147,69b7d5349605ebc57c753147,69b7d5349605ebc57c753148,0.0,0.0,0.0,0.0,0.0,0.0,0.0,0.0,0.0,0.0,0.0,0.0,0.0,0.0,0.0,0.0,0.0,0.9,0.0,0.1,0.0,0.0,0.0,0.0,0.0,0.0,0.0,0.0,0.0,0.0,10.0,650.0,4.0,1,0.01,0.1,30000,100.0,20.0,0.5,250.40243925534534,0.23187857283658583
69b7d5349605ebc57c753147,69b7d5349605ebc57c753147,69b7d5349605ebc57c753148,0.0,0.0,0.0,0.0,0.0,0.0,0.0,0.0,0.0,0.0,0.0,0.0,0.0,0.0,0.0,0.0,0.0,0.9,0.0,0.1,0.0,0.0,0.0,0.0,0.0,0.0,0.0,0.0,0.0,0.0,10.0,650.0,4.0,1,0.01,0.1,30000,100.0,20.0,0.5,302.67598431907277,0.5884723043563966
69b7d5349605ebc57c753147,69b7d5349605ebc57c753147,69b7d5349605ebc57c753148,0.0,0.0,0.0,0.0,0.0,0.0,0.0,0.0,0.0,0.0,0.0,0.0,0.0,0.0,0.0,0.0,0.0,0.9,0.0,0.1,0.0,0.0,0.0,0.0,0.0,0.0,0.0,0.0,0.0,0.0,10.0,650.0,4.0,1,0.01,0.1,30000,100.0,20.0,0.5,354.95710470995965,0.8259964518036665
69b7d5349605ebc57c753147,69b7d5349605ebc57c753147,69b7d5349605ebc57c753148,0.0,0.0,0.0,0.0,0.0,0.0,0.0,0.0,0.0,0.0,0.0,0.0,0.0,0.0,0.0,0.0,0.0,0.9,0.0,0.1,0.0,0.0,0.0,0.0,0.0,0.0,0.0,0.0,0.0,0.0,10.0,650.0,4.0,1,0.01,0.1,30000,100.0,20.0,0.5,401.1969016911918,0.9384033116499113
69b7d5349605ebc57c753147,69b7d5349605ebc57c753147,69b7d5349605ebc57c753148,0.0,0.0,0.0,0.0,0.0,0.0,0.0,0.0,0.0,0.0,0.0,0.0,0.0,0.0,0.0,0.0,0.0,0.9,0.0,0.1,0.0,0.0,0.0,0.0,0.0,0.0,0.0,0.0,0.0,0.0,10.0,650.0,4.0,1,0.01,0.1,30000,100.0,20.0,0.5,450.80771925837547,0.9870687955844669
69b7d5349605ebc57c753149,69b7d5349605ebc57c753149,69b7d5359605ebc57c75314a,0.0,0.0,0.0,0.0,0.0,0.0,0.0,0.0,0.0,0.0,0.0,0.0,0.0,0.0,0.0,0.0,0.0,0.75,0.0,0.25,0.0,0.0,0.0,0.0,0.0,0.0,0.0,0.0,0.0,0.0,13.0,650.0,4.0,0,0.01,0.1,30000,100.0,20.0,0.5,252.47429123345265,0.12030751034890598
69b7d5349605ebc57c753149,69b7d5349605ebc57c753149,69b7d5359605ebc57c75314a,0.0,0.0,0.0,0.0,0.0,0.0,0.0,0.0,0.0,0.0,0.0,0.0,0.0,0.0,0.0,0.0,0.0,0.75,0.0,0.25,0.0,0.0,0.0,0.0,0.0,0.0,0.0,0.0,0.0,0.0,13.0,650.0,4.0,0,0.01,0.1,30000,100.0,20.0,0.5,308.8157869818003,0.32615809185886063
69b7d5349605ebc57c753149,69b7d5349605ebc57c753149,69b7d5359605ebc57c75314a,0.0,0.0,0.0,0.0,0.0,0.0,0.0,0.0,0.0,0.0,0.0,0.0,0.0,0.0,0.0,0.0,0.0,0.75,0.0,0.25,0.0,0.0,0.0,0.0,0.0,0.0,0.0,0.0,0.0,0.0,13.0,650.0,4.0,0,0.01,0.1,30000,100.0,20.0,0.5,356.4759578054277,0.5131874630396216
69b7d5349605ebc57c753149,69b7d5349605ebc57c753149,69b7d5359605ebc57c75314a,0.0,0.0,0.0,0.0,0.0,0.0,0.0,0.0,0.0,0.0,0.0,0.0,0.0,0.0,0.0,0.0,0.0,0.75,0.0,0.25,0.0,0.0,0.0,0.0,0.0,0.0,0.0,0.0,0.0,0.0,13.0,650.0,4.0,0,0.01,0.1,30000,100.0,20.0,0.5,399.86743177470976,0.7477942046126553
69b7d5349605ebc57c753149,69b7d5349605ebc57c753149,69b7d5359605ebc57c75314a,0.0,0.0,0.0,0.0,0.0,0.0,0.0,0.0,0.0,0.0,0.0,0.0,0.0,0.0,0.0,0.0,0.0,0.75,0.0,0.25,0.0,0.0,0.0,0.0,0.0,0.0,0.0,0.0,0.0,0.0,13.0,650.0,4.0,0,0.01,0.1,30000,100.0,20.0,0.5,447.5503285798155,0.9475024640252316
69b7d5359605ebc57c75314b,69b7d5359605ebc57c75314b,69b7d5359605ebc57c75314c,0.0,0.0,0.0,0.0,0.0,0.0,0.0,0.0,0.0,0.0,0.0,0.0,0.0,0.0,0.0,0.0,0.0,0.5,0.0,0.5,0.0,0.0,0.0,0.0,0.0,0.0,0.0,0.0,0.0,0.0,12.0,650.0,4.0,0,0.01,0.1,30000,100.0,20.0,0.5,199.13262504024394,0.013901044746698206
69b7d5359605ebc57c75314b,69b7d5359605ebc57c75314b,69b7d5359605ebc57c75314c,0.0,0.0,0.0,0.0,0.0,0.0,0.0,0.0,0.0,0.0,0.0,0.0,0.0,0.0,0.0,0.0,0.0,0.5,0.0,0.5,0.0,0.0,0.0,0.0,0.0,0.0,0.0,0.0,0.0,0.0,12.0,650.0,4.0,0,0.01,0.1,30000,100.0,20.0,0.5,250.40243925534534,0.23187857283658583
69b7d5359605ebc57c75314b,69b7d5359605ebc57c75314b,69b7d5359605ebc57c75314c,0.0,0.0,0.0,0.0,0.0,0.0,0.0,0.0,0.0,0.0,0.0,0.0,0.0,0.0,0.0,0.0,0.0,0.5,0.0,0.5,0.0,0.0,0.0,0.0,0.0,0.0,0.0,0.0,0.0,0.0,12.0,650.0,4.0,0,0.01,0.1,30000,100.0,20.0,0.5,302.67598431907277,0.5884723043563966
69b7d5359605ebc57c75314b,69b7d5359605ebc57c75314b,69b7d5359605ebc57c75314c,0.0,0.0,0.0,0.0,0.0,0.0,0.0,0.0,0.0,0.0,0.0,0.0,0.0,0.0,0.0,0.0,0.0,0.5,0.0,0.5,0.0,0.0,0.0,0.0,0.0,0.0,0.0,0.0,0.0,0.0,12.0,650.0,4.0,0,0.01,0.1,30000,100.0,20.0,0.5,354.95710470995965,0.8259964518036665
69b7d5359605ebc57c75314b,69b7d5359605ebc57c75314b,69b7d5359605ebc57c75314c,0.0,0.0,0.0,0.0,0.0,0.0,0.0,0.0,0.0,0.0,0.0,0.0,0.0,0.0,0.0,0.0,0.0,0.5,0.0,0.5,0.0,0.0,0.0,0.0,0.0,0.0,0.0,0.0,0.0,0.0,12.0,650.0,4.0,0,0.01,0.1,30000,100.0,20.0,0.5,401.1969016911918,0.9384033116499113
69b7d5359605ebc57c75314b,69b7d5359605ebc57c75314b,69b7d5359605ebc57c75314c,0.0,0.0,0.0,0.0,0.0,0.0,0.0,0.0,0.0,0.0,0.0,0.0,0.0,0.0,0.0,0.0,0.0,0.5,0.0,0.5,0.0,0.0,0.0,0.0,0.0,0.0,0.0,0.0,0.0,0.0,12.0,650.0,4.0,0,0.01,0.1,30000,100.0,20.0,0.5,450.80771925837547,0.9870687955844669
69b7d5369605ebc57c75314d,69b7d5369605ebc57c75314d,69b7d5369605ebc57c75314e,0.0,0.0,0.0,0.0,0.0,0.0,0.0,0.0,0.0,0.0,0.0,0.0,0.0,0.0,0.0,0.0,0.0,1.0,0.0,0.0,0.0,0.0,0.0,0.0,0.0,0.0,0.0,0.0,0.0,0.0,39.5,500.0,2.0,1,0.02,0.01,75000,0.0,0.0,0.0,250.07849483141726,0.04326145963585349
69b7d5369605ebc57c75314d,69b7d5369605ebc57c75314d,69b7d5369605ebc57c75314e,0.0,0.0,0.0,0.0,0.0,0.0,0.0,0.0,0.0,0.0,0.0,0.0,0.0,0.0,0.0,0.0,0.0,1.0,0.0,0.0,0.0,0.0,0.0,0.0,0.0,0.0,0.0,0.0,0.0,0.0,39.5,500.0,2.0,1,0.02,0.01,75000,0.0,0.0,0.0,280.14080765143467,0.07558174997712647
69b7d5369605ebc57c75314d,69b7d5369605ebc57c75314d,69b7d5369605ebc57c75314e,0.0,0.0,0.0,0.0,0.0,0.0,0.0,0.0,0.0,0.0,0.0,0.0,0.0,0.0,0.0,0.0,0.0,1.0,0.0,0.0,0.0,0.0,0.0,0.0,0.0,0.0,0.0,0.0,0.0,0.0,39.5,500.0,2.0,1,0.02,0.01,75000,0.0,0.0,0.0,300.0627958651338,0.10270212571289151
69b7d5369605ebc57c75314d,69b7d5369605ebc57c75314d,69b7d5369605ebc57c75314e,0.0,0.0,0.0,0.0,0.0,0.0,0.0,0.0,0.0,0.0,0.0,0.0,0.0,0.0,0.0,0.0,0.0,1.0,0.0,0.0,0.0,0.0,0.0,0.0,0.0,0.0,0.0,0.0,0.0,0.0,39.5,500.0,2.0,1,0.02,0.01,75000,0.0,0.0,0.0,320.0282581393102,0.15599743816523834
69b7d5369605ebc57c75314d,69b7d5369605ebc57c75314d,69b7d5369605ebc57c75314e,0.0,0.0,0.0,0.0,0.0,0.0,0.0,0.0,0.0,0.0,0.0,0.0,0.0,0.0,0.0,0.0,0.0,1.0,0.0,0.0,0.0,0.0,0.0,0.0,0.0,0.0,0.0,0.0,0.0,0.0,39.5,500.0,2.0,1,0.02,0.01,75000,0.0,0.0,0.0,350.03351125495124,0.2847982555125194
69b7d5369605ebc57c75314d,69b7d5369605ebc57c75314d,69b7d5369605ebc57c75314e,0.0,0.0,0.0,0.0,0.0,0.0,0.0,0.0,0.0,0.0,0.0,0.0,0.0,0.0,0.0,0.0,0.0,1.0,0.0,0.0,0.0,0.0,0.0,0.0,0.0,0.0,0.0,0.0,0.0,0.0,39.5,500.0,2.0,1,0.02,0.01,75000,0.0,0.0,0.0,380.17733793836345,0.45840830766415563
69b7d5369605ebc57c75314d,69b7d5369605ebc57c75314d,69b7d5369605ebc57c75314e,0.0,0.0,0.0,0.0,0.0,0.0,0.0,0.0,0.0,0.0,0.0,0.0,0.0,0.0,0.0,0.0,0.0,1.0,0.0,0.0,0.0,0.0,0.0,0.0,0.0,0.0,0.0,0.0,0.0,0.0,39.5,500.0,2.0,1,0.02,0.01,75000,0.0,0.0,0.0,400.04770070524586,0.5813535026990759
69b7d5369605ebc57c75314d,69b7d5369605ebc57c75314d,69b7d5369605ebc57c75314e,0.0,0.0,0.0,0.0,0.0,0.0,0.0,0.0,0.0,0.0,0.0,0.0,0.0,0.0,0.0,0.0,0.0,1.0,0.0,0.0,0.0,0.0,0.0,0.0,0.0,0.0,0.0,0.0,0.0,0.0,39.5,500.0,2.0,1,0.02,0.01,75000,0.0,0.0,0.0,419.82296396483434,0.7042529506846809
69b7d5369605ebc57c75314d,69b7d5369605ebc57c75314d,69b7d5369605ebc57c75314e,0.0,0.0,0.0,0.0,0.0,0.0,0.0,0.0,0.0,0.0,0.0,0.0,0.0,0.0,0.0,0.0,0.0,1.0,0.0,0.0,0.0,0.0,0.0,0.0,0.0,0.0,0.0,0.0,0.0,0.0,39.5,500.0,2.0,1,0.02,0.01,75000,0.0,0.0,0.0,449.7276833156217,0.8447040165909299
69b7d5369605ebc57c75314d,69b7d5369605ebc57c75314d,69b7d5369605ebc57c75314e,0.0,0.0,0.0,0.0,0.0,0.0,0.0,0.0,0.0,0.0,0.0,0.0,0.0,0.0,0.0,0.0,0.0,1.0,0.0,0.0,0.0,0.0,0.0,0.0,0.0,0.0,0.0,0.0,0.0,0.0,39.5,500.0,2.0,1,0.02,0.01,75000,0.0,0.0,0.0,479.7791276205198,0.9334380432462106
69b7d5369605ebc57c75314d,69b7d5369605ebc57c75314d,69b7d5369605ebc57c75314e,0.0,0.0,0.0,0.0,0.0,0.0,0.0,0.0,0.0,0.0,0.0,0.0,0.0,0.0,0.0,0.0,0.0,1.0,0.0,0.0,0.0,0.0,0.0,0.0,0.0,0.0,0.0,0.0,0.0,0.0,39.5,500.0,2.0,1,0.02,0.01,75000,0.0,0.0,0.0,500.0679282194957,0.9661166854737868
69b7d5369605ebc57c75314f,69b7d5369605ebc57c75314f,69b7d5379605ebc57c753150,0.0,0.0,0.0,0.0,0.0,0.0,0.0,0.0,0.0,0.0,0.0,0.0,0.0,0.0,0.0,0.0,0.0,1.0,0.0,0.0,0.0,0.0,0.0,0.0,0.0,0.0,0.0,0.0,0.0,0.0,109.4,500.0,2.0,1,0.02,0.01,75000,0.0,0.0,0.0,220.2525722152449,0.03238891091524596
69b7d5369605ebc57c75314f,69b7d5369605ebc57c75314f,69b7d5379605ebc57c753150,0.0,0.0,0.0,0.0,0.0,0.0,0.0,0.0,0.0,0.0,0.0,0.0,0.0,0.0,0.0,0.0,0.0,1.0,0.0,0.0,0.0,0.0,0.0,0.0,0.0,0.0,0.0,0.0,0.0,0.0,109.4,500.0,2.0,1,0.02,0.01,75000,0.0,0.0,0.0,250.09751473287605,0.05925005337155754
69b7d5369605ebc57c75314f,69b7d5369605ebc57c75314f,69b7d5379605ebc57c753150,0.0,0.0,0.0,0.0,0.0,0.0,0.0,0.0,0.0,0.0,0.0,0.0,0.0,0.0,0.0,0.0,0.0,1.0,0.0,0.0,0.0,0.0,0.0,0.0,0.0,0.0,0.0,0.0,0.0,0.0,109.4,500.0,2.0,1,0.02,0.01,75000,0.0,0.0,0.0,280.36361221138054,0.12613223947055416
69b7d5369605ebc57c75314f,69b7d5369605ebc57c75314f,69b7d5379605ebc57c753150,0.0,0.0,0.0,0.0,0.0,0.0,0.0,0.0,0.0,0.0,0.0,0.0,0.0,0.0,0.0,0.0,0.0,1.0,0.0,0.0,0.0,0.0,0.0,0.0,0.0,0.0,0.0,0.0,0.0,0.0,109.4,500.0,2.0,1,0.02,0.01,75000,0.0,0.0,0.0,300.29103468263935,0.20119552288877365
69b7d5369605ebc57c75314f,69b7d5369605ebc57c75314f,69b7d5379605ebc57c753150,0.0,0.0,0.0,0.0,0.0,0.0,0.0,0.0,0.0,0.0,0.0,0.0,0.0,0.0,0.0,0.0,0.0,1.0,0.0,0.0,0.0,0.0,0.0,0.0,0.0,0.0,0.0,0.0,0.0,0.0,109.4,500.0,2.0,1,0.02,0.01,75000,0.0,0.0,0.0,320.46028161530285,0.30478209155509467
69b7d5369605ebc57c75314f,69b7d5369605ebc57c75314f,69b7d5379605ebc57c753150,0.0,0.0,0.0,0.0,0.0,0.0,0.0,0.0,0.0,0.0,0.0,0.0,0.0,0.0,0.0,0.0,0.0,1.0,0.0,0.0,0.0,0.0,0.0,0.0,0.0,0.0,0.0,0.0,0.0,0.0,109.4,500.0,2.0,1,0.02,0.01,75000,0.0,0.0,0.0,350.12317650468555,0.4966604653999817
69b7d5369605ebc57c75314f,69b7d5369605ebc57c75314f,69b7d5379605ebc57c753150,0.0,0.0,0.0,0.0,0.0,0.0,0.0,0.0,0.0,0.0,0.0,0.0,0.0,0.0,0.0,0.0,0.0,1.0,0.0,0.0,0.0,0.0,0.0,0.0,0.0,0.0,0.0,0.0,0.0,0.0,109.4,500.0,2.0,1,0.02,0.01,75000,0.0,0.0,0.0,380.43818230122696,0.6906279544969349
69b7d5369605ebc57c75314f,69b7d5369605ebc57c75314f,69b7d5379605ebc57c753150,0.0,0.0,0.0,0.0,0.0,0.0,0.0,0.0,0.0,0.0,0.0,0.0,0.0,0.0,0.0,0.0,0.0,1.0,0.0,0.0,0.0,0.0,0.0,0.0,0.0,0.0,0.0,0.0,0.0,0.0,109.4,500.0,2.0,1,0.02,0.01,75000,0.0,0.0,0.0,400.5068954690368,0.7934139498002378
69b7d5369605ebc57c75314f,69b7d5369605ebc57c75314f,69b7d5379605ebc57c753150,0.0,0.0,0.0,0.0,0.0,0.0,0.0,0.0,0.0,0.0,0.0,0.0,0.0,0.0,0.0,0.0,0.0,1.0,0.0,0.0,0.0,0.0,0.0,0.0,0.0,0.0,0.0,0.0,0.0,0.0,109.4,500.0,2.0,1,0.02,0.01,75000,0.0,0.0,0.0,420.4343179402956,0.8755908993869894
69b7d5369605ebc57c75314f,69b7d5369605ebc57c75314f,69b7d5379605ebc57c753150,0.0,0.0,0.0,0.0,0.0,0.0,0.0,0.0,0.0,0.0,0.0,0.0,0.0,0.0,0.0,0.0,0.0,1.0,0.0,0.0,0.0,0.0,0.0,0.0,0.0,0.0,0.0,0.0,0.0,0.0,109.4,500.0,2.0,1,0.02,0.01,75000,0.0,0.0,0.0,450.08091005699936,0.9521028393668608
69b7d5379605ebc57c753151,69b7d5379605ebc57c753151,69b7d5379605ebc57c753152,0.0,0.0,0.0,0.0,0.0,0.0,0.0,0.0,0.0,0.0,0.0,0.0,0.0,0.0,0.0,0.0,0.0,1.0,0.0,0.0,0.0,0.0,0.0,0.0,0.0,0.0,0.0,0.0,0.0,0.0,91.8,500.0,2.0,1,0.02,0.01,75000,0.0,0.0,0.0,200.23820162303159,0.046509500137241144
69b7d5379605ebc57c753151,69b7d5379605ebc57c753151,69b7d5379605ebc57c753152,0.0,0.0,0.0,0.0,0.0,0.0,0.0,0.0,0.0,0.0,0.0,0.0,0.0,0.0,0.0,0.0,0.0,1.0,0.0,0.0,0.0,0.0,0.0,0.0,0.0,0.0,0.0,0.0,0.0,0.0,91.8,500.0,2.0,1,0.02,0.01,75000,0.0,0.0,0.0,220.42375132837407,0.07476592759766994
69b7d5379605ebc57c753151,69b7d5379605ebc57c753151,69b7d5379605ebc57c753152,0.0,0.0,0.0,0.0,0.0,0.0,0.0,0.0,0.0,0.0,0.0,0.0,0.0,0.0,0.0,0.0,0.0,1.0,0.0,0.0,0.0,0.0,0.0,0.0,0.0,0.0,0.0,0.0,0.0,0.0,91.8,500.0,2.0,1,0.02,0.01,75000,0.0,0.0,0.0,250.17631146749108,0.1439278416542133
69b7d5379605ebc57c753151,69b7d5379605ebc57c753151,69b7d5379605ebc57c753152,0.0,0.0,0.0,0.0,0.0,0.0,0.0,0.0,0.0,0.0,0.0,0.0,0.0,0.0,0.0,0.0,0.0,1.0,0.0,0.0,0.0,0.0,0.0,0.0,0.0,0.0,0.0,0.0,0.0,0.0,91.8,500.0,2.0,1,0.02,0.01,75000,0.0,0.0,0.0,280.17884745435225,0.2573728994479856
69b7d5379605ebc57c753151,69b7d5379605ebc57c753151,69b7d5379605ebc57c753152,0.0,0.0,0.0,0.0,0.0,0.0,0.0,0.0,0.0,0.0,0.0,0.0,0.0,0.0,0.0,0.0,0.0,1.0,0.0,0.0,0.0,0.0,0.0,0.0,0.0,0.0,0.0,0.0,0.0,0.0,91.8,500.0,2.0,1,0.02,0.01,75000,0.0,0.0,0.0,300.4594966669887,0.3619964012321205
69b7d5379605ebc57c753151,69b7d5379605ebc57c753151,69b7d5379605ebc57c753152,0.0,0.0,0.0,0.0,0.0,0.0,0.0,0.0,0.0,0.0,0.0,0.0,0.0,0.0,0.0,0.0,0.0,1.0,0.0,0.0,0.0,0.0,0.0,0.0,0.0,0.0,0.0,0.0,0.0,0.0,91.8,500.0,2.0,1,0.02,0.01,75000,0.0,0.0,0.0,320.0282581393102,0.4843316356095032
69b7d5379605ebc57c753151,69b7d5379605ebc57c753151,69b7d5379605ebc57c753152,0.0,0.0,0.0,0.0,0.0,0.0,0.0,0.0,0.0,0.0,0.0,0.0,0.0,0.0,0.0,0.0,0.0,1.0,0.0,0.0,0.0,0.0,0.0,0.0,0.0,0.0,0.0,0.0,0.0,0.0,91.8,500.0,2.0,1,0.02,0.01,75000,0.0,0.0,0.0,350.03894551251085,0.6660007929488547
69b7d5379605ebc57c753151,69b7d5379605ebc57c753151,69b7d5379605ebc57c753152,0.0,0.0,0.0,0.0,0.0,0.0,0.0,0.0,0.0,0.0,0.0,0.0,0.0,0.0,0.0,0.0,0.0,1.0,0.0,0.0,0.0,0.0,0.0,0.0,0.0,0.0,0.0,0.0,0.0,0.0,91.8,500.0,2.0,1,0.02,0.01,75000,0.0,0.0,0.0,380.1148439764274,0.8223108359510811
69b7d5379605ebc57c753151,69b7d5379605ebc57c753151,69b7d5379605ebc57c753152,0.0,0.0,0.0,0.0,0.0,0.0,0.0,0.0,0.0,0.0,0.0,0.0,0.0,0.0,0.0,0.0,0.0,1.0,0.0,0.0,0.0,0.0,0.0,0.0,0.0,0.0,0.0,0.0,0.0,0.0,91.8,500.0,2.0,1,0.02,0.01,75000,0.0,0.0,0.0,400.3221307120085,0.903214492665223
69b7d5379605ebc57c753151,69b7d5379605ebc57c753151,69b7d5379605ebc57c753152,0.0,0.0,0.0,0.0,0.0,0.0,0.0,0.0,0.0,0.0,0.0,0.0,0.0,0.0,0.0,0.0,0.0,1.0,0.0,0.0,0.0,0.0,0.0,0.0,0.0,0.0,0.0,0.0,0.0,0.0,91.8,500.0,2.0,1,0.02,0.01,75000,0.0,0.0,0.0,420.4370350690755,0.9549086583915337
69b7d53b9605ebc57c753159,69b7d53b9605ebc57c753159,69b7d53b9605ebc57c75315a,0.0,0.0,0.0,0.0,0.0,0.0,0.0,0.0,0.0,0.0,0.0,0.0,0.0,0.0,0.0,0.0,0.0,1.0,0.0,0.0,0.0,0.0,0.0,0.0,0.0,0.0,0.0,0.0,0.0,0.0,9.0,550.0,4.0,1,0.01,0.1,30000,150.0,20.0,0.5,250.10398627223051,0.02137433275693557
69b7d53b9605ebc57c753159,69b7d53b9605ebc57c753159,69b7d53b9605ebc57c75315a,0.0,0.0,0.0,0.0,0.0,0.0,0.0,0.0,0.0,0.0,0.0,0.0,0.0,0.0,0.0,0.0,0.0,1.0,0.0,0.0,0.0,0.0,0.0,0.0,0.0,0.0,0.0,0.0,0.0,0.0,9.0,550.0,4.0,1,0.01,0.1,30000,150.0,20.0,0.5,275.31769190014154,0.06532591534471092
69b7d53b9605ebc57c753159,69b7d53b9605ebc57c753159,69b7d53b9605ebc57c75315a,0.0,0.0,0.0,0.0,0.0,0.0,0.0,0.0,0.0,0.0,0.0,0.0,0.0,0.0,0.0,0.0,0.0,1.0,0.0,0.0,0.0,0.0,0.0,0.0,0.0,0.0,0.0,0.0,0.0,0.0,9.0,550.0,4.0,1,0.01,0.1,30000,150.0,20.0,0.5,300.30207419005364,0.13552364483873391
69b7d53b9605ebc57c753159,69b7d53b9605ebc57c753159,69b7d53b9605ebc57c75315a,0.0,0.0,0.0,0.0,0.0,0.0,0.0,0.0,0.0,0.0,0.0,0.0,0.0,0.0,0.0,0.0,0.0,1.0,0.0,0.0,0.0,0.0,0.0,0.0,0.0,0.0,0.0,0.0,0.0,0.0,9.0,550.0,4.0,1,0.01,0.1,30000,150.0,20.0,0.5,325.2350564214488,0.21681828433952333
69b7d53b9605ebc57c753159,69b7d53b9605ebc57c753159,69b7d53b9605ebc57c75315a,0.0,0.0,0.0,0.0,0.0,0.0,0.0,0.0,0.0,0.0,0.0,0.0,0.0,0.0,0.0,0.0,0.0,1.0,0.0,0.0,0.0,0.0,0.0,0.0,0.0,0.0,0.0,0.0,0.0,0.0,9.0,550.0,4.0,1,0.01,0.1,30000,150.0,20.0,0.5,349.89126910698326,0.33945568002405835
69b7d53b9605ebc57c753159,69b7d53b9605ebc57c753159,69b7d53b9605ebc57c75315a,0.0,0.0,0.0,0.0,0.0,0.0,0.0,0.0,0.0,0.0,0.0,0.0,0.0,0.0,0.0,0.0,0.0,1.0,0.0,0.0,0.0,0.0,0.0,0.0,0.0,0.0,0.0,0.0,0.0,0.0,9.0,550.0,4.0,1,0.01,0.1,30000,150.0,20.0,0.5,375.04171312441184,0.4747763326065709
69b7d53b9605ebc57c753159,69b7d53b9605ebc57c753159,69b7d53b9605ebc57c75315a,0.0,0.0,0.0,0.0,0.0,0.0,0.0,0.0,0.0,0.0,0.0,0.0,0.0,0.0,0.0,0.0,0.0,1.0,0.0,0.0,0.0,0.0,0.0,0.0,0.0,0.0,0.0,0.0,0.0,0.0,9.0,550.0,4.0,1,0.01,0.1,30000,150.0,20.0,0.5,399.9074798946694,0.6256672430644312
69b7d53b9605ebc57c753159,69b7d53b9605ebc57c753159,69b7d53b9605ebc57c75315a,0.0,0.0,0.0,0.0,0.0,0.0,0.0,0.0,0.0,0.0,0.0,0.0,0.0,0.0,0.0,0.0,0.0,1.0,0.0,0.0,0.0,0.0,0.0,0.0,0.0,0.0,0.0,0.0,0.0,0.0,9.0,550.0,4.0,1,0.01,0.1,30000,150.0,20.0,0.5,425.3386473086139,0.7584918427185926
69b7d53b9605ebc57c753159,69b7d53b9605ebc57c753159,69b7d53b9605ebc57c75315a,0.0,0.0,0.0,0.0,0.0,0.0,0.0,0.0,0.0,0.0,0.0,0.0,0.0,0.0,0.0,0.0,0.0,1.0,0.0,0.0,0.0,0.0,0.0,0.0,0.0,0.0,0.0,0.0,0.0,0.0,9.0,550.0,4.0,1,0.01,0.1,30000,150.0,20.0,0.5,450.08975240987195,0.8672881738215171
69b7d53b9605ebc57c753159,69b7d53b9605ebc57c753159,69b7d53b9605ebc57c75315a,0.0,0.0,0.0,0.0,0.0,0.0,0.0,0.0,0.0,0.0,0.0,0.0,0.0,0.0,0.0,0.0,0.0,1.0,0.0,0.0,0.0,0.0,0.0,0.0,0.0,0.0,0.0,0.0,0.0,0.0,9.0,550.0,4.0,1,0.01,0.1,30000,150.0,20.0,0.5,474.9713345827501,0.9379294789865423
69b7d53b9605ebc57c753159,69b7d53b9605ebc57c753159,69b7d53b9605ebc57c75315a,0.0,0.0,0.0,0.0,0.0,0.0,0.0,0.0,0.0,0.0,0.0,0.0,0.0,0.0,0.0,0.0,0.0,1.0,0.0,0.0,0.0,0.0,0.0,0.0,0.0,0.0,0.0,0.0,0.0,0.0,9.0,550.0,4.0,1,0.01,0.1,30000,150.0,20.0,0.5,499.8687321582489,0.9752349447409969
69b7d53b9605ebc57c75315b,69b7d53b9605ebc57c75315b,69b7d53c9605ebc57c75315c,0.0,0.0,0.0,0.0,0.0,0.0,0.0,0.0,0.05,0.0,0.0,0.0,0.0,0.0,0.0,0.0,0.0,0.95,0.0,0.0,0.0,0.0,0.0,0.0,0.0,0.0,0.0,0.0,0.0,0.0,46.0,550.0,4.0,1,0.01,0.1,30000,150.0,20.0,0.5,75.37937197036194,0.01978046763401248
69b7d53b9605ebc57c75315b,69b7d53b9605ebc57c75315b,69b7d53c9605ebc57c75315c,0.0,0.0,0.0,0.0,0.0,0.0,0.0,0.0,0.05,0.0,0.0,0.0,0.0,0.0,0.0,0.0,0.0,0.95,0.0,0.0,0.0,0.0,0.0,0.0,0.0,0.0,0.0,0.0,0.0,0.0,46.0,550.0,4.0,1,0.01,0.1,30000,150.0,20.0,0.5,100.43096972141169,0.057131042778738435
69b7d53b9605ebc57c75315b,69b7d53b9605ebc57c75315b,69b7d53c9605ebc57c75315c,0.0,0.0,0.0,0.0,0.0,0.0,0.0,0.0,0.05,0.0,0.0,0.0,0.0,0.0,0.0,0.0,0.0,0.95,0.0,0.0,0.0,0.0,0.0,0.0,0.0,0.0,0.0,0.0,0.0,0.0,46.0,550.0,4.0,1,0.01,0.1,30000,150.0,20.0,0.5,125.28092108904862,0.19910533042628373
69b7d53b9605ebc57c75315b,69b7d53b9605ebc57c75315b,69b7d53c9605ebc57c75315c,0.0,0.0,0.0,0.0,0.0,0.0,0.0,0.0,0.05,0.0,0.0,0.0,0.0,0.0,0.0,0.0,0.0,0.95,0.0,0.0,0.0,0.0,0.0,0.0,0.0,0.0,0.0,0.0,0.0,0.0,46.0,550.0,4.0,1,0.01,0.1,30000,150.0,20.0,0.5,150.34438039206384,0.4083452372002105
69b7d53b9605ebc57c75315b,69b7d53b9605ebc57c75315b,69b7d53c9605ebc57c75315c,0.0,0.0,0.0,0.0,0.0,0.0,0.0,0.0,0.05,0.0,0.0,0.0,0.0,0.0,0.0,0.0,0.0,0.95,0.0,0.0,0.0,0.0,0.0,0.0,0.0,0.0,0.0,0.0,0.0,0.0,46.0,550.0,4.0,1,0.01,0.1,30000,150.0,20.0,0.5,175.05199313611524,0.6946846101796856
69b7d53b9605ebc57c75315b,69b7d53b9605ebc57c75315b,69b7d53c9605ebc57c75315c,0.0,0.0,0.0,0.0,0.0,0.0,0.0,0.0,0.05,0.0,0.0,0.0,0.0,0.0,0.0,0.0,0.0,0.95,0.0,0.0,0.0,0.0,0.0,0.0,0.0,0.0,0.0,0.0,0.0,0.0,46.0,550.0,4.0,1,0.01,0.1,30000,150.0,20.0,0.5,200.0877754845444,0.9274490639801519
69b7d53b9605ebc57c75315b,69b7d53b9605ebc57c75315b,69b7d53c9605ebc57c75315c,0.0,0.0,0.0,0.0,0.0,0.0,0.0,0.0,0.05,0.0,0.0,0.0,0.0,0.0,0.0,0.0,0.0,0.95,0.0,0.0,0.0,0.0,0.0,0.0,0.0,0.0,0.0,0.0,0.0,0.0,46.0,550.0,4.0,1,0.01,0.1,30000,150.0,20.0,0.5,225.28171185917967,0.9750244342530636
69b7d53c9605ebc57c75315d,69b7d53c9605ebc57c75315d,69b7d53c9605ebc57c75315e,0.0,0.0,0.0,0.0,0.05,0.0,0.0,0.0,0.0,0.0,0.0,0.0,0.0,0.0,0.0,0.0,0.0,0.95,0.0,0.0,0.0,0.0,0.0,0.0,0.0,0.0,0.0,0.0,0.0,0.0,17.0,550.0,4.0,1,0.01,0.1,30000,150.0,20.0,0.5,125.60909069342632,0.02072024659800015
69b7d53c9605ebc57c75315d,69b7d53c9605ebc57c75315d,69b7d53c9605ebc57c75315e,0.0,0.0,0.0,0.0,0.05,0.0,0.0,0.0,0.0,0.0,0.0,0.0,0.0,0.0,0.0,0.0,0.0,0.95,0.0,0.0,0.0,0.0,0.0,0.0,0.0,0.0,0.0,0.0,0.0,0.0,17.0,550.0,4.0,1,0.01,0.1,30000,150.0,20.0,0.5,150.27321108027107,0.05077813698218179
69b7d53c9605ebc57c75315d,69b7d53c9605ebc57c75315d,69b7d53c9605ebc57c75315e,0.0,0.0,0.0,0.0,0.05,0.0,0.0,0.0,0.0,0.0,0.0,0.0,0.0,0.0,0.0,0.0,0.0,0.95,0.0,0.0,0.0,0.0,0.0,0.0,0.0,0.0,0.0,0.0,0.0,0.0,17.0,550.0,4.0,1,0.01,0.1,30000,150.0,20.0,0.5,174.98477767497766,0.1005638673783926
69b7d53c9605ebc57c75315d,69b7d53c9605ebc57c75315d,69b7d53c9605ebc57c75315e,0.0,0.0,0.0,0.0,0.05,0.0,0.0,0.0,0.0,0.0,0.0,0.0,0.0,0.0,0.0,0.0,0.0,0.95,0.0,0.0,0.0,0.0,0.0,0.0,0.0,0.0,0.0,0.0,0.0,0.0,17.0,550.0,4.0,1,0.01,0.1,30000,150.0,20.0,0.5,200.27756031599174,0.4288474550785655
69b7d53c9605ebc57c75315d,69b7d53c9605ebc57c75315d,69b7d53c9605ebc57c75315e,0.0,0.0,0.0,0.0,0.05,0.0,0.0,0.0,0.0,0.0,0.0,0.0,0.0,0.0,0.0,0.0,0.0,0.95,0.0,0.0,0.0,0.0,0.0,0.0,0.0,0.0,0.0,0.0,0.0,0.0,17.0,550.0,4.0,1,0.01,0.1,30000,150.0,20.0,0.5,225.23821950197296,0.7453800466130366
69b7d53c9605ebc57c75315d,69b7d53c9605ebc57c75315d,69b7d53c9605ebc57c75315e,0.0,0.0,0.0,0.0,0.05,0.0,0.0,0.0,0.0,0.0,0.0,0.0,0.0,0.0,0.0,0.0,0.0,0.95,0.0,0.0,0.0,0.0,0.0,0.0,0.0,0.0,0.0,0.0,0.0,0.0,17.0,550.0,4.0,1,0.01,0.1,30000,150.0,20.0,0.5,250.15538633074752,0.9036463423802721
69b7d53c9605ebc57c75315d,69b7d53c9605ebc57c75315d,69b7d53c9605ebc57c75315e,0.0,0.0,0.0,0.0,0.05,0.0,0.0,0.0,0.0,0.0,0.0,0.0,0.0,0.0,0.0,0.0,0.0,0.95,0.0,0.0,0.0,0.0,0.0,0.0,0.0,0.0,0.0,0.0,0.0,0.0,17.0,550.0,4.0,1,0.01,0.1,30000,150.0,20.0,0.5,275.0804608608323,0.9797909931584091
69b7d53c9605ebc57c75315f,69b7d53c9605ebc57c75315f,69b7d53d9605ebc57c753160,0.0,0.0,0.0,0.0,0.025,0.0,0.0,0.0,0.025,0.0,0.0,0.0,0.0,0.0,0.0,0.0,0.0,0.95,0.0,0.0,0.0,0.0,0.0,0.0,0.0,0.0,0.0,0.0,0.0,0.0,52.0,550.0,4.0,1,0.01,0.1,30000,150.0,20.0,0.5,100.56935449434204,0.03692203593714758
69b7d53c9605ebc57c75315f,69b7d53c9605ebc57c75315f,69b7d53d9605ebc57c753160,0.0,0.0,0.0,0.0,0.025,0.0,0.0,0.0,0.025,0.0,0.0,0.0,0.0,0.0,0.0,0.0,0.0,0.95,0.0,0.0,0.0,0.0,0.0,0.0,0.0,0.0,0.0,0.0,0.0,0.0,52.0,550.0,4.0,1,0.01,0.1,30000,150.0,20.0,0.5,125.25324413446255,0.12695286068716638
69b7d53c9605ebc57c75315f,69b7d53c9605ebc57c75315f,69b7d53d9605ebc57c753160,0.0,0.0,0.0,0.0,0.025,0.0,0.0,0.0,0.025,0.0,0.0,0.0,0.0,0.0,0.0,0.0,0.0,0.95,0.0,0.0,0.0,0.0,0.0,0.0,0.0,0.0,0.0,0.0,0.0,0.0,52.0,550.0,4.0,1,0.01,0.1,30000,150.0,20.0,0.5,150.2376264243747,0.2955943162168258
69b7d53c9605ebc57c75315f,69b7d53c9605ebc57c75315f,69b7d53d9605ebc57c753160,0.0,0.0,0.0,0.0,0.025,0.0,0.0,0.0,0.025,0.0,0.0,0.0,0.0,0.0,0.0,0.0,0.0,0.95,0.0,0.0,0.0,0.0,0.0,0.0,0.0,0.0,0.0,0.0,0.0,0.0,52.0,550.0,4.0,1,0.01,0.1,30000,150.0,20.0,0.5,175.09153164266678,0.5855649951131494
69b7d53c9605ebc57c75315f,69b7d53c9605ebc57c75315f,69b7d53d9605ebc57c753160,0.0,0.0,0.0,0.0,0.025,0.0,0.0,0.0,0.025,0.0,0.0,0.0,0.0,0.0,0.0,0.0,0.0,0.95,0.0,0.0,0.0,0.0,0.0,0.0,0.0,0.0,0.0,0.0,0.0,0.0,52.0,550.0,4.0,1,0.01,0.1,30000,150.0,20.0,0.5,199.99683691947587,0.8100744304939478
69b7d53c9605ebc57c75315f,69b7d53c9605ebc57c75315f,69b7d53d9605ebc57c753160,0.0,0.0,0.0,0.0,0.025,0.0,0.0,0.0,0.025,0.0,0.0,0.0,0.0,0.0,0.0,0.0,0.0,0.95,0.0,0.0,0.0,0.0,0.0,0.0,0.0,0.0,0.0,0.0,0.0,0.0,52.0,550.0,4.0,1,0.01,0.1,30000,150.0,20.0,0.5,225.22240409935236,0.9183595218404631
69b7d53c9605ebc57c75315f,69b7d53c9605ebc57c75315f,69b7d53d9605ebc57c753160,0.0,0.0,0.0,0.0,0.025,0.0,0.0,0.0,0.025,0.0,0.0,0.0,0.0,0.0,0.0,0.0,0.0,0.95,0.0,0.0,0.0,0.0,0.0,0.0,0.0,0.0,0.0,0.0,0.0,0.0,52.0,550.0,4.0,1,0.01,0.1,30000,150.0,20.0,0.5,249.80744747309404,0.9717013758364033
69b7d53c9605ebc57c75315f,69b7d53c9605ebc57c75315f,69b7d53d9605ebc57c753160,0.0,0.0,0.0,0.0,0.025,0.0,0.0,0.0,0.025,0.0,0.0,0.0,0.0,0.0,0.0,0.0,0.0,0.95,0.0,0.0,0.0,0.0,0.0,0.0,0.0,0.0,0.0,0.0,0.0,0.0,52.0,550.0,4.0,1,0.01,0.1,30000,150.0,20.0,0.5,274.75229125645467,0.9875422900533795
69b7d53d9605ebc57c753161,69b7d53d9605ebc57c753161,69b7d53d9605ebc57c753162,0.0,0.0,0.0,0.0,0.3,0.0,0.0,0.0,0.0,0.0,0.0,0.0,0.0,0.0,0.0,0.0,0.0,0.7,0.0,0.0,0.0,0.0,0.0,0.0,0.0,0.0,0.0,0.0,0.0,0.0,58.0,500.0,5.0,1,0.01,0.01,33000,500.0,10.2,1.0,62.18419906085104,0.03147729914643462
69b7d53d9605ebc57c753161,69b7d53d9605ebc57c753161,69b7d53d9605ebc57c753162,0.0,0.0,0.0,0.0,0.3,0.0,0.0,0.0,0.0,0.0,0.0,0.0,0.0,0.0,0.0,0.0,0.0,0.7,0.0,0.0,0.0,0.0,0.0,0.0,0.0,0.0,0.0,0.0,0.0,0.0,58.0,500.0,5.0,1,0.01,0.01,33000,500.0,10.2,1.0,72.81497797356829,0.08968248696403068
69b7d53d9605ebc57c753161,69b7d53d9605ebc57c753161,69b7d53d9605ebc57c753162,0.0,0.0,0.0,0.0,0.3,0.0,0.0,0.0,0.0,0.0,0.0,0.0,0.0,0.0,0.0,0.0,0.0,0.7,0.0,0.0,0.0,0.0,0.0,0.0,0.0,0.0,0.0,0.0,0.0,0.0,58.0,500.0,5.0,1,0.01,0.01,33000,500.0,10.2,1.0,81.49387616788498,0.14478229100933274
69b7d53d9605ebc57c753161,69b7d53d9605ebc57c753161,69b7d53d9605ebc57c753162,0.0,0.0,0.0,0.0,0.3,0.0,0.0,0.0,0.0,0.0,0.0,0.0,0.0,0.0,0.0,0.0,0.0,0.7,0.0,0.0,0.0,0.0,0.0,0.0,0.0,0.0,0.0,0.0,0.0,0.0,58.0,500.0,5.0,1,0.01,0.01,33000,500.0,10.2,1.0,92.85273757079923,0.2333106380152114
69b7d53d9605ebc57c753161,69b7d53d9605ebc57c753161,69b7d53d9605ebc57c753162,0.0,0.0,0.0,0.0,0.3,0.0,0.0,0.0,0.0,0.0,0.0,0.0,0.0,0.0,0.0,0.0,0.0,0.7,0.0,0.0,0.0,0.0,0.0,0.0,0.0,0.0,0.0,0.0,0.0,0.0,58.0,500.0,5.0,1,0.01,0.01,33000,500.0,10.2,1.0,101.52389020670958,0.32419708392839347
69b7d53d9605ebc57c753161,69b7d53d9605ebc57c753161,69b7d53d9605ebc57c753162,0.0,0.0,0.0,0.0,0.3,0.0,0.0,0.0,0.0,0.0,0.0,0.0,0.0,0.0,0.0,0.0,0.0,0.7,0.0,0.0,0.0,0.0,0.0,0.0,0.0,0.0,0.0,0.0,0.0,0.0,58.0,500.0,5.0,1,0.01,0.01,33000,500.0,10.2,1.0,110.88827031998838,0.4181889136138696
69b7d53d9605ebc57c753161,69b7d53d9605ebc57c753161,69b7d53d9605ebc57c753162,0.0,0.0,0.0,0.0,0.3,0.0,0.0,0.0,0.0,0.0,0.0,0.0,0.0,0.0,0.0,0.0,0.0,0.7,0.0,0.0,0.0,0.0,0.0,0.0,0.0,0.0,0.0,0.0,0.0,0.0,58.0,500.0,5.0,1,0.01,0.01,33000,500.0,10.2,1.0,118.95139662100014,0.5052808130459331
69b7d53d9605ebc57c753161,69b7d53d9605ebc57c753161,69b7d53d9605ebc57c753162,0.0,0.0,0.0,0.0,0.3,0.0,0.0,0.0,0.0,0.0,0.0,0.0,0.0,0.0,0.0,0.0,0.0,0.7,0.0,0.0,0.0,0.0,0.0,0.0,0.0,0.0,0.0,0.0,0.0,0.0,58.0,500.0,5.0,1,0.01,0.01,33000,500.0,10.2,1.0,127.35532749189136,0.603498953801189
69b7d53d9605ebc57c753161,69b7d53d9605ebc57c753161,69b7d53d9605ebc57c753162,0.0,0.0,0.0,0.0,0.3,0.0,0.0,0.0,0.0,0.0,0.0,0.0,0.0,0.0,0.0,0.0,0.0,0.7,0.0,0.0,0.0,0.0,0.0,0.0,0.0,0.0,0.0,0.0,0.0,0.0,58.0,500.0,5.0,1,0.01,0.01,33000,500.0,10.2,1.0,138.76066224524374,0.732770932279385
69b7d53d9605ebc57c753161,69b7d53d9605ebc57c753161,69b7d53d9605ebc57c753162,0.0,0.0,0.0,0.0,0.3,0.0,0.0,0.0,0.0,0.0,0.0,0.0,0.0,0.0,0.0,0.0,0.0,0.7,0.0,0.0,0.0,0.0,0.0,0.0,0.0,0.0,0.0,0.0,0.0,0.0,58.0,500.0,5.0,1,0.01,0.01,33000,500.0,10.2,1.0,147.16072033693177,0.812788534989538
69b7d53d9605ebc57c753161,69b7d53d9605ebc57c753161,69b7d53d9605ebc57c753162,0.0,0.0,0.0,0.0,0.3,0.0,0.0,0.0,0.0,0.0,0.0,0.0,0.0,0.0,0.0,0.0,0.0,0.7,0.0,0.0,0.0,0.0,0.0,0.0,0.0,0.0,0.0,0.0,0.0,0.0,58.0,500.0,5.0,1,0.01,0.01,33000,500.0,10.2,1.0,156.3004792564264,0.887334351854927
69b7d53d9605ebc57c753161,69b7d53d9605ebc57c753161,69b7d53d9605ebc57c753162,0.0,0.0,0.0,0.0,0.3,0.0,0.0,0.0,0.0,0.0,0.0,0.0,0.0,0.0,0.0,0.0,0.0,0.7,0.0,0.0,0.0,0.0,0.0,0.0,0.0,0.0,0.0,0.0,0.0,0.0,58.0,500.0,5.0,1,0.01,0.01,33000,500.0,10.2,1.0,169.4989107808491,0.9522651034574379
69b7d53d9605ebc57c753161,69b7d53d9605ebc57c753161,69b7d53d9605ebc57c753162,0.0,0.0,0.0,0.0,0.3,0.0,0.0,0.0,0.0,0.0,0.0,0.0,0.0,0.0,0.0,0.0,0.0,0.7,0.0,0.0,0.0,0.0,0.0,0.0,0.0,0.0,0.0,0.0,0.0,0.0,58.0,500.0,5.0,1,0.01,0.01,33000,500.0,10.2,1.0,187.7629375030256,0.9913896177222757
69b7d53e9605ebc57c753163,69b7d53e9605ebc57c753163,69b7d53e9605ebc57c753164,0.0,0.0,0.0,0.0,0.3,0.0,0.0,0.0,0.0,0.0,0.0,0.0,0.0,0.0,0.0,0.0,0.0,0.7,0.0,0.0,0.0,0.0,0.0,0.0,0.0,0.0,0.0,0.0,0.0,0.0,49.0,500.0,5.0,1,0.01,0.01,33000,500.0,10.2,1.0,50.503896984073194,0.024170513799860505
69b7d53e9605ebc57c753163,69b7d53e9605ebc57c753163,69b7d53e9605ebc57c753164,0.0,0.0,0.0,0.0,0.3,0.0,0.0,0.0,0.0,0.0,0.0,0.0,0.0,0.0,0.0,0.0,0.0,0.7,0.0,0.0,0.0,0.0,0.0,0.0,0.0,0.0,0.0,0.0,0.0,0.0,49.0,500.0,5.0,1,0.01,0.01,33000,500.0,10.2,1.0,75.3593939100547,0.04595801919691787
69b7d53e9605ebc57c753163,69b7d53e9605ebc57c753163,69b7d53e9605ebc57c753164,0.0,0.0,0.0,0.0,0.3,0.0,0.0,0.0,0.0,0.0,0.0,0.0,0.0,0.0,0.0,0.0,0.0,0.7,0.0,0.0,0.0,0.0,0.0,0.0,0.0,0.0,0.0,0.0,0.0,0.0,49.0,500.0,5.0,1,0.01,0.01,33000,500.0,10.2,1.0,94.90918332768553,0.08867780397887674
69b7d53e9605ebc57c753163,69b7d53e9605ebc57c753163,69b7d53e9605ebc57c753164,0.0,0.0,0.0,0.0,0.3,0.0,0.0,0.0,0.0,0.0,0.0,0.0,0.0,0.0,0.0,0.0,0.0,0.7,0.0,0.0,0.0,0.0,0.0,0.0,0.0,0.0,0.0,0.0,0.0,0.0,49.0,500.0,5.0,1,0.01,0.01,33000,500.0,10.2,1.0,114.06782204579561,0.17031452389650933
69b7d53e9605ebc57c753163,69b7d53e9605ebc57c753163,69b7d53e9605ebc57c753164,0.0,0.0,0.0,0.0,0.3,0.0,0.0,0.0,0.0,0.0,0.0,0.0,0.0,0.0,0.0,0.0,0.0,0.7,0.0,0.0,0.0,0.0,0.0,0.0,0.0,0.0,0.0,0.0,0.0,0.0,49.0,500.0,5.0,1,0.01,0.01,33000,500.0,10.2,1.0,128.56750738248536,0.2969460958517387
69b7d53e9605ebc57c753163,69b7d53e9605ebc57c753163,69b7d53e9605ebc57c753164,0.0,0.0,0.0,0.0,0.3,0.0,0.0,0.0,0.0,0.0,0.0,0.0,0.0,0.0,0.0,0.0,0.0,0.7,0.0,0.0,0.0,0.0,0.0,0.0,0.0,0.0,0.0,0.0,0.0,0.0,49.0,500.0,5.0,1,0.01,0.01,33000,500.0,10.2,1.0,141.521953817108,0.43234581022285695
69b7d53e9605ebc57c753163,69b7d53e9605ebc57c753163,69b7d53e9605ebc57c753164,0.0,0.0,0.0,0.0,0.3,0.0,0.0,0.0,0.0,0.0,0.0,0.0,0.0,0.0,0.0,0.0,0.0,0.7,0.0,0.0,0.0,0.0,0.0,0.0,0.0,0.0,0.0,0.0,0.0,0.0,49.0,500.0,5.0,1,0.01,0.01,33000,500.0,10.2,1.0,152.19146052185698,0.5469128831910725
69b7d53e9605ebc57c753163,69b7d53e9605ebc57c753163,69b7d53e9605ebc57c753164,0.0,0.0,0.0,0.0,0.3,0.0,0.0,0.0,0.0,0.0,0.0,0.0,0.0,0.0,0.0,0.0,0.0,0.7,0.0,0.0,0.0,0.0,0.0,0.0,0.0,0.0,0.0,0.0,0.0,0.0,49.0,500.0,5.0,1,0.01,0.01,33000,500.0,10.2,1.0,165.21948976134,0.6586734863329902
69b7d53e9605ebc57c753163,69b7d53e9605ebc57c753163,69b7d53e9605ebc57c753164,0.0,0.0,0.0,0.0,0.3,0.0,0.0,0.0,0.0,0.0,0.0,0.0,0.0,0.0,0.0,0.0,0.0,0.7,0.0,0.0,0.0,0.0,0.0,0.0,0.0,0.0,0.0,0.0,0.0,0.0,49.0,500.0,5.0,1,0.01,0.01,33000,500.0,10.2,1.0,180.44725758822673,0.7569663555747451
69b7d53e9605ebc57c753163,69b7d53e9605ebc57c753163,69b7d53e9605ebc57c753164,0.0,0.0,0.0,0.0,0.3,0.0,0.0,0.0,0.0,0.0,0.0,0.0,0.0,0.0,0.0,0.0,0.0,0.7,0.0,0.0,0.0,0.0,0.0,0.0,0.0,0.0,0.0,0.0,0.0,0.0,49.0,500.0,5.0,1,0.01,0.01,33000,500.0,10.2,1.0,199.50520404705426,0.8498455611279019
69b7d53e9605ebc57c753163,69b7d53e9605ebc57c753163,69b7d53e9605ebc57c753164,0.0,0.0,0.0,0.0,0.3,0.0,0.0,0.0,0.0,0.0,0.0,0.0,0.0,0.0,0.0,0.0,0.0,0.7,0.0,0.0,0.0,0.0,0.0,0.0,0.0,0.0,0.0,0.0,0.0,0.0,49.0,500.0,5.0,1,0.01,0.01,33000,500.0,10.2,1.0,217.7808491068403,0.9023879903019031
69b7d53e9605ebc57c753163,69b7d53e9605ebc57c753163,69b7d53e9605ebc57c753164,0.0,0.0,0.0,0.0,0.3,0.0,0.0,0.0,0.0,0.0,0.0,0.0,0.0,0.0,0.0,0.0,0.0,0.7,0.0,0.0,0.0,0.0,0.0,0.0,0.0,0.0,0.0,0.0,0.0,0.0,49.0,500.0,5.0,1,0.01,0.01,33000,500.0,10.2,1.0,241.24601829888172,0.9505546514331263
69b7d53e9605ebc57c753163,69b7d53e9605ebc57c753163,69b7d53e9605ebc57c753164,0.0,0.0,0.0,0.0,0.3,0.0,0.0,0.0,0.0,0.0,0.0,0.0,0.0,0.0,0.0,0.0,0.0,0.7,0.0,0.0,0.0,0.0,0.0,0.0,0.0,0.0,0.0,0.0,0.0,0.0,49.0,500.0,5.0,1,0.01,0.01,33000,500.0,10.2,1.0,262.49208500750353,0.9862997774751734
69b7d53e9605ebc57c753165,69b7d53e9605ebc57c753165,69b7d53f9605ebc57c753166,0.0,0.0,0.0,0.0,0.3,0.0,0.0,0.0,0.0,0.0,0.0,0.0,0.0,0.0,0.0,0.0,0.0,0.7,0.0,0.0,0.0,0.0,0.0,0.0,0.0,0.0,0.0,0.0,0.0,0.0,69.0,500.0,5.0,1,0.01,0.01,33000,500.0,10.2,1.0,4.088638234012684,0.06508851174067554
69b7d53e9605ebc57c753165,69b7d53e9605ebc57c753165,69b7d53f9605ebc57c753166,0.0,0.0,0.0,0.0,0.3,0.0,0.0,0.0,0.0,0.0,0.0,0.0,0.0,0.0,0.0,0.0,0.0,0.7,0.0,0.0,0.0,0.0,0.0,0.0,0.0,0.0,0.0,0.0,0.0,0.0,69.0,500.0,5.0,1,0.01,0.01,33000,500.0,10.2,1.0,29.199738587403786,0.14190109269653592
69b7d53e9605ebc57c753165,69b7d53e9605ebc57c753165,69b7d53f9605ebc57c753166,0.0,0.0,0.0,0.0,0.3,0.0,0.0,0.0,0.0,0.0,0.0,0.0,0.0,0.0,0.0,0.0,0.0,0.7,0.0,0.0,0.0,0.0,0.0,0.0,0.0,0.0,0.0,0.0,0.0,0.0,69.0,500.0,5.0,1,0.01,0.01,33000,500.0,10.2,1.0,53.90032434525827,0.25994719186954063
69b7d53e9605ebc57c753165,69b7d53e9605ebc57c753165,69b7d53f9605ebc57c753166,0.0,0.0,0.0,0.0,0.3,0.0,0.0,0.0,0.0,0.0,0.0,0.0,0.0,0.0,0.0,0.0,0.0,0.7,0.0,0.0,0.0,0.0,0.0,0.0,0.0,0.0,0.0,0.0,0.0,0.0,69.0,500.0,5.0,1,0.01,0.01,33000,500.0,10.2,1.0,69.18231108098949,0.3619349696104155
69b7d53e9605ebc57c753165,69b7d53e9605ebc57c753165,69b7d53f9605ebc57c753166,0.0,0.0,0.0,0.0,0.3,0.0,0.0,0.0,0.0,0.0,0.0,0.0,0.0,0.0,0.0,0.0,0.0,0.7,0.0,0.0,0.0,0.0,0.0,0.0,0.0,0.0,0.0,0.0,0.0,0.0,69.0,500.0,5.0,1,0.01,0.01,33000,500.0,10.2,1.0,78.91460521856997,0.4594722508220134
69b7d53e9605ebc57c753165,69b7d53e9605ebc57c753165,69b7d53f9605ebc57c753166,0.0,0.0,0.0,0.0,0.3,0.0,0.0,0.0,0.0,0.0,0.0,0.0,0.0,0.0,0.0,0.0,0.0,0.7,0.0,0.0,0.0,0.0,0.0,0.0,0.0,0.0,0.0,0.0,0.0,0.0,69.0,500.0,5.0,1,0.01,0.01,33000,500.0,10.2,1.0,88.99544948443626,0.5700870171709456
69b7d53e9605ebc57c753165,69b7d53e9605ebc57c753165,69b7d53f9605ebc57c753166,0.0,0.0,0.0,0.0,0.3,0.0,0.0,0.0,0.0,0.0,0.0,0.0,0.0,0.0,0.0,0.0,0.0,0.7,0.0,0.0,0.0,0.0,0.0,0.0,0.0,0.0,0.0,0.0,0.0,0.0,69.0,500.0,5.0,1,0.01,0.01,33000,500.0,10.2,1.0,103.781720482161,0.6898767810289281
69b7d53e9605ebc57c753165,69b7d53e9605ebc57c753165,69b7d53f9605ebc57c753166,0.0,0.0,0.0,0.0,0.3,0.0,0.0,0.0,0.0,0.0,0.0,0.0,0.0,0.0,0.0,0.0,0.0,0.7,0.0,0.0,0.0,0.0,0.0,0.0,0.0,0.0,0.0,0.0,0.0,0.0,69.0,500.0,5.0,1,0.01,0.01,33000,500.0,10.2,1.0,117.92511013215858,0.8237902288352319
69b7d53e9605ebc57c753165,69b7d53e9605ebc57c753165,69b7d53f9605ebc57c753166,0.0,0.0,0.0,0.0,0.3,0.0,0.0,0.0,0.0,0.0,0.0,0.0,0.0,0.0,0.0,0.0,0.0,0.7,0.0,0.0,0.0,0.0,0.0,0.0,0.0,0.0,0.0,0.0,0.0,0.0,69.0,500.0,5.0,1,0.01,0.01,33000,500.0,10.2,1.0,126.01534588759257,0.8751536085555813
69b7d53e9605ebc57c753165,69b7d53e9605ebc57c753165,69b7d53f9605ebc57c753166,0.0,0.0,0.0,0.0,0.3,0.0,0.0,0.0,0.0,0.0,0.0,0.0,0.0,0.0,0.0,0.0,0.0,0.7,0.0,0.0,0.0,0.0,0.0,0.0,0.0,0.0,0.0,0.0,0.0,0.0,69.0,500.0,5.0,1,0.01,0.01,33000,500.0,10.2,1.0,138.81100837488503,0.9311750639343717
69b7d53e9605ebc57c753165,69b7d53e9605ebc57c753165,69b7d53f9605ebc57c753166,0.0,0.0,0.0,0.0,0.3,0.0,0.0,0.0,0.0,0.0,0.0,0.0,0.0,0.0,0.0,0.0,0.0,0.7,0.0,0.0,0.0,0.0,0.0,0.0,0.0,0.0,0.0,0.0,0.0,0.0,69.0,500.0,5.0,1,0.01,0.01,33000,500.0,10.2,1.0,165.5990221232512,0.9750655950048157
69b7d5459605ebc57c753177,69b7d5459605ebc57c753177,69b7d5459605ebc57c753178,0.0,0.0,0.0,0.0,0.0,0.0,0.0,0.0,0.0,0.0,0.0,0.0,0.0,0.0,0.0,0.0,0.0,1.0,0.0,0.0,0.0,0.0,0.0,0.0,0.0,0.0,0.0,0.0,0.0,0.0,36.76,650.0,2.0,1,0.01,0.1,60000,150.0,0.0,0.5,239.9633604596712,0.05465337663792138
69b7d5459605ebc57c753177,69b7d5459605ebc57c753177,69b7d5459605ebc57c753178,0.0,0.0,0.0,0.0,0.0,0.0,0.0,0.0,0.0,0.0,0.0,0.0,0.0,0.0,0.0,0.0,0.0,1.0,0.0,0.0,0.0,0.0,0.0,0.0,0.0,0.0,0.0,0.0,0.0,0.0,36.76,650.0,2.0,1,0.01,0.1,60000,150.0,0.0,0.5,270.0650525862833,0.10991339082390711
69b7d5459605ebc57c753177,69b7d5459605ebc57c753177,69b7d5459605ebc57c753178,0.0,0.0,0.0,0.0,0.0,0.0,0.0,0.0,0.0,0.0,0.0,0.0,0.0,0.0,0.0,0.0,0.0,1.0,0.0,0.0,0.0,0.0,0.0,0.0,0.0,0.0,0.0,0.0,0.0,0.0,36.76,650.0,2.0,1,0.01,0.1,60000,150.0,0.0,0.5,300.10472960145796,0.21492701683652515
69b7d5459605ebc57c753177,69b7d5459605ebc57c753177,69b7d5459605ebc57c753178,0.0,0.0,0.0,0.0,0.0,0.0,0.0,0.0,0.0,0.0,0.0,0.0,0.0,0.0,0.0,0.0,0.0,1.0,0.0,0.0,0.0,0.0,0.0,0.0,0.0,0.0,0.0,0.0,0.0,0.0,36.76,650.0,2.0,1,0.01,0.1,60000,150.0,0.0,0.5,330.08239150519535,0.3907492440362862
69b7d5459605ebc57c753177,69b7d5459605ebc57c753177,69b7d5459605ebc57c753178,0.0,0.0,0.0,0.0,0.0,0.0,0.0,0.0,0.0,0.0,0.0,0.0,0.0,0.0,0.0,0.0,0.0,1.0,0.0,0.0,0.0,0.0,0.0,0.0,0.0,0.0,0.0,0.0,0.0,0.0,36.76,650.0,2.0,1,0.01,0.1,60000,150.0,0.0,0.5,360.05562375811576,0.6009631537686191
69b7d5469605ebc57c75317b,69b7d5469605ebc57c75317b,69b7d5469605ebc57c75317c,0.0,0.0,0.0,0.0,0.1,0.0,0.0,0.0,0.1,0.0,0.0,0.0,0.0,0.0,0.0,0.0,0.0,0.8,0.0,0.0,0.0,0.0,0.0,0.0,0.0,0.0,0.0,0.0,0.0,0.0,84.0,550.0,4.0,1,0.02,0.05,30000,500.0,0.0,0.5,46.038103150050524,0.025326827741979654
69b7d5469605ebc57c75317b,69b7d5469605ebc57c75317b,69b7d5469605ebc57c75317c,0.0,0.0,0.0,0.0,0.1,0.0,0.0,0.0,0.1,0.0,0.0,0.0,0.0,0.0,0.0,0.0,0.0,0.8,0.0,0.0,0.0,0.0,0.0,0.0,0.0,0.0,0.0,0.0,0.0,0.0,84.0,550.0,4.0,1,0.02,0.05,30000,500.0,0.0,0.5,62.13925690797835,0.05862659013796678
69b7d5469605ebc57c75317b,69b7d5469605ebc57c75317b,69b7d5469605ebc57c75317c,0.0,0.0,0.0,0.0,0.1,0.0,0.0,0.0,0.1,0.0,0.0,0.0,0.0,0.0,0.0,0.0,0.0,0.8,0.0,0.0,0.0,0.0,0.0,0.0,0.0,0.0,0.0,0.0,0.0,0.0,84.0,550.0,4.0,1,0.02,0.05,30000,500.0,0.0,0.5,79.13688243572496,0.14286552395107116
69b7d5469605ebc57c75317b,69b7d5469605ebc57c75317b,69b7d5469605ebc57c75317c,0.0,0.0,0.0,0.0,0.1,0.0,0.0,0.0,0.1,0.0,0.0,0.0,0.0,0.0,0.0,0.0,0.0,0.8,0.0,0.0,0.0,0.0,0.0,0.0,0.0,0.0,0.0,0.0,0.0,0.0,84.0,550.0,4.0,1,0.02,0.05,30000,500.0,0.0,0.5,95.07250509922567,0.44760880405980186
69b7d5469605ebc57c75317b,69b7d5469605ebc57c75317b,69b7d5469605ebc57c75317c,0.0,0.0,0.0,0.0,0.1,0.0,0.0,0.0,0.1,0.0,0.0,0.0,0.0,0.0,0.0,0.0,0.0,0.8,0.0,0.0,0.0,0.0,0.0,0.0,0.0,0.0,0.0,0.0,0.0,0.0,84.0,550.0,4.0,1,0.02,0.05,30000,500.0,0.0,0.5,111.09740295972077,0.7342746233047491
69b7d5469605ebc57c75317b,69b7d5469605ebc57c75317b,69b7d5469605ebc57c75317c,0.0,0.0,0.0,0.0,0.1,0.0,0.0,0.0,0.1,0.0,0.0,0.0,0.0,0.0,0.0,0.0,0.0,0.8,0.0,0.0,0.0,0.0,0.0,0.0,0.0,0.0,0.0,0.0,0.0,0.0,84.0,550.0,4.0,1,0.02,0.05,30000,500.0,0.0,0.5,128.0150527901599,0.9181781736758221
69b7d5469605ebc57c75317b,69b7d5469605ebc57c75317b,69b7d5469605ebc57c75317c,0.0,0.0,0.0,0.0,0.1,0.0,0.0,0.0,0.1,0.0,0.0,0.0,0.0,0.0,0.0,0.0,0.0,0.8,0.0,0.0,0.0,0.0,0.0,0.0,0.0,0.0,0.0,0.0,0.0,0.0,84.0,550.0,4.0,1,0.02,0.05,30000,500.0,0.0,0.5,144.08086844927743,0.9873747201063839
69b7d5479605ebc57c75317d,69b7d5479605ebc57c75317d,69b7d5479605ebc57c75317e,0.0,0.0,0.0,0.0,0.0,0.0,0.0,0.0,0.0,0.0,0.0,0.0,0.0,0.0,0.0,0.0,0.0,1.0,0.0,0.0,0.0,0.0,0.0,0.0,0.0,0.0,0.0,0.0,0.0,0.0,75.0,550.0,4.0,1,0.02,0.05,30000,500.0,0.0,0.5,235.072753085884,0.04012672214019615
69b7d5479605ebc57c75317d,69b7d5479605ebc57c75317d,69b7d5479605ebc57c75317e,0.0,0.0,0.0,0.0,0.0,0.0,0.0,0.0,0.0,0.0,0.0,0.0,0.0,0.0,0.0,0.0,0.0,1.0,0.0,0.0,0.0,0.0,0.0,0.0,0.0,0.0,0.0,0.0,0.0,0.0,75.0,550.0,4.0,1,0.02,0.05,30000,500.0,0.0,0.5,250.90422135289123,0.10714865406615756
69b7d5479605ebc57c75317d,69b7d5479605ebc57c75317d,69b7d5479605ebc57c75317e,0.0,0.0,0.0,0.0,0.0,0.0,0.0,0.0,0.0,0.0,0.0,0.0,0.0,0.0,0.0,0.0,0.0,1.0,0.0,0.0,0.0,0.0,0.0,0.0,0.0,0.0,0.0,0.0,0.0,0.0,75.0,550.0,4.0,1,0.02,0.05,30000,500.0,0.0,0.5,267.0314137099424,0.23648346060955697
69b7d5479605ebc57c75317d,69b7d5479605ebc57c75317d,69b7d5479605ebc57c75317e,0.0,0.0,0.0,0.0,0.0,0.0,0.0,0.0,0.0,0.0,0.0,0.0,0.0,0.0,0.0,0.0,0.0,1.0,0.0,0.0,0.0,0.0,0.0,0.0,0.0,0.0,0.0,0.0,0.0,0.0,75.0,550.0,4.0,1,0.02,0.05,30000,500.0,0.0,0.5,283.0507318706254,0.4083092958903306
69b7d5479605ebc57c75317d,69b7d5479605ebc57c75317d,69b7d5479605ebc57c75317e,0.0,0.0,0.0,0.0,0.0,0.0,0.0,0.0,0.0,0.0,0.0,0.0,0.0,0.0,0.0,0.0,0.0,1.0,0.0,0.0,0.0,0.0,0.0,0.0,0.0,0.0,0.0,0.0,0.0,0.0,75.0,550.0,4.0,1,0.02,0.05,30000,500.0,0.0,0.5,300.17111079423927,0.6602203948333348
69b7d5499605ebc57c753185,69b7d5499605ebc57c753185,69b7d5499605ebc57c753186,0.0,0.0,0.0,0.0,0.0,0.0,0.0,0.0,0.093,0.0,0.0,0.0,0.0,0.0,0.0,0.0,0.0,0.907,0.0,0.0,0.0,0.0,0.0,0.0,0.0,0.0,0.0,0.0,0.0,0.0,106.0,400.0,2.0,1,0.01,0.1,72000,300.0,100.0,2.0,85.12046676941465,0.03923190279991579
69b7d5499605ebc57c753185,69b7d5499605ebc57c753185,69b7d5499605ebc57c753186,0.0,0.0,0.0,0.0,0.0,0.0,0.0,0.0,0.093,0.0,0.0,0.0,0.0,0.0,0.0,0.0,0.0,0.907,0.0,0.0,0.0,0.0,0.0,0.0,0.0,0.0,0.0,0.0,0.0,0.0,106.0,400.0,2.0,1,0.01,0.1,72000,300.0,100.0,2.0,95.26735444909257,0.09043337042494962
69b7d5499605ebc57c753185,69b7d5499605ebc57c753185,69b7d5499605ebc57c753186,0.0,0.0,0.0,0.0,0.0,0.0,0.0,0.0,0.093,0.0,0.0,0.0,0.0,0.0,0.0,0.0,0.0,0.907,0.0,0.0,0.0,0.0,0.0,0.0,0.0,0.0,0.0,0.0,0.0,0.0,106.0,400.0,2.0,1,0.01,0.1,72000,300.0,100.0,2.0,105.5538955115906,0.14057471955730652
69b7d5499605ebc57c753185,69b7d5499605ebc57c753185,69b7d5499605ebc57c753186,0.0,0.0,0.0,0.0,0.0,0.0,0.0,0.0,0.093,0.0,0.0,0.0,0.0,0.0,0.0,0.0,0.0,0.907,0.0,0.0,0.0,0.0,0.0,0.0,0.0,0.0,0.0,0.0,0.0,0.0,106.0,400.0,2.0,1,0.01,0.1,72000,300.0,100.0,2.0,100.3376529424716,0.11094403175844335
69b7d5499605ebc57c753185,69b7d5499605ebc57c753185,69b7d5499605ebc57c753186,0.0,0.0,0.0,0.0,0.0,0.0,0.0,0.0,0.093,0.0,0.0,0.0,0.0,0.0,0.0,0.0,0.0,0.907,0.0,0.0,0.0,0.0,0.0,0.0,0.0,0.0,0.0,0.0,0.0,0.0,106.0,400.0,2.0,1,0.01,0.1,72000,300.0,100.0,2.0,90.18573270845783,0.060073381251691677
69b7d5499605ebc57c753185,69b7d5499605ebc57c753185,69b7d5499605ebc57c753186,0.0,0.0,0.0,0.0,0.0,0.0,0.0,0.0,0.093,0.0,0.0,0.0,0.0,0.0,0.0,0.0,0.0,0.907,0.0,0.0,0.0,0.0,0.0,0.0,0.0,0.0,0.0,0.0,0.0,0.0,106.0,400.0,2.0,1,0.01,0.1,72000,300.0,100.0,2.0,110.27191520145945,0.18061862801118764
69b7d5499605ebc57c753185,69b7d5499605ebc57c753185,69b7d5499605ebc57c753186,0.0,0.0,0.0,0.0,0.0,0.0,0.0,0.0,0.093,0.0,0.0,0.0,0.0,0.0,0.0,0.0,0.0,0.907,0.0,0.0,0.0,0.0,0.0,0.0,0.0,0.0,0.0,0.0,0.0,0.0,106.0,400.0,2.0,1,0.01,0.1,72000,300.0,100.0,2.0,115.3447299720064,0.21118913716880694
69b7d5499605ebc57c753185,69b7d5499605ebc57c753185,69b7d5499605ebc57c753186,0.0,0.0,0.0,0.0,0.0,0.0,0.0,0.0,0.093,0.0,0.0,0.0,0.0,0.0,0.0,0.0,0.0,0.907,0.0,0.0,0.0,0.0,0.0,0.0,0.0,0.0,0.0,0.0,0.0,0.0,106.0,400.0,2.0,1,0.01,0.1,72000,300.0,100.0,2.0,120.09671940364231,0.26932272713602595
69b7d5499605ebc57c753185,69b7d5499605ebc57c753185,69b7d5499605ebc57c753186,0.0,0.0,0.0,0.0,0.0,0.0,0.0,0.0,0.093,0.0,0.0,0.0,0.0,0.0,0.0,0.0,0.0,0.907,0.0,0.0,0.0,0.0,0.0,0.0,0.0,0.0,0.0,0.0,0.0,0.0,106.0,400.0,2.0,1,0.01,0.1,72000,300.0,100.0,2.0,125.19847136162048,0.3409295961023729
69b7d5499605ebc57c753185,69b7d5499605ebc57c753185,69b7d5499605ebc57c753186,0.0,0.0,0.0,0.0,0.0,0.0,0.0,0.0,0.093,0.0,0.0,0.0,0.0,0.0,0.0,0.0,0.0,0.907,0.0,0.0,0.0,0.0,0.0,0.0,0.0,0.0,0.0,0.0,0.0,0.0,106.0,400.0,2.0,1,0.01,0.1,72000,300.0,100.0,2.0,130.1115025320039,0.4203783344861809
69b7d5499605ebc57c753185,69b7d5499605ebc57c753185,69b7d5499605ebc57c753186,0.0,0.0,0.0,0.0,0.0,0.0,0.0,0.0,0.093,0.0,0.0,0.0,0.0,0.0,0.0,0.0,0.0,0.907,0.0,0.0,0.0,0.0,0.0,0.0,0.0,0.0,0.0,0.0,0.0,0.0,106.0,400.0,2.0,1,0.01,0.1,72000,300.0,100.0,2.0,135.35039159563425,0.49086493639289036
69b7d5499605ebc57c753185,69b7d5499605ebc57c753185,69b7d5499605ebc57c753186,0.0,0.0,0.0,0.0,0.0,0.0,0.0,0.0,0.093,0.0,0.0,0.0,0.0,0.0,0.0,0.0,0.0,0.907,0.0,0.0,0.0,0.0,0.0,0.0,0.0,0.0,0.0,0.0,0.0,0.0,106.0,400.0,2.0,1,0.01,0.1,72000,300.0,100.0,2.0,140.24706696442612,0.5896815133379447
69b7d5499605ebc57c753185,69b7d5499605ebc57c753185,69b7d5499605ebc57c753186,0.0,0.0,0.0,0.0,0.0,0.0,0.0,0.0,0.093,0.0,0.0,0.0,0.0,0.0,0.0,0.0,0.0,0.907,0.0,0.0,0.0,0.0,0.0,0.0,0.0,0.0,0.0,0.0,0.0,0.0,106.0,400.0,2.0,1,0.01,0.1,72000,300.0,100.0,2.0,145.29220268612588,0.6804532194520465
69b7d5499605ebc57c753185,69b7d5499605ebc57c753185,69b7d5499605ebc57c753186,0.0,0.0,0.0,0.0,0.0,0.0,0.0,0.0,0.093,0.0,0.0,0.0,0.0,0.0,0.0,0.0,0.0,0.907,0.0,0.0,0.0,0.0,0.0,0.0,0.0,0.0,0.0,0.0,0.0,0.0,106.0,400.0,2.0,1,0.01,0.1,72000,300.0,100.0,2.0,150.32853143773787,0.7497218128778081
69b7d5499605ebc57c753185,69b7d5499605ebc57c753185,69b7d5499605ebc57c753186,0.0,0.0,0.0,0.0,0.0,0.0,0.0,0.0,0.093,0.0,0.0,0.0,0.0,0.0,0.0,0.0,0.0,0.907,0.0,0.0,0.0,0.0,0.0,0.0,0.0,0.0,0.0,0.0,0.0,0.0,106.0,400.0,2.0,1,0.01,0.1,72000,300.0,100.0,2.0,155.11323247255683,0.8193588162762022
69b7d5499605ebc57c753185,69b7d5499605ebc57c753185,69b7d5499605ebc57c753186,0.0,0.0,0.0,0.0,0.0,0.0,0.0,0.0,0.093,0.0,0.0,0.0,0.0,0.0,0.0,0.0,0.0,0.907,0.0,0.0,0.0,0.0,0.0,0.0,0.0,0.0,0.0,0.0,0.0,0.0,106.0,400.0,2.0,1,0.01,0.1,72000,300.0,100.0,2.0,160.16088447142454,0.8705151724760156
69b7d5499605ebc57c753185,69b7d5499605ebc57c753185,69b7d5499605ebc57c753186,0.0,0.0,0.0,0.0,0.0,0.0,0.0,0.0,0.093,0.0,0.0,0.0,0.0,0.0,0.0,0.0,0.0,0.907,0.0,0.0,0.0,0.0,0.0,0.0,0.0,0.0,0.0,0.0,0.0,0.0,106.0,400.0,2.0,1,0.01,0.1,72000,300.0,100.0,2.0,165.1254993237505,0.9309118522751194
69b7d5499605ebc57c753185,69b7d5499605ebc57c753185,69b7d5499605ebc57c753186,0.0,0.0,0.0,0.0,0.0,0.0,0.0,0.0,0.093,0.0,0.0,0.0,0.0,0.0,0.0,0.0,0.0,0.907,0.0,0.0,0.0,0.0,0.0,0.0,0.0,0.0,0.0,0.0,0.0,0.0,106.0,400.0,2.0,1,0.01,0.1,72000,300.0,100.0,2.0,170.3820023275564,0.9597004601365371
69b7d5499605ebc57c753185,69b7d5499605ebc57c753185,69b7d5499605ebc57c753186,0.0,0.0,0.0,0.0,0.0,0.0,0.0,0.0,0.093,0.0,0.0,0.0,0.0,0.0,0.0,0.0,0.0,0.907,0.0,0.0,0.0,0.0,0.0,0.0,0.0,0.0,0.0,0.0,0.0,0.0,106.0,400.0,2.0,1,0.01,0.1,72000,300.0,100.0,2.0,175.23212656874153,0.9801359357613305
69b7d54a9605ebc57c753187,69b7d54a9605ebc57c753187,69b7d54a9605ebc57c753188,0.0,0.0,0.0,0.0,0.0,0.0,0.098,0.0,0.0,0.0,0.0,0.0,0.0,0.0,0.0,0.0,0.0,0.902,0.0,0.0,0.0,0.0,0.0,0.0,0.0,0.0,0.0,0.0,0.0,0.0,127.0,400.0,2.0,1,0.01,0.1,72000,300.0,100.0,2.0,105.25320039002295,0.040171724158671915
69b7d54a9605ebc57c753187,69b7d54a9605ebc57c753187,69b7d54a9605ebc57c753188,0.0,0.0,0.0,0.0,0.0,0.0,0.098,0.0,0.0,0.0,0.0,0.0,0.0,0.0,0.0,0.0,0.0,0.902,0.0,0.0,0.0,0.0,0.0,0.0,0.0,0.0,0.0,0.0,0.0,0.0,127.0,400.0,2.0,1,0.01,0.1,72000,300.0,100.0,2.0,115.02390463309533,0.06862951490180746
69b7d54a9605ebc57c753187,69b7d54a9605ebc57c753187,69b7d54a9605ebc57c753188,0.0,0.0,0.0,0.0,0.0,0.0,0.098,0.0,0.0,0.0,0.0,0.0,0.0,0.0,0.0,0.0,0.0,0.902,0.0,0.0,0.0,0.0,0.0,0.0,0.0,0.0,0.0,0.0,0.0,0.0,127.0,400.0,2.0,1,0.01,0.1,72000,300.0,100.0,2.0,125.4777781272607,0.11169588884544826
69b7d54a9605ebc57c753187,69b7d54a9605ebc57c753187,69b7d54a9605ebc57c753188,0.0,0.0,0.0,0.0,0.0,0.0,0.098,0.0,0.0,0.0,0.0,0.0,0.0,0.0,0.0,0.0,0.0,0.902,0.0,0.0,0.0,0.0,0.0,0.0,0.0,0.0,0.0,0.0,0.0,0.0,127.0,400.0,2.0,1,0.01,0.1,72000,300.0,100.0,2.0,135.1478312836159,0.17990436377853297
69b7d54a9605ebc57c753187,69b7d54a9605ebc57c753187,69b7d54a9605ebc57c753188,0.0,0.0,0.0,0.0,0.0,0.0,0.098,0.0,0.0,0.0,0.0,0.0,0.0,0.0,0.0,0.0,0.0,0.902,0.0,0.0,0.0,0.0,0.0,0.0,0.0,0.0,0.0,0.0,0.0,0.0,127.0,400.0,2.0,1,0.01,0.1,72000,300.0,100.0,2.0,145.10348189853113,0.26062374063937926
69b7d54a9605ebc57c753187,69b7d54a9605ebc57c753187,69b7d54a9605ebc57c753188,0.0,0.0,0.0,0.0,0.0,0.0,0.098,0.0,0.0,0.0,0.0,0.0,0.0,0.0,0.0,0.0,0.0,0.902,0.0,0.0,0.0,0.0,0.0,0.0,0.0,0.0,0.0,0.0,0.0,0.0,127.0,400.0,2.0,1,0.01,0.1,72000,300.0,100.0,2.0,149.96870380272387,0.3100357883973414
69b7d54a9605ebc57c753187,69b7d54a9605ebc57c753187,69b7d54a9605ebc57c753188,0.0,0.0,0.0,0.0,0.0,0.0,0.098,0.0,0.0,0.0,0.0,0.0,0.0,0.0,0.0,0.0,0.0,0.902,0.0,0.0,0.0,0.0,0.0,0.0,0.0,0.0,0.0,0.0,0.0,0.0,127.0,400.0,2.0,1,0.01,0.1,72000,300.0,100.0,2.0,155.1358789670682,0.3587786833478692
69b7d54a9605ebc57c753187,69b7d54a9605ebc57c753187,69b7d54a9605ebc57c753188,0.0,0.0,0.0,0.0,0.0,0.0,0.098,0.0,0.0,0.0,0.0,0.0,0.0,0.0,0.0,0.0,0.0,0.902,0.0,0.0,0.0,0.0,0.0,0.0,0.0,0.0,0.0,0.0,0.0,0.0,127.0,400.0,2.0,1,0.01,0.1,72000,300.0,100.0,2.0,160.22630767779071,0.41830320892604733
69b7d54a9605ebc57c753187,69b7d54a9605ebc57c753187,69b7d54a9605ebc57c753188,0.0,0.0,0.0,0.0,0.0,0.0,0.098,0.0,0.0,0.0,0.0,0.0,0.0,0.0,0.0,0.0,0.0,0.902,0.0,0.0,0.0,0.0,0.0,0.0,0.0,0.0,0.0,0.0,0.0,0.0,127.0,400.0,2.0,1,0.01,0.1,72000,300.0,100.0,2.0,165.08398075047967,0.4993534029051757
69b7d54a9605ebc57c753187,69b7d54a9605ebc57c753187,69b7d54a9605ebc57c753188,0.0,0.0,0.0,0.0,0.0,0.0,0.098,0.0,0.0,0.0,0.0,0.0,0.0,0.0,0.0,0.0,0.0,0.902,0.0,0.0,0.0,0.0,0.0,0.0,0.0,0.0,0.0,0.0,0.0,0.0,127.0,400.0,2.0,1,0.01,0.1,72000,300.0,100.0,2.0,170.30022331959864,0.5789675498481248
69b7d54a9605ebc57c753187,69b7d54a9605ebc57c753187,69b7d54a9605ebc57c753188,0.0,0.0,0.0,0.0,0.0,0.0,0.098,0.0,0.0,0.0,0.0,0.0,0.0,0.0,0.0,0.0,0.0,0.902,0.0,0.0,0.0,0.0,0.0,0.0,0.0,0.0,0.0,0.0,0.0,0.0,127.0,400.0,2.0,1,0.01,0.1,72000,300.0,100.0,2.0,175.09247318592142,0.6583035096688821
69b7d54a9605ebc57c753187,69b7d54a9605ebc57c753187,69b7d54a9605ebc57c753188,0.0,0.0,0.0,0.0,0.0,0.0,0.098,0.0,0.0,0.0,0.0,0.0,0.0,0.0,0.0,0.0,0.0,0.902,0.0,0.0,0.0,0.0,0.0,0.0,0.0,0.0,0.0,0.0,0.0,0.0,127.0,400.0,2.0,1,0.01,0.1,72000,300.0,100.0,2.0,180.1288019375334,0.7394664822110613
69b7d54a9605ebc57c753187,69b7d54a9605ebc57c753187,69b7d54a9605ebc57c753188,0.0,0.0,0.0,0.0,0.0,0.0,0.098,0.0,0.0,0.0,0.0,0.0,0.0,0.0,0.0,0.0,0.0,0.902,0.0,0.0,0.0,0.0,0.0,0.0,0.0,0.0,0.0,0.0,0.0,0.0,127.0,400.0,2.0,1,0.01,0.1,72000,300.0,100.0,2.0,184.9097285566005,0.8292833298246669
69b7d54a9605ebc57c753187,69b7d54a9605ebc57c753187,69b7d54a9605ebc57c753188,0.0,0.0,0.0,0.0,0.0,0.0,0.098,0.0,0.0,0.0,0.0,0.0,0.0,0.0,0.0,0.0,0.0,0.902,0.0,0.0,0.0,0.0,0.0,0.0,0.0,0.0,0.0,0.0,0.0,0.0,127.0,400.0,2.0,1,0.01,0.1,72000,300.0,100.0,2.0,189.94102475387663,0.9095591110041802
69b7d54a9605ebc57c753187,69b7d54a9605ebc57c753187,69b7d54a9605ebc57c753188,0.0,0.0,0.0,0.0,0.0,0.0,0.098,0.0,0.0,0.0,0.0,0.0,0.0,0.0,0.0,0.0,0.0,0.902,0.0,0.0,0.0,0.0,0.0,0.0,0.0,0.0,0.0,0.0,0.0,0.0,127.0,400.0,2.0,1,0.01,0.1,72000,300.0,100.0,2.0,195.42147642562827,0.9613620642988181
69b7d54a9605ebc57c753187,69b7d54a9605ebc57c753187,69b7d54a9605ebc57c753188,0.0,0.0,0.0,0.0,0.0,0.0,0.098,0.0,0.0,0.0,0.0,0.0,0.0,0.0,0.0,0.0,0.0,0.902,0.0,0.0,0.0,0.0,0.0,0.0,0.0,0.0,0.0,0.0,0.0,0.0,127.0,400.0,2.0,1,0.01,0.1,72000,300.0,100.0,2.0,200.14830308558487,0.9806246428678836
69b7d54a9605ebc57c753189,69b7d54a9605ebc57c753189,69b7d54b9605ebc57c75318a,0.0,0.0,0.0,0.0,0.0,0.0,0.0,0.075,0.0,0.0,0.0,0.0,0.0,0.0,0.0,0.0,0.0,0.925,0.0,0.0,0.0,0.0,0.0,0.0,0.0,0.0,0.0,0.0,0.0,0.0,126.0,400.0,2.0,1,0.01,0.1,72000,300.0,100.0,2.0,110.13981065014312,0.03196144476857839
69b7d54a9605ebc57c753189,69b7d54a9605ebc57c753189,69b7d54b9605ebc57c75318a,0.0,0.0,0.0,0.0,0.0,0.0,0.0,0.075,0.0,0.0,0.0,0.0,0.0,0.0,0.0,0.0,0.0,0.925,0.0,0.0,0.0,0.0,0.0,0.0,0.0,0.0,0.0,0.0,0.0,0.0,126.0,400.0,2.0,1,0.01,0.1,72000,300.0,100.0,2.0,120.17724027301607,0.07594508435836515
69b7d54a9605ebc57c753189,69b7d54a9605ebc57c753189,69b7d54b9605ebc57c75318a,0.0,0.0,0.0,0.0,0.0,0.0,0.0,0.075,0.0,0.0,0.0,0.0,0.0,0.0,0.0,0.0,0.0,0.925,0.0,0.0,0.0,0.0,0.0,0.0,0.0,0.0,0.0,0.0,0.0,0.0,126.0,400.0,2.0,1,0.01,0.1,72000,300.0,100.0,2.0,129.99072122794325,0.12110913957474963
69b7d54a9605ebc57c753189,69b7d54a9605ebc57c753189,69b7d54b9605ebc57c75318a,0.0,0.0,0.0,0.0,0.0,0.0,0.0,0.075,0.0,0.0,0.0,0.0,0.0,0.0,0.0,0.0,0.0,0.925,0.0,0.0,0.0,0.0,0.0,0.0,0.0,0.0,0.0,0.0,0.0,0.0,126.0,400.0,2.0,1,0.01,0.1,72000,300.0,100.0,2.0,140.1288019375334,0.19738504105139693
69b7d54a9605ebc57c753189,69b7d54a9605ebc57c753189,69b7d54b9605ebc57c75318a,0.0,0.0,0.0,0.0,0.0,0.0,0.0,0.075,0.0,0.0,0.0,0.0,0.0,0.0,0.0,0.0,0.0,0.925,0.0,0.0,0.0,0.0,0.0,0.0,0.0,0.0,0.0,0.0,0.0,0.0,126.0,400.0,2.0,1,0.01,0.1,72000,300.0,100.0,2.0,145.09844934419527,0.26386424468437036
69b7d54a9605ebc57c753189,69b7d54a9605ebc57c753189,69b7d54b9605ebc57c75318a,0.0,0.0,0.0,0.0,0.0,0.0,0.0,0.075,0.0,0.0,0.0,0.0,0.0,0.0,0.0,0.0,0.0,0.925,0.0,0.0,0.0,0.0,0.0,0.0,0.0,0.0,0.0,0.0,0.0,0.0,126.0,400.0,2.0,1,0.01,0.1,72000,300.0,100.0,2.0,154.9245116849621,0.36101169889627377
69b7d54a9605ebc57c753189,69b7d54a9605ebc57c753189,69b7d54b9605ebc57c75318a,0.0,0.0,0.0,0.0,0.0,0.0,0.0,0.075,0.0,0.0,0.0,0.0,0.0,0.0,0.0,0.0,0.0,0.925,0.0,0.0,0.0,0.0,0.0,0.0,0.0,0.0,0.0,0.0,0.0,0.0,126.0,400.0,2.0,1,0.01,0.1,72000,300.0,100.0,2.0,164.9959110496021,0.47041442362635705
69b7d54a9605ebc57c753189,69b7d54a9605ebc57c753189,69b7d54b9605ebc57c75318a,0.0,0.0,0.0,0.0,0.0,0.0,0.0,0.075,0.0,0.0,0.0,0.0,0.0,0.0,0.0,0.0,0.0,0.925,0.0,0.0,0.0,0.0,0.0,0.0,0.0,0.0,0.0,0.0,0.0,0.0,126.0,400.0,2.0,1,0.01,0.1,72000,300.0,100.0,2.0,170.38955115906015,0.550472166250639
69b7d54a9605ebc57c753189,69b7d54a9605ebc57c753189,69b7d54b9605ebc57c75318a,0.0,0.0,0.0,0.0,0.0,0.0,0.0,0.075,0.0,0.0,0.0,0.0,0.0,0.0,0.0,0.0,0.0,0.925,0.0,0.0,0.0,0.0,0.0,0.0,0.0,0.0,0.0,0.0,0.0,0.0,126.0,400.0,2.0,1,0.01,0.1,72000,300.0,100.0,2.0,175.09624760167333,0.6258834320772307
69b7d54a9605ebc57c753189,69b7d54a9605ebc57c753189,69b7d54b9605ebc57c75318a,0.0,0.0,0.0,0.0,0.0,0.0,0.0,0.075,0.0,0.0,0.0,0.0,0.0,0.0,0.0,0.0,0.0,0.925,0.0,0.0,0.0,0.0,0.0,0.0,0.0,0.0,0.0,0.0,0.0,0.0,126.0,400.0,2.0,1,0.01,0.1,72000,300.0,100.0,2.0,180.19548328248356,0.7143544555050976
69b7d54a9605ebc57c753189,69b7d54a9605ebc57c753189,69b7d54b9605ebc57c75318a,0.0,0.0,0.0,0.0,0.0,0.0,0.0,0.075,0.0,0.0,0.0,0.0,0.0,0.0,0.0,0.0,0.0,0.925,0.0,0.0,0.0,0.0,0.0,0.0,0.0,0.0,0.0,0.0,0.0,0.0,126.0,400.0,2.0,1,0.01,0.1,72000,300.0,100.0,2.0,185.05567263234045,0.7679769029502872
69b7d54a9605ebc57c753189,69b7d54a9605ebc57c753189,69b7d54b9605ebc57c75318a,0.0,0.0,0.0,0.0,0.0,0.0,0.0,0.075,0.0,0.0,0.0,0.0,0.0,0.0,0.0,0.0,0.0,0.925,0.0,0.0,0.0,0.0,0.0,0.0,0.0,0.0,0.0,0.0,0.0,0.0,126.0,400.0,2.0,1,0.01,0.1,72000,300.0,100.0,2.0,190.02280376183438,0.8339222880514872
69b7d54a9605ebc57c753189,69b7d54a9605ebc57c753189,69b7d54b9605ebc57c75318a,0.0,0.0,0.0,0.0,0.0,0.0,0.0,0.075,0.0,0.0,0.0,0.0,0.0,0.0,0.0,0.0,0.0,0.925,0.0,0.0,0.0,0.0,0.0,0.0,0.0,0.0,0.0,0.0,0.0,0.0,126.0,400.0,2.0,1,0.01,0.1,72000,300.0,100.0,2.0,195.13839524423616,0.8889958196745963
69b7d54a9605ebc57c753189,69b7d54a9605ebc57c753189,69b7d54b9605ebc57c75318a,0.0,0.0,0.0,0.0,0.0,0.0,0.0,0.075,0.0,0.0,0.0,0.0,0.0,0.0,0.0,0.0,0.0,0.925,0.0,0.0,0.0,0.0,0.0,0.0,0.0,0.0,0.0,0.0,0.0,0.0,126.0,400.0,2.0,1,0.01,0.1,72000,300.0,100.0,2.0,200.0828798792187,0.9337087606387777
69b7d54a9605ebc57c753189,69b7d54a9605ebc57c753189,69b7d54b9605ebc57c75318a,0.0,0.0,0.0,0.0,0.0,0.0,0.0,0.075,0.0,0.0,0.0,0.0,0.0,0.0,0.0,0.0,0.0,0.925,0.0,0.0,0.0,0.0,0.0,0.0,0.0,0.0,0.0,0.0,0.0,0.0,126.0,400.0,2.0,1,0.01,0.1,72000,300.0,100.0,2.0,205.12424118516654,0.9660536525217286
69b7d54b9605ebc57c75318b,69b7d54b9605ebc57c75318b,69b7d54b9605ebc57c75318c,0.0,0.0,0.0,0.0,0.102,0.0,0.0,0.0,0.0,0.0,0.0,0.0,0.0,0.0,0.0,0.0,0.0,0.898,0.0,0.0,0.0,0.0,0.0,0.0,0.0,0.0,0.0,0.0,0.0,0.0,144.0,400.0,2.0,1,0.01,0.1,72000,300.0,100.0,2.0,125.23873179630736,0.04278066825057893
69b7d54b9605ebc57c75318b,69b7d54b9605ebc57c75318b,69b7d54b9605ebc57c75318c,0.0,0.0,0.0,0.0,0.102,0.0,0.0,0.0,0.0,0.0,0.0,0.0,0.0,0.0,0.0,0.0,0.0,0.898,0.0,0.0,0.0,0.0,0.0,0.0,0.0,0.0,0.0,0.0,0.0,0.0,144.0,400.0,2.0,1,0.01,0.1,72000,300.0,100.0,2.0,135.28245211210015,0.06202820967790443
69b7d54b9605ebc57c75318b,69b7d54b9605ebc57c75318b,69b7d54b9605ebc57c75318c,0.0,0.0,0.0,0.0,0.102,0.0,0.0,0.0,0.0,0.0,0.0,0.0,0.0,0.0,0.0,0.0,0.0,0.898,0.0,0.0,0.0,0.0,0.0,0.0,0.0,0.0,0.0,0.0,0.0,0.0,144.0,400.0,2.0,1,0.01,0.1,72000,300.0,100.0,2.0,150.49460573082126,0.10155333674175213
69b7d54b9605ebc57c75318b,69b7d54b9605ebc57c75318b,69b7d54b9605ebc57c75318c,0.0,0.0,0.0,0.0,0.102,0.0,0.0,0.0,0.0,0.0,0.0,0.0,0.0,0.0,0.0,0.0,0.0,0.898,0.0,0.0,0.0,0.0,0.0,0.0,0.0,0.0,0.0,0.0,0.0,0.0,144.0,400.0,2.0,1,0.01,0.1,72000,300.0,100.0,2.0,160.2804076369012,0.15131123875973654
69b7d54b9605ebc57c75318b,69b7d54b9605ebc57c75318b,69b7d54b9605ebc57c75318c,0.0,0.0,0.0,0.0,0.102,0.0,0.0,0.0,0.0,0.0,0.0,0.0,0.0,0.0,0.0,0.0,0.0,0.898,0.0,0.0,0.0,0.0,0.0,0.0,0.0,0.0,0.0,0.0,0.0,0.0,144.0,400.0,2.0,1,0.01,0.1,72000,300.0,100.0,2.0,170.17818387695405,0.20899371447475265
69b7d54b9605ebc57c75318b,69b7d54b9605ebc57c75318b,69b7d54b9605ebc57c75318c,0.0,0.0,0.0,0.0,0.102,0.0,0.0,0.0,0.0,0.0,0.0,0.0,0.0,0.0,0.0,0.0,0.0,0.898,0.0,0.0,0.0,0.0,0.0,0.0,0.0,0.0,0.0,0.0,0.0,0.0,144.0,400.0,2.0,1,0.01,0.1,72000,300.0,100.0,2.0,180.03066712798415,0.30144206189287537
69b7d54b9605ebc57c75318b,69b7d54b9605ebc57c75318b,69b7d54b9605ebc57c75318c,0.0,0.0,0.0,0.0,0.102,0.0,0.0,0.0,0.0,0.0,0.0,0.0,0.0,0.0,0.0,0.0,0.0,0.898,0.0,0.0,0.0,0.0,0.0,0.0,0.0,0.0,0.0,0.0,0.0,0.0,144.0,400.0,2.0,1,0.01,0.1,72000,300.0,100.0,2.0,190.04167584059383,0.421167784427536
69b7d54b9605ebc57c75318b,69b7d54b9605ebc57c75318b,69b7d54b9605ebc57c75318c,0.0,0.0,0.0,0.0,0.102,0.0,0.0,0.0,0.0,0.0,0.0,0.0,0.0,0.0,0.0,0.0,0.0,0.898,0.0,0.0,0.0,0.0,0.0,0.0,0.0,0.0,0.0,0.0,0.0,0.0,144.0,400.0,2.0,1,0.01,0.1,72000,300.0,100.0,2.0,195.01887207875947,0.4810607199783465
69b7d54b9605ebc57c75318b,69b7d54b9605ebc57c75318b,69b7d54b9605ebc57c75318c,0.0,0.0,0.0,0.0,0.102,0.0,0.0,0.0,0.0,0.0,0.0,0.0,0.0,0.0,0.0,0.0,0.0,0.898,0.0,0.0,0.0,0.0,0.0,0.0,0.0,0.0,0.0,0.0,0.0,0.0,144.0,400.0,2.0,1,0.01,0.1,72000,300.0,100.0,2.0,200.07784732488284,0.6006887010916965
69b7d54b9605ebc57c75318b,69b7d54b9605ebc57c75318b,69b7d54b9605ebc57c75318c,0.0,0.0,0.0,0.0,0.102,0.0,0.0,0.0,0.0,0.0,0.0,0.0,0.0,0.0,0.0,0.0,0.0,0.898,0.0,0.0,0.0,0.0,0.0,0.0,0.0,0.0,0.0,0.0,0.0,0.0,144.0,400.0,2.0,1,0.01,0.1,72000,300.0,100.0,2.0,205.14185512534206,0.7305720128717933
69b7d54b9605ebc57c75318b,69b7d54b9605ebc57c75318b,69b7d54b9605ebc57c75318c,0.0,0.0,0.0,0.0,0.102,0.0,0.0,0.0,0.0,0.0,0.0,0.0,0.0,0.0,0.0,0.0,0.0,0.898,0.0,0.0,0.0,0.0,0.0,0.0,0.0,0.0,0.0,0.0,0.0,0.0,144.0,400.0,2.0,1,0.01,0.1,72000,300.0,100.0,2.0,210.1215676406756,0.8406965204054013
69b7d54b9605ebc57c75318b,69b7d54b9605ebc57c75318b,69b7d54b9605ebc57c75318c,0.0,0.0,0.0,0.0,0.102,0.0,0.0,0.0,0.0,0.0,0.0,0.0,0.0,0.0,0.0,0.0,0.0,0.898,0.0,0.0,0.0,0.0,0.0,0.0,0.0,0.0,0.0,0.0,0.0,0.0,144.0,400.0,2.0,1,0.01,0.1,72000,300.0,100.0,2.0,215.19689868839052,0.9196715888243961
69b7d54b9605ebc57c75318b,69b7d54b9605ebc57c75318b,69b7d54b9605ebc57c75318c,0.0,0.0,0.0,0.0,0.102,0.0,0.0,0.0,0.0,0.0,0.0,0.0,0.0,0.0,0.0,0.0,0.0,0.898,0.0,0.0,0.0,0.0,0.0,0.0,0.0,0.0,0.0,0.0,0.0,0.0,144.0,400.0,2.0,1,0.01,0.1,72000,300.0,100.0,2.0,220.11118799735792,0.9694595651258608
69b7d54e9605ebc57c753195,69b7d54e9605ebc57c753195,69b7d54f9605ebc57c753196,0.0,0.0,0.0,0.0,0.0,0.0,0.02,0.0,0.0,0.0,0.0,0.0,0.0,0.0,0.0,0.0,0.0,0.98,0.0,0.0,0.0,0.0,0.0,0.0,0.0,0.0,0.0,0.0,0.0,0.0,185.0,300.0,2.0,1,0.01,0.1,144000,0.0,0.0,0.0,153.001453577518,0.041705731772835965
69b7d54e9605ebc57c753195,69b7d54e9605ebc57c753195,69b7d54f9605ebc57c753196,0.0,0.0,0.0,0.0,0.0,0.0,0.02,0.0,0.0,0.0,0.0,0.0,0.0,0.0,0.0,0.0,0.0,0.98,0.0,0.0,0.0,0.0,0.0,0.0,0.0,0.0,0.0,0.0,0.0,0.0,185.0,300.0,2.0,1,0.01,0.1,144000,0.0,0.0,0.0,160.14437643364448,0.06067609847567077
69b7d54e9605ebc57c753195,69b7d54e9605ebc57c753195,69b7d54f9605ebc57c753196,0.0,0.0,0.0,0.0,0.0,0.0,0.02,0.0,0.0,0.0,0.0,0.0,0.0,0.0,0.0,0.0,0.0,0.98,0.0,0.0,0.0,0.0,0.0,0.0,0.0,0.0,0.0,0.0,0.0,0.0,185.0,300.0,2.0,1,0.01,0.1,144000,0.0,0.0,0.0,170.29626608441788,0.08289949118796548
69b7d54e9605ebc57c753195,69b7d54e9605ebc57c753195,69b7d54f9605ebc57c753196,0.0,0.0,0.0,0.0,0.0,0.0,0.02,0.0,0.0,0.0,0.0,0.0,0.0,0.0,0.0,0.0,0.0,0.98,0.0,0.0,0.0,0.0,0.0,0.0,0.0,0.0,0.0,0.0,0.0,0.0,185.0,300.0,2.0,1,0.01,0.1,144000,0.0,0.0,0.0,182.9966696515094,0.13486363205410473
69b7d54e9605ebc57c753195,69b7d54e9605ebc57c753195,69b7d54f9605ebc57c753196,0.0,0.0,0.0,0.0,0.0,0.0,0.02,0.0,0.0,0.0,0.0,0.0,0.0,0.0,0.0,0.0,0.0,0.98,0.0,0.0,0.0,0.0,0.0,0.0,0.0,0.0,0.0,0.0,0.0,0.0,185.0,300.0,2.0,1,0.01,0.1,144000,0.0,0.0,0.0,194.8115869141224,0.19816279878222212
69b7d54e9605ebc57c753195,69b7d54e9605ebc57c753195,69b7d54f9605ebc57c753196,0.0,0.0,0.0,0.0,0.0,0.0,0.02,0.0,0.0,0.0,0.0,0.0,0.0,0.0,0.0,0.0,0.0,0.98,0.0,0.0,0.0,0.0,0.0,0.0,0.0,0.0,0.0,0.0,0.0,0.0,185.0,300.0,2.0,1,0.01,0.1,144000,0.0,0.0,0.0,204.93649031561645,0.260501227258841
69b7d54e9605ebc57c753195,69b7d54e9605ebc57c753195,69b7d54f9605ebc57c753196,0.0,0.0,0.0,0.0,0.0,0.0,0.02,0.0,0.0,0.0,0.0,0.0,0.0,0.0,0.0,0.0,0.0,0.98,0.0,0.0,0.0,0.0,0.0,0.0,0.0,0.0,0.0,0.0,0.0,0.0,185.0,300.0,2.0,1,0.01,0.1,144000,0.0,0.0,0.0,211.79099763256994,0.333163378174808
69b7d54e9605ebc57c753195,69b7d54e9605ebc57c753195,69b7d54f9605ebc57c753196,0.0,0.0,0.0,0.0,0.0,0.0,0.02,0.0,0.0,0.0,0.0,0.0,0.0,0.0,0.0,0.0,0.0,0.98,0.0,0.0,0.0,0.0,0.0,0.0,0.0,0.0,0.0,0.0,0.0,0.0,185.0,300.0,2.0,1,0.01,0.1,144000,0.0,0.0,0.0,219.85651288593402,0.4801984682966912
69b7d54e9605ebc57c753195,69b7d54e9605ebc57c753195,69b7d54f9605ebc57c753196,0.0,0.0,0.0,0.0,0.0,0.0,0.02,0.0,0.0,0.0,0.0,0.0,0.0,0.0,0.0,0.0,0.0,0.98,0.0,0.0,0.0,0.0,0.0,0.0,0.0,0.0,0.0,0.0,0.0,0.0,185.0,300.0,2.0,1,0.01,0.1,144000,0.0,0.0,0.0,224.9822136084295,0.5733226584638722
69b7d54e9605ebc57c753195,69b7d54e9605ebc57c753195,69b7d54f9605ebc57c753196,0.0,0.0,0.0,0.0,0.0,0.0,0.02,0.0,0.0,0.0,0.0,0.0,0.0,0.0,0.0,0.0,0.0,0.98,0.0,0.0,0.0,0.0,0.0,0.0,0.0,0.0,0.0,0.0,0.0,0.0,185.0,300.0,2.0,1,0.01,0.1,144000,0.0,0.0,0.0,229.91732394538963,0.6253795021437526
69b7d54e9605ebc57c753195,69b7d54e9605ebc57c753195,69b7d54f9605ebc57c753196,0.0,0.0,0.0,0.0,0.0,0.0,0.02,0.0,0.0,0.0,0.0,0.0,0.0,0.0,0.0,0.0,0.0,0.98,0.0,0.0,0.0,0.0,0.0,0.0,0.0,0.0,0.0,0.0,0.0,0.0,185.0,300.0,2.0,1,0.01,0.1,144000,0.0,0.0,0.0,236.6908725145051,0.7079102889588842
69b7d54e9605ebc57c753195,69b7d54e9605ebc57c753195,69b7d54f9605ebc57c753196,0.0,0.0,0.0,0.0,0.0,0.0,0.02,0.0,0.0,0.0,0.0,0.0,0.0,0.0,0.0,0.0,0.0,0.98,0.0,0.0,0.0,0.0,0.0,0.0,0.0,0.0,0.0,0.0,0.0,0.0,185.0,300.0,2.0,1,0.01,0.1,144000,0.0,0.0,0.0,239.80778430626938,0.7704256955344633
69b7d54e9605ebc57c753195,69b7d54e9605ebc57c753195,69b7d54f9605ebc57c753196,0.0,0.0,0.0,0.0,0.0,0.0,0.02,0.0,0.0,0.0,0.0,0.0,0.0,0.0,0.0,0.0,0.0,0.98,0.0,0.0,0.0,0.0,0.0,0.0,0.0,0.0,0.0,0.0,0.0,0.0,185.0,300.0,2.0,1,0.01,0.1,144000,0.0,0.0,0.0,244.84577971860702,0.8016075510655557
69b7d54e9605ebc57c753195,69b7d54e9605ebc57c753195,69b7d54f9605ebc57c753196,0.0,0.0,0.0,0.0,0.0,0.0,0.02,0.0,0.0,0.0,0.0,0.0,0.0,0.0,0.0,0.0,0.0,0.98,0.0,0.0,0.0,0.0,0.0,0.0,0.0,0.0,0.0,0.0,0.0,0.0,185.0,300.0,2.0,1,0.01,0.1,144000,0.0,0.0,0.0,249.99509340922194,0.8334551813498794
69b7d54e9605ebc57c753195,69b7d54e9605ebc57c753195,69b7d54f9605ebc57c753196,0.0,0.0,0.0,0.0,0.0,0.0,0.02,0.0,0.0,0.0,0.0,0.0,0.0,0.0,0.0,0.0,0.0,0.98,0.0,0.0,0.0,0.0,0.0,0.0,0.0,0.0,0.0,0.0,0.0,0.0,185.0,300.0,2.0,1,0.01,0.1,144000,0.0,0.0,0.0,259.83664119328284,0.8952121103584861
69b7d54e9605ebc57c753195,69b7d54e9605ebc57c753195,69b7d54f9605ebc57c753196,0.0,0.0,0.0,0.0,0.0,0.0,0.02,0.0,0.0,0.0,0.0,0.0,0.0,0.0,0.0,0.0,0.0,0.98,0.0,0.0,0.0,0.0,0.0,0.0,0.0,0.0,0.0,0.0,0.0,0.0,185.0,300.0,2.0,1,0.01,0.1,144000,0.0,0.0,0.0,272.9924377169633,0.9571207348804872
69b7d54e9605ebc57c753195,69b7d54e9605ebc57c753195,69b7d54f9605ebc57c753196,0.0,0.0,0.0,0.0,0.0,0.0,0.02,0.0,0.0,0.0,0.0,0.0,0.0,0.0,0.0,0.0,0.0,0.98,0.0,0.0,0.0,0.0,0.0,0.0,0.0,0.0,0.0,0.0,0.0,0.0,185.0,300.0,2.0,1,0.01,0.1,144000,0.0,0.0,0.0,289.95329538903127,0.9886649741380219
69b7d54f9605ebc57c753197,69b7d54f9605ebc57c753197,69b7d54f9605ebc57c753198,0.0,0.0,0.0,0.0,0.0,0.0,0.0,0.02,0.0,0.0,0.0,0.0,0.0,0.0,0.0,0.0,0.0,0.98,0.0,0.0,0.0,0.0,0.0,0.0,0.0,0.0,0.0,0.0,0.0,0.0,180.0,300.0,2.0,1,0.01,0.1,144000,0.0,0.0,0.0,115.10095310525864,0.021799909404068386
69b7d54f9605ebc57c753197,69b7d54f9605ebc57c753197,69b7d54f9605ebc57c753198,0.0,0.0,0.0,0.0,0.0,0.0,0.0,0.02,0.0,0.0,0.0,0.0,0.0,0.0,0.0,0.0,0.0,0.98,0.0,0.0,0.0,0.0,0.0,0.0,0.0,0.0,0.0,0.0,0.0,0.0,180.0,300.0,2.0,1,0.01,0.1,144000,0.0,0.0,0.0,125.1432111183347,0.05166707048574166
69b7d54f9605ebc57c753197,69b7d54f9605ebc57c753197,69b7d54f9605ebc57c753198,0.0,0.0,0.0,0.0,0.0,0.0,0.0,0.02,0.0,0.0,0.0,0.0,0.0,0.0,0.0,0.0,0.0,0.98,0.0,0.0,0.0,0.0,0.0,0.0,0.0,0.0,0.0,0.0,0.0,0.0,180.0,300.0,2.0,1,0.01,0.1,144000,0.0,0.0,0.0,140.07841345387192,0.09379628556680396
69b7d54f9605ebc57c753197,69b7d54f9605ebc57c753197,69b7d54f9605ebc57c753198,0.0,0.0,0.0,0.0,0.0,0.0,0.0,0.02,0.0,0.0,0.0,0.0,0.0,0.0,0.0,0.0,0.0,0.98,0.0,0.0,0.0,0.0,0.0,0.0,0.0,0.0,0.0,0.0,0.0,0.0,180.0,300.0,2.0,1,0.01,0.1,144000,0.0,0.0,0.0,150.04645928142978,0.13581594277708134
69b7d54f9605ebc57c753197,69b7d54f9605ebc57c753197,69b7d54f9605ebc57c753198,0.0,0.0,0.0,0.0,0.0,0.0,0.0,0.02,0.0,0.0,0.0,0.0,0.0,0.0,0.0,0.0,0.0,0.98,0.0,0.0,0.0,0.0,0.0,0.0,0.0,0.0,0.0,0.0,0.0,0.0,180.0,300.0,2.0,1,0.01,0.1,144000,0.0,0.0,0.0,159.8390944886719,0.18612828805292486
69b7d54f9605ebc57c753197,69b7d54f9605ebc57c753197,69b7d54f9605ebc57c753198,0.0,0.0,0.0,0.0,0.0,0.0,0.0,0.02,0.0,0.0,0.0,0.0,0.0,0.0,0.0,0.0,0.0,0.98,0.0,0.0,0.0,0.0,0.0,0.0,0.0,0.0,0.0,0.0,0.0,0.0,180.0,300.0,2.0,1,0.01,0.1,144000,0.0,0.0,0.0,169.90159218870747,0.2713558839950699
69b7d54f9605ebc57c753197,69b7d54f9605ebc57c753197,69b7d54f9605ebc57c753198,0.0,0.0,0.0,0.0,0.0,0.0,0.0,0.02,0.0,0.0,0.0,0.0,0.0,0.0,0.0,0.0,0.0,0.98,0.0,0.0,0.0,0.0,0.0,0.0,0.0,0.0,0.0,0.0,0.0,0.0,180.0,300.0,2.0,1,0.01,0.1,144000,0.0,0.0,0.0,175.00873986482344,0.3129878748933391
69b7d54f9605ebc57c753197,69b7d54f9605ebc57c753197,69b7d54f9605ebc57c753198,0.0,0.0,0.0,0.0,0.0,0.0,0.0,0.02,0.0,0.0,0.0,0.0,0.0,0.0,0.0,0.0,0.0,0.98,0.0,0.0,0.0,0.0,0.0,0.0,0.0,0.0,0.0,0.0,0.0,0.0,180.0,300.0,2.0,1,0.01,0.1,144000,0.0,0.0,0.0,165.09803981698417,0.23033910267890065
69b7d54f9605ebc57c753197,69b7d54f9605ebc57c753197,69b7d54f9605ebc57c753198,0.0,0.0,0.0,0.0,0.0,0.0,0.0,0.02,0.0,0.0,0.0,0.0,0.0,0.0,0.0,0.0,0.0,0.98,0.0,0.0,0.0,0.0,0.0,0.0,0.0,0.0,0.0,0.0,0.0,0.0,180.0,300.0,2.0,1,0.01,0.1,144000,0.0,0.0,0.0,181.96107233541454,0.39549337912290494
69b7d54f9605ebc57c753197,69b7d54f9605ebc57c753197,69b7d54f9605ebc57c753198,0.0,0.0,0.0,0.0,0.0,0.0,0.0,0.02,0.0,0.0,0.0,0.0,0.0,0.0,0.0,0.0,0.0,0.98,0.0,0.0,0.0,0.0,0.0,0.0,0.0,0.0,0.0,0.0,0.0,0.0,180.0,300.0,2.0,1,0.01,0.1,144000,0.0,0.0,0.0,186.86244986077548,0.45822790144005393
69b7d54f9605ebc57c753197,69b7d54f9605ebc57c753197,69b7d54f9605ebc57c753198,0.0,0.0,0.0,0.0,0.0,0.0,0.0,0.02,0.0,0.0,0.0,0.0,0.0,0.0,0.0,0.0,0.0,0.98,0.0,0.0,0.0,0.0,0.0,0.0,0.0,0.0,0.0,0.0,0.0,0.0,180.0,300.0,2.0,1,0.01,0.1,144000,0.0,0.0,0.0,194.87230597500093,0.5317833703793441
69b7d54f9605ebc57c753197,69b7d54f9605ebc57c753197,69b7d54f9605ebc57c753198,0.0,0.0,0.0,0.0,0.0,0.0,0.0,0.02,0.0,0.0,0.0,0.0,0.0,0.0,0.0,0.0,0.0,0.98,0.0,0.0,0.0,0.0,0.0,0.0,0.0,0.0,0.0,0.0,0.0,0.0,180.0,300.0,2.0,1,0.01,0.1,144000,0.0,0.0,0.0,204.9213105503968,0.62462102457678
69b7d54f9605ebc57c753197,69b7d54f9605ebc57c753197,69b7d54f9605ebc57c753198,0.0,0.0,0.0,0.0,0.0,0.0,0.0,0.02,0.0,0.0,0.0,0.0,0.0,0.0,0.0,0.0,0.0,0.98,0.0,0.0,0.0,0.0,0.0,0.0,0.0,0.0,0.0,0.0,0.0,0.0,180.0,300.0,2.0,1,0.01,0.1,144000,0.0,0.0,0.0,209.83955448155734,0.6874988148788017
69b7d54f9605ebc57c753197,69b7d54f9605ebc57c753197,69b7d54f9605ebc57c753198,0.0,0.0,0.0,0.0,0.0,0.0,0.0,0.02,0.0,0.0,0.0,0.0,0.0,0.0,0.0,0.0,0.0,0.98,0.0,0.0,0.0,0.0,0.0,0.0,0.0,0.0,0.0,0.0,0.0,0.0,180.0,300.0,2.0,1,0.01,0.1,144000,0.0,0.0,0.0,220.8128380947708,0.7600935455665934
69b7d54f9605ebc57c753197,69b7d54f9605ebc57c753197,69b7d54f9605ebc57c753198,0.0,0.0,0.0,0.0,0.0,0.0,0.0,0.02,0.0,0.0,0.0,0.0,0.0,0.0,0.0,0.0,0.0,0.98,0.0,0.0,0.0,0.0,0.0,0.0,0.0,0.0,0.0,0.0,0.0,0.0,180.0,300.0,2.0,1,0.01,0.1,144000,0.0,0.0,0.0,230.00334261496755,0.8118469982196846
69b7d54f9605ebc57c753197,69b7d54f9605ebc57c753197,69b7d54f9605ebc57c753198,0.0,0.0,0.0,0.0,0.0,0.0,0.0,0.02,0.0,0.0,0.0,0.0,0.0,0.0,0.0,0.0,0.0,0.98,0.0,0.0,0.0,0.0,0.0,0.0,0.0,0.0,0.0,0.0,0.0,0.0,180.0,300.0,2.0,1,0.01,0.1,144000,0.0,0.0,0.0,239.97644836426528,0.8526278087372403
69b7d54f9605ebc57c753197,69b7d54f9605ebc57c753197,69b7d54f9605ebc57c753198,0.0,0.0,0.0,0.0,0.0,0.0,0.0,0.02,0.0,0.0,0.0,0.0,0.0,0.0,0.0,0.0,0.0,0.98,0.0,0.0,0.0,0.0,0.0,0.0,0.0,0.0,0.0,0.0,0.0,0.0,180.0,300.0,2.0,1,0.01,0.1,144000,0.0,0.0,0.0,255.90676864197832,0.9168877137168562
69b7d54f9605ebc57c753197,69b7d54f9605ebc57c753197,69b7d54f9605ebc57c753198,0.0,0.0,0.0,0.0,0.0,0.0,0.0,0.02,0.0,0.0,0.0,0.0,0.0,0.0,0.0,0.0,0.0,0.98,0.0,0.0,0.0,0.0,0.0,0.0,0.0,0.0,0.0,0.0,0.0,0.0,180.0,300.0,2.0,1,0.01,0.1,144000,0.0,0.0,0.0,280.1775265875888,0.9692563759520475
69b7d54f9605ebc57c753197,69b7d54f9605ebc57c753197,69b7d54f9605ebc57c753198,0.0,0.0,0.0,0.0,0.0,0.0,0.0,0.02,0.0,0.0,0.0,0.0,0.0,0.0,0.0,0.0,0.0,0.98,0.0,0.0,0.0,0.0,0.0,0.0,0.0,0.0,0.0,0.0,0.0,0.0,180.0,300.0,2.0,1,0.01,0.1,144000,0.0,0.0,0.0,263.91831139678374,0.9370042242986716
69b7d54f9605ebc57c753197,69b7d54f9605ebc57c753197,69b7d54f9605ebc57c753198,0.0,0.0,0.0,0.0,0.0,0.0,0.0,0.02,0.0,0.0,0.0,0.0,0.0,0.0,0.0,0.0,0.0,0.98,0.0,0.0,0.0,0.0,0.0,0.0,0.0,0.0,0.0,0.0,0.0,0.0,180.0,300.0,2.0,1,0.01,0.1,144000,0.0,0.0,0.0,250.07605215705996,0.8951531176588327
69b7d5509605ebc57c753199,69b7d5509605ebc57c753199,69b7d5509605ebc57c75319a,0.0,0.0,0.0,0.0,0.0,0.0,0.03,0.02,0.0,0.0,0.0,0.0,0.0,0.0,0.0,0.0,0.0,0.95,0.0,0.0,0.0,0.0,0.0,0.0,0.0,0.0,0.0,0.0,0.0,0.0,190.0,300.0,2.0,1,0.01,0.1,144000,0.0,0.0,0.0,150.0498325625897,0.0446300841699411
69b7d5509605ebc57c753199,69b7d5509605ebc57c753199,69b7d5509605ebc57c75319a,0.0,0.0,0.0,0.0,0.0,0.0,0.03,0.02,0.0,0.0,0.0,0.0,0.0,0.0,0.0,0.0,0.0,0.95,0.0,0.0,0.0,0.0,0.0,0.0,0.0,0.0,0.0,0.0,0.0,0.0,190.0,300.0,2.0,1,0.01,0.1,144000,0.0,0.0,0.0,159.94703948578928,0.06779736007669052
69b7d5509605ebc57c753199,69b7d5509605ebc57c753199,69b7d5509605ebc57c75319a,0.0,0.0,0.0,0.0,0.0,0.0,0.03,0.02,0.0,0.0,0.0,0.0,0.0,0.0,0.0,0.0,0.0,0.95,0.0,0.0,0.0,0.0,0.0,0.0,0.0,0.0,0.0,0.0,0.0,0.0,190.0,300.0,2.0,1,0.01,0.1,144000,0.0,0.0,0.0,169.85605289304857,0.09131859218136042
69b7d5509605ebc57c753199,69b7d5509605ebc57c753199,69b7d5509605ebc57c75319a,0.0,0.0,0.0,0.0,0.0,0.0,0.03,0.02,0.0,0.0,0.0,0.0,0.0,0.0,0.0,0.0,0.0,0.95,0.0,0.0,0.0,0.0,0.0,0.0,0.0,0.0,0.0,0.0,0.0,0.0,190.0,300.0,2.0,1,0.01,0.1,144000,0.0,0.0,0.0,180.007942543822,0.15790449503302537
69b7d5509605ebc57c753199,69b7d5509605ebc57c753199,69b7d5509605ebc57c75319a,0.0,0.0,0.0,0.0,0.0,0.0,0.03,0.02,0.0,0.0,0.0,0.0,0.0,0.0,0.0,0.0,0.0,0.95,0.0,0.0,0.0,0.0,0.0,0.0,0.0,0.0,0.0,0.0,0.0,0.0,190.0,300.0,2.0,1,0.01,0.1,144000,0.0,0.0,0.0,191.11615740343217,0.2263697367450778
69b7d5509605ebc57c753199,69b7d5509605ebc57c753199,69b7d5509605ebc57c75319a,0.0,0.0,0.0,0.0,0.0,0.0,0.03,0.02,0.0,0.0,0.0,0.0,0.0,0.0,0.0,0.0,0.0,0.95,0.0,0.0,0.0,0.0,0.0,0.0,0.0,0.0,0.0,0.0,0.0,0.0,190.0,300.0,2.0,1,0.01,0.1,144000,0.0,0.0,0.0,195.10168909387534,0.28293530818418366
69b7d5509605ebc57c753199,69b7d5509605ebc57c753199,69b7d5509605ebc57c75319a,0.0,0.0,0.0,0.0,0.0,0.0,0.03,0.02,0.0,0.0,0.0,0.0,0.0,0.0,0.0,0.0,0.0,0.95,0.0,0.0,0.0,0.0,0.0,0.0,0.0,0.0,0.0,0.0,0.0,0.0,190.0,300.0,2.0,1,0.01,0.1,144000,0.0,0.0,0.0,199.91030138733854,0.35167865833745937
69b7d5509605ebc57c753199,69b7d5509605ebc57c753199,69b7d5509605ebc57c75319a,0.0,0.0,0.0,0.0,0.0,0.0,0.03,0.02,0.0,0.0,0.0,0.0,0.0,0.0,0.0,0.0,0.0,0.95,0.0,0.0,0.0,0.0,0.0,0.0,0.0,0.0,0.0,0.0,0.0,0.0,190.0,300.0,2.0,1,0.01,0.1,144000,0.0,0.0,0.0,204.96347656489579,0.4314789259114899
69b7d5509605ebc57c753199,69b7d5509605ebc57c753199,69b7d5509605ebc57c75319a,0.0,0.0,0.0,0.0,0.0,0.0,0.03,0.02,0.0,0.0,0.0,0.0,0.0,0.0,0.0,0.0,0.0,0.95,0.0,0.0,0.0,0.0,0.0,0.0,0.0,0.0,0.0,0.0,0.0,0.0,190.0,300.0,2.0,1,0.01,0.1,144000,0.0,0.0,0.0,210.19037572218883,0.5339155350953891
69b7d5509605ebc57c753199,69b7d5509605ebc57c753199,69b7d5509605ebc57c75319a,0.0,0.0,0.0,0.0,0.0,0.0,0.03,0.02,0.0,0.0,0.0,0.0,0.0,0.0,0.0,0.0,0.0,0.95,0.0,0.0,0.0,0.0,0.0,0.0,0.0,0.0,0.0,0.0,0.0,0.0,190.0,300.0,2.0,1,0.01,0.1,144000,0.0,0.0,0.0,214.92308918955385,0.6140781863958621
69b7d5509605ebc57c753199,69b7d5509605ebc57c753199,69b7d5509605ebc57c75319a,0.0,0.0,0.0,0.0,0.0,0.0,0.03,0.02,0.0,0.0,0.0,0.0,0.0,0.0,0.0,0.0,0.0,0.95,0.0,0.0,0.0,0.0,0.0,0.0,0.0,0.0,0.0,0.0,0.0,0.0,190.0,300.0,2.0,1,0.01,0.1,144000,0.0,0.0,0.0,220.04035670914956,0.7036291044697505
69b7d5509605ebc57c753199,69b7d5509605ebc57c753199,69b7d5509605ebc57c75319a,0.0,0.0,0.0,0.0,0.0,0.0,0.03,0.02,0.0,0.0,0.0,0.0,0.0,0.0,0.0,0.0,0.0,0.95,0.0,0.0,0.0,0.0,0.0,0.0,0.0,0.0,0.0,0.0,0.0,0.0,190.0,300.0,2.0,1,0.01,0.1,144000,0.0,0.0,0.0,225.37520086355997,0.7722291866381537
69b7d5509605ebc57c753199,69b7d5509605ebc57c753199,69b7d5509605ebc57c75319a,0.0,0.0,0.0,0.0,0.0,0.0,0.03,0.02,0.0,0.0,0.0,0.0,0.0,0.0,0.0,0.0,0.0,0.95,0.0,0.0,0.0,0.0,0.0,0.0,0.0,0.0,0.0,0.0,0.0,0.0,190.0,300.0,2.0,1,0.01,0.1,144000,0.0,0.0,0.0,230.02358230192706,0.8178136884132017
69b7d5509605ebc57c753199,69b7d5509605ebc57c753199,69b7d5509605ebc57c75319a,0.0,0.0,0.0,0.0,0.0,0.0,0.03,0.02,0.0,0.0,0.0,0.0,0.0,0.0,0.0,0.0,0.0,0.95,0.0,0.0,0.0,0.0,0.0,0.0,0.0,0.0,0.0,0.0,0.0,0.0,190.0,300.0,2.0,1,0.01,0.1,144000,0.0,0.0,0.0,234.7883419403113,0.8635077480590349
69b7d5509605ebc57c753199,69b7d5509605ebc57c753199,69b7d5509605ebc57c75319a,0.0,0.0,0.0,0.0,0.0,0.0,0.03,0.02,0.0,0.0,0.0,0.0,0.0,0.0,0.0,0.0,0.0,0.95,0.0,0.0,0.0,0.0,0.0,0.0,0.0,0.0,0.0,0.0,0.0,0.0,190.0,300.0,2.0,1,0.01,0.1,144000,0.0,0.0,0.0,240.13836585994136,0.8978330717288021
69b7d5509605ebc57c753199,69b7d5509605ebc57c753199,69b7d5509605ebc57c75319a,0.0,0.0,0.0,0.0,0.0,0.0,0.03,0.02,0.0,0.0,0.0,0.0,0.0,0.0,0.0,0.0,0.0,0.95,0.0,0.0,0.0,0.0,0.0,0.0,0.0,0.0,0.0,0.0,0.0,0.0,190.0,300.0,2.0,1,0.01,0.1,144000,0.0,0.0,0.0,250.00689989328166,0.9422292919822601
69b7d5509605ebc57c753199,69b7d5509605ebc57c753199,69b7d5509605ebc57c75319a,0.0,0.0,0.0,0.0,0.0,0.0,0.03,0.02,0.0,0.0,0.0,0.0,0.0,0.0,0.0,0.0,0.0,0.95,0.0,0.0,0.0,0.0,0.0,0.0,0.0,0.0,0.0,0.0,0.0,0.0,190.0,300.0,2.0,1,0.01,0.1,144000,0.0,0.0,0.0,260.035664781718,0.9760826740548001
69b7d5509605ebc57c753199,69b7d5509605ebc57c753199,69b7d5509605ebc57c75319a,0.0,0.0,0.0,0.0,0.0,0.0,0.03,0.02,0.0,0.0,0.0,0.0,0.0,0.0,0.0,0.0,0.0,0.95,0.0,0.0,0.0,0.0,0.0,0.0,0.0,0.0,0.0,0.0,0.0,0.0,190.0,300.0,2.0,1,0.01,0.1,144000,0.0,0.0,0.0,244.99926401138327,0.9191125812466422
69b7d5509605ebc57c753199,69b7d5509605ebc57c753199,69b7d5509605ebc57c75319a,0.0,0.0,0.0,0.0,0.0,0.0,0.03,0.02,0.0,0.0,0.0,0.0,0.0,0.0,0.0,0.0,0.0,0.95,0.0,0.0,0.0,0.0,0.0,0.0,0.0,0.0,0.0,0.0,0.0,0.0,190.0,300.0,2.0,1,0.01,0.1,144000,0.0,0.0,0.0,140.12395274953082,0.03378385496223412
69b7d5509605ebc57c75319b,69b7d5509605ebc57c75319b,69b7d5519605ebc57c75319c,0.0,0.0,0.0,0.0,0.0,0.0,0.0,0.0,0.0,0.0,0.0,0.0,0.0,0.0,0.0,0.0,0.0,1.0,0.0,0.0,0.0,0.0,0.0,0.0,0.0,0.0,0.0,0.0,0.0,0.0,187.0,300.0,2.0,1,0.01,0.1,144000,0.0,0.0,0.0,179.9455368423635,0.03739926469813646
69b7d5509605ebc57c75319b,69b7d5509605ebc57c75319b,69b7d5519605ebc57c75319c,0.0,0.0,0.0,0.0,0.0,0.0,0.0,0.0,0.0,0.0,0.0,0.0,0.0,0.0,0.0,0.0,0.0,1.0,0.0,0.0,0.0,0.0,0.0,0.0,0.0,0.0,0.0,0.0,0.0,0.0,187.0,300.0,2.0,1,0.01,0.1,144000,0.0,0.0,0.0,193.05579407038505,0.07435397726674181
69b7d5509605ebc57c75319b,69b7d5509605ebc57c75319b,69b7d5519605ebc57c75319c,0.0,0.0,0.0,0.0,0.0,0.0,0.0,0.0,0.0,0.0,0.0,0.0,0.0,0.0,0.0,0.0,0.0,1.0,0.0,0.0,0.0,0.0,0.0,0.0,0.0,0.0,0.0,0.0,0.0,0.0,187.0,300.0,2.0,1,0.01,0.1,144000,0.0,0.0,0.0,200.1464310685328,0.11082832070959789
69b7d5509605ebc57c75319b,69b7d5509605ebc57c75319b,69b7d5519605ebc57c75319c,0.0,0.0,0.0,0.0,0.0,0.0,0.0,0.0,0.0,0.0,0.0,0.0,0.0,0.0,0.0,0.0,0.0,1.0,0.0,0.0,0.0,0.0,0.0,0.0,0.0,0.0,0.0,0.0,0.0,0.0,187.0,300.0,2.0,1,0.01,0.1,144000,0.0,0.0,0.0,209.9323197134551,0.24651995744098096
69b7d5509605ebc57c75319b,69b7d5509605ebc57c75319b,69b7d5519605ebc57c75319c,0.0,0.0,0.0,0.0,0.0,0.0,0.0,0.0,0.0,0.0,0.0,0.0,0.0,0.0,0.0,0.0,0.0,1.0,0.0,0.0,0.0,0.0,0.0,0.0,0.0,0.0,0.0,0.0,0.0,0.0,187.0,300.0,2.0,1,0.01,0.1,144000,0.0,0.0,0.0,214.76791825619762,0.28381177115046297
69b7d5509605ebc57c75319b,69b7d5509605ebc57c75319b,69b7d5519605ebc57c75319c,0.0,0.0,0.0,0.0,0.0,0.0,0.0,0.0,0.0,0.0,0.0,0.0,0.0,0.0,0.0,0.0,0.0,1.0,0.0,0.0,0.0,0.0,0.0,0.0,0.0,0.0,0.0,0.0,0.0,0.0,187.0,300.0,2.0,1,0.01,0.1,144000,0.0,0.0,0.0,229.7537198091336,0.48140360487532524
69b7d5509605ebc57c75319b,69b7d5509605ebc57c75319b,69b7d5519605ebc57c75319c,0.0,0.0,0.0,0.0,0.0,0.0,0.0,0.0,0.0,0.0,0.0,0.0,0.0,0.0,0.0,0.0,0.0,1.0,0.0,0.0,0.0,0.0,0.0,0.0,0.0,0.0,0.0,0.0,0.0,0.0,187.0,300.0,2.0,1,0.01,0.1,144000,0.0,0.0,0.0,239.9106693816469,0.5809411442476851
69b7d5509605ebc57c75319b,69b7d5509605ebc57c75319b,69b7d5519605ebc57c75319c,0.0,0.0,0.0,0.0,0.0,0.0,0.0,0.0,0.0,0.0,0.0,0.0,0.0,0.0,0.0,0.0,0.0,1.0,0.0,0.0,0.0,0.0,0.0,0.0,0.0,0.0,0.0,0.0,0.0,0.0,187.0,300.0,2.0,1,0.01,0.1,144000,0.0,0.0,0.0,250.96491174269838,0.6908866813446122
69b7d5509605ebc57c75319b,69b7d5509605ebc57c75319b,69b7d5519605ebc57c75319c,0.0,0.0,0.0,0.0,0.0,0.0,0.0,0.0,0.0,0.0,0.0,0.0,0.0,0.0,0.0,0.0,0.0,1.0,0.0,0.0,0.0,0.0,0.0,0.0,0.0,0.0,0.0,0.0,0.0,0.0,187.0,300.0,2.0,1,0.01,0.1,144000,0.0,0.0,0.0,259.9041068164812,0.764686548611038
69b7d5509605ebc57c75319b,69b7d5509605ebc57c75319b,69b7d5519605ebc57c75319c,0.0,0.0,0.0,0.0,0.0,0.0,0.0,0.0,0.0,0.0,0.0,0.0,0.0,0.0,0.0,0.0,0.0,1.0,0.0,0.0,0.0,0.0,0.0,0.0,0.0,0.0,0.0,0.0,0.0,0.0,187.0,300.0,2.0,1,0.01,0.1,144000,0.0,0.0,0.0,270.8520908209953,0.8396157046994006
69b7d5509605ebc57c75319b,69b7d5509605ebc57c75319b,69b7d5519605ebc57c75319c,0.0,0.0,0.0,0.0,0.0,0.0,0.0,0.0,0.0,0.0,0.0,0.0,0.0,0.0,0.0,0.0,0.0,1.0,0.0,0.0,0.0,0.0,0.0,0.0,0.0,0.0,0.0,0.0,0.0,0.0,187.0,300.0,2.0,1,0.01,0.1,144000,0.0,0.0,0.0,245.00938385486305,0.6296606866328864
69b7d5509605ebc57c75319b,69b7d5509605ebc57c75319b,69b7d5519605ebc57c75319c,0.0,0.0,0.0,0.0,0.0,0.0,0.0,0.0,0.0,0.0,0.0,0.0,0.0,0.0,0.0,0.0,0.0,1.0,0.0,0.0,0.0,0.0,0.0,0.0,0.0,0.0,0.0,0.0,0.0,0.0,187.0,300.0,2.0,1,0.01,0.1,144000,0.0,0.0,0.0,284.8225347447959,0.9264529585892318
69b7d5509605ebc57c75319b,69b7d5509605ebc57c75319b,69b7d5519605ebc57c75319c,0.0,0.0,0.0,0.0,0.0,0.0,0.0,0.0,0.0,0.0,0.0,0.0,0.0,0.0,0.0,0.0,0.0,1.0,0.0,0.0,0.0,0.0,0.0,0.0,0.0,0.0,0.0,0.0,0.0,0.0,187.0,300.0,2.0,1,0.01,0.1,144000,0.0,0.0,0.0,291.0125056732456,0.9498562052945948
69b7d5509605ebc57c75319b,69b7d5509605ebc57c75319b,69b7d5519605ebc57c75319c,0.0,0.0,0.0,0.0,0.0,0.0,0.0,0.0,0.0,0.0,0.0,0.0,0.0,0.0,0.0,0.0,0.0,1.0,0.0,0.0,0.0,0.0,0.0,0.0,0.0,0.0,0.0,0.0,0.0,0.0,187.0,300.0,2.0,1,0.01,0.1,144000,0.0,0.0,0.0,295.86665726236765,0.9745994290349427
69b7d5519605ebc57c75319d,69b7d5519605ebc57c75319d,69b7d5519605ebc57c75319e,0.0,0.0,0.0,0.0,0.0,0.0,0.0,0.0,0.2,0.0,0.0,0.0,0.0,0.0,0.0,0.0,0.0,0.8,0.0,0.0,0.0,0.0,0.0,0.0,0.0,0.0,0.0,0.0,0.0,0.0,135.1,350.0,3.0,1,0.01,0.01,18000,0.0,0.0,0.0,42.49294776281337,0.16925131351991543
69b7d5519605ebc57c75319d,69b7d5519605ebc57c75319d,69b7d5519605ebc57c75319e,0.0,0.0,0.0,0.0,0.0,0.0,0.0,0.0,0.2,0.0,0.0,0.0,0.0,0.0,0.0,0.0,0.0,0.8,0.0,0.0,0.0,0.0,0.0,0.0,0.0,0.0,0.0,0.0,0.0,0.0,135.1,350.0,3.0,1,0.01,0.01,18000,0.0,0.0,0.0,55.1037944652596,0.21273855985755957
69b7d5519605ebc57c75319d,69b7d5519605ebc57c75319d,69b7d5519605ebc57c75319e,0.0,0.0,0.0,0.0,0.0,0.0,0.0,0.0,0.2,0.0,0.0,0.0,0.0,0.0,0.0,0.0,0.0,0.8,0.0,0.0,0.0,0.0,0.0,0.0,0.0,0.0,0.0,0.0,0.0,0.0,135.1,350.0,3.0,1,0.01,0.01,18000,0.0,0.0,0.0,67.65966988296903,0.43042120072809936
69b7d5519605ebc57c75319d,69b7d5519605ebc57c75319d,69b7d5519605ebc57c75319e,0.0,0.0,0.0,0.0,0.0,0.0,0.0,0.0,0.2,0.0,0.0,0.0,0.0,0.0,0.0,0.0,0.0,0.8,0.0,0.0,0.0,0.0,0.0,0.0,0.0,0.0,0.0,0.0,0.0,0.0,135.1,350.0,3.0,1,0.01,0.01,18000,0.0,0.0,0.0,80.08390353986141,0.8249461476706383
69b7d5519605ebc57c75319d,69b7d5519605ebc57c75319d,69b7d5519605ebc57c75319e,0.0,0.0,0.0,0.0,0.0,0.0,0.0,0.0,0.2,0.0,0.0,0.0,0.0,0.0,0.0,0.0,0.0,0.8,0.0,0.0,0.0,0.0,0.0,0.0,0.0,0.0,0.0,0.0,0.0,0.0,135.1,350.0,3.0,1,0.01,0.01,18000,0.0,0.0,0.0,92.50886050313193,0.9571883917429078
69b7d5529605ebc57c75319f,69b7d5529605ebc57c75319f,69b7d5529605ebc57c7531a0,0.0,0.0,0.0,0.0,0.0,0.0,0.0,0.015748031496062995,0.1968503937007874,0.0,0.0,0.0,0.0,0.0,0.0,0.0,0.0,0.7874015748031497,0.0,0.0,0.0,0.0,0.0,0.0,0.0,0.0,0.0,0.0,0.0,0.0,142.2,350.0,3.0,1,0.01,0.01,18000,0.0,0.0,0.0,17.630014321466284,0.23164052874641314
69b7d5529605ebc57c75319f,69b7d5529605ebc57c75319f,69b7d5529605ebc57c7531a0,0.0,0.0,0.0,0.0,0.0,0.0,0.0,0.015748031496062995,0.1968503937007874,0.0,0.0,0.0,0.0,0.0,0.0,0.0,0.0,0.7874015748031497,0.0,0.0,0.0,0.0,0.0,0.0,0.0,0.0,0.0,0.0,0.0,0.0,142.2,350.0,3.0,1,0.01,0.01,18000,0.0,0.0,0.0,30.072330637811564,0.35241282281590053
69b7d5529605ebc57c75319f,69b7d5529605ebc57c75319f,69b7d5529605ebc57c7531a0,0.0,0.0,0.0,0.0,0.0,0.0,0.0,0.015748031496062995,0.1968503937007874,0.0,0.0,0.0,0.0,0.0,0.0,0.0,0.0,0.7874015748031497,0.0,0.0,0.0,0.0,0.0,0.0,0.0,0.0,0.0,0.0,0.0,0.0,142.2,350.0,3.0,1,0.01,0.01,18000,0.0,0.0,0.0,42.70487653160126,0.8282527999236926
69b7d5529605ebc57c75319f,69b7d5529605ebc57c75319f,69b7d5529605ebc57c7531a0,0.0,0.0,0.0,0.0,0.0,0.0,0.0,0.015748031496062995,0.1968503937007874,0.0,0.0,0.0,0.0,0.0,0.0,0.0,0.0,0.7874015748031497,0.0,0.0,0.0,0.0,0.0,0.0,0.0,0.0,0.0,0.0,0.0,0.0,142.2,350.0,3.0,1,0.01,0.01,18000,0.0,0.0,0.0,55.0531630187915,0.9982115462573624
69b7d5529605ebc57c7531a1,69b7d5529605ebc57c7531a1,69b7d5529605ebc57c7531a2,0.0,0.0,0.0,0.0,0.0,0.0,0.0,0.16666666666666666,0.16666666666666666,0.0,0.0,0.0,0.0,0.0,0.0,0.0,0.0,0.6666666666666666,0.0,0.0,0.0,0.0,0.0,0.0,0.0,0.0,0.0,0.0,0.0,0.0,125.5,350.0,3.0,1,0.01,0.01,18000,0.0,0.0,0.0,30.051354752846212,0.14555628860079328
69b7d5529605ebc57c7531a1,69b7d5529605ebc57c7531a1,69b7d5529605ebc57c7531a2,0.0,0.0,0.0,0.0,0.0,0.0,0.0,0.16666666666666666,0.16666666666666666,0.0,0.0,0.0,0.0,0.0,0.0,0.0,0.0,0.6666666666666666,0.0,0.0,0.0,0.0,0.0,0.0,0.0,0.0,0.0,0.0,0.0,0.0,125.5,350.0,3.0,1,0.01,0.01,18000,0.0,0.0,0.0,55.07269229100062,0.30338534421773034
69b7d5529605ebc57c7531a1,69b7d5529605ebc57c7531a1,69b7d5529605ebc57c7531a2,0.0,0.0,0.0,0.0,0.0,0.0,0.0,0.16666666666666666,0.16666666666666666,0.0,0.0,0.0,0.0,0.0,0.0,0.0,0.0,0.6666666666666666,0.0,0.0,0.0,0.0,0.0,0.0,0.0,0.0,0.0,0.0,0.0,0.0,125.5,350.0,3.0,1,0.01,0.01,18000,0.0,0.0,0.0,67.57142650483893,0.8440388849587066
69b7d5539605ebc57c7531a3,69b7d5539605ebc57c7531a3,69b7d5539605ebc57c7531a4,0.0,0.0,0.0,0.0,0.1,0.0,0.0,0.0,0.0,0.0,0.0,0.0,0.0,0.0,0.0,0.0,0.0,0.9,0.0,0.0,0.0,0.0,0.0,0.0,0.0,0.0,0.0,0.0,0.0,0.0,91.0,500.0,1.0,1,0.01,0.02,12000,0.0,0.0,0.0,117.82361990546687,0.1303469995135906
69b7d5539605ebc57c7531a3,69b7d5539605ebc57c7531a3,69b7d5539605ebc57c7531a4,0.0,0.0,0.0,0.0,0.1,0.0,0.0,0.0,0.0,0.0,0.0,0.0,0.0,0.0,0.0,0.0,0.0,0.9,0.0,0.0,0.0,0.0,0.0,0.0,0.0,0.0,0.0,0.0,0.0,0.0,91.0,500.0,1.0,1,0.01,0.02,12000,0.0,0.0,0.0,136.91474181753324,0.18149913023405362
69b7d5539605ebc57c7531a3,69b7d5539605ebc57c7531a3,69b7d5539605ebc57c7531a4,0.0,0.0,0.0,0.0,0.1,0.0,0.0,0.0,0.0,0.0,0.0,0.0,0.0,0.0,0.0,0.0,0.0,0.9,0.0,0.0,0.0,0.0,0.0,0.0,0.0,0.0,0.0,0.0,0.0,0.0,91.0,500.0,1.0,1,0.01,0.02,12000,0.0,0.0,0.0,156.10730848122716,0.34092846484249406
69b7d5539605ebc57c7531a3,69b7d5539605ebc57c7531a3,69b7d5539605ebc57c7531a4,0.0,0.0,0.0,0.0,0.1,0.0,0.0,0.0,0.0,0.0,0.0,0.0,0.0,0.0,0.0,0.0,0.0,0.9,0.0,0.0,0.0,0.0,0.0,0.0,0.0,0.0,0.0,0.0,0.0,0.0,91.0,500.0,1.0,1,0.01,0.02,12000,0.0,0.0,0.0,174.76143761705163,0.5006249124050883
69b7d5539605ebc57c7531a3,69b7d5539605ebc57c7531a3,69b7d5539605ebc57c7531a4,0.0,0.0,0.0,0.0,0.1,0.0,0.0,0.0,0.0,0.0,0.0,0.0,0.0,0.0,0.0,0.0,0.0,0.9,0.0,0.0,0.0,0.0,0.0,0.0,0.0,0.0,0.0,0.0,0.0,0.0,91.0,500.0,1.0,1,0.01,0.02,12000,0.0,0.0,0.0,190.94772808347454,0.6110167605134504
69b7d5539605ebc57c7531a3,69b7d5539605ebc57c7531a3,69b7d5539605ebc57c7531a4,0.0,0.0,0.0,0.0,0.1,0.0,0.0,0.0,0.0,0.0,0.0,0.0,0.0,0.0,0.0,0.0,0.0,0.9,0.0,0.0,0.0,0.0,0.0,0.0,0.0,0.0,0.0,0.0,0.0,0.0,91.0,500.0,1.0,1,0.01,0.02,12000,0.0,0.0,0.0,212.97294435030767,0.7406926799508643
69b7d5539605ebc57c7531a3,69b7d5539605ebc57c7531a3,69b7d5539605ebc57c7531a4,0.0,0.0,0.0,0.0,0.1,0.0,0.0,0.0,0.0,0.0,0.0,0.0,0.0,0.0,0.0,0.0,0.0,0.9,0.0,0.0,0.0,0.0,0.0,0.0,0.0,0.0,0.0,0.0,0.0,0.0,91.0,500.0,1.0,1,0.01,0.02,12000,0.0,0.0,0.0,229.0324288771961,0.8106243353091998
69b7d5539605ebc57c7531a3,69b7d5539605ebc57c7531a3,69b7d5539605ebc57c7531a4,0.0,0.0,0.0,0.0,0.1,0.0,0.0,0.0,0.0,0.0,0.0,0.0,0.0,0.0,0.0,0.0,0.0,0.9,0.0,0.0,0.0,0.0,0.0,0.0,0.0,0.0,0.0,0.0,0.0,0.0,91.0,500.0,1.0,1,0.01,0.02,12000,0.0,0.0,0.0,244.20232096673504,0.8604854200845858
69b7d5539605ebc57c7531a3,69b7d5539605ebc57c7531a3,69b7d5539605ebc57c7531a4,0.0,0.0,0.0,0.0,0.1,0.0,0.0,0.0,0.0,0.0,0.0,0.0,0.0,0.0,0.0,0.0,0.0,0.9,0.0,0.0,0.0,0.0,0.0,0.0,0.0,0.0,0.0,0.0,0.0,0.0,91.0,500.0,1.0,1,0.01,0.02,12000,0.0,0.0,0.0,264.9926424685633,0.9211423200903568
69b7d5539605ebc57c7531a3,69b7d5539605ebc57c7531a3,69b7d5539605ebc57c7531a4,0.0,0.0,0.0,0.0,0.1,0.0,0.0,0.0,0.0,0.0,0.0,0.0,0.0,0.0,0.0,0.0,0.0,0.9,0.0,0.0,0.0,0.0,0.0,0.0,0.0,0.0,0.0,0.0,0.0,0.0,91.0,500.0,1.0,1,0.01,0.02,12000,0.0,0.0,0.0,283.8730714349416,0.9812204753621276
69b7d5539605ebc57c7531a5,69b7d5539605ebc57c7531a5,69b7d5549605ebc57c7531a6,0.0,0.0,0.0,0.0,0.08,0.0,0.0,0.0,0.02,0.0,0.0,0.0,0.0,0.0,0.0,0.0,0.0,0.9,0.0,0.0,0.0,0.0,0.0,0.0,0.0,0.0,0.0,0.0,0.0,0.0,84.0,500.0,1.0,1,0.01,0.02,12000,0.0,0.0,0.0,120.87086417551058,0.10103135279520516
69b7d5539605ebc57c7531a5,69b7d5539605ebc57c7531a5,69b7d5549605ebc57c7531a6,0.0,0.0,0.0,0.0,0.08,0.0,0.0,0.0,0.02,0.0,0.0,0.0,0.0,0.0,0.0,0.0,0.0,0.9,0.0,0.0,0.0,0.0,0.0,0.0,0.0,0.0,0.0,0.0,0.0,0.0,84.0,500.0,1.0,1,0.01,0.02,12000,0.0,0.0,0.0,146.9207058771069,0.260520045837902
69b7d5539605ebc57c7531a5,69b7d5539605ebc57c7531a5,69b7d5549605ebc57c7531a6,0.0,0.0,0.0,0.0,0.08,0.0,0.0,0.0,0.02,0.0,0.0,0.0,0.0,0.0,0.0,0.0,0.0,0.9,0.0,0.0,0.0,0.0,0.0,0.0,0.0,0.0,0.0,0.0,0.0,0.0,84.0,500.0,1.0,1,0.01,0.02,12000,0.0,0.0,0.0,168.13046240970303,0.39070793177077745
69b7d5539605ebc57c7531a5,69b7d5539605ebc57c7531a5,69b7d5549605ebc57c7531a6,0.0,0.0,0.0,0.0,0.08,0.0,0.0,0.0,0.02,0.0,0.0,0.0,0.0,0.0,0.0,0.0,0.0,0.9,0.0,0.0,0.0,0.0,0.0,0.0,0.0,0.0,0.0,0.0,0.0,0.0,84.0,500.0,1.0,1,0.01,0.02,12000,0.0,0.0,0.0,182.16690448586462,0.5005284549494217
69b7d5539605ebc57c7531a5,69b7d5539605ebc57c7531a5,69b7d5549605ebc57c7531a6,0.0,0.0,0.0,0.0,0.08,0.0,0.0,0.0,0.02,0.0,0.0,0.0,0.0,0.0,0.0,0.0,0.0,0.9,0.0,0.0,0.0,0.0,0.0,0.0,0.0,0.0,0.0,0.0,0.0,0.0,84.0,500.0,1.0,1,0.01,0.02,12000,0.0,0.0,0.0,200.95369214304824,0.6799690017065549
69b7d5539605ebc57c7531a5,69b7d5539605ebc57c7531a5,69b7d5549605ebc57c7531a6,0.0,0.0,0.0,0.0,0.08,0.0,0.0,0.0,0.02,0.0,0.0,0.0,0.0,0.0,0.0,0.0,0.0,0.9,0.0,0.0,0.0,0.0,0.0,0.0,0.0,0.0,0.0,0.0,0.0,0.0,84.0,500.0,1.0,1,0.01,0.02,12000,0.0,0.0,0.0,99.02317622402569,0.05118510762838323
69b7d5539605ebc57c7531a5,69b7d5539605ebc57c7531a5,69b7d5549605ebc57c7531a6,0.0,0.0,0.0,0.0,0.08,0.0,0.0,0.0,0.02,0.0,0.0,0.0,0.0,0.0,0.0,0.0,0.0,0.9,0.0,0.0,0.0,0.0,0.0,0.0,0.0,0.0,0.0,0.0,0.0,0.0,84.0,500.0,1.0,1,0.01,0.02,12000,0.0,0.0,0.0,217.00732408811203,0.7814199856550451
69b7d5539605ebc57c7531a5,69b7d5539605ebc57c7531a5,69b7d5549605ebc57c7531a6,0.0,0.0,0.0,0.0,0.08,0.0,0.0,0.0,0.02,0.0,0.0,0.0,0.0,0.0,0.0,0.0,0.0,0.9,0.0,0.0,0.0,0.0,0.0,0.0,0.0,0.0,0.0,0.0,0.0,0.0,84.0,500.0,1.0,1,0.01,0.02,12000,0.0,0.0,0.0,233.83739855524837,0.830405533525149
69b7d5539605ebc57c7531a5,69b7d5539605ebc57c7531a5,69b7d5549605ebc57c7531a6,0.0,0.0,0.0,0.0,0.08,0.0,0.0,0.0,0.02,0.0,0.0,0.0,0.0,0.0,0.0,0.0,0.0,0.9,0.0,0.0,0.0,0.0,0.0,0.0,0.0,0.0,0.0,0.0,0.0,0.0,84.0,500.0,1.0,1,0.01,0.02,12000,0.0,0.0,0.0,256.7717158655132,0.9017617913056383
69b7d5539605ebc57c7531a5,69b7d5539605ebc57c7531a5,69b7d5549605ebc57c7531a6,0.0,0.0,0.0,0.0,0.08,0.0,0.0,0.0,0.02,0.0,0.0,0.0,0.0,0.0,0.0,0.0,0.0,0.9,0.0,0.0,0.0,0.0,0.0,0.0,0.0,0.0,0.0,0.0,0.0,0.0,84.0,500.0,1.0,1,0.01,0.02,12000,0.0,0.0,0.0,273.05164764113084,0.9313371311738955
69b7d5539605ebc57c7531a5,69b7d5539605ebc57c7531a5,69b7d5549605ebc57c7531a6,0.0,0.0,0.0,0.0,0.08,0.0,0.0,0.0,0.02,0.0,0.0,0.0,0.0,0.0,0.0,0.0,0.0,0.9,0.0,0.0,0.0,0.0,0.0,0.0,0.0,0.0,0.0,0.0,0.0,0.0,84.0,500.0,1.0,1,0.01,0.02,12000,0.0,0.0,0.0,281.82271693569965,0.9614763761675885
69b7d5539605ebc57c7531a5,69b7d5539605ebc57c7531a5,69b7d5549605ebc57c7531a6,0.0,0.0,0.0,0.0,0.08,0.0,0.0,0.0,0.02,0.0,0.0,0.0,0.0,0.0,0.0,0.0,0.0,0.9,0.0,0.0,0.0,0.0,0.0,0.0,0.0,0.0,0.0,0.0,0.0,0.0,84.0,500.0,1.0,1,0.01,0.02,12000,0.0,0.0,0.0,293.0167551056809,0.9810572396679226
69b7d5549605ebc57c7531a7,69b7d5549605ebc57c7531a7,69b7d5549605ebc57c7531a8,0.0,0.0,0.0,0.0,0.06,0.0,0.0,0.0,0.04,0.0,0.0,0.0,0.0,0.0,0.0,0.0,0.0,0.9,0.0,0.0,0.0,0.0,0.0,0.0,0.0,0.0,0.0,0.0,0.0,0.0,91.0,500.0,1.0,1,0.01,0.02,12000,0.0,0.0,0.0,70.80787924730224,0.03981054766399828
69b7d5549605ebc57c7531a7,69b7d5549605ebc57c7531a7,69b7d5549605ebc57c7531a8,0.0,0.0,0.0,0.0,0.06,0.0,0.0,0.0,0.04,0.0,0.0,0.0,0.0,0.0,0.0,0.0,0.0,0.9,0.0,0.0,0.0,0.0,0.0,0.0,0.0,0.0,0.0,0.0,0.0,0.0,91.0,500.0,1.0,1,0.01,0.02,12000,0.0,0.0,0.0,121.96724783733167,0.20101321549584902
69b7d5549605ebc57c7531a7,69b7d5549605ebc57c7531a7,69b7d5549605ebc57c7531a8,0.0,0.0,0.0,0.0,0.06,0.0,0.0,0.0,0.04,0.0,0.0,0.0,0.0,0.0,0.0,0.0,0.0,0.9,0.0,0.0,0.0,0.0,0.0,0.0,0.0,0.0,0.0,0.0,0.0,0.0,91.0,500.0,1.0,1,0.01,0.02,12000,0.0,0.0,0.0,134.03917328101312,0.6004212799986809
69b7d5549605ebc57c7531a7,69b7d5549605ebc57c7531a7,69b7d5549605ebc57c7531a8,0.0,0.0,0.0,0.0,0.06,0.0,0.0,0.0,0.04,0.0,0.0,0.0,0.0,0.0,0.0,0.0,0.0,0.9,0.0,0.0,0.0,0.0,0.0,0.0,0.0,0.0,0.0,0.0,0.0,0.0,91.0,500.0,1.0,1,0.01,0.02,12000,0.0,0.0,0.0,141.90699411397486,0.6810819723488626
69b7d5549605ebc57c7531a7,69b7d5549605ebc57c7531a7,69b7d5549605ebc57c7531a8,0.0,0.0,0.0,0.0,0.06,0.0,0.0,0.0,0.04,0.0,0.0,0.0,0.0,0.0,0.0,0.0,0.0,0.9,0.0,0.0,0.0,0.0,0.0,0.0,0.0,0.0,0.0,0.0,0.0,0.0,91.0,500.0,1.0,1,0.01,0.02,12000,0.0,0.0,0.0,148.81108980647463,0.8003924252042508
69b7d5549605ebc57c7531a7,69b7d5549605ebc57c7531a7,69b7d5549605ebc57c7531a8,0.0,0.0,0.0,0.0,0.06,0.0,0.0,0.0,0.04,0.0,0.0,0.0,0.0,0.0,0.0,0.0,0.0,0.9,0.0,0.0,0.0,0.0,0.0,0.0,0.0,0.0,0.0,0.0,0.0,0.0,91.0,500.0,1.0,1,0.01,0.02,12000,0.0,0.0,0.0,166.75900740212253,0.8412310279726621
69b7d5549605ebc57c7531a7,69b7d5549605ebc57c7531a7,69b7d5549605ebc57c7531a8,0.0,0.0,0.0,0.0,0.06,0.0,0.0,0.0,0.04,0.0,0.0,0.0,0.0,0.0,0.0,0.0,0.0,0.9,0.0,0.0,0.0,0.0,0.0,0.0,0.0,0.0,0.0,0.0,0.0,0.0,91.0,500.0,1.0,1,0.01,0.02,12000,0.0,0.0,0.0,195.0191741728351,0.9400925002267162
69b7d5549605ebc57c7531a7,69b7d5549605ebc57c7531a7,69b7d5549605ebc57c7531a8,0.0,0.0,0.0,0.0,0.06,0.0,0.0,0.0,0.04,0.0,0.0,0.0,0.0,0.0,0.0,0.0,0.0,0.9,0.0,0.0,0.0,0.0,0.0,0.0,0.0,0.0,0.0,0.0,0.0,0.0,91.0,500.0,1.0,1,0.01,0.02,12000,0.0,0.0,0.0,208.874186212432,0.9612686216476912
69b7d5559605ebc57c7531a9,69b7d5559605ebc57c7531a9,69b7d5559605ebc57c7531aa,0.0,0.0,0.0,0.0,0.04,0.0,0.0,0.0,0.06,0.0,0.0,0.0,0.0,0.0,0.0,0.0,0.0,0.9,0.0,0.0,0.0,0.0,0.0,0.0,0.0,0.0,0.0,0.0,0.0,0.0,94.0,500.0,1.0,1,0.01,0.02,12000,0.0,0.0,0.0,71.85939311513422,0.32097661112805753
69b7d5559605ebc57c7531a9,69b7d5559605ebc57c7531a9,69b7d5559605ebc57c7531aa,0.0,0.0,0.0,0.0,0.04,0.0,0.0,0.0,0.06,0.0,0.0,0.0,0.0,0.0,0.0,0.0,0.0,0.9,0.0,0.0,0.0,0.0,0.0,0.0,0.0,0.0,0.0,0.0,0.0,0.0,94.0,500.0,1.0,1,0.01,0.02,12000,0.0,0.0,0.0,102.79614064032819,0.4804207853450621
69b7d5559605ebc57c7531a9,69b7d5559605ebc57c7531a9,69b7d5559605ebc57c7531aa,0.0,0.0,0.0,0.0,0.04,0.0,0.0,0.0,0.06,0.0,0.0,0.0,0.0,0.0,0.0,0.0,0.0,0.9,0.0,0.0,0.0,0.0,0.0,0.0,0.0,0.0,0.0,0.0,0.0,0.0,94.0,500.0,1.0,1,0.01,0.02,12000,0.0,0.0,0.0,114.86026264157674,0.5402540870755254
69b7d5559605ebc57c7531a9,69b7d5559605ebc57c7531a9,69b7d5559605ebc57c7531aa,0.0,0.0,0.0,0.0,0.04,0.0,0.0,0.0,0.06,0.0,0.0,0.0,0.0,0.0,0.0,0.0,0.0,0.9,0.0,0.0,0.0,0.0,0.0,0.0,0.0,0.0,0.0,0.0,0.0,0.0,94.0,500.0,1.0,1,0.01,0.02,12000,0.0,0.0,0.0,126.82489075180594,0.661389811784298
69b7d5559605ebc57c7531a9,69b7d5559605ebc57c7531a9,69b7d5559605ebc57c7531aa,0.0,0.0,0.0,0.0,0.04,0.0,0.0,0.0,0.06,0.0,0.0,0.0,0.0,0.0,0.0,0.0,0.0,0.9,0.0,0.0,0.0,0.0,0.0,0.0,0.0,0.0,0.0,0.0,0.0,0.0,94.0,500.0,1.0,1,0.01,0.02,12000,0.0,0.0,0.0,138.88706189244627,0.7509320098600955
69b7d5559605ebc57c7531a9,69b7d5559605ebc57c7531a9,69b7d5559605ebc57c7531aa,0.0,0.0,0.0,0.0,0.04,0.0,0.0,0.0,0.06,0.0,0.0,0.0,0.0,0.0,0.0,0.0,0.0,0.9,0.0,0.0,0.0,0.0,0.0,0.0,0.0,0.0,0.0,0.0,0.0,0.0,94.0,500.0,1.0,1,0.01,0.02,12000,0.0,0.0,0.0,155.9317310264871,0.8112327592603279
69b7d5559605ebc57c7531a9,69b7d5559605ebc57c7531a9,69b7d5559605ebc57c7531aa,0.0,0.0,0.0,0.0,0.04,0.0,0.0,0.0,0.06,0.0,0.0,0.0,0.0,0.0,0.0,0.0,0.0,0.9,0.0,0.0,0.0,0.0,0.0,0.0,0.0,0.0,0.0,0.0,0.0,0.0,94.0,500.0,1.0,1,0.01,0.02,12000,0.0,0.0,0.0,170.95530857040933,0.8803630757562018
69b7d5559605ebc57c7531a9,69b7d5559605ebc57c7531a9,69b7d5559605ebc57c7531aa,0.0,0.0,0.0,0.0,0.04,0.0,0.0,0.0,0.06,0.0,0.0,0.0,0.0,0.0,0.0,0.0,0.0,0.9,0.0,0.0,0.0,0.0,0.0,0.0,0.0,0.0,0.0,0.0,0.0,0.0,94.0,500.0,1.0,1,0.01,0.02,12000,0.0,0.0,0.0,179.79270712565773,0.9020585834769203
69b7d5559605ebc57c7531a9,69b7d5559605ebc57c7531a9,69b7d5559605ebc57c7531aa,0.0,0.0,0.0,0.0,0.04,0.0,0.0,0.0,0.06,0.0,0.0,0.0,0.0,0.0,0.0,0.0,0.0,0.9,0.0,0.0,0.0,0.0,0.0,0.0,0.0,0.0,0.0,0.0,0.0,0.0,94.0,500.0,1.0,1,0.01,0.02,12000,0.0,0.0,0.0,189.95864175510567,0.9212981359802798
69b7d5559605ebc57c7531a9,69b7d5559605ebc57c7531a9,69b7d5559605ebc57c7531aa,0.0,0.0,0.0,0.0,0.04,0.0,0.0,0.0,0.06,0.0,0.0,0.0,0.0,0.0,0.0,0.0,0.0,0.9,0.0,0.0,0.0,0.0,0.0,0.0,0.0,0.0,0.0,0.0,0.0,0.0,94.0,500.0,1.0,1,0.01,0.02,12000,0.0,0.0,0.0,202.4168375992152,0.9507695985885882
69b7d5559605ebc57c7531a9,69b7d5559605ebc57c7531a9,69b7d5559605ebc57c7531aa,0.0,0.0,0.0,0.0,0.04,0.0,0.0,0.0,0.06,0.0,0.0,0.0,0.0,0.0,0.0,0.0,0.0,0.9,0.0,0.0,0.0,0.0,0.0,0.0,0.0,0.0,0.0,0.0,0.0,0.0,94.0,500.0,1.0,1,0.01,0.02,12000,0.0,0.0,0.0,213.91716088468743,0.9696604202906914
69b7d5559605ebc57c7531ab,69b7d5559605ebc57c7531ab,69b7d5569605ebc57c7531ac,0.0,0.0,0.0,0.0,0.02,0.0,0.0,0.0,0.08,0.0,0.0,0.0,0.0,0.0,0.0,0.0,0.0,0.9,0.0,0.0,0.0,0.0,0.0,0.0,0.0,0.0,0.0,0.0,0.0,0.0,79.0,500.0,1.0,1,0.01,0.02,12000,0.0,0.0,0.0,69.75831624007849,0.21061444223682366
69b7d5559605ebc57c7531ab,69b7d5559605ebc57c7531ab,69b7d5569605ebc57c7531ac,0.0,0.0,0.0,0.0,0.02,0.0,0.0,0.0,0.08,0.0,0.0,0.0,0.0,0.0,0.0,0.0,0.0,0.9,0.0,0.0,0.0,0.0,0.0,0.0,0.0,0.0,0.0,0.0,0.0,0.0,79.0,500.0,1.0,1,0.01,0.02,12000,0.0,0.0,0.0,89.01331044323553,0.3912569972876493
69b7d5559605ebc57c7531ab,69b7d5559605ebc57c7531ab,69b7d5569605ebc57c7531ac,0.0,0.0,0.0,0.0,0.02,0.0,0.0,0.0,0.08,0.0,0.0,0.0,0.0,0.0,0.0,0.0,0.0,0.9,0.0,0.0,0.0,0.0,0.0,0.0,0.0,0.0,0.0,0.0,0.0,0.0,79.0,500.0,1.0,1,0.01,0.02,12000,0.0,0.0,0.0,118.96292250066887,0.6416086135683489
69b7d5559605ebc57c7531ab,69b7d5559605ebc57c7531ab,69b7d5569605ebc57c7531ac,0.0,0.0,0.0,0.0,0.02,0.0,0.0,0.0,0.08,0.0,0.0,0.0,0.0,0.0,0.0,0.0,0.0,0.9,0.0,0.0,0.0,0.0,0.0,0.0,0.0,0.0,0.0,0.0,0.0,0.0,79.0,500.0,1.0,1,0.01,0.02,12000,0.0,0.0,0.0,147.0201997681263,0.8002514489228918
69b7d5559605ebc57c7531ab,69b7d5559605ebc57c7531ab,69b7d5569605ebc57c7531ac,0.0,0.0,0.0,0.0,0.02,0.0,0.0,0.0,0.08,0.0,0.0,0.0,0.0,0.0,0.0,0.0,0.0,0.9,0.0,0.0,0.0,0.0,0.0,0.0,0.0,0.0,0.0,0.0,0.0,0.0,79.0,500.0,1.0,1,0.01,0.02,12000,0.0,0.0,0.0,158.21423793810754,0.8203962175486617
69b7d5559605ebc57c7531ab,69b7d5559605ebc57c7531ab,69b7d5569605ebc57c7531ac,0.0,0.0,0.0,0.0,0.02,0.0,0.0,0.0,0.08,0.0,0.0,0.0,0.0,0.0,0.0,0.0,0.0,0.9,0.0,0.0,0.0,0.0,0.0,0.0,0.0,0.0,0.0,0.0,0.0,0.0,79.0,500.0,1.0,1,0.01,0.02,12000,0.0,0.0,0.0,172.1414318202087,0.8499492980040726
69b7d5559605ebc57c7531ab,69b7d5559605ebc57c7531ab,69b7d5569605ebc57c7531ac,0.0,0.0,0.0,0.0,0.02,0.0,0.0,0.0,0.08,0.0,0.0,0.0,0.0,0.0,0.0,0.0,0.0,0.9,0.0,0.0,0.0,0.0,0.0,0.0,0.0,0.0,0.0,0.0,0.0,0.0,79.0,500.0,1.0,1,0.01,0.02,12000,0.0,0.0,0.0,192.161163381789,0.9101239107315102
69b7d5559605ebc57c7531ab,69b7d5559605ebc57c7531ab,69b7d5569605ebc57c7531ac,0.0,0.0,0.0,0.0,0.02,0.0,0.0,0.0,0.08,0.0,0.0,0.0,0.0,0.0,0.0,0.0,0.0,0.9,0.0,0.0,0.0,0.0,0.0,0.0,0.0,0.0,0.0,0.0,0.0,0.0,79.0,500.0,1.0,1,0.01,0.02,12000,0.0,0.0,0.0,199.99386872380273,0.950732499567178
69b7d5559605ebc57c7531ab,69b7d5559605ebc57c7531ab,69b7d5569605ebc57c7531ac,0.0,0.0,0.0,0.0,0.02,0.0,0.0,0.0,0.08,0.0,0.0,0.0,0.0,0.0,0.0,0.0,0.0,0.9,0.0,0.0,0.0,0.0,0.0,0.0,0.0,0.0,0.0,0.0,0.0,0.0,79.0,500.0,1.0,1,0.01,0.02,12000,0.0,0.0,0.0,207.26472621064835,0.9706249948473581
69b7d5569605ebc57c7531ad,69b7d5569605ebc57c7531ad,69b7d5569605ebc57c7531ae,0.0,0.0,0.0,0.0,0.0,0.0,0.0,0.0,0.1,0.0,0.0,0.0,0.0,0.0,0.0,0.0,0.0,0.9,0.0,0.0,0.0,0.0,0.0,0.0,0.0,0.0,0.0,0.0,0.0,0.0,55.0,500.0,1.0,1,0.01,0.02,12000,0.0,0.0,0.0,52.02694417194328,0.17141561621474563
69b7d5569605ebc57c7531ad,69b7d5569605ebc57c7531ad,69b7d5569605ebc57c7531ae,0.0,0.0,0.0,0.0,0.0,0.0,0.0,0.0,0.1,0.0,0.0,0.0,0.0,0.0,0.0,0.0,0.0,0.9,0.0,0.0,0.0,0.0,0.0,0.0,0.0,0.0,0.0,0.0,0.0,0.0,55.0,500.0,1.0,1,0.01,0.02,12000,0.0,0.0,0.0,72.08374208507982,0.38977303643123906
69b7d5569605ebc57c7531ad,69b7d5569605ebc57c7531ad,69b7d5569605ebc57c7531ae,0.0,0.0,0.0,0.0,0.0,0.0,0.0,0.0,0.1,0.0,0.0,0.0,0.0,0.0,0.0,0.0,0.0,0.9,0.0,0.0,0.0,0.0,0.0,0.0,0.0,0.0,0.0,0.0,0.0,0.0,55.0,500.0,1.0,1,0.01,0.02,12000,0.0,0.0,0.0,94.91271292250067,0.44969537581308683
69b7d5569605ebc57c7531ad,69b7d5569605ebc57c7531ad,69b7d5569605ebc57c7531ae,0.0,0.0,0.0,0.0,0.0,0.0,0.0,0.0,0.1,0.0,0.0,0.0,0.0,0.0,0.0,0.0,0.0,0.9,0.0,0.0,0.0,0.0,0.0,0.0,0.0,0.0,0.0,0.0,0.0,0.0,55.0,500.0,1.0,1,0.01,0.02,12000,0.0,0.0,0.0,121.88921341300276,0.5600575447043208
69b7d5569605ebc57c7531ad,69b7d5569605ebc57c7531ad,69b7d5569605ebc57c7531ae,0.0,0.0,0.0,0.0,0.0,0.0,0.0,0.0,0.1,0.0,0.0,0.0,0.0,0.0,0.0,0.0,0.0,0.9,0.0,0.0,0.0,0.0,0.0,0.0,0.0,0.0,0.0,0.0,0.0,0.0,55.0,500.0,1.0,1,0.01,0.02,12000,0.0,0.0,0.0,151.95587710692945,0.6806442038962217
69b7d5569605ebc57c7531ad,69b7d5569605ebc57c7531ad,69b7d5569605ebc57c7531ae,0.0,0.0,0.0,0.0,0.0,0.0,0.0,0.0,0.1,0.0,0.0,0.0,0.0,0.0,0.0,0.0,0.0,0.9,0.0,0.0,0.0,0.0,0.0,0.0,0.0,0.0,0.0,0.0,0.0,0.0,55.0,500.0,1.0,1,0.01,0.02,12000,0.0,0.0,0.0,178.9265250156069,0.8798659488693044
69b7d5569605ebc57c7531ad,69b7d5569605ebc57c7531ad,69b7d5569605ebc57c7531ae,0.0,0.0,0.0,0.0,0.0,0.0,0.0,0.0,0.1,0.0,0.0,0.0,0.0,0.0,0.0,0.0,0.0,0.9,0.0,0.0,0.0,0.0,0.0,0.0,0.0,0.0,0.0,0.0,0.0,0.0,55.0,500.0,1.0,1,0.01,0.02,12000,0.0,0.0,0.0,203.04501471506288,0.9312926123482032
69b7d5569605ebc57c7531ad,69b7d5569605ebc57c7531ad,69b7d5569605ebc57c7531ae,0.0,0.0,0.0,0.0,0.0,0.0,0.0,0.0,0.1,0.0,0.0,0.0,0.0,0.0,0.0,0.0,0.0,0.9,0.0,0.0,0.0,0.0,0.0,0.0,0.0,0.0,0.0,0.0,0.0,0.0,55.0,500.0,1.0,1,0.01,0.02,12000,0.0,0.0,0.0,215.0115936859003,0.9509550936956396
69b7d5569605ebc57c7531ad,69b7d5569605ebc57c7531ad,69b7d5569605ebc57c7531ae,0.0,0.0,0.0,0.0,0.0,0.0,0.0,0.0,0.1,0.0,0.0,0.0,0.0,0.0,0.0,0.0,0.0,0.9,0.0,0.0,0.0,0.0,0.0,0.0,0.0,0.0,0.0,0.0,0.0,0.0,55.0,500.0,1.0,1,0.01,0.02,12000,0.0,0.0,0.0,225.9325113707304,0.9606453580879989
69b7d5579605ebc57c7531af,69b7d5579605ebc57c7531af,69b7d5579605ebc57c7531b0,0.0,0.0,0.0,0.0,0.1,0.0,0.0,0.0,0.0,0.0,0.0,0.0,0.0,0.1,0.0,0.0,0.0,0.8,0.0,0.0,0.0,0.0,0.0,0.0,0.0,0.0,0.0,0.0,0.0,0.0,75.0,500.0,1.0,1,0.01,0.02,12000,0.0,0.0,0.0,93.67781815749576,0.17069589519938663
69b7d5579605ebc57c7531af,69b7d5579605ebc57c7531af,69b7d5579605ebc57c7531b0,0.0,0.0,0.0,0.0,0.1,0.0,0.0,0.0,0.0,0.0,0.0,0.0,0.0,0.1,0.0,0.0,0.0,0.8,0.0,0.0,0.0,0.0,0.0,0.0,0.0,0.0,0.0,0.0,0.0,0.0,75.0,500.0,1.0,1,0.01,0.02,12000,0.0,0.0,0.0,120.26609738696156,0.19063290930525897
69b7d5579605ebc57c7531af,69b7d5579605ebc57c7531af,69b7d5579605ebc57c7531b0,0.0,0.0,0.0,0.0,0.1,0.0,0.0,0.0,0.0,0.0,0.0,0.0,0.0,0.1,0.0,0.0,0.0,0.8,0.0,0.0,0.0,0.0,0.0,0.0,0.0,0.0,0.0,0.0,0.0,0.0,75.0,500.0,1.0,1,0.01,0.02,12000,0.0,0.0,0.0,146.96752653170427,0.23993750875949119
69b7d5579605ebc57c7531af,69b7d5579605ebc57c7531af,69b7d5579605ebc57c7531b0,0.0,0.0,0.0,0.0,0.1,0.0,0.0,0.0,0.0,0.0,0.0,0.0,0.0,0.1,0.0,0.0,0.0,0.8,0.0,0.0,0.0,0.0,0.0,0.0,0.0,0.0,0.0,0.0,0.0,0.0,75.0,500.0,1.0,1,0.01,0.02,12000,0.0,0.0,0.0,225.017557745474,0.4602760167192923
69b7d5579605ebc57c7531af,69b7d5579605ebc57c7531af,69b7d5579605ebc57c7531b0,0.0,0.0,0.0,0.0,0.1,0.0,0.0,0.0,0.0,0.0,0.0,0.0,0.0,0.1,0.0,0.0,0.0,0.8,0.0,0.0,0.0,0.0,0.0,0.0,0.0,0.0,0.0,0.0,0.0,0.0,75.0,500.0,1.0,1,0.01,0.02,12000,0.0,0.0,0.0,255.15835414251316,0.6414973165041181
69b7d5579605ebc57c7531af,69b7d5579605ebc57c7531af,69b7d5579605ebc57c7531b0,0.0,0.0,0.0,0.0,0.1,0.0,0.0,0.0,0.0,0.0,0.0,0.0,0.0,0.1,0.0,0.0,0.0,0.8,0.0,0.0,0.0,0.0,0.0,0.0,0.0,0.0,0.0,0.0,0.0,0.0,75.0,500.0,1.0,1,0.01,0.02,12000,0.0,0.0,0.0,279.7743132970659,0.7607261515124034
69b7d5579605ebc57c7531af,69b7d5579605ebc57c7531af,69b7d5579605ebc57c7531b0,0.0,0.0,0.0,0.0,0.1,0.0,0.0,0.0,0.0,0.0,0.0,0.0,0.0,0.1,0.0,0.0,0.0,0.8,0.0,0.0,0.0,0.0,0.0,0.0,0.0,0.0,0.0,0.0,0.0,0.0,75.0,500.0,1.0,1,0.01,0.02,12000,0.0,0.0,0.0,307.9310844555427,0.8808453630345351
69b7d5579605ebc57c7531af,69b7d5579605ebc57c7531af,69b7d5579605ebc57c7531b0,0.0,0.0,0.0,0.0,0.1,0.0,0.0,0.0,0.0,0.0,0.0,0.0,0.0,0.1,0.0,0.0,0.0,0.8,0.0,0.0,0.0,0.0,0.0,0.0,0.0,0.0,0.0,0.0,0.0,0.0,75.0,500.0,1.0,1,0.01,0.02,12000,0.0,0.0,0.0,330.21966690448585,0.9406786647649983
69b7d5579605ebc57c7531af,69b7d5579605ebc57c7531af,69b7d5579605ebc57c7531b0,0.0,0.0,0.0,0.0,0.1,0.0,0.0,0.0,0.0,0.0,0.0,0.0,0.0,0.1,0.0,0.0,0.0,0.8,0.0,0.0,0.0,0.0,0.0,0.0,0.0,0.0,0.0,0.0,0.0,0.0,75.0,500.0,1.0,1,0.01,0.02,12000,0.0,0.0,0.0,355.09899224114866,0.9802039621754867
69b7d5579605ebc57c7531b1,69b7d5579605ebc57c7531b1,69b7d5589605ebc57c7531b2,0.0,0.0,0.0,0.0,0.08,0.0,0.0,0.0,0.02,0.0,0.0,0.0,0.0,0.1,0.0,0.0,0.0,0.8,0.0,0.0,0.0,0.0,0.0,0.0,0.0,0.0,0.0,0.0,0.0,0.0,67.0,500.0,1.0,1,0.01,0.02,12000,0.0,0.0,0.0,123.00315482029787,0.18158816788543825
69b7d5579605ebc57c7531b1,69b7d5579605ebc57c7531b1,69b7d5589605ebc57c7531b2,0.0,0.0,0.0,0.0,0.08,0.0,0.0,0.0,0.02,0.0,0.0,0.0,0.0,0.1,0.0,0.0,0.0,0.8,0.0,0.0,0.0,0.0,0.0,0.0,0.0,0.0,0.0,0.0,0.0,0.0,67.0,500.0,1.0,1,0.01,0.02,12000,0.0,0.0,0.0,147.05921698029073,0.2616626956973379
69b7d5579605ebc57c7531b1,69b7d5579605ebc57c7531b1,69b7d5589605ebc57c7531b2,0.0,0.0,0.0,0.0,0.08,0.0,0.0,0.0,0.02,0.0,0.0,0.0,0.0,0.1,0.0,0.0,0.0,0.8,0.0,0.0,0.0,0.0,0.0,0.0,0.0,0.0,0.0,0.0,0.0,0.0,67.0,500.0,1.0,1,0.01,0.02,12000,0.0,0.0,0.0,176.78057834656204,0.3515016859444174
69b7d5579605ebc57c7531b1,69b7d5579605ebc57c7531b1,69b7d5589605ebc57c7531b2,0.0,0.0,0.0,0.0,0.08,0.0,0.0,0.0,0.02,0.0,0.0,0.0,0.0,0.1,0.0,0.0,0.0,0.8,0.0,0.0,0.0,0.0,0.0,0.0,0.0,0.0,0.0,0.0,0.0,0.0,67.0,500.0,1.0,1,0.01,0.02,12000,0.0,0.0,0.0,201.84523544100597,0.3897210978012647
69b7d5579605ebc57c7531b1,69b7d5579605ebc57c7531b1,69b7d5589605ebc57c7531b2,0.0,0.0,0.0,0.0,0.08,0.0,0.0,0.0,0.02,0.0,0.0,0.0,0.0,0.1,0.0,0.0,0.0,0.8,0.0,0.0,0.0,0.0,0.0,0.0,0.0,0.0,0.0,0.0,0.0,0.0,67.0,500.0,1.0,1,0.01,0.02,12000,0.0,0.0,0.0,228.98170650138232,0.49992003099829346
69b7d5579605ebc57c7531b1,69b7d5579605ebc57c7531b1,69b7d5589605ebc57c7531b2,0.0,0.0,0.0,0.0,0.08,0.0,0.0,0.0,0.02,0.0,0.0,0.0,0.0,0.1,0.0,0.0,0.0,0.8,0.0,0.0,0.0,0.0,0.0,0.0,0.0,0.0,0.0,0.0,0.0,0.0,67.0,500.0,1.0,1,0.01,0.02,12000,0.0,0.0,0.0,257.9461339516632,0.570460110307757
69b7d5579605ebc57c7531b1,69b7d5579605ebc57c7531b1,69b7d5589605ebc57c7531b2,0.0,0.0,0.0,0.0,0.08,0.0,0.0,0.0,0.02,0.0,0.0,0.0,0.0,0.1,0.0,0.0,0.0,0.8,0.0,0.0,0.0,0.0,0.0,0.0,0.0,0.0,0.0,0.0,0.0,0.0,67.0,500.0,1.0,1,0.01,0.02,12000,0.0,0.0,0.0,282.9171497369125,0.6708649018524778
69b7d5579605ebc57c7531b1,69b7d5579605ebc57c7531b1,69b7d5589605ebc57c7531b2,0.0,0.0,0.0,0.0,0.08,0.0,0.0,0.0,0.02,0.0,0.0,0.0,0.0,0.1,0.0,0.0,0.0,0.8,0.0,0.0,0.0,0.0,0.0,0.0,0.0,0.0,0.0,0.0,0.0,0.0,67.0,500.0,1.0,1,0.01,0.02,12000,0.0,0.0,0.0,302.2170137340587,0.7301565578703513
69b7d5579605ebc57c7531b1,69b7d5579605ebc57c7531b1,69b7d5589605ebc57c7531b2,0.0,0.0,0.0,0.0,0.08,0.0,0.0,0.0,0.02,0.0,0.0,0.0,0.0,0.1,0.0,0.0,0.0,0.8,0.0,0.0,0.0,0.0,0.0,0.0,0.0,0.0,0.0,0.0,0.0,0.0,67.0,500.0,1.0,1,0.01,0.02,12000,0.0,0.0,0.0,316.8952889503255,0.8408674575628416
69b7d5579605ebc57c7531b1,69b7d5579605ebc57c7531b1,69b7d5589605ebc57c7531b2,0.0,0.0,0.0,0.0,0.08,0.0,0.0,0.0,0.02,0.0,0.0,0.0,0.0,0.1,0.0,0.0,0.0,0.8,0.0,0.0,0.0,0.0,0.0,0.0,0.0,0.0,0.0,0.0,0.0,0.0,67.0,500.0,1.0,1,0.01,0.02,12000,0.0,0.0,0.0,331.0156180326407,0.860952867754355
69b7d5579605ebc57c7531b1,69b7d5579605ebc57c7531b1,69b7d5589605ebc57c7531b2,0.0,0.0,0.0,0.0,0.08,0.0,0.0,0.0,0.02,0.0,0.0,0.0,0.0,0.1,0.0,0.0,0.0,0.8,0.0,0.0,0.0,0.0,0.0,0.0,0.0,0.0,0.0,0.0,0.0,0.0,67.0,500.0,1.0,1,0.01,0.02,12000,0.0,0.0,0.0,378.0801302060109,0.9503095707231012
69b7d5579605ebc57c7531b1,69b7d5579605ebc57c7531b1,69b7d5589605ebc57c7531b2,0.0,0.0,0.0,0.0,0.08,0.0,0.0,0.0,0.02,0.0,0.0,0.0,0.0,0.1,0.0,0.0,0.0,0.8,0.0,0.0,0.0,0.0,0.0,0.0,0.0,0.0,0.0,0.0,0.0,0.0,67.0,500.0,1.0,1,0.01,0.02,12000,0.0,0.0,0.0,359.2621287790957,0.9099903542544334
69b7d5589605ebc57c7531b3,69b7d5589605ebc57c7531b3,69b7d5589605ebc57c7531b4,0.0,0.0,0.0,0.0,0.06,0.0,0.0,0.0,0.04,0.0,0.0,0.0,0.0,0.1,0.0,0.0,0.0,0.8,0.0,0.0,0.0,0.0,0.0,0.0,0.0,0.0,0.0,0.0,0.0,0.0,71.0,500.0,1.0,1,0.01,0.02,12000,0.0,0.0,0.0,124.20488495496299,0.1906477489138231
69b7d5589605ebc57c7531b3,69b7d5589605ebc57c7531b3,69b7d5589605ebc57c7531b4,0.0,0.0,0.0,0.0,0.06,0.0,0.0,0.0,0.04,0.0,0.0,0.0,0.0,0.1,0.0,0.0,0.0,0.8,0.0,0.0,0.0,0.0,0.0,0.0,0.0,0.0,0.0,0.0,0.0,0.0,71.0,500.0,1.0,1,0.01,0.02,12000,0.0,0.0,0.0,152.77328770177473,0.26123234704897896
69b7d5589605ebc57c7531b3,69b7d5589605ebc57c7531b3,69b7d5589605ebc57c7531b4,0.0,0.0,0.0,0.0,0.06,0.0,0.0,0.0,0.04,0.0,0.0,0.0,0.0,0.1,0.0,0.0,0.0,0.8,0.0,0.0,0.0,0.0,0.0,0.0,0.0,0.0,0.0,0.0,0.0,0.0,71.0,500.0,1.0,1,0.01,0.02,12000,0.0,0.0,0.0,178.97334567020422,0.39045565842518776
69b7d5589605ebc57c7531b3,69b7d5589605ebc57c7531b3,69b7d5589605ebc57c7531b4,0.0,0.0,0.0,0.0,0.06,0.0,0.0,0.0,0.04,0.0,0.0,0.0,0.0,0.1,0.0,0.0,0.0,0.8,0.0,0.0,0.0,0.0,0.0,0.0,0.0,0.0,0.0,0.0,0.0,0.0,71.0,500.0,1.0,1,0.01,0.02,12000,0.0,0.0,0.0,205.01343306875947,0.4806656388863699
69b7d5589605ebc57c7531b3,69b7d5589605ebc57c7531b3,69b7d5589605ebc57c7531b4,0.0,0.0,0.0,0.0,0.06,0.0,0.0,0.0,0.04,0.0,0.0,0.0,0.0,0.1,0.0,0.0,0.0,0.8,0.0,0.0,0.0,0.0,0.0,0.0,0.0,0.0,0.0,0.0,0.0,0.0,71.0,500.0,1.0,1,0.01,0.02,12000,0.0,0.0,0.0,232.22013511103185,0.6108832040363735
69b7d5589605ebc57c7531b3,69b7d5589605ebc57c7531b3,69b7d5589605ebc57c7531b4,0.0,0.0,0.0,0.0,0.06,0.0,0.0,0.0,0.04,0.0,0.0,0.0,0.0,0.1,0.0,0.0,0.0,0.8,0.0,0.0,0.0,0.0,0.0,0.0,0.0,0.0,0.0,0.0,0.0,0.0,71.0,500.0,1.0,1,0.01,0.02,12000,0.0,0.0,0.0,260.7826852760189,0.7404033075838644
69b7d5589605ebc57c7531b3,69b7d5589605ebc57c7531b3,69b7d5589605ebc57c7531b4,0.0,0.0,0.0,0.0,0.06,0.0,0.0,0.0,0.04,0.0,0.0,0.0,0.0,0.1,0.0,0.0,0.0,0.8,0.0,0.0,0.0,0.0,0.0,0.0,0.0,0.0,0.0,0.0,0.0,0.0,71.0,500.0,1.0,1,0.01,0.02,12000,0.0,0.0,0.0,285.79857085525725,0.8707173301895348
69b7d5589605ebc57c7531b3,69b7d5589605ebc57c7531b3,69b7d5589605ebc57c7531b4,0.0,0.0,0.0,0.0,0.06,0.0,0.0,0.0,0.04,0.0,0.0,0.0,0.0,0.1,0.0,0.0,0.0,0.8,0.0,0.0,0.0,0.0,0.0,0.0,0.0,0.0,0.0,0.0,0.0,0.0,71.0,500.0,1.0,1,0.01,0.02,12000,0.0,0.0,0.0,311.03685454383304,0.9206080941820489
69b7d5589605ebc57c7531b3,69b7d5589605ebc57c7531b3,69b7d5589605ebc57c7531b4,0.0,0.0,0.0,0.0,0.06,0.0,0.0,0.0,0.04,0.0,0.0,0.0,0.0,0.1,0.0,0.0,0.0,0.8,0.0,0.0,0.0,0.0,0.0,0.0,0.0,0.0,0.0,0.0,0.0,0.0,71.0,500.0,1.0,1,0.01,0.02,12000,0.0,0.0,0.0,334.1838156603942,0.9699572124619735
69b7d5599605ebc57c7531b5,69b7d5599605ebc57c7531b5,69b7d5599605ebc57c7531b6,0.0,0.0,0.0,0.0,0.04,0.0,0.0,0.0,0.06,0.0,0.0,0.0,0.0,0.1,0.0,0.0,0.0,0.8,0.0,0.0,0.0,0.0,0.0,0.0,0.0,0.0,0.0,0.0,0.0,0.0,36.0,500.0,1.0,1,0.01,0.02,12000,0.0,0.0,0.0,116.98474984393116,0.1800300089862074
69b7d5599605ebc57c7531b5,69b7d5599605ebc57c7531b5,69b7d5599605ebc57c7531b6,0.0,0.0,0.0,0.0,0.04,0.0,0.0,0.0,0.06,0.0,0.0,0.0,0.0,0.1,0.0,0.0,0.0,0.8,0.0,0.0,0.0,0.0,0.0,0.0,0.0,0.0,0.0,0.0,0.0,0.0,36.0,500.0,1.0,1,0.01,0.02,12000,0.0,0.0,0.0,170.92019307946134,0.23004690965151653
69b7d5599605ebc57c7531b5,69b7d5599605ebc57c7531b5,69b7d5599605ebc57c7531b6,0.0,0.0,0.0,0.0,0.04,0.0,0.0,0.0,0.06,0.0,0.0,0.0,0.0,0.1,0.0,0.0,0.0,0.8,0.0,0.0,0.0,0.0,0.0,0.0,0.0,0.0,0.0,0.0,0.0,0.0,36.0,500.0,1.0,1,0.01,0.02,12000,0.0,0.0,0.0,222.97500668866493,0.32047206443687803
69b7d5599605ebc57c7531b5,69b7d5599605ebc57c7531b5,69b7d5599605ebc57c7531b6,0.0,0.0,0.0,0.0,0.04,0.0,0.0,0.0,0.06,0.0,0.0,0.0,0.0,0.1,0.0,0.0,0.0,0.8,0.0,0.0,0.0,0.0,0.0,0.0,0.0,0.0,0.0,0.0,0.0,0.0,36.0,500.0,1.0,1,0.01,0.02,12000,0.0,0.0,0.0,250.950347810577,0.511086836442781
69b7d5599605ebc57c7531b5,69b7d5599605ebc57c7531b5,69b7d5599605ebc57c7531b6,0.0,0.0,0.0,0.0,0.04,0.0,0.0,0.0,0.06,0.0,0.0,0.0,0.0,0.1,0.0,0.0,0.0,0.8,0.0,0.0,0.0,0.0,0.0,0.0,0.0,0.0,0.0,0.0,0.0,0.0,36.0,500.0,1.0,1,0.01,0.02,12000,0.0,0.0,0.0,278.1472955498083,0.7101676051345046
69b7d5599605ebc57c7531b5,69b7d5599605ebc57c7531b5,69b7d5599605ebc57c7531b6,0.0,0.0,0.0,0.0,0.04,0.0,0.0,0.0,0.06,0.0,0.0,0.0,0.0,0.1,0.0,0.0,0.0,0.8,0.0,0.0,0.0,0.0,0.0,0.0,0.0,0.0,0.0,0.0,0.0,0.0,36.0,500.0,1.0,1,0.01,0.02,12000,0.0,0.0,0.0,303.11050789262464,0.8308804009992004
69b7d5599605ebc57c7531b5,69b7d5599605ebc57c7531b5,69b7d5599605ebc57c7531b6,0.0,0.0,0.0,0.0,0.04,0.0,0.0,0.0,0.06,0.0,0.0,0.0,0.0,0.1,0.0,0.0,0.0,0.8,0.0,0.0,0.0,0.0,0.0,0.0,0.0,0.0,0.0,0.0,0.0,0.0,36.0,500.0,1.0,1,0.01,0.02,12000,0.0,0.0,0.0,326.07603897262106,0.9098122789516642
69b7d5599605ebc57c7531b7,69b7d5599605ebc57c7531b7,69b7d55a9605ebc57c7531b8,0.0,0.0,0.0,0.0,0.02,0.0,0.0,0.0,0.08,0.0,0.0,0.0,0.0,0.1,0.0,0.0,0.0,0.8,0.0,0.0,0.0,0.0,0.0,0.0,0.0,0.0,0.0,0.0,0.0,0.0,31.0,500.0,1.0,1,0.01,0.02,12000,0.0,0.0,0.0,116.98474984393116,0.1800300089862074
69b7d5599605ebc57c7531b7,69b7d5599605ebc57c7531b7,69b7d55a9605ebc57c7531b8,0.0,0.0,0.0,0.0,0.02,0.0,0.0,0.0,0.08,0.0,0.0,0.0,0.0,0.1,0.0,0.0,0.0,0.8,0.0,0.0,0.0,0.0,0.0,0.0,0.0,0.0,0.0,0.0,0.0,0.0,31.0,500.0,1.0,1,0.01,0.02,12000,0.0,0.0,0.0,170.92019307946134,0.23004690965151653
69b7d5599605ebc57c7531b7,69b7d5599605ebc57c7531b7,69b7d55a9605ebc57c7531b8,0.0,0.0,0.0,0.0,0.02,0.0,0.0,0.0,0.08,0.0,0.0,0.0,0.0,0.1,0.0,0.0,0.0,0.8,0.0,0.0,0.0,0.0,0.0,0.0,0.0,0.0,0.0,0.0,0.0,0.0,31.0,500.0,1.0,1,0.01,0.02,12000,0.0,0.0,0.0,222.97500668866493,0.32047206443687803
69b7d5599605ebc57c7531b7,69b7d5599605ebc57c7531b7,69b7d55a9605ebc57c7531b8,0.0,0.0,0.0,0.0,0.02,0.0,0.0,0.0,0.08,0.0,0.0,0.0,0.0,0.1,0.0,0.0,0.0,0.8,0.0,0.0,0.0,0.0,0.0,0.0,0.0,0.0,0.0,0.0,0.0,0.0,31.0,500.0,1.0,1,0.01,0.02,12000,0.0,0.0,0.0,250.950347810577,0.511086836442781
69b7d5599605ebc57c7531b7,69b7d5599605ebc57c7531b7,69b7d55a9605ebc57c7531b8,0.0,0.0,0.0,0.0,0.02,0.0,0.0,0.0,0.08,0.0,0.0,0.0,0.0,0.1,0.0,0.0,0.0,0.8,0.0,0.0,0.0,0.0,0.0,0.0,0.0,0.0,0.0,0.0,0.0,0.0,31.0,500.0,1.0,1,0.01,0.02,12000,0.0,0.0,0.0,278.1472955498083,0.7101676051345046
69b7d5599605ebc57c7531b7,69b7d5599605ebc57c7531b7,69b7d55a9605ebc57c7531b8,0.0,0.0,0.0,0.0,0.02,0.0,0.0,0.0,0.08,0.0,0.0,0.0,0.0,0.1,0.0,0.0,0.0,0.8,0.0,0.0,0.0,0.0,0.0,0.0,0.0,0.0,0.0,0.0,0.0,0.0,31.0,500.0,1.0,1,0.01,0.02,12000,0.0,0.0,0.0,303.11050789262464,0.8308804009992004
69b7d5599605ebc57c7531b7,69b7d5599605ebc57c7531b7,69b7d55a9605ebc57c7531b8,0.0,0.0,0.0,0.0,0.02,0.0,0.0,0.0,0.08,0.0,0.0,0.0,0.0,0.1,0.0,0.0,0.0,0.8,0.0,0.0,0.0,0.0,0.0,0.0,0.0,0.0,0.0,0.0,0.0,0.0,31.0,500.0,1.0,1,0.01,0.02,12000,0.0,0.0,0.0,326.07603897262106,0.9098122789516642
69b7d55a9605ebc57c7531b9,69b7d55a9605ebc57c7531b9,69b7d55a9605ebc57c7531ba,0.0,0.0,0.0,0.0,0.0,0.0,0.0,0.0,0.1,0.0,0.0,0.0,0.0,0.1,0.0,0.0,0.0,0.8,0.0,0.0,0.0,0.0,0.0,0.0,0.0,0.0,0.0,0.0,0.0,0.0,40.0,500.0,1.0,1,0.01,0.02,12000,0.0,0.0,0.0,123.02266342638009,0.12125031946379547
69b7d55a9605ebc57c7531b9,69b7d55a9605ebc57c7531b9,69b7d55a9605ebc57c7531ba,0.0,0.0,0.0,0.0,0.0,0.0,0.0,0.0,0.1,0.0,0.0,0.0,0.0,0.1,0.0,0.0,0.0,0.8,0.0,0.0,0.0,0.0,0.0,0.0,0.0,0.0,0.0,0.0,0.0,0.0,40.0,500.0,1.0,1,0.01,0.02,12000,0.0,0.0,0.0,174.76143761705163,0.1908035648037462
69b7d55a9605ebc57c7531b9,69b7d55a9605ebc57c7531b9,69b7d55a9605ebc57c7531ba,0.0,0.0,0.0,0.0,0.0,0.0,0.0,0.0,0.1,0.0,0.0,0.0,0.0,0.1,0.0,0.0,0.0,0.8,0.0,0.0,0.0,0.0,0.0,0.0,0.0,0.0,0.0,0.0,0.0,0.0,40.0,500.0,1.0,1,0.01,0.02,12000,0.0,0.0,0.0,228.97780478016588,0.4610476763646257
69b7d55a9605ebc57c7531b9,69b7d55a9605ebc57c7531b9,69b7d55a9605ebc57c7531ba,0.0,0.0,0.0,0.0,0.0,0.0,0.0,0.0,0.1,0.0,0.0,0.0,0.0,0.1,0.0,0.0,0.0,0.8,0.0,0.0,0.0,0.0,0.0,0.0,0.0,0.0,0.0,0.0,0.0,0.0,40.0,500.0,1.0,1,0.01,0.02,12000,0.0,0.0,0.0,266.0383037545706,0.630271152625374
69b7d55a9605ebc57c7531b9,69b7d55a9605ebc57c7531b9,69b7d55a9605ebc57c7531ba,0.0,0.0,0.0,0.0,0.0,0.0,0.0,0.0,0.1,0.0,0.0,0.0,0.0,0.1,0.0,0.0,0.0,0.8,0.0,0.0,0.0,0.0,0.0,0.0,0.0,0.0,0.0,0.0,0.0,0.0,40.0,500.0,1.0,1,0.01,0.02,12000,0.0,0.0,0.0,282.84691875501653,0.7818577541076861
69b7d55a9605ebc57c7531b9,69b7d55a9605ebc57c7531b9,69b7d55a9605ebc57c7531ba,0.0,0.0,0.0,0.0,0.0,0.0,0.0,0.0,0.1,0.0,0.0,0.0,0.0,0.1,0.0,0.0,0.0,0.8,0.0,0.0,0.0,0.0,0.0,0.0,0.0,0.0,0.0,0.0,0.0,0.0,40.0,500.0,1.0,1,0.01,0.02,12000,0.0,0.0,0.0,308.98845090519933,0.8707173301895348
69b7d55a9605ebc57c7531b9,69b7d55a9605ebc57c7531b9,69b7d55a9605ebc57c7531ba,0.0,0.0,0.0,0.0,0.0,0.0,0.0,0.0,0.1,0.0,0.0,0.0,0.0,0.1,0.0,0.0,0.0,0.8,0.0,0.0,0.0,0.0,0.0,0.0,0.0,0.0,0.0,0.0,0.0,0.0,40.0,500.0,1.0,1,0.01,0.02,12000,0.0,0.0,0.0,328.7643248907518,0.9404560706365368
69b7d55b9605ebc57c7531bb,69b7d55b9605ebc57c7531bb,69b7d55b9605ebc57c7531bc,0.0,0.0,0.0,0.0,0.02,0.0,0.0,0.0,0.08,0.0,0.0,0.0,0.0,0.0,0.0,0.0,0.0,0.9,0.0,0.0,0.0,0.0,0.0,0.0,0.0,0.0,0.0,0.0,0.0,0.0,79.0,500.0,1.0,1,0.01,0.02,12000,0.0,0.0,0.0,89.73296269276244,0.38869536809220934
69b7d55b9605ebc57c7531bb,69b7d55b9605ebc57c7531bb,69b7d55b9605ebc57c7531bc,0.0,0.0,0.0,0.0,0.02,0.0,0.0,0.0,0.08,0.0,0.0,0.0,0.0,0.0,0.0,0.0,0.0,0.9,0.0,0.0,0.0,0.0,0.0,0.0,0.0,0.0,0.0,0.0,0.0,0.0,79.0,500.0,1.0,1,0.01,0.02,12000,0.0,0.0,0.0,119.60642499559759,0.6383497871384671
69b7d55b9605ebc57c7531bb,69b7d55b9605ebc57c7531bb,69b7d55b9605ebc57c7531bc,0.0,0.0,0.0,0.0,0.02,0.0,0.0,0.0,0.08,0.0,0.0,0.0,0.0,0.0,0.0,0.0,0.0,0.9,0.0,0.0,0.0,0.0,0.0,0.0,0.0,0.0,0.0,0.0,0.0,0.0,79.0,500.0,1.0,1,0.01,0.02,12000,0.0,0.0,0.0,147.86829262156928,0.8006054047431879
69b7d55b9605ebc57c7531bb,69b7d55b9605ebc57c7531bb,69b7d55b9605ebc57c7531bc,0.0,0.0,0.0,0.0,0.02,0.0,0.0,0.0,0.08,0.0,0.0,0.0,0.0,0.0,0.0,0.0,0.0,0.9,0.0,0.0,0.0,0.0,0.0,0.0,0.0,0.0,0.0,0.0,0.0,0.0,79.0,500.0,1.0,1,0.01,0.02,12000,0.0,0.0,0.0,158.91203994868053,0.8209390409490459
69b7d55b9605ebc57c7531bb,69b7d55b9605ebc57c7531bb,69b7d55b9605ebc57c7531bc,0.0,0.0,0.0,0.0,0.02,0.0,0.0,0.0,0.08,0.0,0.0,0.0,0.0,0.0,0.0,0.0,0.0,0.9,0.0,0.0,0.0,0.0,0.0,0.0,0.0,0.0,0.0,0.0,0.0,0.0,79.0,500.0,1.0,1,0.01,0.02,12000,0.0,0.0,0.0,173.27331387889615,0.8520045737154291
69b7d55b9605ebc57c7531bb,69b7d55b9605ebc57c7531bb,69b7d55b9605ebc57c7531bc,0.0,0.0,0.0,0.0,0.02,0.0,0.0,0.0,0.08,0.0,0.0,0.0,0.0,0.0,0.0,0.0,0.0,0.9,0.0,0.0,0.0,0.0,0.0,0.0,0.0,0.0,0.0,0.0,0.0,0.0,79.0,500.0,1.0,1,0.01,0.02,12000,0.0,0.0,0.0,192.84829312470129,0.9100376718971731
69b7d55b9605ebc57c7531bb,69b7d55b9605ebc57c7531bb,69b7d55b9605ebc57c7531bc,0.0,0.0,0.0,0.0,0.02,0.0,0.0,0.0,0.08,0.0,0.0,0.0,0.0,0.0,0.0,0.0,0.0,0.9,0.0,0.0,0.0,0.0,0.0,0.0,0.0,0.0,0.0,0.0,0.0,0.0,79.0,500.0,1.0,1,0.01,0.02,12000,0.0,0.0,0.0,200.71916429775354,0.9516329593368112
69b7d55b9605ebc57c7531bd,69b7d55b9605ebc57c7531bd,69b7d55b9605ebc57c7531be,0.0,0.0,0.0,0.0,0.02,0.0,0.0,0.0,0.08,0.0,0.0,0.0,0.0,0.1,0.0,0.0,0.0,0.8,0.0,0.0,0.0,0.0,0.0,0.0,0.0,0.0,0.0,0.0,0.0,0.0,31.0,500.0,1.0,1,0.01,0.02,12000,0.0,0.0,0.0,71.6264999622651,0.09639819909954978
69b7d55b9605ebc57c7531bd,69b7d55b9605ebc57c7531bd,69b7d55b9605ebc57c7531be,0.0,0.0,0.0,0.0,0.02,0.0,0.0,0.0,0.08,0.0,0.0,0.0,0.0,0.1,0.0,0.0,0.0,0.8,0.0,0.0,0.0,0.0,0.0,0.0,0.0,0.0,0.0,0.0,0.0,0.0,31.0,500.0,1.0,1,0.01,0.02,12000,0.0,0.0,0.0,121.64568186963851,0.1665965635879164
69b7d55b9605ebc57c7531bd,69b7d55b9605ebc57c7531bd,69b7d55b9605ebc57c7531be,0.0,0.0,0.0,0.0,0.02,0.0,0.0,0.0,0.08,0.0,0.0,0.0,0.0,0.1,0.0,0.0,0.0,0.8,0.0,0.0,0.0,0.0,0.0,0.0,0.0,0.0,0.0,0.0,0.0,0.0,31.0,500.0,1.0,1,0.01,0.02,12000,0.0,0.0,0.0,176.05311816054945,0.23669385713264796
69b7d55b9605ebc57c7531bd,69b7d55b9605ebc57c7531bd,69b7d55b9605ebc57c7531be,0.0,0.0,0.0,0.0,0.02,0.0,0.0,0.0,0.08,0.0,0.0,0.0,0.0,0.1,0.0,0.0,0.0,0.8,0.0,0.0,0.0,0.0,0.0,0.0,0.0,0.0,0.0,0.0,0.0,0.0,31.0,500.0,1.0,1,0.01,0.02,12000,0.0,0.0,0.0,227.9323161681467,0.36964808935079785
69b7d55b9605ebc57c7531bd,69b7d55b9605ebc57c7531bd,69b7d55b9605ebc57c7531be,0.0,0.0,0.0,0.0,0.02,0.0,0.0,0.0,0.08,0.0,0.0,0.0,0.0,0.1,0.0,0.0,0.0,0.8,0.0,0.0,0.0,0.0,0.0,0.0,0.0,0.0,0.0,0.0,0.0,0.0,31.0,500.0,1.0,1,0.01,0.02,12000,0.0,0.0,0.0,255.0621368015899,0.669929862890629
69b7d55b9605ebc57c7531bd,69b7d55b9605ebc57c7531bd,69b7d55b9605ebc57c7531be,0.0,0.0,0.0,0.0,0.02,0.0,0.0,0.0,0.08,0.0,0.0,0.0,0.0,0.1,0.0,0.0,0.0,0.8,0.0,0.0,0.0,0.0,0.0,0.0,0.0,0.0,0.0,0.0,0.0,0.0,31.0,500.0,1.0,1,0.01,0.02,12000,0.0,0.0,0.0,279.8901285502252,0.8822247858623189
69b7d55b9605ebc57c7531bd,69b7d55b9605ebc57c7531bd,69b7d55b9605ebc57c7531be,0.0,0.0,0.0,0.0,0.02,0.0,0.0,0.0,0.08,0.0,0.0,0.0,0.0,0.1,0.0,0.0,0.0,0.8,0.0,0.0,0.0,0.0,0.0,0.0,0.0,0.0,0.0,0.0,0.0,0.0,31.0,500.0,1.0,1,0.01,0.02,12000,0.0,0.0,0.0,300.21823350355965,0.9617859950383355
69b7d55c9605ebc57c7531bf,69b7d55c9605ebc57c7531bf,69b7d55c9605ebc57c7531c0,0.0,0.0,0.1,0.0,0.02,0.0,0.0,0.0,0.08,0.0,0.0,0.0,0.0,0.0,0.0,0.0,0.0,0.8,0.0,0.0,0.0,0.0,0.0,0.0,0.0,0.0,0.0,0.0,0.0,0.0,100.0,500.0,1.0,1,0.01,0.02,12000,0.0,0.0,0.0,101.80655832557672,0.23713489397760107
69b7d55c9605ebc57c7531bf,69b7d55c9605ebc57c7531bf,69b7d55c9605ebc57c7531c0,0.0,0.0,0.1,0.0,0.02,0.0,0.0,0.0,0.08,0.0,0.0,0.0,0.0,0.0,0.0,0.0,0.0,0.8,0.0,0.0,0.0,0.0,0.0,0.0,0.0,0.0,0.0,0.0,0.0,0.0,100.0,500.0,1.0,1,0.01,0.02,12000,0.0,0.0,0.0,122.71169278760283,0.3088493226204939
69b7d55c9605ebc57c7531bf,69b7d55c9605ebc57c7531bf,69b7d55c9605ebc57c7531c0,0.0,0.0,0.1,0.0,0.02,0.0,0.0,0.0,0.08,0.0,0.0,0.0,0.0,0.0,0.0,0.0,0.0,0.8,0.0,0.0,0.0,0.0,0.0,0.0,0.0,0.0,0.0,0.0,0.0,0.0,100.0,500.0,1.0,1,0.01,0.02,12000,0.0,0.0,0.0,162.98583683429348,0.33956570121795593
69b7d55c9605ebc57c7531bf,69b7d55c9605ebc57c7531bf,69b7d55c9605ebc57c7531c0,0.0,0.0,0.1,0.0,0.02,0.0,0.0,0.0,0.08,0.0,0.0,0.0,0.0,0.0,0.0,0.0,0.0,0.8,0.0,0.0,0.0,0.0,0.0,0.0,0.0,0.0,0.0,0.0,0.0,0.0,100.0,500.0,1.0,1,0.01,0.02,12000,0.0,0.0,0.0,183.15828532615532,0.4507621157517534
69b7d55c9605ebc57c7531bf,69b7d55c9605ebc57c7531bf,69b7d55c9605ebc57c7531c0,0.0,0.0,0.1,0.0,0.02,0.0,0.0,0.0,0.08,0.0,0.0,0.0,0.0,0.0,0.0,0.0,0.0,0.8,0.0,0.0,0.0,0.0,0.0,0.0,0.0,0.0,0.0,0.0,0.0,0.0,100.0,500.0,1.0,1,0.01,0.02,12000,0.0,0.0,0.0,202.97382455787277,0.4992394156261804
69b7d55c9605ebc57c7531bf,69b7d55c9605ebc57c7531bf,69b7d55c9605ebc57c7531c0,0.0,0.0,0.1,0.0,0.02,0.0,0.0,0.0,0.08,0.0,0.0,0.0,0.0,0.0,0.0,0.0,0.0,0.8,0.0,0.0,0.0,0.0,0.0,0.0,0.0,0.0,0.0,0.0,0.0,0.0,100.0,500.0,1.0,1,0.01,0.02,12000,0.0,0.0,0.0,220.9167693894493,0.6399209808986126
69b7d55c9605ebc57c7531bf,69b7d55c9605ebc57c7531bf,69b7d55c9605ebc57c7531c0,0.0,0.0,0.1,0.0,0.02,0.0,0.0,0.0,0.08,0.0,0.0,0.0,0.0,0.0,0.0,0.0,0.0,0.8,0.0,0.0,0.0,0.0,0.0,0.0,0.0,0.0,0.0,0.0,0.0,0.0,100.0,500.0,1.0,1,0.01,0.02,12000,0.0,0.0,0.0,243.10174586802847,0.7105695704995355
69b7d55c9605ebc57c7531bf,69b7d55c9605ebc57c7531bf,69b7d55c9605ebc57c7531c0,0.0,0.0,0.1,0.0,0.02,0.0,0.0,0.0,0.08,0.0,0.0,0.0,0.0,0.0,0.0,0.0,0.0,0.8,0.0,0.0,0.0,0.0,0.0,0.0,0.0,0.0,0.0,0.0,0.0,0.0,100.0,500.0,1.0,1,0.01,0.02,12000,0.0,0.0,0.0,265.956516817187,0.8018641974048247
69b7d55c9605ebc57c7531bf,69b7d55c9605ebc57c7531bf,69b7d55c9605ebc57c7531c0,0.0,0.0,0.1,0.0,0.02,0.0,0.0,0.0,0.08,0.0,0.0,0.0,0.0,0.0,0.0,0.0,0.0,0.8,0.0,0.0,0.0,0.0,0.0,0.0,0.0,0.0,0.0,0.0,0.0,0.0,100.0,500.0,1.0,1,0.01,0.02,12000,0.0,0.0,0.0,289.16505245151063,0.9013363824769527
69b7d55c9605ebc57c7531bf,69b7d55c9605ebc57c7531bf,69b7d55c9605ebc57c7531c0,0.0,0.0,0.1,0.0,0.02,0.0,0.0,0.0,0.08,0.0,0.0,0.0,0.0,0.0,0.0,0.0,0.0,0.8,0.0,0.0,0.0,0.0,0.0,0.0,0.0,0.0,0.0,0.0,0.0,0.0,100.0,500.0,1.0,1,0.01,0.02,12000,0.0,0.0,0.0,312.98206334431836,0.9714520525568906
69b7d55c9605ebc57c7531bf,69b7d55c9605ebc57c7531bf,69b7d55c9605ebc57c7531c0,0.0,0.0,0.1,0.0,0.02,0.0,0.0,0.0,0.08,0.0,0.0,0.0,0.0,0.0,0.0,0.0,0.0,0.8,0.0,0.0,0.0,0.0,0.0,0.0,0.0,0.0,0.0,0.0,0.0,0.0,100.0,500.0,1.0,1,0.01,0.02,12000,0.0,0.0,0.0,328.18136650650297,0.9919327010443998
69b7d55c9605ebc57c7531c1,69b7d55c9605ebc57c7531c1,69b7d55d9605ebc57c7531c2,0.0,0.0,0.0,0.0,0.02,0.0,0.0,0.0,0.08,0.0,0.0,0.0,0.0,0.0,0.0,0.1,0.0,0.8,0.0,0.0,0.0,0.0,0.0,0.0,0.0,0.0,0.0,0.0,0.0,0.0,87.0,500.0,1.0,1,0.01,0.02,12000,0.0,0.0,0.0,58.59538124827048,0.13608232687772456
69b7d55c9605ebc57c7531c1,69b7d55c9605ebc57c7531c1,69b7d55d9605ebc57c7531c2,0.0,0.0,0.0,0.0,0.02,0.0,0.0,0.0,0.08,0.0,0.0,0.0,0.0,0.0,0.0,0.1,0.0,0.8,0.0,0.0,0.0,0.0,0.0,0.0,0.0,0.0,0.0,0.0,0.0,0.0,87.0,500.0,1.0,1,0.01,0.02,12000,0.0,0.0,0.0,87.03648964805916,0.22865412297985727
69b7d55c9605ebc57c7531c1,69b7d55c9605ebc57c7531c1,69b7d55d9605ebc57c7531c2,0.0,0.0,0.0,0.0,0.02,0.0,0.0,0.0,0.08,0.0,0.0,0.0,0.0,0.0,0.0,0.1,0.0,0.8,0.0,0.0,0.0,0.0,0.0,0.0,0.0,0.0,0.0,0.0,0.0,0.0,87.0,500.0,1.0,1,0.01,0.02,12000,0.0,0.0,0.0,113.16319086312294,0.3272901757000949
69b7d55c9605ebc57c7531c1,69b7d55c9605ebc57c7531c1,69b7d55d9605ebc57c7531c2,0.0,0.0,0.0,0.0,0.02,0.0,0.0,0.0,0.08,0.0,0.0,0.0,0.0,0.0,0.0,0.1,0.0,0.8,0.0,0.0,0.0,0.0,0.0,0.0,0.0,0.0,0.0,0.0,0.0,0.0,87.0,500.0,1.0,1,0.01,0.02,12000,0.0,0.0,0.0,133.84348821413298,0.4175465283662239
69b7d55c9605ebc57c7531c1,69b7d55c9605ebc57c7531c1,69b7d55d9605ebc57c7531c2,0.0,0.0,0.0,0.0,0.02,0.0,0.0,0.0,0.08,0.0,0.0,0.0,0.0,0.0,0.0,0.1,0.0,0.8,0.0,0.0,0.0,0.0,0.0,0.0,0.0,0.0,0.0,0.0,0.0,0.0,87.0,500.0,1.0,1,0.01,0.02,12000,0.0,0.0,0.0,157.80672184347566,0.569189696889261
69b7d55c9605ebc57c7531c1,69b7d55c9605ebc57c7531c1,69b7d55d9605ebc57c7531c2,0.0,0.0,0.0,0.0,0.02,0.0,0.0,0.0,0.08,0.0,0.0,0.0,0.0,0.0,0.0,0.1,0.0,0.8,0.0,0.0,0.0,0.0,0.0,0.0,0.0,0.0,0.0,0.0,0.0,0.0,87.0,500.0,1.0,1,0.01,0.02,12000,0.0,0.0,0.0,180.1442102085482,0.6396728976733265
69b7d55c9605ebc57c7531c1,69b7d55c9605ebc57c7531c1,69b7d55d9605ebc57c7531c2,0.0,0.0,0.0,0.0,0.02,0.0,0.0,0.0,0.08,0.0,0.0,0.0,0.0,0.0,0.0,0.1,0.0,0.8,0.0,0.0,0.0,0.0,0.0,0.0,0.0,0.0,0.0,0.0,0.0,0.0,87.0,500.0,1.0,1,0.01,0.02,12000,0.0,0.0,0.0,202.98797514527936,0.7811262774244265
69b7d55c9605ebc57c7531c1,69b7d55c9605ebc57c7531c1,69b7d55d9605ebc57c7531c2,0.0,0.0,0.0,0.0,0.02,0.0,0.0,0.0,0.08,0.0,0.0,0.0,0.0,0.0,0.0,0.1,0.0,0.8,0.0,0.0,0.0,0.0,0.0,0.0,0.0,0.0,0.0,0.0,0.0,0.0,87.0,500.0,1.0,1,0.01,0.02,12000,0.0,0.0,0.0,218.08822419561773,0.8106206164306643
69b7d55c9605ebc57c7531c1,69b7d55c9605ebc57c7531c1,69b7d55d9605ebc57c7531c2,0.0,0.0,0.0,0.0,0.02,0.0,0.0,0.0,0.08,0.0,0.0,0.0,0.0,0.0,0.0,0.1,0.0,0.8,0.0,0.0,0.0,0.0,0.0,0.0,0.0,0.0,0.0,0.0,0.0,0.0,87.0,500.0,1.0,1,0.01,0.02,12000,0.0,0.0,0.0,232.9620638474504,0.8911925350430318
69b7d55c9605ebc57c7531c1,69b7d55c9605ebc57c7531c1,69b7d55d9605ebc57c7531c2,0.0,0.0,0.0,0.0,0.02,0.0,0.0,0.0,0.08,0.0,0.0,0.0,0.0,0.0,0.0,0.1,0.0,0.8,0.0,0.0,0.0,0.0,0.0,0.0,0.0,0.0,0.0,0.0,0.0,0.0,87.0,500.0,1.0,1,0.01,0.02,12000,0.0,0.0,0.0,252.1864229830696,0.9514675705199538
69b7d55d9605ebc57c7531c3,69b7d55d9605ebc57c7531c3,69b7d55d9605ebc57c7531c4,0.0,0.0,0.0,0.0,0.02,0.0,0.0,0.0,0.08,0.0,0.0,0.0,0.0,0.0,0.0,0.0,0.0,0.8,0.0,0.0,0.1,0.0,0.0,0.0,0.0,0.0,0.0,0.0,0.0,0.0,96.0,500.0,1.0,1,0.01,0.02,12000,0.0,0.0,0.0,83.81958944429071,0.07640452879500975
69b7d55d9605ebc57c7531c3,69b7d55d9605ebc57c7531c3,69b7d55d9605ebc57c7531c4,0.0,0.0,0.0,0.0,0.02,0.0,0.0,0.0,0.08,0.0,0.0,0.0,0.0,0.0,0.0,0.0,0.0,0.8,0.0,0.0,0.1,0.0,0.0,0.0,0.0,0.0,0.0,0.0,0.0,0.0,96.0,500.0,1.0,1,0.01,0.02,12000,0.0,0.0,0.0,98.04407436290911,0.16673438760196427
69b7d55d9605ebc57c7531c3,69b7d55d9605ebc57c7531c3,69b7d55d9605ebc57c7531c4,0.0,0.0,0.0,0.0,0.02,0.0,0.0,0.0,0.08,0.0,0.0,0.0,0.0,0.0,0.0,0.0,0.0,0.8,0.0,0.0,0.1,0.0,0.0,0.0,0.0,0.0,0.0,0.0,0.0,0.0,96.0,500.0,1.0,1,0.01,0.02,12000,0.0,0.0,0.0,116.59863902794899,0.3274096231789364
69b7d55d9605ebc57c7531c3,69b7d55d9605ebc57c7531c3,69b7d55d9605ebc57c7531c4,0.0,0.0,0.0,0.0,0.02,0.0,0.0,0.0,0.08,0.0,0.0,0.0,0.0,0.0,0.0,0.0,0.0,0.8,0.0,0.0,0.1,0.0,0.0,0.0,0.0,0.0,0.0,0.0,0.0,0.0,96.0,500.0,1.0,1,0.01,0.02,12000,0.0,0.0,0.0,133.57462705340745,0.42935345223632226
69b7d55d9605ebc57c7531c3,69b7d55d9605ebc57c7531c3,69b7d55d9605ebc57c7531c4,0.0,0.0,0.0,0.0,0.02,0.0,0.0,0.0,0.08,0.0,0.0,0.0,0.0,0.0,0.0,0.0,0.0,0.8,0.0,0.0,0.1,0.0,0.0,0.0,0.0,0.0,0.0,0.0,0.0,0.0,96.0,500.0,1.0,1,0.01,0.02,12000,0.0,0.0,0.0,150.02075419486303,0.5198854529305469
69b7d55d9605ebc57c7531c3,69b7d55d9605ebc57c7531c3,69b7d55d9605ebc57c7531c4,0.0,0.0,0.0,0.0,0.02,0.0,0.0,0.0,0.08,0.0,0.0,0.0,0.0,0.0,0.0,0.0,0.0,0.8,0.0,0.0,0.1,0.0,0.0,0.0,0.0,0.0,0.0,0.0,0.0,0.0,96.0,500.0,1.0,1,0.01,0.02,12000,0.0,0.0,0.0,162.96854167190764,0.5687119069738951
69b7d55d9605ebc57c7531c3,69b7d55d9605ebc57c7531c3,69b7d55d9605ebc57c7531c4,0.0,0.0,0.0,0.0,0.02,0.0,0.0,0.0,0.08,0.0,0.0,0.0,0.0,0.0,0.0,0.0,0.0,0.8,0.0,0.0,0.1,0.0,0.0,0.0,0.0,0.0,0.0,0.0,0.0,0.0,96.0,500.0,1.0,1,0.01,0.02,12000,0.0,0.0,0.0,177.0405147040326,0.6093699911180079
69b7d55d9605ebc57c7531c3,69b7d55d9605ebc57c7531c3,69b7d55d9605ebc57c7531c4,0.0,0.0,0.0,0.0,0.02,0.0,0.0,0.0,0.08,0.0,0.0,0.0,0.0,0.0,0.0,0.0,0.0,0.8,0.0,0.0,0.1,0.0,0.0,0.0,0.0,0.0,0.0,0.0,0.0,0.0,96.0,500.0,1.0,1,0.01,0.02,12000,0.0,0.0,0.0,194.06367135417977,0.6591336484568815
69b7d55d9605ebc57c7531c3,69b7d55d9605ebc57c7531c3,69b7d55d9605ebc57c7531c4,0.0,0.0,0.0,0.0,0.02,0.0,0.0,0.0,0.08,0.0,0.0,0.0,0.0,0.0,0.0,0.0,0.0,0.8,0.0,0.0,0.1,0.0,0.0,0.0,0.0,0.0,0.0,0.0,0.0,0.0,96.0,500.0,1.0,1,0.01,0.02,12000,0.0,0.0,0.0,212.8682297300697,0.7393472246327245
69b7d55d9605ebc57c7531c3,69b7d55d9605ebc57c7531c3,69b7d55d9605ebc57c7531c4,0.0,0.0,0.0,0.0,0.02,0.0,0.0,0.0,0.08,0.0,0.0,0.0,0.0,0.0,0.0,0.0,0.0,0.8,0.0,0.0,0.1,0.0,0.0,0.0,0.0,0.0,0.0,0.0,0.0,0.0,96.0,500.0,1.0,1,0.01,0.02,12000,0.0,0.0,0.0,232.03913109104175,0.799980602546171
69b7d55d9605ebc57c7531c3,69b7d55d9605ebc57c7531c3,69b7d55d9605ebc57c7531c4,0.0,0.0,0.0,0.0,0.02,0.0,0.0,0.0,0.08,0.0,0.0,0.0,0.0,0.0,0.0,0.0,0.0,0.8,0.0,0.0,0.1,0.0,0.0,0.0,0.0,0.0,0.0,0.0,0.0,0.0,96.0,500.0,1.0,1,0.01,0.02,12000,0.0,0.0,0.0,252.40025408165835,0.872034997090382
69b7d55d9605ebc57c7531c3,69b7d55d9605ebc57c7531c3,69b7d55d9605ebc57c7531c4,0.0,0.0,0.0,0.0,0.02,0.0,0.0,0.0,0.08,0.0,0.0,0.0,0.0,0.0,0.0,0.0,0.0,0.8,0.0,0.0,0.1,0.0,0.0,0.0,0.0,0.0,0.0,0.0,0.0,0.0,96.0,500.0,1.0,1,0.01,0.02,12000,0.0,0.0,0.0,264.90780106160855,0.9096333881226327
69b7d55d9605ebc57c7531c3,69b7d55d9605ebc57c7531c3,69b7d55d9605ebc57c7531c4,0.0,0.0,0.0,0.0,0.02,0.0,0.0,0.0,0.08,0.0,0.0,0.0,0.0,0.0,0.0,0.0,0.0,0.8,0.0,0.0,0.1,0.0,0.0,0.0,0.0,0.0,0.0,0.0,0.0,0.0,96.0,500.0,1.0,1,0.01,0.02,12000,0.0,0.0,0.0,277.0442881940077,0.9517891598860655
69b7d55e9605ebc57c7531c5,69b7d55e9605ebc57c7531c5,69b7d55e9605ebc57c7531c6,0.0,0.0,0.0,0.0,0.02,0.0,0.0,0.0,0.08,0.0,0.0,0.0,0.0,0.0,0.0,0.0,0.0,0.8,0.0,0.1,0.0,0.0,0.0,0.0,0.0,0.0,0.0,0.0,0.0,0.0,103.0,500.0,1.0,1,0.01,0.02,12000,0.0,0.0,0.0,80.98947196296949,0.19645843329828183
69b7d55e9605ebc57c7531c5,69b7d55e9605ebc57c7531c5,69b7d55e9605ebc57c7531c6,0.0,0.0,0.0,0.0,0.02,0.0,0.0,0.0,0.08,0.0,0.0,0.0,0.0,0.0,0.0,0.0,0.0,0.8,0.0,0.1,0.0,0.0,0.0,0.0,0.0,0.0,0.0,0.0,0.0,0.0,103.0,500.0,1.0,1,0.01,0.02,12000,0.0,0.0,0.0,95.9497874267314,0.2592326775632714
69b7d55e9605ebc57c7531c5,69b7d55e9605ebc57c7531c5,69b7d55e9605ebc57c7531c6,0.0,0.0,0.0,0.0,0.02,0.0,0.0,0.0,0.08,0.0,0.0,0.0,0.0,0.0,0.0,0.0,0.0,0.8,0.0,0.1,0.0,0.0,0.0,0.0,0.0,0.0,0.0,0.0,0.0,0.0,103.0,500.0,1.0,1,0.01,0.02,12000,0.0,0.0,0.0,114.78579155241377,0.4485844963297976
69b7d55e9605ebc57c7531c5,69b7d55e9605ebc57c7531c5,69b7d55e9605ebc57c7531c6,0.0,0.0,0.0,0.0,0.02,0.0,0.0,0.0,0.08,0.0,0.0,0.0,0.0,0.0,0.0,0.0,0.0,0.8,0.0,0.1,0.0,0.0,0.0,0.0,0.0,0.0,0.0,0.0,0.0,0.0,103.0,500.0,1.0,1,0.01,0.02,12000,0.0,0.0,0.0,134.93308344444165,0.6004114302048983
69b7d55e9605ebc57c7531c5,69b7d55e9605ebc57c7531c5,69b7d55e9605ebc57c7531c6,0.0,0.0,0.0,0.0,0.02,0.0,0.0,0.0,0.08,0.0,0.0,0.0,0.0,0.0,0.0,0.0,0.0,0.8,0.0,0.1,0.0,0.0,0.0,0.0,0.0,0.0,0.0,0.0,0.0,0.0,103.0,500.0,1.0,1,0.01,0.02,12000,0.0,0.0,0.0,148.7817916530402,0.7308572653673775
69b7d55e9605ebc57c7531c5,69b7d55e9605ebc57c7531c5,69b7d55e9605ebc57c7531c6,0.0,0.0,0.0,0.0,0.02,0.0,0.0,0.0,0.08,0.0,0.0,0.0,0.0,0.0,0.0,0.0,0.0,0.8,0.0,0.1,0.0,0.0,0.0,0.0,0.0,0.0,0.0,0.0,0.0,0.0,103.0,500.0,1.0,1,0.01,0.02,12000,0.0,0.0,0.0,170.91173806948254,0.8535298261375586
69b7d55e9605ebc57c7531c5,69b7d55e9605ebc57c7531c5,69b7d55e9605ebc57c7531c6,0.0,0.0,0.0,0.0,0.02,0.0,0.0,0.0,0.08,0.0,0.0,0.0,0.0,0.0,0.0,0.0,0.0,0.8,0.0,0.1,0.0,0.0,0.0,0.0,0.0,0.0,0.0,0.0,0.0,0.0,103.0,500.0,1.0,1,0.01,0.02,12000,0.0,0.0,0.0,186.02456541973788,0.9226623515839552
69b7d55e9605ebc57c7531c7,69b7d55e9605ebc57c7531c7,69b7d55f9605ebc57c7531c8,0.0,0.0,0.0,0.0,0.02,0.0,0.0,0.0,0.08,0.0,0.0,0.0,0.0,0.0,0.0,0.0,0.0,0.8,0.0,0.0,0.0,0.0,0.0,0.0,0.0,0.0,0.0,0.0,0.1,0.0,96.0,500.0,1.0,1,0.01,0.02,12000,0.0,0.0,0.0,63.691165002138305,0.17959796224642932
69b7d55e9605ebc57c7531c7,69b7d55e9605ebc57c7531c7,69b7d55f9605ebc57c7531c8,0.0,0.0,0.0,0.0,0.02,0.0,0.0,0.0,0.08,0.0,0.0,0.0,0.0,0.0,0.0,0.0,0.0,0.8,0.0,0.0,0.0,0.0,0.0,0.0,0.0,0.0,0.0,0.0,0.1,0.0,96.0,500.0,1.0,1,0.01,0.02,12000,0.0,0.0,0.0,78.88417901436442,0.2674469888005227
69b7d55e9605ebc57c7531c7,69b7d55e9605ebc57c7531c7,69b7d55f9605ebc57c7531c8,0.0,0.0,0.0,0.0,0.02,0.0,0.0,0.0,0.08,0.0,0.0,0.0,0.0,0.0,0.0,0.0,0.0,0.8,0.0,0.0,0.0,0.0,0.0,0.0,0.0,0.0,0.0,0.0,0.1,0.0,96.0,500.0,1.0,1,0.01,0.02,12000,0.0,0.0,0.0,95.93720912681442,0.39724045696317545
69b7d55e9605ebc57c7531c7,69b7d55e9605ebc57c7531c7,69b7d55f9605ebc57c7531c8,0.0,0.0,0.0,0.0,0.02,0.0,0.0,0.0,0.08,0.0,0.0,0.0,0.0,0.0,0.0,0.0,0.0,0.8,0.0,0.0,0.0,0.0,0.0,0.0,0.0,0.0,0.0,0.0,0.1,0.0,96.0,500.0,1.0,1,0.01,0.02,12000,0.0,0.0,0.0,139.9486805363387,0.5682433053261324
69b7d55e9605ebc57c7531c7,69b7d55e9605ebc57c7531c7,69b7d55f9605ebc57c7531c8,0.0,0.0,0.0,0.0,0.02,0.0,0.0,0.0,0.08,0.0,0.0,0.0,0.0,0.0,0.0,0.0,0.0,0.8,0.0,0.0,0.0,0.0,0.0,0.0,0.0,0.0,0.0,0.0,0.1,0.0,96.0,500.0,1.0,1,0.01,0.02,12000,0.0,0.0,0.0,169.95735956328144,0.7703392512582822
69b7d55e9605ebc57c7531c7,69b7d55e9605ebc57c7531c7,69b7d55f9605ebc57c7531c8,0.0,0.0,0.0,0.0,0.02,0.0,0.0,0.0,0.08,0.0,0.0,0.0,0.0,0.0,0.0,0.0,0.0,0.8,0.0,0.0,0.0,0.0,0.0,0.0,0.0,0.0,0.0,0.0,0.1,0.0,96.0,500.0,1.0,1,0.01,0.02,12000,0.0,0.0,0.0,186.1770773062313,0.842485528478525
69b7d55e9605ebc57c7531c7,69b7d55e9605ebc57c7531c7,69b7d55f9605ebc57c7531c8,0.0,0.0,0.0,0.0,0.02,0.0,0.0,0.0,0.08,0.0,0.0,0.0,0.0,0.0,0.0,0.0,0.0,0.8,0.0,0.0,0.0,0.0,0.0,0.0,0.0,0.0,0.0,0.0,0.1,0.0,96.0,500.0,1.0,1,0.01,0.02,12000,0.0,0.0,0.0,211.0553822545345,0.9002154138293637
69b7d55e9605ebc57c7531c7,69b7d55e9605ebc57c7531c7,69b7d55f9605ebc57c7531c8,0.0,0.0,0.0,0.0,0.02,0.0,0.0,0.0,0.08,0.0,0.0,0.0,0.0,0.0,0.0,0.0,0.0,0.8,0.0,0.0,0.0,0.0,0.0,0.0,0.0,0.0,0.0,0.0,0.1,0.0,96.0,500.0,1.0,1,0.01,0.02,12000,0.0,0.0,0.0,222.86955045156097,0.9597553878980307
69b7d5629605ebc57c7531d3,69b7d5629605ebc57c7531d3,69b7d5639605ebc57c7531d4,0.0,0.0,0.0,0.0,0.1,0.0,0.0,0.0,0.0,0.0,0.0,0.0,0.0,0.0,0.0,0.0,0.0,0.9,0.0,0.0,0.0,0.0,0.0,0.0,0.0,0.0,0.0,0.0,0.0,0.0,5.6,500.0,0.5,1,0.01,0.198,52000,0.0,0.0,0.0,240.0467405435523,0.15368574199806012
69b7d5629605ebc57c7531d3,69b7d5629605ebc57c7531d3,69b7d5639605ebc57c7531d4,0.0,0.0,0.0,0.0,0.1,0.0,0.0,0.0,0.0,0.0,0.0,0.0,0.0,0.0,0.0,0.0,0.0,0.9,0.0,0.0,0.0,0.0,0.0,0.0,0.0,0.0,0.0,0.0,0.0,0.0,5.6,500.0,0.5,1,0.01,0.198,52000,0.0,0.0,0.0,260.1498173713861,0.3274081072945583
69b7d5629605ebc57c7531d3,69b7d5629605ebc57c7531d3,69b7d5639605ebc57c7531d4,0.0,0.0,0.0,0.0,0.1,0.0,0.0,0.0,0.0,0.0,0.0,0.0,0.0,0.0,0.0,0.0,0.0,0.9,0.0,0.0,0.0,0.0,0.0,0.0,0.0,0.0,0.0,0.0,0.0,0.0,5.6,500.0,0.5,1,0.01,0.198,52000,0.0,0.0,0.0,281.01281495697395,0.47202247566808253
69b7d5629605ebc57c7531d3,69b7d5629605ebc57c7531d3,69b7d5639605ebc57c7531d4,0.0,0.0,0.0,0.0,0.1,0.0,0.0,0.0,0.0,0.0,0.0,0.0,0.0,0.0,0.0,0.0,0.0,0.9,0.0,0.0,0.0,0.0,0.0,0.0,0.0,0.0,0.0,0.0,0.0,0.0,5.6,500.0,0.5,1,0.01,0.198,52000,0.0,0.0,0.0,300.01702470129385,0.5654344626910599
69b7d5629605ebc57c7531d3,69b7d5629605ebc57c7531d3,69b7d5639605ebc57c7531d4,0.0,0.0,0.0,0.0,0.1,0.0,0.0,0.0,0.0,0.0,0.0,0.0,0.0,0.0,0.0,0.0,0.0,0.9,0.0,0.0,0.0,0.0,0.0,0.0,0.0,0.0,0.0,0.0,0.0,0.0,5.6,500.0,0.5,1,0.01,0.198,52000,0.0,0.0,0.0,319.94366371571846,0.6238084885782134
69b7d5629605ebc57c7531d3,69b7d5629605ebc57c7531d3,69b7d5639605ebc57c7531d4,0.0,0.0,0.0,0.0,0.1,0.0,0.0,0.0,0.0,0.0,0.0,0.0,0.0,0.0,0.0,0.0,0.0,0.9,0.0,0.0,0.0,0.0,0.0,0.0,0.0,0.0,0.0,0.0,0.0,0.0,5.6,500.0,0.5,1,0.01,0.198,52000,0.0,0.0,0.0,339.8888751315545,0.7017182848924713
69b7d56a9605ebc57c7531eb,69b7d56a9605ebc57c7531eb,69b7d56a9605ebc57c7531ec,0.0,0.0,0.0,0.0,0.0,0.0,0.0,0.0,0.0,0.0,0.0,0.0,0.0,0.25,0.0,0.0,0.0,0.75,0.0,0.0,0.0,0.0,0.0,0.0,0.0,0.0,0.0,0.0,0.0,0.0,50.1,550.0,4.0,1,0.017,0.034,30000,300.0,20.0,1.0,234.87175970374435,0.036958401531762455
69b7d56a9605ebc57c7531eb,69b7d56a9605ebc57c7531eb,69b7d56a9605ebc57c7531ec,0.0,0.0,0.0,0.0,0.0,0.0,0.0,0.0,0.0,0.0,0.0,0.0,0.0,0.25,0.0,0.0,0.0,0.75,0.0,0.0,0.0,0.0,0.0,0.0,0.0,0.0,0.0,0.0,0.0,0.0,50.1,550.0,4.0,1,0.017,0.034,30000,300.0,20.0,1.0,260.1220683033877,0.08507303665729904
69b7d56a9605ebc57c7531eb,69b7d56a9605ebc57c7531eb,69b7d56a9605ebc57c7531ec,0.0,0.0,0.0,0.0,0.0,0.0,0.0,0.0,0.0,0.0,0.0,0.0,0.0,0.25,0.0,0.0,0.0,0.75,0.0,0.0,0.0,0.0,0.0,0.0,0.0,0.0,0.0,0.0,0.0,0.0,50.1,550.0,4.0,1,0.017,0.034,30000,300.0,20.0,1.0,289.6744845242994,0.18597325592168246
69b7d56a9605ebc57c7531eb,69b7d56a9605ebc57c7531eb,69b7d56a9605ebc57c7531ec,0.0,0.0,0.0,0.0,0.0,0.0,0.0,0.0,0.0,0.0,0.0,0.0,0.0,0.25,0.0,0.0,0.0,0.75,0.0,0.0,0.0,0.0,0.0,0.0,0.0,0.0,0.0,0.0,0.0,0.0,50.1,550.0,4.0,1,0.017,0.034,30000,300.0,20.0,1.0,319.67722763224066,0.33103517494827217
69b7d56a9605ebc57c7531eb,69b7d56a9605ebc57c7531eb,69b7d56a9605ebc57c7531ec,0.0,0.0,0.0,0.0,0.0,0.0,0.0,0.0,0.0,0.0,0.0,0.0,0.0,0.25,0.0,0.0,0.0,0.75,0.0,0.0,0.0,0.0,0.0,0.0,0.0,0.0,0.0,0.0,0.0,0.0,50.1,550.0,4.0,1,0.017,0.034,30000,300.0,20.0,1.0,344.9778265441412,0.5298245884932523
69b7d56a9605ebc57c7531eb,69b7d56a9605ebc57c7531eb,69b7d56a9605ebc57c7531ec,0.0,0.0,0.0,0.0,0.0,0.0,0.0,0.0,0.0,0.0,0.0,0.0,0.0,0.25,0.0,0.0,0.0,0.75,0.0,0.0,0.0,0.0,0.0,0.0,0.0,0.0,0.0,0.0,0.0,0.0,50.1,550.0,4.0,1,0.017,0.034,30000,300.0,20.0,1.0,369.77552233347046,0.7458463296377505
69b7d56a9605ebc57c7531eb,69b7d56a9605ebc57c7531eb,69b7d56a9605ebc57c7531ec,0.0,0.0,0.0,0.0,0.0,0.0,0.0,0.0,0.0,0.0,0.0,0.0,0.0,0.25,0.0,0.0,0.0,0.75,0.0,0.0,0.0,0.0,0.0,0.0,0.0,0.0,0.0,0.0,0.0,0.0,50.1,550.0,4.0,1,0.017,0.034,30000,300.0,20.0,1.0,394.80866822109454,0.9511055866094316
69b7d56b9605ebc57c7531ed,69b7d56b9605ebc57c7531ed,69b7d56b9605ebc57c7531ee,0.0,0.0,0.0,0.0,0.0,0.0,0.0,0.0,0.0,0.0,0.0,0.0,0.0,0.0,0.0,0.0,0.0,1.0,0.0,0.0,0.0,0.0,0.0,0.0,0.0,0.0,0.0,0.0,0.0,0.0,58.1,550.0,4.0,1,0.017,0.034,30000,300.0,20.0,1.0,185.39066428930644,0.016861739909206017
69b7d56b9605ebc57c7531ed,69b7d56b9605ebc57c7531ed,69b7d56b9605ebc57c7531ee,0.0,0.0,0.0,0.0,0.0,0.0,0.0,0.0,0.0,0.0,0.0,0.0,0.0,0.0,0.0,0.0,0.0,1.0,0.0,0.0,0.0,0.0,0.0,0.0,0.0,0.0,0.0,0.0,0.0,0.0,58.1,550.0,4.0,1,0.017,0.034,30000,300.0,20.0,1.0,235.03406025693778,0.058962045644050526
69b7d56b9605ebc57c7531ed,69b7d56b9605ebc57c7531ed,69b7d56b9605ebc57c7531ee,0.0,0.0,0.0,0.0,0.0,0.0,0.0,0.0,0.0,0.0,0.0,0.0,0.0,0.0,0.0,0.0,0.0,1.0,0.0,0.0,0.0,0.0,0.0,0.0,0.0,0.0,0.0,0.0,0.0,0.0,58.1,550.0,4.0,1,0.017,0.034,30000,300.0,20.0,1.0,260.3186577058474,0.1058954325067169
69b7d56b9605ebc57c7531ed,69b7d56b9605ebc57c7531ed,69b7d56b9605ebc57c7531ee,0.0,0.0,0.0,0.0,0.0,0.0,0.0,0.0,0.0,0.0,0.0,0.0,0.0,0.0,0.0,0.0,0.0,1.0,0.0,0.0,0.0,0.0,0.0,0.0,0.0,0.0,0.0,0.0,0.0,0.0,58.1,550.0,4.0,1,0.017,0.034,30000,300.0,20.0,1.0,290.15681433731083,0.20767579753559187
69b7d56b9605ebc57c7531ed,69b7d56b9605ebc57c7531ed,69b7d56b9605ebc57c7531ee,0.0,0.0,0.0,0.0,0.0,0.0,0.0,0.0,0.0,0.0,0.0,0.0,0.0,0.0,0.0,0.0,0.0,1.0,0.0,0.0,0.0,0.0,0.0,0.0,0.0,0.0,0.0,0.0,0.0,0.0,58.1,550.0,4.0,1,0.017,0.034,30000,300.0,20.0,1.0,315.16024322223745,0.3783468700781322
69b7d56b9605ebc57c7531ed,69b7d56b9605ebc57c7531ed,69b7d56b9605ebc57c7531ee,0.0,0.0,0.0,0.0,0.0,0.0,0.0,0.0,0.0,0.0,0.0,0.0,0.0,0.0,0.0,0.0,0.0,1.0,0.0,0.0,0.0,0.0,0.0,0.0,0.0,0.0,0.0,0.0,0.0,0.0,58.1,550.0,4.0,1,0.017,0.034,30000,300.0,20.0,1.0,339.50532620125273,0.5933572156511535
69b7d56b9605ebc57c7531ed,69b7d56b9605ebc57c7531ed,69b7d56b9605ebc57c7531ee,0.0,0.0,0.0,0.0,0.0,0.0,0.0,0.0,0.0,0.0,0.0,0.0,0.0,0.0,0.0,0.0,0.0,1.0,0.0,0.0,0.0,0.0,0.0,0.0,0.0,0.0,0.0,0.0,0.0,0.0,58.1,550.0,4.0,1,0.017,0.034,30000,300.0,20.0,1.0,364.9156494308051,0.8163351965658875
69b7d56b9605ebc57c7531ed,69b7d56b9605ebc57c7531ed,69b7d56b9605ebc57c7531ee,0.0,0.0,0.0,0.0,0.0,0.0,0.0,0.0,0.0,0.0,0.0,0.0,0.0,0.0,0.0,0.0,0.0,1.0,0.0,0.0,0.0,0.0,0.0,0.0,0.0,0.0,0.0,0.0,0.0,0.0,58.1,550.0,4.0,1,0.017,0.034,30000,300.0,20.0,1.0,389.7842088419513,0.9525184521787469
69b7d7a025c94282f4c67e5d,69b7d7a025c94282f4c67e5d,69b7d7a125c94282f4c67e5e,0.0,0.0,0.0,0.0,0.02,0.0,0.0,0.05,0.08,0.0,0.0,0.0,0.0,0.0,0.0,0.0,0.0,0.85,0.0,0.0,0.0,0.0,0.0,0.0,0.0,0.0,0.0,0.0,0.0,0.0,91.0,500.0,1.0,0,0.01,0.02,12000,0.0,0.0,0.0,41.008820721878116,0.10515584621946425
69b7d7a025c94282f4c67e5d,69b7d7a025c94282f4c67e5d,69b7d7a125c94282f4c67e5e,0.0,0.0,0.0,0.0,0.02,0.0,0.0,0.05,0.08,0.0,0.0,0.0,0.0,0.0,0.0,0.0,0.0,0.85,0.0,0.0,0.0,0.0,0.0,0.0,0.0,0.0,0.0,0.0,0.0,0.0,91.0,500.0,1.0,0,0.01,0.02,12000,0.0,0.0,0.0,65.75492891029276,0.3505967066143695
69b7d7a025c94282f4c67e5d,69b7d7a025c94282f4c67e5d,69b7d7a125c94282f4c67e5e,0.0,0.0,0.0,0.0,0.02,0.0,0.0,0.05,0.08,0.0,0.0,0.0,0.0,0.0,0.0,0.0,0.0,0.85,0.0,0.0,0.0,0.0,0.0,0.0,0.0,0.0,0.0,0.0,0.0,0.0,91.0,500.0,1.0,0,0.01,0.02,12000,0.0,0.0,0.0,93.87867739411905,0.40485728383497943
69b7d7a025c94282f4c67e5d,69b7d7a025c94282f4c67e5d,69b7d7a125c94282f4c67e5e,0.0,0.0,0.0,0.0,0.02,0.0,0.0,0.05,0.08,0.0,0.0,0.0,0.0,0.0,0.0,0.0,0.0,0.85,0.0,0.0,0.0,0.0,0.0,0.0,0.0,0.0,0.0,0.0,0.0,0.0,91.0,500.0,1.0,0,0.01,0.02,12000,0.0,0.0,0.0,110.8579569514322,0.5138902595067448
69b7d7a025c94282f4c67e5d,69b7d7a025c94282f4c67e5d,69b7d7a125c94282f4c67e5e,0.0,0.0,0.0,0.0,0.02,0.0,0.0,0.05,0.08,0.0,0.0,0.0,0.0,0.0,0.0,0.0,0.0,0.85,0.0,0.0,0.0,0.0,0.0,0.0,0.0,0.0,0.0,0.0,0.0,0.0,91.0,500.0,1.0,0,0.01,0.02,12000,0.0,0.0,0.0,140.9989880213305,0.7027974542747945
69b7d7a025c94282f4c67e5d,69b7d7a025c94282f4c67e5d,69b7d7a125c94282f4c67e5e,0.0,0.0,0.0,0.0,0.02,0.0,0.0,0.05,0.08,0.0,0.0,0.0,0.0,0.0,0.0,0.0,0.0,0.85,0.0,0.0,0.0,0.0,0.0,0.0,0.0,0.0,0.0,0.0,0.0,0.0,91.0,500.0,1.0,0,0.01,0.02,12000,0.0,0.0,0.0,164.00298569593272,0.7703126960099688
69b7d7a025c94282f4c67e5d,69b7d7a025c94282f4c67e5d,69b7d7a125c94282f4c67e5e,0.0,0.0,0.0,0.0,0.02,0.0,0.0,0.05,0.08,0.0,0.0,0.0,0.0,0.0,0.0,0.0,0.0,0.85,0.0,0.0,0.0,0.0,0.0,0.0,0.0,0.0,0.0,0.0,0.0,0.0,91.0,500.0,1.0,0,0.01,0.02,12000,0.0,0.0,0.0,186.0400054546368,0.8612512858253953
69b7d7a025c94282f4c67e5d,69b7d7a025c94282f4c67e5d,69b7d7a125c94282f4c67e5e,0.0,0.0,0.0,0.0,0.02,0.0,0.0,0.05,0.08,0.0,0.0,0.0,0.0,0.0,0.0,0.0,0.0,0.85,0.0,0.0,0.0,0.0,0.0,0.0,0.0,0.0,0.0,0.0,0.0,0.0,91.0,500.0,1.0,0,0.01,0.02,12000,0.0,0.0,0.0,228.78469256662194,0.9099194634240172
69b7d7a025c94282f4c67e5d,69b7d7a025c94282f4c67e5d,69b7d7a125c94282f4c67e5e,0.0,0.0,0.0,0.0,0.02,0.0,0.0,0.05,0.08,0.0,0.0,0.0,0.0,0.0,0.0,0.0,0.0,0.85,0.0,0.0,0.0,0.0,0.0,0.0,0.0,0.0,0.0,0.0,0.0,0.0,91.0,500.0,1.0,0,0.01,0.02,12000,0.0,0.0,0.0,247.9595352075274,0.9280213760631582
69b7d7a025c94282f4c67e5d,69b7d7a025c94282f4c67e5d,69b7d7a125c94282f4c67e5e,0.0,0.0,0.0,0.0,0.02,0.0,0.0,0.05,0.08,0.0,0.0,0.0,0.0,0.0,0.0,0.0,0.0,0.85,0.0,0.0,0.0,0.0,0.0,0.0,0.0,0.0,0.0,0.0,0.0,0.0,91.0,500.0,1.0,0,0.01,0.02,12000,0.0,0.0,0.0,266.29142114820104,0.9508726886504477
69b7d7a025c94282f4c67e5d,69b7d7a025c94282f4c67e5d,69b7d7a125c94282f4c67e5e,0.0,0.0,0.0,0.0,0.02,0.0,0.0,0.05,0.08,0.0,0.0,0.0,0.0,0.0,0.0,0.0,0.0,0.85,0.0,0.0,0.0,0.0,0.0,0.0,0.0,0.0,0.0,0.0,0.0,0.0,91.0,500.0,1.0,0,0.01,0.02,12000,0.0,0.0,0.0,287.1192340541588,0.9770056785394696
69b96126f753f624649ce447,69b96126f753f624649ce447,69b96127f753f624649ce448,0.0,0.0,0.0,0.0,0.0,0.0,0.0,0.0,0.0,0.0,0.0,0.0,0.0,0.3,0.0,0.0,0.0,0.5,0.0,0.0,0.0,0.0,0.0,0.0,0.0,0.0,0.0,0.2,0.0,0.0,86.0,500.0,4.897478354978356,1,0.01,0.01,33000,500.0,10.2,1.0,246.60572258443284,0.036401657731645186
69b96126f753f624649ce447,69b96126f753f624649ce447,69b96127f753f624649ce448,0.0,0.0,0.0,0.0,0.0,0.0,0.0,0.0,0.0,0.0,0.0,0.0,0.0,0.3,0.0,0.0,0.0,0.5,0.0,0.0,0.0,0.0,0.0,0.0,0.0,0.0,0.0,0.2,0.0,0.0,86.0,500.0,4.897478354978356,1,0.01,0.01,33000,500.0,10.2,1.0,276.6400210116491,0.05389148701570282
69b96126f753f624649ce447,69b96126f753f624649ce447,69b96127f753f624649ce448,0.0,0.0,0.0,0.0,0.0,0.0,0.0,0.0,0.0,0.0,0.0,0.0,0.0,0.3,0.0,0.0,0.0,0.5,0.0,0.0,0.0,0.0,0.0,0.0,0.0,0.0,0.0,0.2,0.0,0.0,86.0,500.0,4.897478354978356,1,0.01,0.01,33000,500.0,10.2,1.0,305.2436733306554,0.08582183186951067
69b96126f753f624649ce447,69b96126f753f624649ce447,69b96127f753f624649ce448,0.0,0.0,0.0,0.0,0.0,0.0,0.0,0.0,0.0,0.0,0.0,0.0,0.0,0.3,0.0,0.0,0.0,0.5,0.0,0.0,0.0,0.0,0.0,0.0,0.0,0.0,0.0,0.2,0.0,0.0,86.0,500.0,4.897478354978356,1,0.01,0.01,33000,500.0,10.2,1.0,328.2977783271019,0.12547811870271092
69b96126f753f624649ce447,69b96126f753f624649ce447,69b96127f753f624649ce448,0.0,0.0,0.0,0.0,0.0,0.0,0.0,0.0,0.0,0.0,0.0,0.0,0.0,0.3,0.0,0.0,0.0,0.5,0.0,0.0,0.0,0.0,0.0,0.0,0.0,0.0,0.0,0.2,0.0,0.0,86.0,500.0,4.897478354978356,1,0.01,0.01,33000,500.0,10.2,1.0,348.4040725519884,0.17689061252423863
69b96126f753f624649ce447,69b96126f753f624649ce447,69b96127f753f624649ce448,0.0,0.0,0.0,0.0,0.0,0.0,0.0,0.0,0.0,0.0,0.0,0.0,0.0,0.3,0.0,0.0,0.0,0.5,0.0,0.0,0.0,0.0,0.0,0.0,0.0,0.0,0.0,0.2,0.0,0.0,86.0,500.0,4.897478354978356,1,0.01,0.01,33000,500.0,10.2,1.0,364.87349751259154,0.23407475000950534
69b96126f753f624649ce447,69b96126f753f624649ce447,69b96127f753f624649ce448,0.0,0.0,0.0,0.0,0.0,0.0,0.0,0.0,0.0,0.0,0.0,0.0,0.0,0.3,0.0,0.0,0.0,0.5,0.0,0.0,0.0,0.0,0.0,0.0,0.0,0.0,0.0,0.2,0.0,0.0,86.0,500.0,4.897478354978356,1,0.01,0.01,33000,500.0,10.2,1.0,379.2510274078423,0.298870765370138
69b96126f753f624649ce447,69b96126f753f624649ce447,69b96127f753f624649ce448,0.0,0.0,0.0,0.0,0.0,0.0,0.0,0.0,0.0,0.0,0.0,0.0,0.0,0.3,0.0,0.0,0.0,0.5,0.0,0.0,0.0,0.0,0.0,0.0,0.0,0.0,0.0,0.2,0.0,0.0,86.0,500.0,4.897478354978356,1,0.01,0.01,33000,500.0,10.2,1.0,392.52853567345426,0.3647313790350177
69b96126f753f624649ce447,69b96126f753f624649ce447,69b96127f753f624649ce448,0.0,0.0,0.0,0.0,0.0,0.0,0.0,0.0,0.0,0.0,0.0,0.0,0.0,0.3,0.0,0.0,0.0,0.5,0.0,0.0,0.0,0.0,0.0,0.0,0.0,0.0,0.0,0.2,0.0,0.0,86.0,500.0,4.897478354978356,1,0.01,0.01,33000,500.0,10.2,1.0,408.5715477551525,0.4402342116269343
69b96126f753f624649ce447,69b96126f753f624649ce447,69b96127f753f624649ce448,0.0,0.0,0.0,0.0,0.0,0.0,0.0,0.0,0.0,0.0,0.0,0.0,0.0,0.3,0.0,0.0,0.0,0.5,0.0,0.0,0.0,0.0,0.0,0.0,0.0,0.0,0.0,0.2,0.0,0.0,86.0,500.0,4.897478354978356,1,0.01,0.01,33000,500.0,10.2,1.0,423.48981862002904,0.5164442416638151
69b96126f753f624649ce447,69b96126f753f624649ce447,69b96127f753f624649ce448,0.0,0.0,0.0,0.0,0.0,0.0,0.0,0.0,0.0,0.0,0.0,0.0,0.0,0.3,0.0,0.0,0.0,0.5,0.0,0.0,0.0,0.0,0.0,0.0,0.0,0.0,0.0,0.2,0.0,0.0,86.0,500.0,4.897478354978356,1,0.01,0.01,33000,500.0,10.2,1.0,439.4586719401786,0.5928519828143416
69b96126f753f624649ce447,69b96126f753f624649ce447,69b96127f753f624649ce448,0.0,0.0,0.0,0.0,0.0,0.0,0.0,0.0,0.0,0.0,0.0,0.0,0.0,0.3,0.0,0.0,0.0,0.5,0.0,0.0,0.0,0.0,0.0,0.0,0.0,0.0,0.0,0.2,0.0,0.0,86.0,500.0,4.897478354978356,1,0.01,0.01,33000,500.0,10.2,1.0,454.09575750084974,0.6625679631953157
69b96126f753f624649ce447,69b96126f753f624649ce447,69b96127f753f624649ce448,0.0,0.0,0.0,0.0,0.0,0.0,0.0,0.0,0.0,0.0,0.0,0.0,0.0,0.3,0.0,0.0,0.0,0.5,0.0,0.0,0.0,0.0,0.0,0.0,0.0,0.0,0.0,0.2,0.0,0.0,86.0,500.0,4.897478354978356,1,0.01,0.01,33000,500.0,10.2,1.0,468.840991255446,0.7262841717044979
69b96126f753f624649ce447,69b96126f753f624649ce447,69b96127f753f624649ce448,0.0,0.0,0.0,0.0,0.0,0.0,0.0,0.0,0.0,0.0,0.0,0.0,0.0,0.3,0.0,0.0,0.0,0.5,0.0,0.0,0.0,0.0,0.0,0.0,0.0,0.0,0.0,0.2,0.0,0.0,86.0,500.0,4.897478354978356,1,0.01,0.01,33000,500.0,10.2,1.0,480.31087970830885,0.7732709782897988
69b96127f753f624649ce449,69b96127f753f624649ce449,69b96127f753f624649ce44a,0.0,0.0,0.0,0.0,0.0,0.0,0.0,0.0,0.0,0.0,0.0,0.0,0.0,0.3,0.0,0.0,0.0,0.5,0.0,0.0,0.0,0.0,0.0,0.2,0.0,0.0,0.0,0.0,0.0,0.0,92.0,500.0,4.897478354978356,1,0.01,0.01,33000,500.0,10.2,1.0,226.79915335413898,0.039998479145279646
69b96127f753f624649ce449,69b96127f753f624649ce449,69b96127f753f624649ce44a,0.0,0.0,0.0,0.0,0.0,0.0,0.0,0.0,0.0,0.0,0.0,0.0,0.0,0.3,0.0,0.0,0.0,0.5,0.0,0.0,0.0,0.0,0.0,0.2,0.0,0.0,0.0,0.0,0.0,0.0,92.0,500.0,4.897478354978356,1,0.01,0.01,33000,500.0,10.2,1.0,258.3382566511139,0.0696095205505494
69b96127f753f624649ce449,69b96127f753f624649ce449,69b96127f753f624649ce44a,0.0,0.0,0.0,0.0,0.0,0.0,0.0,0.0,0.0,0.0,0.0,0.0,0.0,0.3,0.0,0.0,0.0,0.5,0.0,0.0,0.0,0.0,0.0,0.2,0.0,0.0,0.0,0.0,0.0,0.0,92.0,500.0,4.897478354978356,1,0.01,0.01,33000,500.0,10.2,1.0,288.70317955690143,0.13435230599596973
69b96127f753f624649ce449,69b96127f753f624649ce449,69b96127f753f624649ce44a,0.0,0.0,0.0,0.0,0.0,0.0,0.0,0.0,0.0,0.0,0.0,0.0,0.0,0.3,0.0,0.0,0.0,0.5,0.0,0.0,0.0,0.0,0.0,0.2,0.0,0.0,0.0,0.0,0.0,0.0,92.0,500.0,4.897478354978356,1,0.01,0.01,33000,500.0,10.2,1.0,311.90869202484316,0.23053115851108325
69b96127f753f624649ce449,69b96127f753f624649ce449,69b96127f753f624649ce44a,0.0,0.0,0.0,0.0,0.0,0.0,0.0,0.0,0.0,0.0,0.0,0.0,0.0,0.3,0.0,0.0,0.0,0.5,0.0,0.0,0.0,0.0,0.0,0.2,0.0,0.0,0.0,0.0,0.0,0.0,92.0,500.0,4.897478354978356,1,0.01,0.01,33000,500.0,10.2,1.0,330.911874671693,0.33132580510246756
69b96127f753f624649ce449,69b96127f753f624649ce449,69b96127f753f624649ce44a,0.0,0.0,0.0,0.0,0.0,0.0,0.0,0.0,0.0,0.0,0.0,0.0,0.0,0.3,0.0,0.0,0.0,0.5,0.0,0.0,0.0,0.0,0.0,0.2,0.0,0.0,0.0,0.0,0.0,0.0,92.0,500.0,4.897478354978356,1,0.01,0.01,33000,500.0,10.2,1.0,347.0692148441121,0.4359073799475305
69b96127f753f624649ce449,69b96127f753f624649ce449,69b96127f753f624649ce44a,0.0,0.0,0.0,0.0,0.0,0.0,0.0,0.0,0.0,0.0,0.0,0.0,0.0,0.3,0.0,0.0,0.0,0.5,0.0,0.0,0.0,0.0,0.0,0.2,0.0,0.0,0.0,0.0,0.0,0.0,92.0,500.0,4.897478354978356,1,0.01,0.01,33000,500.0,10.2,1.0,361.65686123041746,0.5462225770883237
69b96127f753f624649ce449,69b96127f753f624649ce449,69b96127f753f624649ce44a,0.0,0.0,0.0,0.0,0.0,0.0,0.0,0.0,0.0,0.0,0.0,0.0,0.0,0.3,0.0,0.0,0.0,0.5,0.0,0.0,0.0,0.0,0.0,0.2,0.0,0.0,0.0,0.0,0.0,0.0,92.0,500.0,4.897478354978356,1,0.01,0.01,33000,500.0,10.2,1.0,381.670457003368,0.6621269153264134
69b96127f753f624649ce449,69b96127f753f624649ce449,69b96127f753f624649ce44a,0.0,0.0,0.0,0.0,0.0,0.0,0.0,0.0,0.0,0.0,0.0,0.0,0.0,0.3,0.0,0.0,0.0,0.5,0.0,0.0,0.0,0.0,0.0,0.2,0.0,0.0,0.0,0.0,0.0,0.0,92.0,500.0,4.897478354978356,1,0.01,0.01,33000,500.0,10.2,1.0,399.7806445632358,0.7478574959127029
69b96127f753f624649ce449,69b96127f753f624649ce449,69b96127f753f624649ce44a,0.0,0.0,0.0,0.0,0.0,0.0,0.0,0.0,0.0,0.0,0.0,0.0,0.0,0.3,0.0,0.0,0.0,0.5,0.0,0.0,0.0,0.0,0.0,0.2,0.0,0.0,0.0,0.0,0.0,0.0,92.0,500.0,4.897478354978356,1,0.01,0.01,33000,500.0,10.2,1.0,420.07233569199394,0.8290179080643321
69b96127f753f624649ce449,69b96127f753f624649ce449,69b96127f753f624649ce44a,0.0,0.0,0.0,0.0,0.0,0.0,0.0,0.0,0.0,0.0,0.0,0.0,0.0,0.3,0.0,0.0,0.0,0.5,0.0,0.0,0.0,0.0,0.0,0.2,0.0,0.0,0.0,0.0,0.0,0.0,92.0,500.0,4.897478354978356,1,0.01,0.01,33000,500.0,10.2,1.0,440.16627012328894,0.8915934755332496
69b96127f753f624649ce449,69b96127f753f624649ce449,69b96127f753f624649ce44a,0.0,0.0,0.0,0.0,0.0,0.0,0.0,0.0,0.0,0.0,0.0,0.0,0.0,0.3,0.0,0.0,0.0,0.5,0.0,0.0,0.0,0.0,0.0,0.2,0.0,0.0,0.0,0.0,0.0,0.0,92.0,500.0,4.897478354978356,1,0.01,0.01,33000,500.0,10.2,1.0,463.3810524364243,0.9325653016995551
69b96128f753f624649ce44b,69b96128f753f624649ce44b,69b96128f753f624649ce44c,0.0,0.0,0.0,0.0,0.0,0.0,0.0,0.0,0.0,0.0,0.0,0.0,0.0,0.3,0.0,0.0,0.0,0.5,0.2,0.0,0.0,0.0,0.0,0.0,0.0,0.0,0.0,0.0,0.0,0.0,88.0,500.0,4.897478354978356,1,0.01,0.01,33000,500.0,10.2,1.0,273.31523653554984,0.08656705068248355
69b96128f753f624649ce44b,69b96128f753f624649ce44b,69b96128f753f624649ce44c,0.0,0.0,0.0,0.0,0.0,0.0,0.0,0.0,0.0,0.0,0.0,0.0,0.0,0.3,0.0,0.0,0.0,0.5,0.2,0.0,0.0,0.0,0.0,0.0,0.0,0.0,0.0,0.0,0.0,0.0,88.0,500.0,4.897478354978356,1,0.01,0.01,33000,500.0,10.2,1.0,298.69298272718845,0.14426827877267023
69b96128f753f624649ce44b,69b96128f753f624649ce44b,69b96128f753f624649ce44c,0.0,0.0,0.0,0.0,0.0,0.0,0.0,0.0,0.0,0.0,0.0,0.0,0.0,0.3,0.0,0.0,0.0,0.5,0.2,0.0,0.0,0.0,0.0,0.0,0.0,0.0,0.0,0.0,0.0,0.0,88.0,500.0,4.897478354978356,1,0.01,0.01,33000,500.0,10.2,1.0,324.32101473905385,0.23258431238355953
69b96128f753f624649ce44b,69b96128f753f624649ce44b,69b96128f753f624649ce44c,0.0,0.0,0.0,0.0,0.0,0.0,0.0,0.0,0.0,0.0,0.0,0.0,0.0,0.3,0.0,0.0,0.0,0.5,0.2,0.0,0.0,0.0,0.0,0.0,0.0,0.0,0.0,0.0,0.0,0.0,88.0,500.0,4.897478354978356,1,0.01,0.01,33000,500.0,10.2,1.0,341.13342397181964,0.32865670506824834
69b96128f753f624649ce44b,69b96128f753f624649ce44b,69b96128f753f624649ce44c,0.0,0.0,0.0,0.0,0.0,0.0,0.0,0.0,0.0,0.0,0.0,0.0,0.0,0.3,0.0,0.0,0.0,0.5,0.2,0.0,0.0,0.0,0.0,0.0,0.0,0.0,0.0,0.0,0.0,0.0,88.0,500.0,4.897478354978356,1,0.01,0.01,33000,500.0,10.2,1.0,354.12665698482834,0.4232234515797878
69b96128f753f624649ce44b,69b96128f753f624649ce44b,69b96128f753f624649ce44c,0.0,0.0,0.0,0.0,0.0,0.0,0.0,0.0,0.0,0.0,0.0,0.0,0.0,0.3,0.0,0.0,0.0,0.5,0.2,0.0,0.0,0.0,0.0,0.0,0.0,0.0,0.0,0.0,0.0,0.0,88.0,500.0,4.897478354978356,1,0.01,0.01,33000,500.0,10.2,1.0,370.12949973735437,0.5483973993384281
69b96128f753f624649ce44b,69b96128f753f624649ce44b,69b96128f753f624649ce44c,0.0,0.0,0.0,0.0,0.0,0.0,0.0,0.0,0.0,0.0,0.0,0.0,0.0,0.3,0.0,0.0,0.0,0.5,0.2,0.0,0.0,0.0,0.0,0.0,0.0,0.0,0.0,0.0,0.0,0.0,88.0,500.0,4.897478354978356,1,0.01,0.01,33000,500.0,10.2,1.0,382.8878966721256,0.6673738641116307
69b96128f753f624649ce44b,69b96128f753f624649ce44b,69b96128f753f624649ce44c,0.0,0.0,0.0,0.0,0.0,0.0,0.0,0.0,0.0,0.0,0.0,0.0,0.0,0.3,0.0,0.0,0.0,0.5,0.2,0.0,0.0,0.0,0.0,0.0,0.0,0.0,0.0,0.0,0.0,0.0,88.0,500.0,4.897478354978356,1,0.01,0.01,33000,500.0,10.2,1.0,396.9317121404072,0.7682521577126344
69b96128f753f624649ce44b,69b96128f753f624649ce44b,69b96128f753f624649ce44c,0.0,0.0,0.0,0.0,0.0,0.0,0.0,0.0,0.0,0.0,0.0,0.0,0.0,0.3,0.0,0.0,0.0,0.5,0.2,0.0,0.0,0.0,0.0,0.0,0.0,0.0,0.0,0.0,0.0,0.0,88.0,500.0,4.897478354978356,1,0.01,0.01,33000,500.0,10.2,1.0,412.65336958872786,0.8647655982662257
69b96128f753f624649ce44b,69b96128f753f624649ce44b,69b96128f753f624649ce44c,0.0,0.0,0.0,0.0,0.0,0.0,0.0,0.0,0.0,0.0,0.0,0.0,0.0,0.3,0.0,0.0,0.0,0.5,0.2,0.0,0.0,0.0,0.0,0.0,0.0,0.0,0.0,0.0,0.0,0.0,88.0,500.0,4.897478354978356,1,0.01,0.01,33000,500.0,10.2,1.0,422.0344529246361,0.9243983118512604
69b96128f753f624649ce44d,69b96128f753f624649ce44d,69b96129f753f624649ce44e,0.0,0.0,0.0,0.0,0.0,0.0,0.0,0.0,0.0,0.0,0.0,0.0,0.0,0.0,0.0,0.0,0.0,1.0,0.0,0.0,0.0,0.0,0.0,0.0,0.0,0.0,0.0,0.0,0.0,0.0,75.0,500.0,1.0,1,0.01,0.02,12000,0.0,0.0,0.0,272.86249633028046,0.23015856279654487
69b96128f753f624649ce44d,69b96128f753f624649ce44d,69b96129f753f624649ce44e,0.0,0.0,0.0,0.0,0.0,0.0,0.0,0.0,0.0,0.0,0.0,0.0,0.0,0.0,0.0,0.0,0.0,1.0,0.0,0.0,0.0,0.0,0.0,0.0,0.0,0.0,0.0,0.0,0.0,0.0,75.0,500.0,1.0,1,0.01,0.02,12000,0.0,0.0,0.0,323.7204911379872,0.34092380064073974
69b96128f753f624649ce44d,69b96128f753f624649ce44d,69b96129f753f624649ce44e,0.0,0.0,0.0,0.0,0.0,0.0,0.0,0.0,0.0,0.0,0.0,0.0,0.0,0.0,0.0,0.0,0.0,1.0,0.0,0.0,0.0,0.0,0.0,0.0,0.0,0.0,0.0,0.0,0.0,0.0,75.0,500.0,1.0,1,0.01,0.02,12000,0.0,0.0,0.0,367.52398989172167,0.5213366316557849
69b96128f753f624649ce44d,69b96128f753f624649ce44d,69b96129f753f624649ce44e,0.0,0.0,0.0,0.0,0.0,0.0,0.0,0.0,0.0,0.0,0.0,0.0,0.0,0.0,0.0,0.0,0.0,1.0,0.0,0.0,0.0,0.0,0.0,0.0,0.0,0.0,0.0,0.0,0.0,0.0,75.0,500.0,1.0,1,0.01,0.02,12000,0.0,0.0,0.0,420.7162141158998,0.7244332698000729
69b96128f753f624649ce44d,69b96128f753f624649ce44d,69b96129f753f624649ce44e,0.0,0.0,0.0,0.0,0.0,0.0,0.0,0.0,0.0,0.0,0.0,0.0,0.0,0.0,0.0,0.0,0.0,1.0,0.0,0.0,0.0,0.0,0.0,0.0,0.0,0.0,0.0,0.0,0.0,0.0,75.0,500.0,1.0,1,0.01,0.02,12000,0.0,0.0,0.0,469.815621780001,0.873928383146113
69b96128f753f624649ce44d,69b96128f753f624649ce44d,69b96129f753f624649ce44e,0.0,0.0,0.0,0.0,0.0,0.0,0.0,0.0,0.0,0.0,0.0,0.0,0.0,0.0,0.0,0.0,0.0,1.0,0.0,0.0,0.0,0.0,0.0,0.0,0.0,0.0,0.0,0.0,0.0,0.0,75.0,500.0,1.0,1,0.01,0.02,12000,0.0,0.0,0.0,516.5117229548869,0.9478518999148383
69b96128f753f624649ce44d,69b96128f753f624649ce44d,69b96129f753f624649ce44e,0.0,0.0,0.0,0.0,0.0,0.0,0.0,0.0,0.0,0.0,0.0,0.0,0.0,0.0,0.0,0.0,0.0,1.0,0.0,0.0,0.0,0.0,0.0,0.0,0.0,0.0,0.0,0.0,0.0,0.0,75.0,500.0,1.0,1,0.01,0.02,12000,0.0,0.0,0.0,546.6120574030474,0.9759860497181556
69b96129f753f624649ce44f,69b96129f753f624649ce44f,69b96129f753f624649ce450,0.0,0.0,0.0,0.0,0.0,0.0,0.0,0.0,0.01,0.0,0.0,0.0,0.0,0.0,0.0,0.0,0.0,0.99,0.0,0.0,0.0,0.0,0.0,0.0,0.0,0.0,0.0,0.0,0.0,0.0,94.0,500.0,1.0,1,0.01,0.02,12000,0.0,0.0,0.0,124.3985977354233,0.18384362707327953
69b96129f753f624649ce44f,69b96129f753f624649ce44f,69b96129f753f624649ce450,0.0,0.0,0.0,0.0,0.0,0.0,0.0,0.0,0.01,0.0,0.0,0.0,0.0,0.0,0.0,0.0,0.0,0.99,0.0,0.0,0.0,0.0,0.0,0.0,0.0,0.0,0.0,0.0,0.0,0.0,94.0,500.0,1.0,1,0.01,0.02,12000,0.0,0.0,0.0,169.46850948946286,0.2929932276248023
69b96129f753f624649ce44f,69b96129f753f624649ce44f,69b96129f753f624649ce450,0.0,0.0,0.0,0.0,0.0,0.0,0.0,0.0,0.01,0.0,0.0,0.0,0.0,0.0,0.0,0.0,0.0,0.99,0.0,0.0,0.0,0.0,0.0,0.0,0.0,0.0,0.0,0.0,0.0,0.0,94.0,500.0,1.0,1,0.01,0.02,12000,0.0,0.0,0.0,211.409805490476,0.4936307230625735
69b96129f753f624649ce44f,69b96129f753f624649ce44f,69b96129f753f624649ce450,0.0,0.0,0.0,0.0,0.0,0.0,0.0,0.0,0.01,0.0,0.0,0.0,0.0,0.0,0.0,0.0,0.0,0.99,0.0,0.0,0.0,0.0,0.0,0.0,0.0,0.0,0.0,0.0,0.0,0.0,94.0,500.0,1.0,1,0.01,0.02,12000,0.0,0.0,0.0,262.60167281644493,0.7379423334279573
69b96129f753f624649ce44f,69b96129f753f624649ce44f,69b96129f753f624649ce450,0.0,0.0,0.0,0.0,0.0,0.0,0.0,0.0,0.01,0.0,0.0,0.0,0.0,0.0,0.0,0.0,0.0,0.99,0.0,0.0,0.0,0.0,0.0,0.0,0.0,0.0,0.0,0.0,0.0,0.0,94.0,500.0,1.0,1,0.01,0.02,12000,0.0,0.0,0.0,296.6624261019232,0.8478705543614907
69b96129f753f624649ce44f,69b96129f753f624649ce44f,69b96129f753f624649ce450,0.0,0.0,0.0,0.0,0.0,0.0,0.0,0.0,0.01,0.0,0.0,0.0,0.0,0.0,0.0,0.0,0.0,0.99,0.0,0.0,0.0,0.0,0.0,0.0,0.0,0.0,0.0,0.0,0.0,0.0,94.0,500.0,1.0,1,0.01,0.02,12000,0.0,0.0,0.0,326.65626672960354,0.9054300661016262
69b96129f753f624649ce44f,69b96129f753f624649ce44f,69b96129f753f624649ce450,0.0,0.0,0.0,0.0,0.0,0.0,0.0,0.0,0.01,0.0,0.0,0.0,0.0,0.0,0.0,0.0,0.0,0.99,0.0,0.0,0.0,0.0,0.0,0.0,0.0,0.0,0.0,0.0,0.0,0.0,94.0,500.0,1.0,1,0.01,0.02,12000,0.0,0.0,0.0,347.67584432330375,0.9313905673384971
69b96129f753f624649ce44f,69b96129f753f624649ce44f,69b96129f753f624649ce450,0.0,0.0,0.0,0.0,0.0,0.0,0.0,0.0,0.01,0.0,0.0,0.0,0.0,0.0,0.0,0.0,0.0,0.99,0.0,0.0,0.0,0.0,0.0,0.0,0.0,0.0,0.0,0.0,0.0,0.0,94.0,500.0,1.0,1,0.01,0.02,12000,0.0,0.0,0.0,366.63174436877944,0.9507587493410113
69b96129f753f624649ce44f,69b96129f753f624649ce44f,69b96129f753f624649ce450,0.0,0.0,0.0,0.0,0.0,0.0,0.0,0.0,0.01,0.0,0.0,0.0,0.0,0.0,0.0,0.0,0.0,0.99,0.0,0.0,0.0,0.0,0.0,0.0,0.0,0.0,0.0,0.0,0.0,0.0,94.0,500.0,1.0,1,0.01,0.02,12000,0.0,0.0,0.0,386.6612172531502,0.9673693174905713
69b9612af753f624649ce451,69b9612af753f624649ce451,69b9612af753f624649ce452,0.0,0.0,0.0,0.0,0.01,0.0,0.0,0.0,0.0,0.0,0.0,0.0,0.0,0.0,0.0,0.0,0.0,0.99,0.0,0.0,0.0,0.0,0.0,0.0,0.0,0.0,0.0,0.0,0.0,0.0,98.0,500.0,1.0,1,0.01,0.02,12000,0.0,0.0,0.0,174.37298165428075,0.1903905267853522
69b9612af753f624649ce451,69b9612af753f624649ce451,69b9612af753f624649ce452,0.0,0.0,0.0,0.0,0.01,0.0,0.0,0.0,0.0,0.0,0.0,0.0,0.0,0.0,0.0,0.0,0.0,0.99,0.0,0.0,0.0,0.0,0.0,0.0,0.0,0.0,0.0,0.0,0.0,0.0,98.0,500.0,1.0,1,0.01,0.02,12000,0.0,0.0,0.0,219.37093812421207,0.24151344336753314
69b9612af753f624649ce451,69b9612af753f624649ce451,69b9612af753f624649ce452,0.0,0.0,0.0,0.0,0.01,0.0,0.0,0.0,0.0,0.0,0.0,0.0,0.0,0.0,0.0,0.0,0.0,0.99,0.0,0.0,0.0,0.0,0.0,0.0,0.0,0.0,0.0,0.0,0.0,0.0,98.0,500.0,1.0,1,0.01,0.02,12000,0.0,0.0,0.0,271.2478197548915,0.425319761547508
69b9612af753f624649ce451,69b9612af753f624649ce451,69b9612af753f624649ce452,0.0,0.0,0.0,0.0,0.01,0.0,0.0,0.0,0.0,0.0,0.0,0.0,0.0,0.0,0.0,0.0,0.0,0.99,0.0,0.0,0.0,0.0,0.0,0.0,0.0,0.0,0.0,0.0,0.0,0.0,98.0,500.0,1.0,1,0.01,0.02,12000,0.0,0.0,0.0,320.7242731077199,0.6382789245305973
69b9612af753f624649ce451,69b9612af753f624649ce451,69b9612af753f624649ce452,0.0,0.0,0.0,0.0,0.01,0.0,0.0,0.0,0.0,0.0,0.0,0.0,0.0,0.0,0.0,0.0,0.0,0.99,0.0,0.0,0.0,0.0,0.0,0.0,0.0,0.0,0.0,0.0,0.0,0.0,98.0,500.0,1.0,1,0.01,0.02,12000,0.0,0.0,0.0,366.62886615741513,0.7966048907092744
69b9612af753f624649ce451,69b9612af753f624649ce451,69b9612af753f624649ce452,0.0,0.0,0.0,0.0,0.01,0.0,0.0,0.0,0.0,0.0,0.0,0.0,0.0,0.0,0.0,0.0,0.0,0.99,0.0,0.0,0.0,0.0,0.0,0.0,0.0,0.0,0.0,0.0,0.0,0.0,98.0,500.0,1.0,1,0.01,0.02,12000,0.0,0.0,0.0,393.528629568441,0.8732925098341375
69b9612af753f624649ce451,69b9612af753f624649ce451,69b9612af753f624649ce452,0.0,0.0,0.0,0.0,0.01,0.0,0.0,0.0,0.0,0.0,0.0,0.0,0.0,0.0,0.0,0.0,0.0,0.99,0.0,0.0,0.0,0.0,0.0,0.0,0.0,0.0,0.0,0.0,0.0,0.0,98.0,500.0,1.0,1,0.01,0.02,12000,0.0,0.0,0.0,425.7933789625775,0.9377817429741677
69b9612af753f624649ce451,69b9612af753f624649ce451,69b9612af753f624649ce452,0.0,0.0,0.0,0.0,0.01,0.0,0.0,0.0,0.0,0.0,0.0,0.0,0.0,0.0,0.0,0.0,0.0,0.99,0.0,0.0,0.0,0.0,0.0,0.0,0.0,0.0,0.0,0.0,0.0,0.0,98.0,500.0,1.0,1,0.01,0.02,12000,0.0,0.0,0.0,445.62425526280947,0.9604201305811266
69b9612af753f624649ce453,69b9612af753f624649ce453,69b9612bf753f624649ce454,0.0,0.0,0.0,0.0,0.0,0.0,0.0,0.01,0.0,0.0,0.0,0.0,0.0,0.0,0.0,0.0,0.0,0.99,0.0,0.0,0.0,0.0,0.0,0.0,0.0,0.0,0.0,0.0,0.0,0.0,86.0,500.0,1.0,1,0.01,0.02,12000,0.0,0.0,0.0,128.53170925460083,0.16714221987915162
69b9612af753f624649ce453,69b9612af753f624649ce453,69b9612bf753f624649ce454,0.0,0.0,0.0,0.0,0.0,0.0,0.0,0.01,0.0,0.0,0.0,0.0,0.0,0.0,0.0,0.0,0.0,0.99,0.0,0.0,0.0,0.0,0.0,0.0,0.0,0.0,0.0,0.0,0.0,0.0,86.0,500.0,1.0,1,0.01,0.02,12000,0.0,0.0,0.0,163.59408009486583,0.21323005799099723
69b9612af753f624649ce453,69b9612af753f624649ce453,69b9612bf753f624649ce454,0.0,0.0,0.0,0.0,0.0,0.0,0.0,0.01,0.0,0.0,0.0,0.0,0.0,0.0,0.0,0.0,0.0,0.99,0.0,0.0,0.0,0.0,0.0,0.0,0.0,0.0,0.0,0.0,0.0,0.0,86.0,500.0,1.0,1,0.01,0.02,12000,0.0,0.0,0.0,210.41970078114656,0.33858145099152437
69b9612af753f624649ce453,69b9612af753f624649ce453,69b9612bf753f624649ce454,0.0,0.0,0.0,0.0,0.0,0.0,0.0,0.01,0.0,0.0,0.0,0.0,0.0,0.0,0.0,0.0,0.0,0.99,0.0,0.0,0.0,0.0,0.0,0.0,0.0,0.0,0.0,0.0,0.0,0.0,86.0,500.0,1.0,1,0.01,0.02,12000,0.0,0.0,0.0,257.60221967660414,0.47712397096394826
69b9612af753f624649ce453,69b9612af753f624649ce453,69b9612bf753f624649ce454,0.0,0.0,0.0,0.0,0.0,0.0,0.0,0.01,0.0,0.0,0.0,0.0,0.0,0.0,0.0,0.0,0.0,0.99,0.0,0.0,0.0,0.0,0.0,0.0,0.0,0.0,0.0,0.0,0.0,0.0,86.0,500.0,1.0,1,0.01,0.02,12000,0.0,0.0,0.0,302.4965605374196,0.6186447138975627
69b9612af753f624649ce453,69b9612af753f624649ce453,69b9612bf753f624649ce454,0.0,0.0,0.0,0.0,0.0,0.0,0.0,0.01,0.0,0.0,0.0,0.0,0.0,0.0,0.0,0.0,0.0,0.99,0.0,0.0,0.0,0.0,0.0,0.0,0.0,0.0,0.0,0.0,0.0,0.0,86.0,500.0,1.0,1,0.01,0.02,12000,0.0,0.0,0.0,357.52508361204013,0.7605807210349163
69b9612af753f624649ce453,69b9612af753f624649ce453,69b9612bf753f624649ce454,0.0,0.0,0.0,0.0,0.0,0.0,0.0,0.01,0.0,0.0,0.0,0.0,0.0,0.0,0.0,0.0,0.0,0.99,0.0,0.0,0.0,0.0,0.0,0.0,0.0,0.0,0.0,0.0,0.0,0.0,86.0,500.0,1.0,1,0.01,0.02,12000,0.0,0.0,0.0,407.62323061956374,0.8670246157589522
69b9612af753f624649ce453,69b9612af753f624649ce453,69b9612bf753f624649ce454,0.0,0.0,0.0,0.0,0.0,0.0,0.0,0.01,0.0,0.0,0.0,0.0,0.0,0.0,0.0,0.0,0.0,0.99,0.0,0.0,0.0,0.0,0.0,0.0,0.0,0.0,0.0,0.0,0.0,0.0,86.0,500.0,1.0,1,0.01,0.02,12000,0.0,0.0,0.0,452.6787513167817,0.9378531165091853
69b9612af753f624649ce453,69b9612af753f624649ce453,69b9612bf753f624649ce454,0.0,0.0,0.0,0.0,0.0,0.0,0.0,0.01,0.0,0.0,0.0,0.0,0.0,0.0,0.0,0.0,0.0,0.99,0.0,0.0,0.0,0.0,0.0,0.0,0.0,0.0,0.0,0.0,0.0,0.0,86.0,500.0,1.0,1,0.01,0.02,12000,0.0,0.0,0.0,488.834842475492,0.9799570136664099
69b9612bf753f624649ce455,69b9612bf753f624649ce455,69b9612bf753f624649ce456,0.0,0.0,0.0,0.0,0.0,0.0,0.01,0.0,0.0,0.0,0.0,0.0,0.0,0.0,0.0,0.0,0.0,0.99,0.0,0.0,0.0,0.0,0.0,0.0,0.0,0.0,0.0,0.0,0.0,0.0,98.0,500.0,1.0,1,0.01,0.02,12000,0.0,0.0,0.0,126.37017251998918,0.17045135650269677
69b9612bf753f624649ce455,69b9612bf753f624649ce455,69b9612bf753f624649ce456,0.0,0.0,0.0,0.0,0.0,0.0,0.01,0.0,0.0,0.0,0.0,0.0,0.0,0.0,0.0,0.0,0.0,0.99,0.0,0.0,0.0,0.0,0.0,0.0,0.0,0.0,0.0,0.0,0.0,0.0,98.0,500.0,1.0,1,0.01,0.02,12000,0.0,0.0,0.0,166.40897080918035,0.1997923678981305
69b9612bf753f624649ce455,69b9612bf753f624649ce455,69b9612bf753f624649ce456,0.0,0.0,0.0,0.0,0.0,0.0,0.01,0.0,0.0,0.0,0.0,0.0,0.0,0.0,0.0,0.0,0.0,0.99,0.0,0.0,0.0,0.0,0.0,0.0,0.0,0.0,0.0,0.0,0.0,0.0,98.0,500.0,1.0,1,0.01,0.02,12000,0.0,0.0,0.0,209.44398712863875,0.2681682144450302
69b9612bf753f624649ce455,69b9612bf753f624649ce455,69b9612bf753f624649ce456,0.0,0.0,0.0,0.0,0.0,0.0,0.01,0.0,0.0,0.0,0.0,0.0,0.0,0.0,0.0,0.0,0.0,0.99,0.0,0.0,0.0,0.0,0.0,0.0,0.0,0.0,0.0,0.0,0.0,0.0,98.0,500.0,1.0,1,0.01,0.02,12000,0.0,0.0,0.0,252.25738117304383,0.41226489314246323
69b9612bf753f624649ce455,69b9612bf753f624649ce455,69b9612bf753f624649ce456,0.0,0.0,0.0,0.0,0.0,0.0,0.01,0.0,0.0,0.0,0.0,0.0,0.0,0.0,0.0,0.0,0.0,0.99,0.0,0.0,0.0,0.0,0.0,0.0,0.0,0.0,0.0,0.0,0.0,0.0,98.0,500.0,1.0,1,0.01,0.02,12000,0.0,0.0,0.0,300.58542819150466,0.634489638671479
69b9612bf753f624649ce455,69b9612bf753f624649ce455,69b9612bf753f624649ce456,0.0,0.0,0.0,0.0,0.0,0.0,0.01,0.0,0.0,0.0,0.0,0.0,0.0,0.0,0.0,0.0,0.0,0.99,0.0,0.0,0.0,0.0,0.0,0.0,0.0,0.0,0.0,0.0,0.0,0.0,98.0,500.0,1.0,1,0.01,0.02,12000,0.0,0.0,0.0,348.57960269170326,0.7901877610608702
69b9612bf753f624649ce455,69b9612bf753f624649ce455,69b9612bf753f624649ce456,0.0,0.0,0.0,0.0,0.0,0.0,0.01,0.0,0.0,0.0,0.0,0.0,0.0,0.0,0.0,0.0,0.0,0.99,0.0,0.0,0.0,0.0,0.0,0.0,0.0,0.0,0.0,0.0,0.0,0.0,98.0,500.0,1.0,1,0.01,0.02,12000,0.0,0.0,0.0,400.7097669224437,0.912041850845533
69b9612bf753f624649ce455,69b9612bf753f624649ce455,69b9612bf753f624649ce456,0.0,0.0,0.0,0.0,0.0,0.0,0.01,0.0,0.0,0.0,0.0,0.0,0.0,0.0,0.0,0.0,0.0,0.99,0.0,0.0,0.0,0.0,0.0,0.0,0.0,0.0,0.0,0.0,0.0,0.0,98.0,500.0,1.0,1,0.01,0.02,12000,0.0,0.0,0.0,420.72484874999276,0.9502072265704206
69b9612cf753f624649ce457,69b9612cf753f624649ce457,69b9612cf753f624649ce458,0.0,0.0,0.0,0.0,0.0,0.0,0.0,0.0,0.0,0.0,0.0,0.0,0.0,0.0,0.0,0.0,0.0,0.99,0.0,0.0,0.0,0.0,0.0,0.0,0.0,0.0,0.0,0.0,0.01,0.0,98.0,500.0,1.0,1,0.01,0.02,12000,0.0,0.0,0.0,126.37017251998918,0.17045135650269677
69b9612cf753f624649ce457,69b9612cf753f624649ce457,69b9612cf753f624649ce458,0.0,0.0,0.0,0.0,0.0,0.0,0.0,0.0,0.0,0.0,0.0,0.0,0.0,0.0,0.0,0.0,0.0,0.99,0.0,0.0,0.0,0.0,0.0,0.0,0.0,0.0,0.0,0.0,0.01,0.0,98.0,500.0,1.0,1,0.01,0.02,12000,0.0,0.0,0.0,166.40897080918035,0.1997923678981305
69b9612cf753f624649ce457,69b9612cf753f624649ce457,69b9612cf753f624649ce458,0.0,0.0,0.0,0.0,0.0,0.0,0.0,0.0,0.0,0.0,0.0,0.0,0.0,0.0,0.0,0.0,0.0,0.99,0.0,0.0,0.0,0.0,0.0,0.0,0.0,0.0,0.0,0.0,0.01,0.0,98.0,500.0,1.0,1,0.01,0.02,12000,0.0,0.0,0.0,209.44398712863875,0.2681682144450302
69b9612cf753f624649ce457,69b9612cf753f624649ce457,69b9612cf753f624649ce458,0.0,0.0,0.0,0.0,0.0,0.0,0.0,0.0,0.0,0.0,0.0,0.0,0.0,0.0,0.0,0.0,0.0,0.99,0.0,0.0,0.0,0.0,0.0,0.0,0.0,0.0,0.0,0.0,0.01,0.0,98.0,500.0,1.0,1,0.01,0.02,12000,0.0,0.0,0.0,252.25738117304383,0.41226489314246323
69b9612cf753f624649ce457,69b9612cf753f624649ce457,69b9612cf753f624649ce458,0.0,0.0,0.0,0.0,0.0,0.0,0.0,0.0,0.0,0.0,0.0,0.0,0.0,0.0,0.0,0.0,0.0,0.99,0.0,0.0,0.0,0.0,0.0,0.0,0.0,0.0,0.0,0.0,0.01,0.0,98.0,500.0,1.0,1,0.01,0.02,12000,0.0,0.0,0.0,300.58542819150466,0.634489638671479
69b9612cf753f624649ce457,69b9612cf753f624649ce457,69b9612cf753f624649ce458,0.0,0.0,0.0,0.0,0.0,0.0,0.0,0.0,0.0,0.0,0.0,0.0,0.0,0.0,0.0,0.0,0.0,0.99,0.0,0.0,0.0,0.0,0.0,0.0,0.0,0.0,0.0,0.0,0.01,0.0,98.0,500.0,1.0,1,0.01,0.02,12000,0.0,0.0,0.0,348.57960269170326,0.7901877610608702
69b9612cf753f624649ce457,69b9612cf753f624649ce457,69b9612cf753f624649ce458,0.0,0.0,0.0,0.0,0.0,0.0,0.0,0.0,0.0,0.0,0.0,0.0,0.0,0.0,0.0,0.0,0.0,0.99,0.0,0.0,0.0,0.0,0.0,0.0,0.0,0.0,0.0,0.0,0.01,0.0,98.0,500.0,1.0,1,0.01,0.02,12000,0.0,0.0,0.0,400.7097669224437,0.912041850845533
69b9612cf753f624649ce457,69b9612cf753f624649ce457,69b9612cf753f624649ce458,0.0,0.0,0.0,0.0,0.0,0.0,0.0,0.0,0.0,0.0,0.0,0.0,0.0,0.0,0.0,0.0,0.0,0.99,0.0,0.0,0.0,0.0,0.0,0.0,0.0,0.0,0.0,0.0,0.01,0.0,98.0,500.0,1.0,1,0.01,0.02,12000,0.0,0.0,0.0,420.72484874999276,0.9502072265704206
69b9612cf753f624649ce457,69b9612cf753f624649ce457,69b9612cf753f624649ce458,0.0,0.0,0.0,0.0,0.0,0.0,0.0,0.0,0.0,0.0,0.0,0.0,0.0,0.0,0.0,0.0,0.0,0.99,0.0,0.0,0.0,0.0,0.0,0.0,0.0,0.0,0.0,0.0,0.01,0.0,98.0,500.0,1.0,1,0.01,0.02,12000,0.0,0.0,0.0,179.88763462833657,0.1291066142179326
69b9612cf753f624649ce457,69b9612cf753f624649ce457,69b9612cf753f624649ce458,0.0,0.0,0.0,0.0,0.0,0.0,0.0,0.0,0.0,0.0,0.0,0.0,0.0,0.0,0.0,0.0,0.0,0.99,0.0,0.0,0.0,0.0,0.0,0.0,0.0,0.0,0.0,0.0,0.01,0.0,98.0,500.0,1.0,1,0.01,0.02,12000,0.0,0.0,0.0,315.5463708632907,0.3357135325844519
69b9612cf753f624649ce457,69b9612cf753f624649ce457,69b9612cf753f624649ce458,0.0,0.0,0.0,0.0,0.0,0.0,0.0,0.0,0.0,0.0,0.0,0.0,0.0,0.0,0.0,0.0,0.0,0.99,0.0,0.0,0.0,0.0,0.0,0.0,0.0,0.0,0.0,0.0,0.01,0.0,98.0,500.0,1.0,1,0.01,0.02,12000,0.0,0.0,0.0,363.08866617928953,0.5434559390080701
69b9612cf753f624649ce457,69b9612cf753f624649ce457,69b9612cf753f624649ce458,0.0,0.0,0.0,0.0,0.0,0.0,0.0,0.0,0.0,0.0,0.0,0.0,0.0,0.0,0.0,0.0,0.0,0.99,0.0,0.0,0.0,0.0,0.0,0.0,0.0,0.0,0.0,0.0,0.01,0.0,98.0,500.0,1.0,1,0.01,0.02,12000,0.0,0.0,0.0,413.831532532423,0.7500304148586723
69b9612cf753f624649ce457,69b9612cf753f624649ce457,69b9612cf753f624649ce458,0.0,0.0,0.0,0.0,0.0,0.0,0.0,0.0,0.0,0.0,0.0,0.0,0.0,0.0,0.0,0.0,0.0,0.99,0.0,0.0,0.0,0.0,0.0,0.0,0.0,0.0,0.0,0.0,0.01,0.0,98.0,500.0,1.0,1,0.01,0.02,12000,0.0,0.0,0.0,440.56723789568207,0.8404671722292063
69b9612cf753f624649ce457,69b9612cf753f624649ce457,69b9612cf753f624649ce458,0.0,0.0,0.0,0.0,0.0,0.0,0.0,0.0,0.0,0.0,0.0,0.0,0.0,0.0,0.0,0.0,0.0,0.99,0.0,0.0,0.0,0.0,0.0,0.0,0.0,0.0,0.0,0.0,0.01,0.0,98.0,500.0,1.0,1,0.01,0.02,12000,0.0,0.0,0.0,466.22937042004617,0.9080384443813618
69b9612cf753f624649ce457,69b9612cf753f624649ce457,69b9612cf753f624649ce458,0.0,0.0,0.0,0.0,0.0,0.0,0.0,0.0,0.0,0.0,0.0,0.0,0.0,0.0,0.0,0.0,0.0,0.99,0.0,0.0,0.0,0.0,0.0,0.0,0.0,0.0,0.0,0.0,0.01,0.0,98.0,500.0,1.0,1,0.01,0.02,12000,0.0,0.0,0.0,488.0893857321306,0.9479427389594064
69b9612cf753f624649ce459,69b9612cf753f624649ce459,69b9612df753f624649ce45a,0.0,0.0,0.01,0.0,0.0,0.0,0.0,0.0,0.0,0.0,0.0,0.0,0.0,0.0,0.0,0.0,0.0,0.99,0.0,0.0,0.0,0.0,0.0,0.0,0.0,0.0,0.0,0.0,0.0,0.0,87.0,500.0,1.0,1,0.01,0.02,12000,0.0,0.0,0.0,263.6205596394177,0.19316760614785675
69b9612cf753f624649ce459,69b9612cf753f624649ce459,69b9612df753f624649ce45a,0.0,0.0,0.01,0.0,0.0,0.0,0.0,0.0,0.0,0.0,0.0,0.0,0.0,0.0,0.0,0.0,0.0,0.99,0.0,0.0,0.0,0.0,0.0,0.0,0.0,0.0,0.0,0.0,0.0,0.0,87.0,500.0,1.0,1,0.01,0.02,12000,0.0,0.0,0.0,216.54453456444026,0.17717993430390527
69b9612cf753f624649ce459,69b9612cf753f624649ce459,69b9612df753f624649ce45a,0.0,0.0,0.01,0.0,0.0,0.0,0.0,0.0,0.0,0.0,0.0,0.0,0.0,0.0,0.0,0.0,0.0,0.99,0.0,0.0,0.0,0.0,0.0,0.0,0.0,0.0,0.0,0.0,0.0,0.0,87.0,500.0,1.0,1,0.01,0.02,12000,0.0,0.0,0.0,172.33232979697095,0.1609911188612677
69b9612cf753f624649ce459,69b9612cf753f624649ce459,69b9612df753f624649ce45a,0.0,0.0,0.01,0.0,0.0,0.0,0.0,0.0,0.0,0.0,0.0,0.0,0.0,0.0,0.0,0.0,0.0,0.99,0.0,0.0,0.0,0.0,0.0,0.0,0.0,0.0,0.0,0.0,0.0,0.0,87.0,500.0,1.0,1,0.01,0.02,12000,0.0,0.0,0.0,321.8064805807079,0.36298471146437405
69b9612cf753f624649ce459,69b9612cf753f624649ce459,69b9612df753f624649ce45a,0.0,0.0,0.01,0.0,0.0,0.0,0.0,0.0,0.0,0.0,0.0,0.0,0.0,0.0,0.0,0.0,0.0,0.99,0.0,0.0,0.0,0.0,0.0,0.0,0.0,0.0,0.0,0.0,0.0,0.0,87.0,500.0,1.0,1,0.01,0.02,12000,0.0,0.0,0.0,369.8409500400071,0.5473360639117564
69b9612cf753f624649ce459,69b9612cf753f624649ce459,69b9612df753f624649ce45a,0.0,0.0,0.01,0.0,0.0,0.0,0.0,0.0,0.0,0.0,0.0,0.0,0.0,0.0,0.0,0.0,0.0,0.99,0.0,0.0,0.0,0.0,0.0,0.0,0.0,0.0,0.0,0.0,0.0,0.0,87.0,500.0,1.0,1,0.01,0.02,12000,0.0,0.0,0.0,421.7725176866088,0.7422701650512997
69b9612cf753f624649ce459,69b9612cf753f624649ce459,69b9612df753f624649ce45a,0.0,0.0,0.01,0.0,0.0,0.0,0.0,0.0,0.0,0.0,0.0,0.0,0.0,0.0,0.0,0.0,0.0,0.99,0.0,0.0,0.0,0.0,0.0,0.0,0.0,0.0,0.0,0.0,0.0,0.0,87.0,500.0,1.0,1,0.01,0.02,12000,0.0,0.0,0.0,451.77499294838213,0.8252386552577152
69b9612cf753f624649ce459,69b9612cf753f624649ce459,69b9612df753f624649ce45a,0.0,0.0,0.01,0.0,0.0,0.0,0.0,0.0,0.0,0.0,0.0,0.0,0.0,0.0,0.0,0.0,0.0,0.99,0.0,0.0,0.0,0.0,0.0,0.0,0.0,0.0,0.0,0.0,0.0,0.0,87.0,500.0,1.0,1,0.01,0.02,12000,0.0,0.0,0.0,468.8082478024856,0.8544758506022141
69b9612cf753f624649ce459,69b9612cf753f624649ce459,69b9612df753f624649ce45a,0.0,0.0,0.01,0.0,0.0,0.0,0.0,0.0,0.0,0.0,0.0,0.0,0.0,0.0,0.0,0.0,0.0,0.99,0.0,0.0,0.0,0.0,0.0,0.0,0.0,0.0,0.0,0.0,0.0,0.0,87.0,500.0,1.0,1,0.01,0.02,12000,0.0,0.0,0.0,488.6765408504539,0.8892672046717223
69b9612cf753f624649ce459,69b9612cf753f624649ce459,69b9612df753f624649ce45a,0.0,0.0,0.01,0.0,0.0,0.0,0.0,0.0,0.0,0.0,0.0,0.0,0.0,0.0,0.0,0.0,0.0,0.99,0.0,0.0,0.0,0.0,0.0,0.0,0.0,0.0,0.0,0.0,0.0,0.0,87.0,500.0,1.0,1,0.01,0.02,12000,0.0,0.0,0.0,506.509938463841,0.9155196885518473
69b9612cf753f624649ce459,69b9612cf753f624649ce459,69b9612df753f624649ce45a,0.0,0.0,0.01,0.0,0.0,0.0,0.0,0.0,0.0,0.0,0.0,0.0,0.0,0.0,0.0,0.0,0.0,0.99,0.0,0.0,0.0,0.0,0.0,0.0,0.0,0.0,0.0,0.0,0.0,0.0,87.0,500.0,1.0,1,0.01,0.02,12000,0.0,0.0,0.0,525.9695254980745,0.9377882314773511
69b9612cf753f624649ce459,69b9612cf753f624649ce459,69b9612df753f624649ce45a,0.0,0.0,0.01,0.0,0.0,0.0,0.0,0.0,0.0,0.0,0.0,0.0,0.0,0.0,0.0,0.0,0.0,0.99,0.0,0.0,0.0,0.0,0.0,0.0,0.0,0.0,0.0,0.0,0.0,0.0,87.0,500.0,1.0,1,0.01,0.02,12000,0.0,0.0,0.0,545.5499974096097,0.9574159536072022
69b9612df753f624649ce45b,69b9612df753f624649ce45b,69b9612df753f624649ce45c,0.0,0.0,0.0,0.0,0.0,0.0,0.0,0.0,0.0,0.0,0.0,0.0,0.0,0.01,0.0,0.0,0.0,0.99,0.0,0.0,0.0,0.0,0.0,0.0,0.0,0.0,0.0,0.0,0.0,0.0,96.0,500.0,1.0,1,0.01,0.02,12000,0.0,0.0,0.0,213.30366856820496,0.12897035565108073
69b9612df753f624649ce45b,69b9612df753f624649ce45b,69b9612df753f624649ce45c,0.0,0.0,0.0,0.0,0.0,0.0,0.0,0.0,0.0,0.0,0.0,0.0,0.0,0.01,0.0,0.0,0.0,0.99,0.0,0.0,0.0,0.0,0.0,0.0,0.0,0.0,0.0,0.0,0.0,0.0,96.0,500.0,1.0,1,0.01,0.02,12000,0.0,0.0,0.0,262.4491276141355,0.1510831745001825
69b9612df753f624649ce45b,69b9612df753f624649ce45b,69b9612df753f624649ce45c,0.0,0.0,0.0,0.0,0.0,0.0,0.0,0.0,0.0,0.0,0.0,0.0,0.0,0.01,0.0,0.0,0.0,0.99,0.0,0.0,0.0,0.0,0.0,0.0,0.0,0.0,0.0,0.0,0.0,0.0,96.0,500.0,1.0,1,0.01,0.02,12000,0.0,0.0,0.0,309.43592813681863,0.2422790867431769
69b9612df753f624649ce45b,69b9612df753f624649ce45b,69b9612df753f624649ce45c,0.0,0.0,0.0,0.0,0.0,0.0,0.0,0.0,0.0,0.0,0.0,0.0,0.0,0.01,0.0,0.0,0.0,0.99,0.0,0.0,0.0,0.0,0.0,0.0,0.0,0.0,0.0,0.0,0.0,0.0,96.0,500.0,1.0,1,0.01,0.02,12000,0.0,0.0,0.0,362.50151106096627,0.43084796625978344
69b9612df753f624649ce45b,69b9612df753f624649ce45b,69b9612df753f624649ce45c,0.0,0.0,0.0,0.0,0.0,0.0,0.0,0.0,0.0,0.0,0.0,0.0,0.0,0.01,0.0,0.0,0.0,0.99,0.0,0.0,0.0,0.0,0.0,0.0,0.0,0.0,0.0,0.0,0.0,0.0,96.0,500.0,1.0,1,0.01,0.02,12000,0.0,0.0,0.0,407.4102429786034,0.570415669735188
69b9612df753f624649ce45b,69b9612df753f624649ce45b,69b9612df753f624649ce45c,0.0,0.0,0.0,0.0,0.0,0.0,0.0,0.0,0.0,0.0,0.0,0.0,0.0,0.01,0.0,0.0,0.0,0.99,0.0,0.0,0.0,0.0,0.0,0.0,0.0,0.0,0.0,0.0,0.0,0.0,96.0,500.0,1.0,1,0.01,0.02,12000,0.0,0.0,0.0,441.66671463685606,0.6635905754491261
69b9612df753f624649ce45b,69b9612df753f624649ce45b,69b9612df753f624649ce45c,0.0,0.0,0.0,0.0,0.0,0.0,0.0,0.0,0.0,0.0,0.0,0.0,0.0,0.01,0.0,0.0,0.0,0.99,0.0,0.0,0.0,0.0,0.0,0.0,0.0,0.0,0.0,0.0,0.0,0.0,96.0,500.0,1.0,1,0.01,0.02,12000,0.0,0.0,0.0,471.5742089236065,0.7473571515471025
69b9612df753f624649ce45b,69b9612df753f624649ce45b,69b9612df753f624649ce45c,0.0,0.0,0.0,0.0,0.0,0.0,0.0,0.0,0.0,0.0,0.0,0.0,0.0,0.01,0.0,0.0,0.0,0.99,0.0,0.0,0.0,0.0,0.0,0.0,0.0,0.0,0.0,0.0,0.0,0.0,96.0,500.0,1.0,1,0.01,0.02,12000,0.0,0.0,0.0,500.7247336215382,0.799596090676832
69b9612df753f624649ce45b,69b9612df753f624649ce45b,69b9612df753f624649ce45c,0.0,0.0,0.0,0.0,0.0,0.0,0.0,0.0,0.0,0.0,0.0,0.0,0.0,0.01,0.0,0.0,0.0,0.99,0.0,0.0,0.0,0.0,0.0,0.0,0.0,0.0,0.0,0.0,0.0,0.0,96.0,500.0,1.0,1,0.01,0.02,12000,0.0,0.0,0.0,529.7946684012686,0.8576487286589075
69b9612df753f624649ce45b,69b9612df753f624649ce45b,69b9612df753f624649ce45c,0.0,0.0,0.0,0.0,0.0,0.0,0.0,0.0,0.0,0.0,0.0,0.0,0.0,0.01,0.0,0.0,0.0,0.99,0.0,0.0,0.0,0.0,0.0,0.0,0.0,0.0,0.0,0.0,0.0,0.0,96.0,500.0,1.0,1,0.01,0.02,12000,0.0,0.0,0.0,560.5023054473028,0.915208240399043
69b9612df753f624649ce45b,69b9612df753f624649ce45b,69b9612df753f624649ce45c,0.0,0.0,0.0,0.0,0.0,0.0,0.0,0.0,0.0,0.0,0.0,0.0,0.0,0.01,0.0,0.0,0.0,0.99,0.0,0.0,0.0,0.0,0.0,0.0,0.0,0.0,0.0,0.0,0.0,0.0,96.0,500.0,1.0,1,0.01,0.02,12000,0.0,0.0,0.0,590.8501660727957,0.9572472525244332
69b9612ef753f624649ce45d,69b9612ef753f624649ce45d,69b9612ef753f624649ce45e,0.0,0.0,0.0,0.0,0.0,0.0,0.0,0.0,0.0,0.0,0.0,0.0,0.0,0.0,0.0,0.0,0.0,0.99,0.0,0.0,0.01,0.0,0.0,0.0,0.0,0.0,0.0,0.0,0.0,0.0,90.0,500.0,1.0,1,0.01,0.02,12000,0.0,0.0,0.0,257.7259827652704,0.1031266474715114
69b9612ef753f624649ce45d,69b9612ef753f624649ce45d,69b9612ef753f624649ce45e,0.0,0.0,0.0,0.0,0.0,0.0,0.0,0.0,0.0,0.0,0.0,0.0,0.0,0.0,0.0,0.0,0.0,0.99,0.0,0.0,0.01,0.0,0.0,0.0,0.0,0.0,0.0,0.0,0.0,0.0,90.0,500.0,1.0,1,0.01,0.02,12000,0.0,0.0,0.0,302.52534265106294,0.21659110264000972
69b9612ef753f624649ce45d,69b9612ef753f624649ce45d,69b9612ef753f624649ce45e,0.0,0.0,0.0,0.0,0.0,0.0,0.0,0.0,0.0,0.0,0.0,0.0,0.0,0.0,0.0,0.0,0.0,0.99,0.0,0.0,0.01,0.0,0.0,0.0,0.0,0.0,0.0,0.0,0.0,0.0,90.0,500.0,1.0,1,0.01,0.02,12000,0.0,0.0,0.0,352.784669494989,0.48337239952958355
69b9612ef753f624649ce45d,69b9612ef753f624649ce45d,69b9612ef753f624649ce45e,0.0,0.0,0.0,0.0,0.0,0.0,0.0,0.0,0.0,0.0,0.0,0.0,0.0,0.0,0.0,0.0,0.0,0.99,0.0,0.0,0.01,0.0,0.0,0.0,0.0,0.0,0.0,0.0,0.0,0.0,90.0,500.0,1.0,1,0.01,0.02,12000,0.0,0.0,0.0,406.4719460738319,0.8024704975870879
69b9612ef753f624649ce45d,69b9612ef753f624649ce45d,69b9612ef753f624649ce45e,0.0,0.0,0.0,0.0,0.0,0.0,0.0,0.0,0.0,0.0,0.0,0.0,0.0,0.0,0.0,0.0,0.0,0.99,0.0,0.0,0.01,0.0,0.0,0.0,0.0,0.0,0.0,0.0,0.0,0.0,90.0,500.0,1.0,1,0.01,0.02,12000,0.0,0.0,0.0,450.4567721435191,0.9266669370209659
69b9612ef753f624649ce45d,69b9612ef753f624649ce45d,69b9612ef753f624649ce45e,0.0,0.0,0.0,0.0,0.0,0.0,0.0,0.0,0.0,0.0,0.0,0.0,0.0,0.0,0.0,0.0,0.0,0.99,0.0,0.0,0.01,0.0,0.0,0.0,0.0,0.0,0.0,0.0,0.0,0.0,90.0,500.0,1.0,1,0.01,0.02,12000,0.0,0.0,0.0,479.6332007437298,0.9863741433148141
69b9612ef753f624649ce45f,69b9612ef753f624649ce45f,69b9612ff753f624649ce460,0.0,0.0,0.0,0.0,0.0,0.0,0.0,0.0,0.0,0.0,0.0,0.0,0.0,0.0,0.0,0.01,0.0,0.99,0.0,0.0,0.0,0.0,0.0,0.0,0.0,0.0,0.0,0.0,0.0,0.0,60.0,500.0,1.0,1,0.01,0.02,12000,0.0,0.0,0.0,222.67512477046262,0.16016707895697313
69b9612ef753f624649ce45f,69b9612ef753f624649ce45f,69b9612ff753f624649ce460,0.0,0.0,0.0,0.0,0.0,0.0,0.0,0.0,0.0,0.0,0.0,0.0,0.0,0.0,0.0,0.01,0.0,0.99,0.0,0.0,0.0,0.0,0.0,0.0,0.0,0.0,0.0,0.0,0.0,0.0,60.0,500.0,1.0,1,0.01,0.02,12000,0.0,0.0,0.0,269.68207277269613,0.189787095989294
69b9612ef753f624649ce45f,69b9612ef753f624649ce45f,69b9612ff753f624649ce460,0.0,0.0,0.0,0.0,0.0,0.0,0.0,0.0,0.0,0.0,0.0,0.0,0.0,0.0,0.0,0.01,0.0,0.99,0.0,0.0,0.0,0.0,0.0,0.0,0.0,0.0,0.0,0.0,0.0,0.0,60.0,500.0,1.0,1,0.01,0.02,12000,0.0,0.0,0.0,314.5389968857753,0.33102883328602134
69b9612ef753f624649ce45f,69b9612ef753f624649ce45f,69b9612ff753f624649ce460,0.0,0.0,0.0,0.0,0.0,0.0,0.0,0.0,0.0,0.0,0.0,0.0,0.0,0.0,0.0,0.01,0.0,0.99,0.0,0.0,0.0,0.0,0.0,0.0,0.0,0.0,0.0,0.0,0.0,0.0,60.0,500.0,1.0,1,0.01,0.02,12000,0.0,0.0,0.0,363.773680484,0.5535974694837584
69b9612ef753f624649ce45f,69b9612ef753f624649ce45f,69b9612ff753f624649ce460,0.0,0.0,0.0,0.0,0.0,0.0,0.0,0.0,0.0,0.0,0.0,0.0,0.0,0.0,0.0,0.01,0.0,0.99,0.0,0.0,0.0,0.0,0.0,0.0,0.0,0.0,0.0,0.0,0.0,0.0,60.0,500.0,1.0,1,0.01,0.02,12000,0.0,0.0,0.0,412.5939016457612,0.7872809116346973
69b9612ef753f624649ce45f,69b9612ef753f624649ce45f,69b9612ff753f624649ce460,0.0,0.0,0.0,0.0,0.0,0.0,0.0,0.0,0.0,0.0,0.0,0.0,0.0,0.0,0.0,0.01,0.0,0.99,0.0,0.0,0.0,0.0,0.0,0.0,0.0,0.0,0.0,0.0,0.0,0.0,60.0,500.0,1.0,1,0.01,0.02,12000,0.0,0.0,0.0,459.7908115980405,0.9151952633926761
69b9612ef753f624649ce45f,69b9612ef753f624649ce45f,69b9612ff753f624649ce460,0.0,0.0,0.0,0.0,0.0,0.0,0.0,0.0,0.0,0.0,0.0,0.0,0.0,0.0,0.0,0.01,0.0,0.99,0.0,0.0,0.0,0.0,0.0,0.0,0.0,0.0,0.0,0.0,0.0,0.0,60.0,500.0,1.0,1,0.01,0.02,12000,0.0,0.0,0.0,486.82297273182553,0.9638395717587899
69b9612ef753f624649ce45f,69b9612ef753f624649ce45f,69b9612ff753f624649ce460,0.0,0.0,0.0,0.0,0.0,0.0,0.0,0.0,0.0,0.0,0.0,0.0,0.0,0.0,0.0,0.01,0.0,0.99,0.0,0.0,0.0,0.0,0.0,0.0,0.0,0.0,0.0,0.0,0.0,0.0,60.0,500.0,1.0,1,0.01,0.02,12000,0.0,0.0,0.0,511.69071891963455,0.9895340443651405
69b9612ff753f624649ce461,69b9612ff753f624649ce461,69b96131f753f624649ce462,0.0,0.0,0.0,0.0,0.0,0.0,0.0,0.0,0.0,0.0,0.0,0.0,0.0,0.0,0.0,0.0,0.0,0.99,0.0,0.01,0.0,0.0,0.0,0.0,0.0,0.0,0.0,0.0,0.0,0.0,64.0,500.0,1.0,1,0.01,0.02,12000,0.0,0.0,0.0,210.59814988573498,0.13798937507603715
69b9612ff753f624649ce461,69b9612ff753f624649ce461,69b96131f753f624649ce462,0.0,0.0,0.0,0.0,0.0,0.0,0.0,0.0,0.0,0.0,0.0,0.0,0.0,0.0,0.0,0.0,0.0,0.99,0.0,0.01,0.0,0.0,0.0,0.0,0.0,0.0,0.0,0.0,0.0,0.0,64.0,500.0,1.0,1,0.01,0.02,12000,0.0,0.0,0.0,260.91791916831204,0.15184881787582627
69b9612ff753f624649ce461,69b9612ff753f624649ce461,69b96131f753f624649ce462,0.0,0.0,0.0,0.0,0.0,0.0,0.0,0.0,0.0,0.0,0.0,0.0,0.0,0.0,0.0,0.0,0.0,0.99,0.0,0.01,0.0,0.0,0.0,0.0,0.0,0.0,0.0,0.0,0.0,0.0,64.0,500.0,1.0,1,0.01,0.02,12000,0.0,0.0,0.0,302.7728688283953,0.20838314611298106
69b9612ff753f624649ce461,69b9612ff753f624649ce461,69b96131f753f624649ce462,0.0,0.0,0.0,0.0,0.0,0.0,0.0,0.0,0.0,0.0,0.0,0.0,0.0,0.0,0.0,0.0,0.0,0.99,0.0,0.01,0.0,0.0,0.0,0.0,0.0,0.0,0.0,0.0,0.0,0.0,64.0,500.0,1.0,1,0.01,0.02,12000,0.0,0.0,0.0,348.72351325991974,0.35944198872622574
69b9612ff753f624649ce461,69b9612ff753f624649ce461,69b96131f753f624649ce462,0.0,0.0,0.0,0.0,0.0,0.0,0.0,0.0,0.0,0.0,0.0,0.0,0.0,0.0,0.0,0.0,0.0,0.99,0.0,0.01,0.0,0.0,0.0,0.0,0.0,0.0,0.0,0.0,0.0,0.0,64.0,500.0,1.0,1,0.01,0.02,12000,0.0,0.0,0.0,400.4219457860107,0.621817591954256
69b9612ff753f624649ce461,69b9612ff753f624649ce461,69b96131f753f624649ce462,0.0,0.0,0.0,0.0,0.0,0.0,0.0,0.0,0.0,0.0,0.0,0.0,0.0,0.0,0.0,0.0,0.0,0.99,0.0,0.01,0.0,0.0,0.0,0.0,0.0,0.0,0.0,0.0,0.0,0.0,64.0,500.0,1.0,1,0.01,0.02,12000,0.0,0.0,0.0,448.57154369988314,0.8374889492680156
69b9612ff753f624649ce461,69b9612ff753f624649ce461,69b96131f753f624649ce462,0.0,0.0,0.0,0.0,0.0,0.0,0.0,0.0,0.0,0.0,0.0,0.0,0.0,0.0,0.0,0.0,0.0,0.99,0.0,0.01,0.0,0.0,0.0,0.0,0.0,0.0,0.0,0.0,0.0,0.0,64.0,500.0,1.0,1,0.01,0.02,12000,0.0,0.0,0.0,481.7515643078765,0.9374183867958961
69b9612ff753f624649ce461,69b9612ff753f624649ce461,69b96131f753f624649ce462,0.0,0.0,0.0,0.0,0.0,0.0,0.0,0.0,0.0,0.0,0.0,0.0,0.0,0.0,0.0,0.0,0.0,0.99,0.0,0.01,0.0,0.0,0.0,0.0,0.0,0.0,0.0,0.0,0.0,0.0,64.0,500.0,1.0,1,0.01,0.02,12000,0.0,0.0,0.0,511.9065847719593,0.9794638874244697
69b96132f753f624649ce463,69b96132f753f624649ce463,69b96132f753f624649ce464,0.0,0.0,0.0,0.0,0.0,0.0,0.0,0.0,0.0,0.0,0.0,0.0,0.0,0.0,0.0,0.0,0.0,0.99,0.0,0.0,0.0,0.0,0.01,0.0,0.0,0.0,0.0,0.0,0.0,0.0,67.0,500.0,1.0,1,0.01,0.02,12000,0.0,0.0,0.0,229.79581968581445,0.1963534612109169
69b96132f753f624649ce463,69b96132f753f624649ce463,69b96132f753f624649ce464,0.0,0.0,0.0,0.0,0.0,0.0,0.0,0.0,0.0,0.0,0.0,0.0,0.0,0.0,0.0,0.0,0.0,0.99,0.0,0.0,0.0,0.0,0.01,0.0,0.0,0.0,0.0,0.0,0.0,0.0,67.0,500.0,1.0,1,0.01,0.02,12000,0.0,0.0,0.0,294.63040887870636,0.2700369033618557
69b96132f753f624649ce463,69b96132f753f624649ce463,69b96132f753f624649ce464,0.0,0.0,0.0,0.0,0.0,0.0,0.0,0.0,0.0,0.0,0.0,0.0,0.0,0.0,0.0,0.0,0.0,0.99,0.0,0.0,0.0,0.0,0.01,0.0,0.0,0.0,0.0,0.0,0.0,0.0,67.0,500.0,1.0,1,0.01,0.02,12000,0.0,0.0,0.0,346.7173999389819,0.4160282249888479
69b96132f753f624649ce463,69b96132f753f624649ce463,69b96132f753f624649ce464,0.0,0.0,0.0,0.0,0.0,0.0,0.0,0.0,0.0,0.0,0.0,0.0,0.0,0.0,0.0,0.0,0.0,0.99,0.0,0.0,0.0,0.0,0.01,0.0,0.0,0.0,0.0,0.0,0.0,0.0,67.0,500.0,1.0,1,0.01,0.02,12000,0.0,0.0,0.0,383.621826052418,0.5732511456263434
69b96132f753f624649ce463,69b96132f753f624649ce463,69b96132f753f624649ce464,0.0,0.0,0.0,0.0,0.0,0.0,0.0,0.0,0.0,0.0,0.0,0.0,0.0,0.0,0.0,0.0,0.0,0.99,0.0,0.0,0.0,0.0,0.01,0.0,0.0,0.0,0.0,0.0,0.0,0.0,67.0,500.0,1.0,1,0.01,0.02,12000,0.0,0.0,0.0,413.6905001755709,0.6641745407356341
69b96132f753f624649ce463,69b96132f753f624649ce463,69b96132f753f624649ce464,0.0,0.0,0.0,0.0,0.0,0.0,0.0,0.0,0.0,0.0,0.0,0.0,0.0,0.0,0.0,0.0,0.0,0.99,0.0,0.0,0.0,0.0,0.01,0.0,0.0,0.0,0.0,0.0,0.0,0.0,67.0,500.0,1.0,1,0.01,0.02,12000,0.0,0.0,0.0,444.6802019353093,0.7473376860375522
69b96132f753f624649ce463,69b96132f753f624649ce463,69b96132f753f624649ce464,0.0,0.0,0.0,0.0,0.0,0.0,0.0,0.0,0.0,0.0,0.0,0.0,0.0,0.0,0.0,0.0,0.0,0.99,0.0,0.0,0.0,0.0,0.01,0.0,0.0,0.0,0.0,0.0,0.0,0.0,67.0,500.0,1.0,1,0.01,0.02,12000,0.0,0.0,0.0,473.68105964229585,0.8217024210227504
69b96132f753f624649ce463,69b96132f753f624649ce463,69b96132f753f624649ce464,0.0,0.0,0.0,0.0,0.0,0.0,0.0,0.0,0.0,0.0,0.0,0.0,0.0,0.0,0.0,0.0,0.0,0.99,0.0,0.0,0.0,0.0,0.01,0.0,0.0,0.0,0.0,0.0,0.0,0.0,67.0,500.0,1.0,1,0.01,0.02,12000,0.0,0.0,0.0,502.5783017401666,0.8804687943550021
69b96132f753f624649ce463,69b96132f753f624649ce463,69b96132f753f624649ce464,0.0,0.0,0.0,0.0,0.0,0.0,0.0,0.0,0.0,0.0,0.0,0.0,0.0,0.0,0.0,0.0,0.0,0.99,0.0,0.0,0.0,0.0,0.01,0.0,0.0,0.0,0.0,0.0,0.0,0.0,67.0,500.0,1.0,1,0.01,0.02,12000,0.0,0.0,0.0,532.6440976519551,0.9342325317328358
69b96132f753f624649ce463,69b96132f753f624649ce463,69b96132f753f624649ce464,0.0,0.0,0.0,0.0,0.0,0.0,0.0,0.0,0.0,0.0,0.0,0.0,0.0,0.0,0.0,0.0,0.0,0.99,0.0,0.0,0.0,0.0,0.01,0.0,0.0,0.0,0.0,0.0,0.0,0.0,67.0,500.0,1.0,1,0.01,0.02,12000,0.0,0.0,0.0,553.6118674410974,0.9637033131919381
69b96133f753f624649ce467,69b96133f753f624649ce467,69b96133f753f624649ce468,0.0,0.0,0.0,0.0,0.0,0.0,0.0,0.0,0.0,0.0,0.0,0.0,0.0,0.0,0.0,0.0,0.0,0.99,0.01,0.0,0.0,0.0,0.0,0.0,0.0,0.0,0.0,0.0,0.0,0.0,75.0,500.0,1.0,1,0.01,0.02,12000,0.0,0.0,0.0,211.74367800873824,0.16042013058112659
69b96133f753f624649ce467,69b96133f753f624649ce467,69b96133f753f624649ce468,0.0,0.0,0.0,0.0,0.0,0.0,0.0,0.0,0.0,0.0,0.0,0.0,0.0,0.0,0.0,0.0,0.0,0.99,0.01,0.0,0.0,0.0,0.0,0.0,0.0,0.0,0.0,0.0,0.0,0.0,75.0,500.0,1.0,1,0.01,0.02,12000,0.0,0.0,0.0,265.54608304215424,0.29030049880368225
69b96133f753f624649ce467,69b96133f753f624649ce467,69b96133f753f624649ce468,0.0,0.0,0.0,0.0,0.0,0.0,0.0,0.0,0.0,0.0,0.0,0.0,0.0,0.0,0.0,0.0,0.0,0.99,0.01,0.0,0.0,0.0,0.0,0.0,0.0,0.0,0.0,0.0,0.0,0.0,75.0,500.0,1.0,1,0.01,0.02,12000,0.0,0.0,0.0,315.7305763906078,0.40344701731619287
69b96133f753f624649ce467,69b96133f753f624649ce467,69b96133f753f624649ce468,0.0,0.0,0.0,0.0,0.0,0.0,0.0,0.0,0.0,0.0,0.0,0.0,0.0,0.0,0.0,0.0,0.0,0.99,0.01,0.0,0.0,0.0,0.0,0.0,0.0,0.0,0.0,0.0,0.0,0.0,75.0,500.0,1.0,1,0.01,0.02,12000,0.0,0.0,0.0,355.760740045706,0.5801484245103208
69b96133f753f624649ce467,69b96133f753f624649ce467,69b96133f753f624649ce468,0.0,0.0,0.0,0.0,0.0,0.0,0.0,0.0,0.0,0.0,0.0,0.0,0.0,0.0,0.0,0.0,0.0,0.99,0.01,0.0,0.0,0.0,0.0,0.0,0.0,0.0,0.0,0.0,0.0,0.0,75.0,500.0,1.0,1,0.01,0.02,12000,0.0,0.0,0.0,384.81052734588616,0.7054608864917475
69b96133f753f624649ce467,69b96133f753f624649ce467,69b96133f753f624649ce468,0.0,0.0,0.0,0.0,0.0,0.0,0.0,0.0,0.0,0.0,0.0,0.0,0.0,0.0,0.0,0.0,0.0,0.99,0.01,0.0,0.0,0.0,0.0,0.0,0.0,0.0,0.0,0.0,0.0,0.0,75.0,500.0,1.0,1,0.01,0.02,12000,0.0,0.0,0.0,411.5951623023388,0.798765562269354
69b96133f753f624649ce467,69b96133f753f624649ce467,69b96133f753f624649ce468,0.0,0.0,0.0,0.0,0.0,0.0,0.0,0.0,0.0,0.0,0.0,0.0,0.0,0.0,0.0,0.0,0.0,0.99,0.01,0.0,0.0,0.0,0.0,0.0,0.0,0.0,0.0,0.0,0.0,0.0,75.0,500.0,1.0,1,0.01,0.02,12000,0.0,0.0,0.0,439.68938342956153,0.8633910539762358
69b96133f753f624649ce467,69b96133f753f624649ce467,69b96133f753f624649ce468,0.0,0.0,0.0,0.0,0.0,0.0,0.0,0.0,0.0,0.0,0.0,0.0,0.0,0.0,0.0,0.0,0.0,0.99,0.01,0.0,0.0,0.0,0.0,0.0,0.0,0.0,0.0,0.0,0.0,0.0,75.0,500.0,1.0,1,0.01,0.02,12000,0.0,0.0,0.0,472.8032051761753,0.9282760858104545
69b96133f753f624649ce467,69b96133f753f624649ce467,69b96133f753f624649ce468,0.0,0.0,0.0,0.0,0.0,0.0,0.0,0.0,0.0,0.0,0.0,0.0,0.0,0.0,0.0,0.0,0.0,0.99,0.01,0.0,0.0,0.0,0.0,0.0,0.0,0.0,0.0,0.0,0.0,0.0,75.0,500.0,1.0,1,0.01,0.02,12000,0.0,0.0,0.0,503.63172709951124,0.960887302810333
69b96133f753f624649ce467,69b96133f753f624649ce467,69b96133f753f624649ce468,0.0,0.0,0.0,0.0,0.0,0.0,0.0,0.0,0.0,0.0,0.0,0.0,0.0,0.0,0.0,0.0,0.0,0.99,0.01,0.0,0.0,0.0,0.0,0.0,0.0,0.0,0.0,0.0,0.0,0.0,75.0,500.0,1.0,1,0.01,0.02,12000,0.0,0.0,0.0,521.6004006470218,0.9765829920110305
69b96134f753f624649ce469,69b96134f753f624649ce469,69b96134f753f624649ce46a,0.0,0.0,0.0,0.0,0.02,0.0,0.0,0.0,0.08,0.0,0.0,0.0,0.0,0.0,0.0,0.0,0.0,0.8,0.0,0.0,0.0,0.0,0.0,0.0,0.0,0.0,0.0,0.0,0.1,0.0,96.0,500.0,1.0,1,0.01,0.02,12000,0.0,0.0,0.0,63.141841871483564,0.17931708567674534
69b96134f753f624649ce469,69b96134f753f624649ce469,69b96134f753f624649ce46a,0.0,0.0,0.0,0.0,0.02,0.0,0.0,0.0,0.08,0.0,0.0,0.0,0.0,0.0,0.0,0.0,0.0,0.8,0.0,0.0,0.0,0.0,0.0,0.0,0.0,0.0,0.0,0.0,0.1,0.0,96.0,500.0,1.0,1,0.01,0.02,12000,0.0,0.0,0.0,77.88165935337982,0.2708423464564406
69b96134f753f624649ce469,69b96134f753f624649ce469,69b96134f753f624649ce46a,0.0,0.0,0.0,0.0,0.02,0.0,0.0,0.0,0.08,0.0,0.0,0.0,0.0,0.0,0.0,0.0,0.0,0.8,0.0,0.0,0.0,0.0,0.0,0.0,0.0,0.0,0.0,0.0,0.1,0.0,96.0,500.0,1.0,1,0.01,0.02,12000,0.0,0.0,0.0,94.77723638517242,0.46824977166754794
69b96134f753f624649ce469,69b96134f753f624649ce469,69b96134f753f624649ce46a,0.0,0.0,0.0,0.0,0.02,0.0,0.0,0.0,0.08,0.0,0.0,0.0,0.0,0.0,0.0,0.0,0.0,0.8,0.0,0.0,0.0,0.0,0.0,0.0,0.0,0.0,0.0,0.0,0.1,0.0,96.0,500.0,1.0,1,0.01,0.02,12000,0.0,0.0,0.0,139.24543031738767,0.5692608437885561
69b96134f753f624649ce469,69b96134f753f624649ce469,69b96134f753f624649ce46a,0.0,0.0,0.0,0.0,0.02,0.0,0.0,0.0,0.08,0.0,0.0,0.0,0.0,0.0,0.0,0.0,0.0,0.8,0.0,0.0,0.0,0.0,0.0,0.0,0.0,0.0,0.0,0.0,0.1,0.0,96.0,500.0,1.0,1,0.01,0.02,12000,0.0,0.0,0.0,169.02091689773061,0.7688923071992823
69b96134f753f624649ce469,69b96134f753f624649ce469,69b96134f753f624649ce46a,0.0,0.0,0.0,0.0,0.02,0.0,0.0,0.0,0.08,0.0,0.0,0.0,0.0,0.0,0.0,0.0,0.0,0.8,0.0,0.0,0.0,0.0,0.0,0.0,0.0,0.0,0.0,0.0,0.1,0.0,96.0,500.0,1.0,1,0.01,0.02,12000,0.0,0.0,0.0,185.09866207230732,0.8389527151532633
69b96134f753f624649ce469,69b96134f753f624649ce469,69b96134f753f624649ce46a,0.0,0.0,0.0,0.0,0.02,0.0,0.0,0.0,0.08,0.0,0.0,0.0,0.0,0.0,0.0,0.0,0.0,0.8,0.0,0.0,0.0,0.0,0.0,0.0,0.0,0.0,0.0,0.0,0.1,0.0,96.0,500.0,1.0,1,0.01,0.02,12000,0.0,0.0,0.0,194.20222359813712,0.8796263359451362
69b96134f753f624649ce469,69b96134f753f624649ce469,69b96134f753f624649ce46a,0.0,0.0,0.0,0.0,0.02,0.0,0.0,0.0,0.08,0.0,0.0,0.0,0.0,0.0,0.0,0.0,0.0,0.8,0.0,0.0,0.0,0.0,0.0,0.0,0.0,0.0,0.0,0.0,0.1,0.0,96.0,500.0,1.0,1,0.01,0.02,12000,0.0,0.0,0.0,209.98034834576143,0.8987133266035348
69b96134f753f624649ce469,69b96134f753f624649ce469,69b96134f753f624649ce46a,0.0,0.0,0.0,0.0,0.02,0.0,0.0,0.0,0.08,0.0,0.0,0.0,0.0,0.0,0.0,0.0,0.0,0.8,0.0,0.0,0.0,0.0,0.0,0.0,0.0,0.0,0.0,0.0,0.1,0.0,96.0,500.0,1.0,1,0.01,0.02,12000,0.0,0.0,0.0,222.1988316687754,0.958845679309074
69b96134f753f624649ce46b,69b96134f753f624649ce46b,69b96134f753f624649ce46c,0.0,0.0,0.0,0.0,0.02,0.0,0.0,0.0,0.08,0.0,0.0,0.0,0.0,0.0,0.0,0.0,0.0,0.75,0.0,0.0,0.0,0.0,0.0,0.0,0.0,0.0,0.0,0.0,0.15,0.0,97.0,500.0,1.0,1,0.01,0.02,12000,0.0,0.0,0.0,77.97399520822677,0.19910269352176768
69b96134f753f624649ce46b,69b96134f753f624649ce46b,69b96134f753f624649ce46c,0.0,0.0,0.0,0.0,0.02,0.0,0.0,0.0,0.08,0.0,0.0,0.0,0.0,0.0,0.0,0.0,0.0,0.75,0.0,0.0,0.0,0.0,0.0,0.0,0.0,0.0,0.0,0.0,0.15,0.0,97.0,500.0,1.0,1,0.01,0.02,12000,0.0,0.0,0.0,90.03230408915928,0.31831626848691696
69b96134f753f624649ce46b,69b96134f753f624649ce46b,69b96134f753f624649ce46c,0.0,0.0,0.0,0.0,0.02,0.0,0.0,0.0,0.08,0.0,0.0,0.0,0.0,0.0,0.0,0.0,0.0,0.75,0.0,0.0,0.0,0.0,0.0,0.0,0.0,0.0,0.0,0.0,0.15,0.0,97.0,500.0,1.0,1,0.01,0.02,12000,0.0,0.0,0.0,115.16650065954182,0.4295181784678492
69b96134f753f624649ce46b,69b96134f753f624649ce46b,69b96134f753f624649ce46c,0.0,0.0,0.0,0.0,0.02,0.0,0.0,0.0,0.08,0.0,0.0,0.0,0.0,0.0,0.0,0.0,0.0,0.75,0.0,0.0,0.0,0.0,0.0,0.0,0.0,0.0,0.0,0.0,0.15,0.0,97.0,500.0,1.0,1,0.01,0.02,12000,0.0,0.0,0.0,122.94532532909791,0.5795606402922655
69b96134f753f624649ce46b,69b96134f753f624649ce46b,69b96134f753f624649ce46c,0.0,0.0,0.0,0.0,0.02,0.0,0.0,0.0,0.08,0.0,0.0,0.0,0.0,0.0,0.0,0.0,0.0,0.75,0.0,0.0,0.0,0.0,0.0,0.0,0.0,0.0,0.0,0.0,0.15,0.0,97.0,500.0,1.0,1,0.01,0.02,12000,0.0,0.0,0.0,139.39618273346434,0.6576519412264257
69b96134f753f624649ce46b,69b96134f753f624649ce46b,69b96134f753f624649ce46c,0.0,0.0,0.0,0.0,0.02,0.0,0.0,0.0,0.08,0.0,0.0,0.0,0.0,0.0,0.0,0.0,0.0,0.75,0.0,0.0,0.0,0.0,0.0,0.0,0.0,0.0,0.0,0.0,0.15,0.0,97.0,500.0,1.0,1,0.01,0.02,12000,0.0,0.0,0.0,155.0631275742321,0.7186816004101974
69b96134f753f624649ce46b,69b96134f753f624649ce46b,69b96134f753f624649ce46c,0.0,0.0,0.0,0.0,0.02,0.0,0.0,0.0,0.08,0.0,0.0,0.0,0.0,0.0,0.0,0.0,0.0,0.75,0.0,0.0,0.0,0.0,0.0,0.0,0.0,0.0,0.0,0.0,0.15,0.0,97.0,500.0,1.0,1,0.01,0.02,12000,0.0,0.0,0.0,186.21799876167657,0.8576743738883814
69b96134f753f624649ce46b,69b96134f753f624649ce46b,69b96134f753f624649ce46c,0.0,0.0,0.0,0.0,0.02,0.0,0.0,0.0,0.08,0.0,0.0,0.0,0.0,0.0,0.0,0.0,0.0,0.75,0.0,0.0,0.0,0.0,0.0,0.0,0.0,0.0,0.0,0.0,0.15,0.0,97.0,500.0,1.0,1,0.01,0.02,12000,0.0,0.0,0.0,198.99615042937518,0.9177362239420597
69b96134f753f624649ce46b,69b96134f753f624649ce46b,69b96134f753f624649ce46c,0.0,0.0,0.0,0.0,0.02,0.0,0.0,0.0,0.08,0.0,0.0,0.0,0.0,0.0,0.0,0.0,0.0,0.75,0.0,0.0,0.0,0.0,0.0,0.0,0.0,0.0,0.0,0.0,0.15,0.0,97.0,500.0,1.0,1,0.01,0.02,12000,0.0,0.0,0.0,211.19578970037958,0.9482446442019581
69b96135f753f624649ce46d,69b96135f753f624649ce46d,69b96135f753f624649ce46e,0.0,0.0,0.0,0.0,0.02,0.0,0.0,0.0,0.08,0.0,0.0,0.0,0.0,0.0,0.0,0.0,0.0,0.7,0.0,0.0,0.0,0.0,0.0,0.0,0.0,0.0,0.0,0.0,0.2,0.0,89.0,500.0,1.0,1,0.01,0.02,12000,0.0,0.0,0.0,53.08477131396883,0.15871108333733916
69b96135f753f624649ce46d,69b96135f753f624649ce46d,69b96135f753f624649ce46e,0.0,0.0,0.0,0.0,0.02,0.0,0.0,0.0,0.08,0.0,0.0,0.0,0.0,0.0,0.0,0.0,0.0,0.7,0.0,0.0,0.0,0.0,0.0,0.0,0.0,0.0,0.0,0.0,0.2,0.0,89.0,500.0,1.0,1,0.01,0.02,12000,0.0,0.0,0.0,81.04746009098986,0.25919018090339535
69b96135f753f624649ce46d,69b96135f753f624649ce46d,69b96135f753f624649ce46e,0.0,0.0,0.0,0.0,0.02,0.0,0.0,0.0,0.08,0.0,0.0,0.0,0.0,0.0,0.0,0.0,0.0,0.7,0.0,0.0,0.0,0.0,0.0,0.0,0.0,0.0,0.0,0.0,0.2,0.0,89.0,500.0,1.0,1,0.01,0.02,12000,0.0,0.0,0.0,99.16036288260156,0.30884968514156613
69b96135f753f624649ce46d,69b96135f753f624649ce46d,69b96135f753f624649ce46e,0.0,0.0,0.0,0.0,0.02,0.0,0.0,0.0,0.08,0.0,0.0,0.0,0.0,0.0,0.0,0.0,0.0,0.7,0.0,0.0,0.0,0.0,0.0,0.0,0.0,0.0,0.0,0.0,0.2,0.0,89.0,500.0,1.0,1,0.01,0.02,12000,0.0,0.0,0.0,112.25886343446308,0.43852328991010914
69b96135f753f624649ce46d,69b96135f753f624649ce46d,69b96135f753f624649ce46e,0.0,0.0,0.0,0.0,0.02,0.0,0.0,0.0,0.08,0.0,0.0,0.0,0.0,0.0,0.0,0.0,0.0,0.7,0.0,0.0,0.0,0.0,0.0,0.0,0.0,0.0,0.0,0.0,0.2,0.0,89.0,500.0,1.0,1,0.01,0.02,12000,0.0,0.0,0.0,127.17581500524942,0.49971318239356505
69b96135f753f624649ce46d,69b96135f753f624649ce46d,69b96135f753f624649ce46e,0.0,0.0,0.0,0.0,0.02,0.0,0.0,0.0,0.08,0.0,0.0,0.0,0.0,0.0,0.0,0.0,0.0,0.7,0.0,0.0,0.0,0.0,0.0,0.0,0.0,0.0,0.0,0.0,0.2,0.0,89.0,500.0,1.0,1,0.01,0.02,12000,0.0,0.0,0.0,142.98974345169194,0.6096588633049721
69b96135f753f624649ce46d,69b96135f753f624649ce46d,69b96135f753f624649ce46e,0.0,0.0,0.0,0.0,0.02,0.0,0.0,0.0,0.08,0.0,0.0,0.0,0.0,0.0,0.0,0.0,0.0,0.7,0.0,0.0,0.0,0.0,0.0,0.0,0.0,0.0,0.0,0.0,0.2,0.0,89.0,500.0,1.0,1,0.01,0.02,12000,0.0,0.0,0.0,159.32376773359894,0.6577032158823246
69b96135f753f624649ce46d,69b96135f753f624649ce46d,69b96135f753f624649ce46e,0.0,0.0,0.0,0.0,0.02,0.0,0.0,0.0,0.08,0.0,0.0,0.0,0.0,0.0,0.0,0.0,0.0,0.7,0.0,0.0,0.0,0.0,0.0,0.0,0.0,0.0,0.0,0.0,0.2,0.0,89.0,500.0,1.0,1,0.01,0.02,12000,0.0,0.0,0.0,176.14396855735322,0.7188674710378311
69b96135f753f624649ce46d,69b96135f753f624649ce46d,69b96135f753f624649ce46e,0.0,0.0,0.0,0.0,0.02,0.0,0.0,0.0,0.08,0.0,0.0,0.0,0.0,0.0,0.0,0.0,0.0,0.7,0.0,0.0,0.0,0.0,0.0,0.0,0.0,0.0,0.0,0.0,0.2,0.0,89.0,500.0,1.0,1,0.01,0.02,12000,0.0,0.0,0.0,200.26058631921825,0.8090531814321653
69b96135f753f624649ce46d,69b96135f753f624649ce46d,69b96135f753f624649ce46e,0.0,0.0,0.0,0.0,0.02,0.0,0.0,0.0,0.08,0.0,0.0,0.0,0.0,0.0,0.0,0.0,0.0,0.7,0.0,0.0,0.0,0.0,0.0,0.0,0.0,0.0,0.0,0.0,0.2,0.0,89.0,500.0,1.0,1,0.01,0.02,12000,0.0,0.0,0.0,218.13040083990632,0.8488551330737555
69b96135f753f624649ce46d,69b96135f753f624649ce46d,69b96135f753f624649ce46e,0.0,0.0,0.0,0.0,0.02,0.0,0.0,0.0,0.08,0.0,0.0,0.0,0.0,0.0,0.0,0.0,0.0,0.7,0.0,0.0,0.0,0.0,0.0,0.0,0.0,0.0,0.0,0.0,0.2,0.0,89.0,500.0,1.0,1,0.01,0.02,12000,0.0,0.0,0.0,238.0127601152179,0.868454870291144
69b96135f753f624649ce46d,69b96135f753f624649ce46d,69b96135f753f624649ce46e,0.0,0.0,0.0,0.0,0.02,0.0,0.0,0.0,0.08,0.0,0.0,0.0,0.0,0.0,0.0,0.0,0.0,0.7,0.0,0.0,0.0,0.0,0.0,0.0,0.0,0.0,0.0,0.0,0.2,0.0,89.0,500.0,1.0,1,0.01,0.02,12000,0.0,0.0,0.0,250.3537297762942,0.908923392459421
69b96135f753f624649ce46d,69b96135f753f624649ce46d,69b96135f753f624649ce46e,0.0,0.0,0.0,0.0,0.02,0.0,0.0,0.0,0.08,0.0,0.0,0.0,0.0,0.0,0.0,0.0,0.0,0.7,0.0,0.0,0.0,0.0,0.0,0.0,0.0,0.0,0.0,0.0,0.2,0.0,89.0,500.0,1.0,1,0.01,0.02,12000,0.0,0.0,0.0,266.2392656203731,0.948276690861895
69b96135f753f624649ce46d,69b96135f753f624649ce46d,69b96135f753f624649ce46e,0.0,0.0,0.0,0.0,0.02,0.0,0.0,0.0,0.08,0.0,0.0,0.0,0.0,0.0,0.0,0.0,0.0,0.7,0.0,0.0,0.0,0.0,0.0,0.0,0.0,0.0,0.0,0.0,0.2,0.0,89.0,500.0,1.0,1,0.01,0.02,12000,0.0,0.0,0.0,285.0022882063154,0.977990353955359
69b96135f753f624649ce46f,69b96135f753f624649ce46f,69b96136f753f624649ce470,0.0,0.0,0.0,0.0,0.02,0.0,0.0,0.0,0.08,0.0,0.0,0.0,0.0,0.0,0.0,0.1,0.0,0.8,0.0,0.0,0.0,0.0,0.0,0.0,0.0,0.0,0.0,0.0,0.0,0.0,87.0,500.0,1.0,1,0.01,0.02,12000,0.0,0.0,0.0,58.315129930817854,0.13922917420926176
69b96135f753f624649ce46f,69b96135f753f624649ce46f,69b96136f753f624649ce470,0.0,0.0,0.0,0.0,0.02,0.0,0.0,0.0,0.08,0.0,0.0,0.0,0.0,0.0,0.0,0.1,0.0,0.8,0.0,0.0,0.0,0.0,0.0,0.0,0.0,0.0,0.0,0.0,0.0,0.0,87.0,500.0,1.0,1,0.01,0.02,12000,0.0,0.0,0.0,86.27223810603505,0.22950992331237863
69b96135f753f624649ce46f,69b96135f753f624649ce46f,69b96136f753f624649ce470,0.0,0.0,0.0,0.0,0.02,0.0,0.0,0.0,0.08,0.0,0.0,0.0,0.0,0.0,0.0,0.1,0.0,0.8,0.0,0.0,0.0,0.0,0.0,0.0,0.0,0.0,0.0,0.0,0.0,0.0,87.0,500.0,1.0,1,0.01,0.02,12000,0.0,0.0,0.0,112.43896099586898,0.32913800480531874
69b96135f753f624649ce46f,69b96135f753f624649ce46f,69b96136f753f624649ce470,0.0,0.0,0.0,0.0,0.02,0.0,0.0,0.0,0.08,0.0,0.0,0.0,0.0,0.0,0.0,0.1,0.0,0.8,0.0,0.0,0.0,0.0,0.0,0.0,0.0,0.0,0.0,0.0,0.0,0.0,87.0,500.0,1.0,1,0.01,0.02,12000,0.0,0.0,0.0,133.27323906275058,0.4193924233946615
69b96135f753f624649ce46f,69b96135f753f624649ce46f,69b96136f753f624649ce470,0.0,0.0,0.0,0.0,0.02,0.0,0.0,0.0,0.08,0.0,0.0,0.0,0.0,0.0,0.0,0.1,0.0,0.8,0.0,0.0,0.0,0.0,0.0,0.0,0.0,0.0,0.0,0.0,0.0,0.0,87.0,500.0,1.0,1,0.01,0.02,12000,0.0,0.0,0.0,157.2992418167641,0.5699700490405819
69b96135f753f624649ce46f,69b96135f753f624649ce46f,69b96136f753f624649ce470,0.0,0.0,0.0,0.0,0.02,0.0,0.0,0.0,0.08,0.0,0.0,0.0,0.0,0.0,0.0,0.1,0.0,0.8,0.0,0.0,0.0,0.0,0.0,0.0,0.0,0.0,0.0,0.0,0.0,0.0,87.0,500.0,1.0,1,0.01,0.02,12000,0.0,0.0,0.0,179.33936856774707,0.6399960504229338
69b96135f753f624649ce46f,69b96135f753f624649ce46f,69b96136f753f624649ce470,0.0,0.0,0.0,0.0,0.02,0.0,0.0,0.0,0.08,0.0,0.0,0.0,0.0,0.0,0.0,0.1,0.0,0.8,0.0,0.0,0.0,0.0,0.0,0.0,0.0,0.0,0.0,0.0,0.0,0.0,87.0,500.0,1.0,1,0.01,0.02,12000,0.0,0.0,0.0,202.22339584243502,0.7798703222196625
69b96135f753f624649ce46f,69b96135f753f624649ce46f,69b96136f753f624649ce470,0.0,0.0,0.0,0.0,0.02,0.0,0.0,0.0,0.08,0.0,0.0,0.0,0.0,0.0,0.0,0.1,0.0,0.8,0.0,0.0,0.0,0.0,0.0,0.0,0.0,0.0,0.0,0.0,0.0,0.0,87.0,500.0,1.0,1,0.01,0.02,12000,0.0,0.0,0.0,217.1871457249194,0.8088075568574533
69b96135f753f624649ce46f,69b96135f753f624649ce46f,69b96136f753f624649ce470,0.0,0.0,0.0,0.0,0.02,0.0,0.0,0.0,0.08,0.0,0.0,0.0,0.0,0.0,0.0,0.1,0.0,0.8,0.0,0.0,0.0,0.0,0.0,0.0,0.0,0.0,0.0,0.0,0.0,0.0,87.0,500.0,1.0,1,0.01,0.02,12000,0.0,0.0,0.0,232.3250952567924,0.8891287891254979
69b96135f753f624649ce46f,69b96135f753f624649ce46f,69b96136f753f624649ce470,0.0,0.0,0.0,0.0,0.02,0.0,0.0,0.0,0.08,0.0,0.0,0.0,0.0,0.0,0.0,0.1,0.0,0.8,0.0,0.0,0.0,0.0,0.0,0.0,0.0,0.0,0.0,0.0,0.0,0.0,87.0,500.0,1.0,1,0.01,0.02,12000,0.0,0.0,0.0,251.31672814347417,0.9493203436132047
69b96135f753f624649ce46f,69b96135f753f624649ce46f,69b96136f753f624649ce470,0.0,0.0,0.0,0.0,0.02,0.0,0.0,0.0,0.08,0.0,0.0,0.0,0.0,0.0,0.0,0.1,0.0,0.8,0.0,0.0,0.0,0.0,0.0,0.0,0.0,0.0,0.0,0.0,0.0,0.0,87.0,500.0,1.0,1,0.01,0.02,12000,0.0,0.0,0.0,261.04287523434004,0.9889280189579699
69b96136f753f624649ce471,69b96136f753f624649ce471,69b96136f753f624649ce472,0.0,0.0,0.0,0.0,0.02,0.0,0.0,0.0,0.08,0.0,0.0,0.0,0.0,0.0,0.0,0.15,0.0,0.75,0.0,0.0,0.0,0.0,0.0,0.0,0.0,0.0,0.0,0.0,0.0,0.0,85.0,500.0,1.0,1,0.01,0.02,12000,0.0,0.0,0.0,65.34505355947951,0.1690089852878254
69b96136f753f624649ce471,69b96136f753f624649ce471,69b96136f753f624649ce472,0.0,0.0,0.0,0.0,0.02,0.0,0.0,0.0,0.08,0.0,0.0,0.0,0.0,0.0,0.0,0.15,0.0,0.75,0.0,0.0,0.0,0.0,0.0,0.0,0.0,0.0,0.0,0.0,0.0,0.0,85.0,500.0,1.0,1,0.01,0.02,12000,0.0,0.0,0.0,83.20051762181532,0.19897310996280815
69b96136f753f624649ce471,69b96136f753f624649ce471,69b96136f753f624649ce472,0.0,0.0,0.0,0.0,0.02,0.0,0.0,0.0,0.08,0.0,0.0,0.0,0.0,0.0,0.0,0.15,0.0,0.75,0.0,0.0,0.0,0.0,0.0,0.0,0.0,0.0,0.0,0.0,0.0,0.0,85.0,500.0,1.0,1,0.01,0.02,12000,0.0,0.0,0.0,101.2224391269003,0.23967350162920056
69b96136f753f624649ce471,69b96136f753f624649ce471,69b96136f753f624649ce472,0.0,0.0,0.0,0.0,0.02,0.0,0.0,0.0,0.08,0.0,0.0,0.0,0.0,0.0,0.0,0.15,0.0,0.75,0.0,0.0,0.0,0.0,0.0,0.0,0.0,0.0,0.0,0.0,0.0,0.0,85.0,500.0,1.0,1,0.01,0.02,12000,0.0,0.0,0.0,116.53458830816194,0.2989566533916993
69b96136f753f624649ce471,69b96136f753f624649ce471,69b96136f753f624649ce472,0.0,0.0,0.0,0.0,0.02,0.0,0.0,0.0,0.08,0.0,0.0,0.0,0.0,0.0,0.0,0.15,0.0,0.75,0.0,0.0,0.0,0.0,0.0,0.0,0.0,0.0,0.0,0.0,0.0,0.0,85.0,500.0,1.0,1,0.01,0.02,12000,0.0,0.0,0.0,135.2378239975225,0.33976236711318836
69b96136f753f624649ce471,69b96136f753f624649ce471,69b96136f753f624649ce472,0.0,0.0,0.0,0.0,0.02,0.0,0.0,0.0,0.08,0.0,0.0,0.0,0.0,0.0,0.0,0.15,0.0,0.75,0.0,0.0,0.0,0.0,0.0,0.0,0.0,0.0,0.0,0.0,0.0,0.0,85.0,500.0,1.0,1,0.01,0.02,12000,0.0,0.0,0.0,152.33648736084766,0.39928907612809794
69b96136f753f624649ce471,69b96136f753f624649ce471,69b96136f753f624649ce472,0.0,0.0,0.0,0.0,0.02,0.0,0.0,0.0,0.08,0.0,0.0,0.0,0.0,0.0,0.0,0.15,0.0,0.75,0.0,0.0,0.0,0.0,0.0,0.0,0.0,0.0,0.0,0.0,0.0,0.0,85.0,500.0,1.0,1,0.01,0.02,12000,0.0,0.0,0.0,170.23259800804084,0.44886285093637895
69b96136f753f624649ce471,69b96136f753f624649ce471,69b96136f753f624649ce472,0.0,0.0,0.0,0.0,0.02,0.0,0.0,0.0,0.08,0.0,0.0,0.0,0.0,0.0,0.0,0.15,0.0,0.75,0.0,0.0,0.0,0.0,0.0,0.0,0.0,0.0,0.0,0.0,0.0,0.0,85.0,500.0,1.0,1,0.01,0.02,12000,0.0,0.0,0.0,185.3724830915737,0.5002402659381892
69b96136f753f624649ce471,69b96136f753f624649ce471,69b96136f753f624649ce472,0.0,0.0,0.0,0.0,0.02,0.0,0.0,0.0,0.08,0.0,0.0,0.0,0.0,0.0,0.0,0.15,0.0,0.75,0.0,0.0,0.0,0.0,0.0,0.0,0.0,0.0,0.0,0.0,0.0,0.0,85.0,500.0,1.0,1,0.01,0.02,12000,0.0,0.0,0.0,203.22020494727005,0.5599447059210744
69b96136f753f624649ce471,69b96136f753f624649ce471,69b96136f753f624649ce472,0.0,0.0,0.0,0.0,0.02,0.0,0.0,0.0,0.08,0.0,0.0,0.0,0.0,0.0,0.0,0.15,0.0,0.75,0.0,0.0,0.0,0.0,0.0,0.0,0.0,0.0,0.0,0.0,0.0,0.0,85.0,500.0,1.0,1,0.01,0.02,12000,0.0,0.0,0.0,219.2349593810659,0.609222262449396
69b96136f753f624649ce471,69b96136f753f624649ce471,69b96136f753f624649ce472,0.0,0.0,0.0,0.0,0.02,0.0,0.0,0.0,0.08,0.0,0.0,0.0,0.0,0.0,0.0,0.15,0.0,0.75,0.0,0.0,0.0,0.0,0.0,0.0,0.0,0.0,0.0,0.0,0.0,0.0,85.0,500.0,1.0,1,0.01,0.02,12000,0.0,0.0,0.0,235.34842694951527,0.6696968699601752
69b96136f753f624649ce471,69b96136f753f624649ce471,69b96136f753f624649ce472,0.0,0.0,0.0,0.0,0.02,0.0,0.0,0.0,0.08,0.0,0.0,0.0,0.0,0.0,0.0,0.15,0.0,0.75,0.0,0.0,0.0,0.0,0.0,0.0,0.0,0.0,0.0,0.0,0.0,0.0,85.0,500.0,1.0,1,0.01,0.02,12000,0.0,0.0,0.0,249.371498725301,0.7199223249843664
69b96136f753f624649ce471,69b96136f753f624649ce471,69b96136f753f624649ce472,0.0,0.0,0.0,0.0,0.02,0.0,0.0,0.0,0.08,0.0,0.0,0.0,0.0,0.0,0.0,0.15,0.0,0.75,0.0,0.0,0.0,0.0,0.0,0.0,0.0,0.0,0.0,0.0,0.0,0.0,85.0,500.0,1.0,1,0.01,0.02,12000,0.0,0.0,0.0,276.4014776554386,0.8603692854556825
69b96136f753f624649ce471,69b96136f753f624649ce471,69b96136f753f624649ce472,0.0,0.0,0.0,0.0,0.02,0.0,0.0,0.0,0.08,0.0,0.0,0.0,0.0,0.0,0.0,0.15,0.0,0.75,0.0,0.0,0.0,0.0,0.0,0.0,0.0,0.0,0.0,0.0,0.0,0.0,85.0,500.0,1.0,1,0.01,0.02,12000,0.0,0.0,0.0,289.0522433043738,0.9394661488332292
69b96137f753f624649ce473,69b96137f753f624649ce473,69b96137f753f624649ce474,0.0,0.0,0.0,0.0,0.02,0.0,0.0,0.0,0.08,0.0,0.0,0.0,0.0,0.0,0.0,0.2,0.0,0.7,0.0,0.0,0.0,0.0,0.0,0.0,0.0,0.0,0.0,0.0,0.0,0.0,92.0,500.0,1.0,1,0.01,0.02,12000,0.0,0.0,0.0,53.284631166805845,0.24917223447322517
69b96137f753f624649ce473,69b96137f753f624649ce473,69b96137f753f624649ce474,0.0,0.0,0.0,0.0,0.02,0.0,0.0,0.0,0.08,0.0,0.0,0.0,0.0,0.0,0.0,0.2,0.0,0.7,0.0,0.0,0.0,0.0,0.0,0.0,0.0,0.0,0.0,0.0,0.0,0.0,92.0,500.0,1.0,1,0.01,0.02,12000,0.0,0.0,0.0,76.92545914050446,0.3500181022282197
69b96137f753f624649ce473,69b96137f753f624649ce473,69b96137f753f624649ce474,0.0,0.0,0.0,0.0,0.02,0.0,0.0,0.0,0.08,0.0,0.0,0.0,0.0,0.0,0.0,0.2,0.0,0.7,0.0,0.0,0.0,0.0,0.0,0.0,0.0,0.0,0.0,0.0,0.0,0.0,92.0,500.0,1.0,1,0.01,0.02,12000,0.0,0.0,0.0,99.20752984897166,0.36916696837047036
69b96137f753f624649ce473,69b96137f753f624649ce473,69b96137f753f624649ce474,0.0,0.0,0.0,0.0,0.02,0.0,0.0,0.0,0.08,0.0,0.0,0.0,0.0,0.0,0.0,0.2,0.0,0.7,0.0,0.0,0.0,0.0,0.0,0.0,0.0,0.0,0.0,0.0,0.0,0.0,92.0,500.0,1.0,1,0.01,0.02,12000,0.0,0.0,0.0,122.19220580997307,0.45981634466642535
69b96137f753f624649ce473,69b96137f753f624649ce473,69b96137f753f624649ce474,0.0,0.0,0.0,0.0,0.02,0.0,0.0,0.0,0.08,0.0,0.0,0.0,0.0,0.0,0.0,0.2,0.0,0.7,0.0,0.0,0.0,0.0,0.0,0.0,0.0,0.0,0.0,0.0,0.0,0.0,92.0,500.0,1.0,1,0.01,0.02,12000,0.0,0.0,0.0,137.26821768873012,0.48035414541026233
69b96137f753f624649ce473,69b96137f753f624649ce473,69b96137f753f624649ce474,0.0,0.0,0.0,0.0,0.02,0.0,0.0,0.0,0.08,0.0,0.0,0.0,0.0,0.0,0.0,0.2,0.0,0.7,0.0,0.0,0.0,0.0,0.0,0.0,0.0,0.0,0.0,0.0,0.0,0.0,92.0,500.0,1.0,1,0.01,0.02,12000,0.0,0.0,0.0,163.03234583331027,0.5786064575585032
69b96137f753f624649ce473,69b96137f753f624649ce473,69b96137f753f624649ce474,0.0,0.0,0.0,0.0,0.02,0.0,0.0,0.0,0.08,0.0,0.0,0.0,0.0,0.0,0.0,0.2,0.0,0.7,0.0,0.0,0.0,0.0,0.0,0.0,0.0,0.0,0.0,0.0,0.0,0.0,92.0,500.0,1.0,1,0.01,0.02,12000,0.0,0.0,0.0,185.31248099011762,0.7090478227956423
69b96137f753f624649ce473,69b96137f753f624649ce473,69b96137f753f624649ce474,0.0,0.0,0.0,0.0,0.02,0.0,0.0,0.0,0.08,0.0,0.0,0.0,0.0,0.0,0.0,0.2,0.0,0.7,0.0,0.0,0.0,0.0,0.0,0.0,0.0,0.0,0.0,0.0,0.0,0.0,92.0,500.0,1.0,1,0.01,0.02,12000,0.0,0.0,0.0,211.13854678781377,0.8083533554948491
69b96137f753f624649ce473,69b96137f753f624649ce473,69b96137f753f624649ce474,0.0,0.0,0.0,0.0,0.02,0.0,0.0,0.0,0.08,0.0,0.0,0.0,0.0,0.0,0.0,0.2,0.0,0.7,0.0,0.0,0.0,0.0,0.0,0.0,0.0,0.0,0.0,0.0,0.0,0.0,92.0,500.0,1.0,1,0.01,0.02,12000,0.0,0.0,0.0,230.3663169770001,0.8792745943455222
69b96137f753f624649ce473,69b96137f753f624649ce473,69b96137f753f624649ce474,0.0,0.0,0.0,0.0,0.02,0.0,0.0,0.0,0.08,0.0,0.0,0.0,0.0,0.0,0.0,0.2,0.0,0.7,0.0,0.0,0.0,0.0,0.0,0.0,0.0,0.0,0.0,0.0,0.0,0.0,92.0,500.0,1.0,1,0.01,0.02,12000,0.0,0.0,0.0,255.3697733192499,0.9503669815357273
69b96137f753f624649ce475,69b96137f753f624649ce475,69b96138f753f624649ce476,0.0,0.0,0.1,0.0,0.02,0.0,0.0,0.0,0.08,0.0,0.0,0.0,0.0,0.0,0.0,0.0,0.0,0.8,0.0,0.0,0.0,0.0,0.0,0.0,0.0,0.0,0.0,0.0,0.0,0.0,100.0,500.0,1.0,1,0.01,0.02,12000,0.0,0.0,0.0,82.21256495040151,0.2187620917365697
69b96137f753f624649ce475,69b96137f753f624649ce475,69b96138f753f624649ce476,0.0,0.0,0.1,0.0,0.02,0.0,0.0,0.0,0.08,0.0,0.0,0.0,0.0,0.0,0.0,0.0,0.0,0.8,0.0,0.0,0.0,0.0,0.0,0.0,0.0,0.0,0.0,0.0,0.0,0.0,100.0,500.0,1.0,1,0.01,0.02,12000,0.0,0.0,0.0,101.2262635805385,0.2389691236837409
69b96137f753f624649ce475,69b96137f753f624649ce475,69b96138f753f624649ce476,0.0,0.0,0.1,0.0,0.02,0.0,0.0,0.0,0.08,0.0,0.0,0.0,0.0,0.0,0.0,0.0,0.0,0.8,0.0,0.0,0.0,0.0,0.0,0.0,0.0,0.0,0.0,0.0,0.0,0.0,100.0,500.0,1.0,1,0.01,0.02,12000,0.0,0.0,0.0,122.02361832782239,0.3089195074067464
69b96137f753f624649ce475,69b96137f753f624649ce475,69b96138f753f624649ce476,0.0,0.0,0.1,0.0,0.02,0.0,0.0,0.0,0.08,0.0,0.0,0.0,0.0,0.0,0.0,0.0,0.0,0.8,0.0,0.0,0.0,0.0,0.0,0.0,0.0,0.0,0.0,0.0,0.0,0.0,100.0,500.0,1.0,1,0.01,0.02,12000,0.0,0.0,0.0,162.3240434577232,0.3394195966446547
69b96137f753f624649ce475,69b96137f753f624649ce475,69b96138f753f624649ce476,0.0,0.0,0.1,0.0,0.02,0.0,0.0,0.0,0.08,0.0,0.0,0.0,0.0,0.0,0.0,0.0,0.0,0.8,0.0,0.0,0.0,0.0,0.0,0.0,0.0,0.0,0.0,0.0,0.0,0.0,100.0,500.0,1.0,1,0.01,0.02,12000,0.0,0.0,0.0,182.33160132262637,0.44951418882741395
69b96137f753f624649ce475,69b96137f753f624649ce475,69b96138f753f624649ce476,0.0,0.0,0.1,0.0,0.02,0.0,0.0,0.0,0.08,0.0,0.0,0.0,0.0,0.0,0.0,0.0,0.0,0.8,0.0,0.0,0.0,0.0,0.0,0.0,0.0,0.0,0.0,0.0,0.0,0.0,100.0,500.0,1.0,1,0.01,0.02,12000,0.0,0.0,0.0,202.31648559282002,0.4988656077101553
69b96137f753f624649ce475,69b96137f753f624649ce475,69b96138f753f624649ce476,0.0,0.0,0.1,0.0,0.02,0.0,0.0,0.0,0.08,0.0,0.0,0.0,0.0,0.0,0.0,0.0,0.0,0.8,0.0,0.0,0.0,0.0,0.0,0.0,0.0,0.0,0.0,0.0,0.0,0.0,100.0,500.0,1.0,1,0.01,0.02,12000,0.0,0.0,0.0,220.14359943316015,0.6387856505443513
69b96137f753f624649ce475,69b96137f753f624649ce475,69b96138f753f624649ce476,0.0,0.0,0.1,0.0,0.02,0.0,0.0,0.0,0.08,0.0,0.0,0.0,0.0,0.0,0.0,0.0,0.0,0.8,0.0,0.0,0.0,0.0,0.0,0.0,0.0,0.0,0.0,0.0,0.0,0.0,100.0,500.0,1.0,1,0.01,0.02,12000,0.0,0.0,0.0,242.235238545111,0.7080356951633054
69b96137f753f624649ce475,69b96137f753f624649ce475,69b96138f753f624649ce476,0.0,0.0,0.1,0.0,0.02,0.0,0.0,0.0,0.08,0.0,0.0,0.0,0.0,0.0,0.0,0.0,0.0,0.8,0.0,0.0,0.0,0.0,0.0,0.0,0.0,0.0,0.0,0.0,0.0,0.0,100.0,500.0,1.0,1,0.01,0.02,12000,0.0,0.0,0.0,265.17713745866797,0.799182580760307
69b96137f753f624649ce475,69b96137f753f624649ce475,69b96138f753f624649ce476,0.0,0.0,0.1,0.0,0.02,0.0,0.0,0.0,0.08,0.0,0.0,0.0,0.0,0.0,0.0,0.0,0.0,0.8,0.0,0.0,0.0,0.0,0.0,0.0,0.0,0.0,0.0,0.0,0.0,0.0,100.0,500.0,1.0,1,0.01,0.02,12000,0.0,0.0,0.0,288.0604629192253,0.8997615563091201
69b96137f753f624649ce475,69b96137f753f624649ce475,69b96138f753f624649ce476,0.0,0.0,0.1,0.0,0.02,0.0,0.0,0.0,0.08,0.0,0.0,0.0,0.0,0.0,0.0,0.0,0.0,0.8,0.0,0.0,0.0,0.0,0.0,0.0,0.0,0.0,0.0,0.0,0.0,0.0,100.0,500.0,1.0,1,0.01,0.02,12000,0.0,0.0,0.0,312.2947567312234,0.9685489916116368
69b96137f753f624649ce475,69b96137f753f624649ce475,69b96138f753f624649ce476,0.0,0.0,0.1,0.0,0.02,0.0,0.0,0.0,0.08,0.0,0.0,0.0,0.0,0.0,0.0,0.0,0.0,0.8,0.0,0.0,0.0,0.0,0.0,0.0,0.0,0.0,0.0,0.0,0.0,0.0,100.0,500.0,1.0,1,0.01,0.02,12000,0.0,0.0,0.0,327.23854511100615,0.989122255934321
69b96138f753f624649ce477,69b96138f753f624649ce477,69b96138f753f624649ce478,0.0,0.0,0.15,0.0,0.02,0.0,0.0,0.0,0.08,0.0,0.0,0.0,0.0,0.0,0.0,0.0,0.0,0.75,0.0,0.0,0.0,0.0,0.0,0.0,0.0,0.0,0.0,0.0,0.0,0.0,125.0,500.0,1.0,1,0.01,0.02,12000,0.0,0.0,0.0,83.24610297590931,0.18891736569694806
69b96138f753f624649ce477,69b96138f753f624649ce477,69b96138f753f624649ce478,0.0,0.0,0.15,0.0,0.02,0.0,0.0,0.0,0.08,0.0,0.0,0.0,0.0,0.0,0.0,0.0,0.0,0.75,0.0,0.0,0.0,0.0,0.0,0.0,0.0,0.0,0.0,0.0,0.0,0.0,125.0,500.0,1.0,1,0.01,0.02,12000,0.0,0.0,0.0,97.00330656589513,0.29853649830447976
69b96138f753f624649ce477,69b96138f753f624649ce477,69b96138f753f624649ce478,0.0,0.0,0.15,0.0,0.02,0.0,0.0,0.0,0.08,0.0,0.0,0.0,0.0,0.0,0.0,0.0,0.0,0.75,0.0,0.0,0.0,0.0,0.0,0.0,0.0,0.0,0.0,0.0,0.0,0.0,125.0,500.0,1.0,1,0.01,0.02,12000,0.0,0.0,0.0,115.21965044874823,0.4388677494199536
69b96138f753f624649ce477,69b96138f753f624649ce477,69b96138f753f624649ce478,0.0,0.0,0.15,0.0,0.02,0.0,0.0,0.0,0.08,0.0,0.0,0.0,0.0,0.0,0.0,0.0,0.0,0.75,0.0,0.0,0.0,0.0,0.0,0.0,0.0,0.0,0.0,0.0,0.0,0.0,125.0,500.0,1.0,1,0.01,0.02,12000,0.0,0.0,0.0,139.32735002361832,0.5397101552739604
69b96138f753f624649ce477,69b96138f753f624649ce477,69b96138f753f624649ce478,0.0,0.0,0.15,0.0,0.02,0.0,0.0,0.0,0.08,0.0,0.0,0.0,0.0,0.0,0.0,0.0,0.0,0.75,0.0,0.0,0.0,0.0,0.0,0.0,0.0,0.0,0.0,0.0,0.0,0.0,125.0,500.0,1.0,1,0.01,0.02,12000,0.0,0.0,0.0,165.04676428908834,0.719401749063002
69b96138f753f624649ce477,69b96138f753f624649ce477,69b96138f753f624649ce478,0.0,0.0,0.15,0.0,0.02,0.0,0.0,0.0,0.08,0.0,0.0,0.0,0.0,0.0,0.0,0.0,0.0,0.75,0.0,0.0,0.0,0.0,0.0,0.0,0.0,0.0,0.0,0.0,0.0,0.0,125.0,500.0,1.0,1,0.01,0.02,12000,0.0,0.0,0.0,189.14312706660368,0.8487653043012672
69b96138f753f624649ce477,69b96138f753f624649ce477,69b96138f753f624649ce478,0.0,0.0,0.15,0.0,0.02,0.0,0.0,0.0,0.08,0.0,0.0,0.0,0.0,0.0,0.0,0.0,0.0,0.75,0.0,0.0,0.0,0.0,0.0,0.0,0.0,0.0,0.0,0.0,0.0,0.0,125.0,500.0,1.0,1,0.01,0.02,12000,0.0,0.0,0.0,215.07038261691073,0.9089944672496877
69b96138f753f624649ce477,69b96138f753f624649ce477,69b96138f753f624649ce478,0.0,0.0,0.15,0.0,0.02,0.0,0.0,0.0,0.08,0.0,0.0,0.0,0.0,0.0,0.0,0.0,0.0,0.75,0.0,0.0,0.0,0.0,0.0,0.0,0.0,0.0,0.0,0.0,0.0,0.0,125.0,500.0,1.0,1,0.01,0.02,12000,0.0,0.0,0.0,231.21020311761927,0.9497362127431734
69b96139f753f624649ce479,69b96139f753f624649ce479,69b96139f753f624649ce47a,0.0,0.0,0.2,0.0,0.02,0.0,0.0,0.0,0.08,0.0,0.0,0.0,0.0,0.0,0.0,0.0,0.0,0.7,0.0,0.0,0.0,0.0,0.0,0.0,0.0,0.0,0.0,0.0,0.0,0.0,109.0,500.0,1.0,1,0.01,0.02,12000,0.0,0.0,0.0,82.9910250354275,0.19920399785829018
69b96139f753f624649ce479,69b96139f753f624649ce479,69b96139f753f624649ce47a,0.0,0.0,0.2,0.0,0.02,0.0,0.0,0.0,0.08,0.0,0.0,0.0,0.0,0.0,0.0,0.0,0.0,0.7,0.0,0.0,0.0,0.0,0.0,0.0,0.0,0.0,0.0,0.0,0.0,0.0,109.0,500.0,1.0,1,0.01,0.02,12000,0.0,0.0,0.0,129.1166745394426,0.2186849901838301
69b96139f753f624649ce479,69b96139f753f624649ce479,69b96139f753f624649ce47a,0.0,0.0,0.2,0.0,0.02,0.0,0.0,0.0,0.08,0.0,0.0,0.0,0.0,0.0,0.0,0.0,0.0,0.7,0.0,0.0,0.0,0.0,0.0,0.0,0.0,0.0,0.0,0.0,0.0,0.0,109.0,500.0,1.0,1,0.01,0.02,12000,0.0,0.0,0.0,157.22248464808692,0.24944208459753703
69b96139f753f624649ce479,69b96139f753f624649ce479,69b96139f753f624649ce47a,0.0,0.0,0.2,0.0,0.02,0.0,0.0,0.0,0.08,0.0,0.0,0.0,0.0,0.0,0.0,0.0,0.0,0.7,0.0,0.0,0.0,0.0,0.0,0.0,0.0,0.0,0.0,0.0,0.0,0.0,109.0,500.0,1.0,1,0.01,0.02,12000,0.0,0.0,0.0,180.2796410014171,0.30857255041941817
69b96139f753f624649ce479,69b96139f753f624649ce479,69b96139f753f624649ce47a,0.0,0.0,0.2,0.0,0.02,0.0,0.0,0.0,0.08,0.0,0.0,0.0,0.0,0.0,0.0,0.0,0.0,0.7,0.0,0.0,0.0,0.0,0.0,0.0,0.0,0.0,0.0,0.0,0.0,0.0,109.0,500.0,1.0,1,0.01,0.02,12000,0.0,0.0,0.0,204.13793103448276,0.3898440121363555
69b96139f753f624649ce479,69b96139f753f624649ce479,69b96139f753f624649ce47a,0.0,0.0,0.2,0.0,0.02,0.0,0.0,0.0,0.08,0.0,0.0,0.0,0.0,0.0,0.0,0.0,0.0,0.7,0.0,0.0,0.0,0.0,0.0,0.0,0.0,0.0,0.0,0.0,0.0,0.0,109.0,500.0,1.0,1,0.01,0.02,12000,0.0,0.0,0.0,222.2824752007558,0.4193225058004641
69b96139f753f624649ce479,69b96139f753f624649ce479,69b96139f753f624649ce47a,0.0,0.0,0.2,0.0,0.02,0.0,0.0,0.0,0.08,0.0,0.0,0.0,0.0,0.0,0.0,0.0,0.0,0.7,0.0,0.0,0.0,0.0,0.0,0.0,0.0,0.0,0.0,0.0,0.0,0.0,109.0,500.0,1.0,1,0.01,0.02,12000,0.0,0.0,0.0,258.07652338214456,0.6184436908798858
69b96139f753f624649ce479,69b96139f753f624649ce479,69b96139f753f624649ce47a,0.0,0.0,0.2,0.0,0.02,0.0,0.0,0.0,0.08,0.0,0.0,0.0,0.0,0.0,0.0,0.0,0.0,0.7,0.0,0.0,0.0,0.0,0.0,0.0,0.0,0.0,0.0,0.0,0.0,0.0,109.0,500.0,1.0,1,0.01,0.02,12000,0.0,0.0,0.0,282.0198393953708,0.6780303408888096
69b96139f753f624649ce479,69b96139f753f624649ce479,69b96139f753f624649ce47a,0.0,0.0,0.2,0.0,0.02,0.0,0.0,0.0,0.08,0.0,0.0,0.0,0.0,0.0,0.0,0.0,0.0,0.7,0.0,0.0,0.0,0.0,0.0,0.0,0.0,0.0,0.0,0.0,0.0,0.0,109.0,500.0,1.0,1,0.01,0.02,12000,0.0,0.0,0.0,305.02409069437886,0.7594303051936463
69b96139f753f624649ce479,69b96139f753f624649ce479,69b96139f753f624649ce47a,0.0,0.0,0.2,0.0,0.02,0.0,0.0,0.0,0.08,0.0,0.0,0.0,0.0,0.0,0.0,0.0,0.0,0.7,0.0,0.0,0.0,0.0,0.0,0.0,0.0,0.0,0.0,0.0,0.0,0.0,109.0,500.0,1.0,1,0.01,0.02,12000,0.0,0.0,0.0,324.46291922531884,0.7992982330894165
69b96139f753f624649ce479,69b96139f753f624649ce479,69b96139f753f624649ce47a,0.0,0.0,0.2,0.0,0.02,0.0,0.0,0.0,0.08,0.0,0.0,0.0,0.0,0.0,0.0,0.0,0.0,0.7,0.0,0.0,0.0,0.0,0.0,0.0,0.0,0.0,0.0,0.0,0.0,0.0,109.0,500.0,1.0,1,0.01,0.02,12000,0.0,0.0,0.0,349.38308927727917,0.867886489380689
69b96139f753f624649ce479,69b96139f753f624649ce479,69b96139f753f624649ce47a,0.0,0.0,0.2,0.0,0.02,0.0,0.0,0.0,0.08,0.0,0.0,0.0,0.0,0.0,0.0,0.0,0.0,0.7,0.0,0.0,0.0,0.0,0.0,0.0,0.0,0.0,0.0,0.0,0.0,0.0,109.0,500.0,1.0,1,0.01,0.02,12000,0.0,0.0,0.0,367.3840340103921,0.8997358557915404
69b96139f753f624649ce479,69b96139f753f624649ce479,69b96139f753f624649ce47a,0.0,0.0,0.2,0.0,0.02,0.0,0.0,0.0,0.08,0.0,0.0,0.0,0.0,0.0,0.0,0.0,0.0,0.7,0.0,0.0,0.0,0.0,0.0,0.0,0.0,0.0,0.0,0.0,0.0,0.0,109.0,500.0,1.0,1,0.01,0.02,12000,0.0,0.0,0.0,380.1757203589986,0.9493057290737106
69b9613cf753f624649ce483,69b9613cf753f624649ce483,69b9613cf753f624649ce484,0.0,0.0,0.0,0.0,0.02,0.0,0.0,0.0,0.08,0.0,0.0,0.0,0.0,0.0,0.0,0.0,0.0,0.85,0.0,0.0,0.05,0.0,0.0,0.0,0.0,0.0,0.0,0.0,0.0,0.0,86.0,500.0,1.0,1,0.01,0.02,12000,0.0,0.0,0.0,82.11395446085224,0.1399002728384608
69b9613cf753f624649ce483,69b9613cf753f624649ce483,69b9613cf753f624649ce484,0.0,0.0,0.0,0.0,0.02,0.0,0.0,0.0,0.08,0.0,0.0,0.0,0.0,0.0,0.0,0.0,0.0,0.85,0.0,0.0,0.05,0.0,0.0,0.0,0.0,0.0,0.0,0.0,0.0,0.0,86.0,500.0,1.0,1,0.01,0.02,12000,0.0,0.0,0.0,92.22866326120645,0.19894048937232678
69b9613cf753f624649ce483,69b9613cf753f624649ce483,69b9613cf753f624649ce484,0.0,0.0,0.0,0.0,0.02,0.0,0.0,0.0,0.08,0.0,0.0,0.0,0.0,0.0,0.0,0.0,0.0,0.85,0.0,0.0,0.05,0.0,0.0,0.0,0.0,0.0,0.0,0.0,0.0,0.0,86.0,500.0,1.0,1,0.01,0.02,12000,0.0,0.0,0.0,105.37384901730881,0.2997025554180508
69b9613cf753f624649ce483,69b9613cf753f624649ce483,69b9613cf753f624649ce484,0.0,0.0,0.0,0.0,0.02,0.0,0.0,0.0,0.08,0.0,0.0,0.0,0.0,0.0,0.0,0.0,0.0,0.85,0.0,0.0,0.05,0.0,0.0,0.0,0.0,0.0,0.0,0.0,0.0,0.0,86.0,500.0,1.0,1,0.01,0.02,12000,0.0,0.0,0.0,125.30809029115865,0.4995404445023412
69b9613cf753f624649ce483,69b9613cf753f624649ce483,69b9613cf753f624649ce484,0.0,0.0,0.0,0.0,0.02,0.0,0.0,0.0,0.08,0.0,0.0,0.0,0.0,0.0,0.0,0.0,0.0,0.85,0.0,0.0,0.05,0.0,0.0,0.0,0.0,0.0,0.0,0.0,0.0,0.0,86.0,500.0,1.0,1,0.01,0.02,12000,0.0,0.0,0.0,138.3532440698256,0.6801204252516699
69b9613cf753f624649ce483,69b9613cf753f624649ce483,69b9613cf753f624649ce484,0.0,0.0,0.0,0.0,0.02,0.0,0.0,0.0,0.08,0.0,0.0,0.0,0.0,0.0,0.0,0.0,0.0,0.85,0.0,0.0,0.05,0.0,0.0,0.0,0.0,0.0,0.0,0.0,0.0,0.0,86.0,500.0,1.0,1,0.01,0.02,12000,0.0,0.0,0.0,159.18941300907667,0.889482330633897
69b9613cf753f624649ce483,69b9613cf753f624649ce483,69b9613cf753f624649ce484,0.0,0.0,0.0,0.0,0.02,0.0,0.0,0.0,0.08,0.0,0.0,0.0,0.0,0.0,0.0,0.0,0.0,0.85,0.0,0.0,0.05,0.0,0.0,0.0,0.0,0.0,0.0,0.0,0.0,0.0,86.0,500.0,1.0,1,0.01,0.02,12000,0.0,0.0,0.0,179.1744902058855,0.9995585372384694
69b9613df753f624649ce485,69b9613df753f624649ce485,69b9613df753f624649ce486,0.0,0.0,0.0,0.0,0.02,0.0,0.0,0.0,0.08,0.0,0.0,0.0,0.0,0.1,0.0,0.0,0.0,0.75,0.0,0.0,0.05,0.0,0.0,0.0,0.0,0.0,0.0,0.0,0.0,0.0,83.0,500.0,1.0,1,0.01,0.02,12000,0.0,0.0,0.0,71.43185116553653,0.06904911816004111
69b9613df753f624649ce485,69b9613df753f624649ce485,69b9613df753f624649ce486,0.0,0.0,0.0,0.0,0.02,0.0,0.0,0.0,0.08,0.0,0.0,0.0,0.0,0.1,0.0,0.0,0.0,0.75,0.0,0.0,0.05,0.0,0.0,0.0,0.0,0.0,0.0,0.0,0.0,0.0,83.0,500.0,1.0,1,0.01,0.02,12000,0.0,0.0,0.0,101.0314772755225,0.19972933266752066
69b9613df753f624649ce485,69b9613df753f624649ce485,69b9613df753f624649ce486,0.0,0.0,0.0,0.0,0.02,0.0,0.0,0.0,0.08,0.0,0.0,0.0,0.0,0.1,0.0,0.0,0.0,0.75,0.0,0.0,0.05,0.0,0.0,0.0,0.0,0.0,0.0,0.0,0.0,0.0,83.0,500.0,1.0,1,0.01,0.02,12000,0.0,0.0,0.0,126.23953558924575,0.24951330539814875
69b9613df753f624649ce485,69b9613df753f624649ce485,69b9613df753f624649ce486,0.0,0.0,0.0,0.0,0.02,0.0,0.0,0.0,0.08,0.0,0.0,0.0,0.0,0.1,0.0,0.0,0.0,0.75,0.0,0.0,0.05,0.0,0.0,0.0,0.0,0.0,0.0,0.0,0.0,0.0,83.0,500.0,1.0,1,0.01,0.02,12000,0.0,0.0,0.0,155.93919367666714,0.49962005254130576
69b9613df753f624649ce485,69b9613df753f624649ce485,69b9613df753f624649ce486,0.0,0.0,0.0,0.0,0.02,0.0,0.0,0.0,0.08,0.0,0.0,0.0,0.0,0.1,0.0,0.0,0.0,0.75,0.0,0.0,0.05,0.0,0.0,0.0,0.0,0.0,0.0,0.0,0.0,0.0,83.0,500.0,1.0,1,0.01,0.02,12000,0.0,0.0,0.0,171.4769475488066,0.5492086237217482
69b9613df753f624649ce485,69b9613df753f624649ce485,69b9613df753f624649ce486,0.0,0.0,0.0,0.0,0.02,0.0,0.0,0.0,0.08,0.0,0.0,0.0,0.0,0.1,0.0,0.0,0.0,0.75,0.0,0.0,0.05,0.0,0.0,0.0,0.0,0.0,0.0,0.0,0.0,0.0,83.0,500.0,1.0,1,0.01,0.02,12000,0.0,0.0,0.0,186.20460639056748,0.5995209043473226
69b9613df753f624649ce485,69b9613df753f624649ce485,69b9613df753f624649ce486,0.0,0.0,0.0,0.0,0.02,0.0,0.0,0.0,0.08,0.0,0.0,0.0,0.0,0.1,0.0,0.0,0.0,0.75,0.0,0.0,0.05,0.0,0.0,0.0,0.0,0.0,0.0,0.0,0.0,0.0,83.0,500.0,1.0,1,0.01,0.02,12000,0.0,0.0,0.0,222.4293011700462,0.6903826251836412
69b9613df753f624649ce485,69b9613df753f624649ce485,69b9613df753f624649ce486,0.0,0.0,0.0,0.0,0.02,0.0,0.0,0.0,0.08,0.0,0.0,0.0,0.0,0.1,0.0,0.0,0.0,0.75,0.0,0.0,0.05,0.0,0.0,0.0,0.0,0.0,0.0,0.0,0.0,0.0,83.0,500.0,1.0,1,0.01,0.02,12000,0.0,0.0,0.0,238.33930518772397,0.7697735513146182
69b9613df753f624649ce485,69b9613df753f624649ce485,69b9613df753f624649ce486,0.0,0.0,0.0,0.0,0.02,0.0,0.0,0.0,0.08,0.0,0.0,0.0,0.0,0.1,0.0,0.0,0.0,0.75,0.0,0.0,0.05,0.0,0.0,0.0,0.0,0.0,0.0,0.0,0.0,0.0,83.0,500.0,1.0,1,0.01,0.02,12000,0.0,0.0,0.0,260.2856650896598,0.8397562546588796
69b9613df753f624649ce485,69b9613df753f624649ce485,69b9613df753f624649ce486,0.0,0.0,0.0,0.0,0.02,0.0,0.0,0.0,0.08,0.0,0.0,0.0,0.0,0.1,0.0,0.0,0.0,0.75,0.0,0.0,0.05,0.0,0.0,0.0,0.0,0.0,0.0,0.0,0.0,0.0,83.0,500.0,1.0,1,0.01,0.02,12000,0.0,0.0,0.0,269.38365543083444,0.8591806161662215
69b9613df753f624649ce485,69b9613df753f624649ce485,69b9613df753f624649ce486,0.0,0.0,0.0,0.0,0.02,0.0,0.0,0.0,0.08,0.0,0.0,0.0,0.0,0.1,0.0,0.0,0.0,0.75,0.0,0.0,0.05,0.0,0.0,0.0,0.0,0.0,0.0,0.0,0.0,0.0,83.0,500.0,1.0,1,0.01,0.02,12000,0.0,0.0,0.0,292.2565410254098,0.9004248174442924
69b9613df753f624649ce485,69b9613df753f624649ce485,69b9613df753f624649ce486,0.0,0.0,0.0,0.0,0.02,0.0,0.0,0.0,0.08,0.0,0.0,0.0,0.0,0.1,0.0,0.0,0.0,0.75,0.0,0.0,0.05,0.0,0.0,0.0,0.0,0.0,0.0,0.0,0.0,0.0,83.0,500.0,1.0,1,0.01,0.02,12000,0.0,0.0,0.0,309.34233074507426,0.9611729882686698
69b9613df753f624649ce487,69b9613df753f624649ce487,69b9613ef753f624649ce488,0.0,0.0,0.0,0.0,0.02,0.0,0.0,0.0,0.08,0.0,0.0,0.0,0.0,0.0,0.0,0.0,0.0,0.8,0.0,0.0,0.1,0.0,0.0,0.0,0.0,0.0,0.0,0.0,0.0,0.0,96.0,500.0,1.0,1,0.01,0.02,12000,0.0,0.0,0.0,57.14203720861587,0.019540155018563148
69b9613df753f624649ce487,69b9613df753f624649ce487,69b9613ef753f624649ce488,0.0,0.0,0.0,0.0,0.02,0.0,0.0,0.0,0.08,0.0,0.0,0.0,0.0,0.0,0.0,0.0,0.0,0.8,0.0,0.0,0.1,0.0,0.0,0.0,0.0,0.0,0.0,0.0,0.0,0.0,96.0,500.0,1.0,1,0.01,0.02,12000,0.0,0.0,0.0,83.21922581808938,0.07865274249694233
69b9613df753f624649ce487,69b9613df753f624649ce487,69b9613ef753f624649ce488,0.0,0.0,0.0,0.0,0.02,0.0,0.0,0.0,0.08,0.0,0.0,0.0,0.0,0.0,0.0,0.0,0.0,0.8,0.0,0.0,0.1,0.0,0.0,0.0,0.0,0.0,0.0,0.0,0.0,0.0,96.0,500.0,1.0,1,0.01,0.02,12000,0.0,0.0,0.0,97.21222357966892,0.16925392793301344
69b9613df753f624649ce487,69b9613df753f624649ce487,69b9613ef753f624649ce488,0.0,0.0,0.0,0.0,0.02,0.0,0.0,0.0,0.08,0.0,0.0,0.0,0.0,0.0,0.0,0.0,0.0,0.8,0.0,0.0,0.1,0.0,0.0,0.0,0.0,0.0,0.0,0.0,0.0,0.0,96.0,500.0,1.0,1,0.01,0.02,12000,0.0,0.0,0.0,116.26421560990809,0.3296424151631603
69b9613df753f624649ce487,69b9613df753f624649ce487,69b9613ef753f624649ce488,0.0,0.0,0.0,0.0,0.02,0.0,0.0,0.0,0.08,0.0,0.0,0.0,0.0,0.0,0.0,0.0,0.0,0.8,0.0,0.0,0.1,0.0,0.0,0.0,0.0,0.0,0.0,0.0,0.0,0.0,96.0,500.0,1.0,1,0.01,0.02,12000,0.0,0.0,0.0,133.06958781905692,0.42904390745203613
69b9613df753f624649ce487,69b9613df753f624649ce487,69b9613ef753f624649ce488,0.0,0.0,0.0,0.0,0.02,0.0,0.0,0.0,0.08,0.0,0.0,0.0,0.0,0.0,0.0,0.0,0.0,0.8,0.0,0.0,0.1,0.0,0.0,0.0,0.0,0.0,0.0,0.0,0.0,0.0,96.0,500.0,1.0,1,0.01,0.02,12000,0.0,0.0,0.0,149.21901263518666,0.5197102267381691
69b9613df753f624649ce487,69b9613df753f624649ce487,69b9613ef753f624649ce488,0.0,0.0,0.0,0.0,0.02,0.0,0.0,0.0,0.08,0.0,0.0,0.0,0.0,0.0,0.0,0.0,0.0,0.8,0.0,0.0,0.1,0.0,0.0,0.0,0.0,0.0,0.0,0.0,0.0,0.0,96.0,500.0,1.0,1,0.01,0.02,12000,0.0,0.0,0.0,162.3805970761145,0.5703337024251504
69b9613df753f624649ce487,69b9613df753f624649ce487,69b9613ef753f624649ce488,0.0,0.0,0.0,0.0,0.02,0.0,0.0,0.0,0.08,0.0,0.0,0.0,0.0,0.0,0.0,0.0,0.0,0.8,0.0,0.0,0.1,0.0,0.0,0.0,0.0,0.0,0.0,0.0,0.0,0.0,96.0,500.0,1.0,1,0.01,0.02,12000,0.0,0.0,0.0,176.30308049294447,0.6094574350289845
69b9613df753f624649ce487,69b9613df753f624649ce487,69b9613ef753f624649ce488,0.0,0.0,0.0,0.0,0.02,0.0,0.0,0.0,0.08,0.0,0.0,0.0,0.0,0.0,0.0,0.0,0.0,0.8,0.0,0.0,0.1,0.0,0.0,0.0,0.0,0.0,0.0,0.0,0.0,0.0,96.0,500.0,1.0,1,0.01,0.02,12000,0.0,0.0,0.0,193.35771271144054,0.6594368093097982
69b9613df753f624649ce487,69b9613df753f624649ce487,69b9613ef753f624649ce488,0.0,0.0,0.0,0.0,0.02,0.0,0.0,0.0,0.08,0.0,0.0,0.0,0.0,0.0,0.0,0.0,0.0,0.8,0.0,0.0,0.1,0.0,0.0,0.0,0.0,0.0,0.0,0.0,0.0,0.0,96.0,500.0,1.0,1,0.01,0.02,12000,0.0,0.0,0.0,212.25227736735513,0.7402389688587826
69b9613df753f624649ce487,69b9613df753f624649ce487,69b9613ef753f624649ce488,0.0,0.0,0.0,0.0,0.02,0.0,0.0,0.0,0.08,0.0,0.0,0.0,0.0,0.0,0.0,0.0,0.0,0.8,0.0,0.0,0.1,0.0,0.0,0.0,0.0,0.0,0.0,0.0,0.0,0.0,96.0,500.0,1.0,1,0.01,0.02,12000,0.0,0.0,0.0,231.345266109658,0.7998292045709487
69b9613df753f624649ce487,69b9613df753f624649ce487,69b9613ef753f624649ce488,0.0,0.0,0.0,0.0,0.02,0.0,0.0,0.0,0.08,0.0,0.0,0.0,0.0,0.0,0.0,0.0,0.0,0.8,0.0,0.0,0.1,0.0,0.0,0.0,0.0,0.0,0.0,0.0,0.0,0.0,96.0,500.0,1.0,1,0.01,0.02,12000,0.0,0.0,0.0,251.35166159673994,0.8684513341583621
69b9613df753f624649ce487,69b9613df753f624649ce487,69b9613ef753f624649ce488,0.0,0.0,0.0,0.0,0.02,0.0,0.0,0.0,0.08,0.0,0.0,0.0,0.0,0.0,0.0,0.0,0.0,0.8,0.0,0.0,0.1,0.0,0.0,0.0,0.0,0.0,0.0,0.0,0.0,0.0,96.0,500.0,1.0,1,0.01,0.02,12000,0.0,0.0,0.0,264.367297742721,0.9103396368426004
69b9613df753f624649ce487,69b9613df753f624649ce487,69b9613ef753f624649ce488,0.0,0.0,0.0,0.0,0.02,0.0,0.0,0.0,0.08,0.0,0.0,0.0,0.0,0.0,0.0,0.0,0.0,0.8,0.0,0.0,0.1,0.0,0.0,0.0,0.0,0.0,0.0,0.0,0.0,0.0,96.0,500.0,1.0,1,0.01,0.02,12000,0.0,0.0,0.0,276.29734095325557,0.9496225855243636
69b9613ef753f624649ce489,69b9613ef753f624649ce489,69b9613ef753f624649ce48a,0.0,0.0,0.0,0.0,0.02,0.0,0.0,0.0,0.08,0.0,0.0,0.0,0.0,0.0,0.0,0.0,0.0,0.75,0.0,0.0,0.15,0.0,0.0,0.0,0.0,0.0,0.0,0.0,0.0,0.0,112.0,500.0,1.0,1,0.01,0.02,12000,0.0,0.0,0.0,95.09515336869983,0.059423782539785926
69b9613ef753f624649ce489,69b9613ef753f624649ce489,69b9613ef753f624649ce48a,0.0,0.0,0.0,0.0,0.02,0.0,0.0,0.0,0.08,0.0,0.0,0.0,0.0,0.0,0.0,0.0,0.0,0.75,0.0,0.0,0.15,0.0,0.0,0.0,0.0,0.0,0.0,0.0,0.0,0.0,112.0,500.0,1.0,1,0.01,0.02,12000,0.0,0.0,0.0,113.01399627749855,0.17944375692047157
69b9613ef753f624649ce489,69b9613ef753f624649ce489,69b9613ef753f624649ce48a,0.0,0.0,0.0,0.0,0.02,0.0,0.0,0.0,0.08,0.0,0.0,0.0,0.0,0.0,0.0,0.0,0.0,0.75,0.0,0.0,0.15,0.0,0.0,0.0,0.0,0.0,0.0,0.0,0.0,0.0,112.0,500.0,1.0,1,0.01,0.02,12000,0.0,0.0,0.0,128.16474118775673,0.20868161850380307
69b9613ef753f624649ce489,69b9613ef753f624649ce489,69b9613ef753f624649ce48a,0.0,0.0,0.0,0.0,0.02,0.0,0.0,0.0,0.08,0.0,0.0,0.0,0.0,0.0,0.0,0.0,0.0,0.75,0.0,0.0,0.15,0.0,0.0,0.0,0.0,0.0,0.0,0.0,0.0,0.0,112.0,500.0,1.0,1,0.01,0.02,12000,0.0,0.0,0.0,141.09182443568025,0.35985004740296866
69b9613ef753f624649ce489,69b9613ef753f624649ce489,69b9613ef753f624649ce48a,0.0,0.0,0.0,0.0,0.02,0.0,0.0,0.0,0.08,0.0,0.0,0.0,0.0,0.0,0.0,0.0,0.0,0.75,0.0,0.0,0.15,0.0,0.0,0.0,0.0,0.0,0.0,0.0,0.0,0.0,112.0,500.0,1.0,1,0.01,0.02,12000,0.0,0.0,0.0,158.3268421872566,0.4997575573358808
69b9613ef753f624649ce489,69b9613ef753f624649ce489,69b9613ef753f624649ce48a,0.0,0.0,0.0,0.0,0.02,0.0,0.0,0.0,0.08,0.0,0.0,0.0,0.0,0.0,0.0,0.0,0.0,0.75,0.0,0.0,0.15,0.0,0.0,0.0,0.0,0.0,0.0,0.0,0.0,0.0,112.0,500.0,1.0,1,0.01,0.02,12000,0.0,0.0,0.0,174.34015791933487,0.5993689253638449
69b9613ef753f624649ce489,69b9613ef753f624649ce489,69b9613ef753f624649ce48a,0.0,0.0,0.0,0.0,0.02,0.0,0.0,0.0,0.08,0.0,0.0,0.0,0.0,0.0,0.0,0.0,0.0,0.75,0.0,0.0,0.15,0.0,0.0,0.0,0.0,0.0,0.0,0.0,0.0,0.0,112.0,500.0,1.0,1,0.01,0.02,12000,0.0,0.0,0.0,186.18000836332925,0.6802362187628911
69b9613ef753f624649ce489,69b9613ef753f624649ce489,69b9613ef753f624649ce48a,0.0,0.0,0.0,0.0,0.02,0.0,0.0,0.0,0.08,0.0,0.0,0.0,0.0,0.0,0.0,0.0,0.0,0.75,0.0,0.0,0.15,0.0,0.0,0.0,0.0,0.0,0.0,0.0,0.0,0.0,112.0,500.0,1.0,1,0.01,0.02,12000,0.0,0.0,0.0,200.44194455604662,0.7490030902393308
69b9613ef753f624649ce489,69b9613ef753f624649ce489,69b9613ef753f624649ce48a,0.0,0.0,0.0,0.0,0.02,0.0,0.0,0.0,0.08,0.0,0.0,0.0,0.0,0.0,0.0,0.0,0.0,0.75,0.0,0.0,0.15,0.0,0.0,0.0,0.0,0.0,0.0,0.0,0.0,0.0,112.0,500.0,1.0,1,0.01,0.02,12000,0.0,0.0,0.0,215.20568050442355,0.8194706789118303
69b9613ef753f624649ce489,69b9613ef753f624649ce489,69b9613ef753f624649ce48a,0.0,0.0,0.0,0.0,0.02,0.0,0.0,0.0,0.08,0.0,0.0,0.0,0.0,0.0,0.0,0.0,0.0,0.75,0.0,0.0,0.15,0.0,0.0,0.0,0.0,0.0,0.0,0.0,0.0,0.0,112.0,500.0,1.0,1,0.01,0.02,12000,0.0,0.0,0.0,238.35898360951452,0.9007721979779558
69b9613ef753f624649ce489,69b9613ef753f624649ce489,69b9613ef753f624649ce48a,0.0,0.0,0.0,0.0,0.02,0.0,0.0,0.0,0.08,0.0,0.0,0.0,0.0,0.0,0.0,0.0,0.0,0.75,0.0,0.0,0.15,0.0,0.0,0.0,0.0,0.0,0.0,0.0,0.0,0.0,112.0,500.0,1.0,1,0.01,0.02,12000,0.0,0.0,0.0,255.24634924279073,0.9396281580870912
69b9613ef753f624649ce489,69b9613ef753f624649ce489,69b9613ef753f624649ce48a,0.0,0.0,0.0,0.0,0.02,0.0,0.0,0.0,0.08,0.0,0.0,0.0,0.0,0.0,0.0,0.0,0.0,0.75,0.0,0.0,0.15,0.0,0.0,0.0,0.0,0.0,0.0,0.0,0.0,0.0,112.0,500.0,1.0,1,0.01,0.02,12000,0.0,0.0,0.0,270.1199563794984,0.96040585625683
69b9613ef753f624649ce489,69b9613ef753f624649ce489,69b9613ef753f624649ce48a,0.0,0.0,0.0,0.0,0.02,0.0,0.0,0.0,0.08,0.0,0.0,0.0,0.0,0.0,0.0,0.0,0.0,0.75,0.0,0.0,0.15,0.0,0.0,0.0,0.0,0.0,0.0,0.0,0.0,0.0,112.0,500.0,1.0,1,0.01,0.02,12000,0.0,0.0,0.0,281.19890784759065,0.9792874356803231
69b9613ff753f624649ce48b,69b9613ff753f624649ce48b,69b9613ff753f624649ce48c,0.0,0.0,0.0,0.0,0.02,0.0,0.0,0.0,0.08,0.0,0.0,0.0,0.0,0.0,0.0,0.0,0.0,0.65,0.0,0.0,0.25,0.0,0.0,0.0,0.0,0.0,0.0,0.0,0.0,0.0,93.0,500.0,1.0,0,0.01,0.02,12000,0.0,0.0,0.0,102.3827289051418,0.10892550858681256
69b9613ff753f624649ce48b,69b9613ff753f624649ce48b,69b9613ff753f624649ce48c,0.0,0.0,0.0,0.0,0.02,0.0,0.0,0.0,0.08,0.0,0.0,0.0,0.0,0.0,0.0,0.0,0.0,0.65,0.0,0.0,0.25,0.0,0.0,0.0,0.0,0.0,0.0,0.0,0.0,0.0,93.0,500.0,1.0,0,0.01,0.02,12000,0.0,0.0,0.0,126.11162584760703,0.41934620088726776
69b9613ff753f624649ce48b,69b9613ff753f624649ce48b,69b9613ff753f624649ce48c,0.0,0.0,0.0,0.0,0.02,0.0,0.0,0.0,0.08,0.0,0.0,0.0,0.0,0.0,0.0,0.0,0.0,0.65,0.0,0.0,0.25,0.0,0.0,0.0,0.0,0.0,0.0,0.0,0.0,0.0,93.0,500.0,1.0,0,0.01,0.02,12000,0.0,0.0,0.0,148.0924229876764,0.7094234206850634
69b9613ff753f624649ce48b,69b9613ff753f624649ce48b,69b9613ff753f624649ce48c,0.0,0.0,0.0,0.0,0.02,0.0,0.0,0.0,0.08,0.0,0.0,0.0,0.0,0.0,0.0,0.0,0.0,0.65,0.0,0.0,0.25,0.0,0.0,0.0,0.0,0.0,0.0,0.0,0.0,0.0,93.0,500.0,1.0,0,0.01,0.02,12000,0.0,0.0,0.0,165.36023810890367,0.858804287254753
69b9613ff753f624649ce48b,69b9613ff753f624649ce48b,69b9613ff753f624649ce48c,0.0,0.0,0.0,0.0,0.02,0.0,0.0,0.0,0.08,0.0,0.0,0.0,0.0,0.0,0.0,0.0,0.0,0.65,0.0,0.0,0.25,0.0,0.0,0.0,0.0,0.0,0.0,0.0,0.0,0.0,93.0,500.0,1.0,0,0.01,0.02,12000,0.0,0.0,0.0,181.1374127794951,0.9603117740289627
69b9613ff753f624649ce48b,69b9613ff753f624649ce48b,69b9613ff753f624649ce48c,0.0,0.0,0.0,0.0,0.02,0.0,0.0,0.0,0.08,0.0,0.0,0.0,0.0,0.0,0.0,0.0,0.0,0.65,0.0,0.0,0.25,0.0,0.0,0.0,0.0,0.0,0.0,0.0,0.0,0.0,93.0,500.0,1.0,0,0.01,0.02,12000,0.0,0.0,0.0,191.29147842343045,1.0
69b9613ff753f624649ce48d,69b9613ff753f624649ce48d,69b9613ff753f624649ce48e,0.0,0.0,0.0,0.0,0.02,0.0,0.0,0.0,0.08,0.0,0.0,0.0,0.0,0.0,0.0,0.0,0.0,0.6,0.0,0.0,0.3,0.0,0.0,0.0,0.0,0.0,0.0,0.0,0.0,0.0,94.0,500.0,1.0,0,0.01,0.02,12000,0.0,0.0,0.0,94.20142504571133,0.01881644557343118
69b9613ff753f624649ce48d,69b9613ff753f624649ce48d,69b9613ff753f624649ce48e,0.0,0.0,0.0,0.0,0.02,0.0,0.0,0.0,0.08,0.0,0.0,0.0,0.0,0.0,0.0,0.0,0.0,0.6,0.0,0.0,0.3,0.0,0.0,0.0,0.0,0.0,0.0,0.0,0.0,0.0,94.0,500.0,1.0,0,0.01,0.02,12000,0.0,0.0,0.0,115.01791556317184,0.038617135992241834
69b9613ff753f624649ce48d,69b9613ff753f624649ce48d,69b9613ff753f624649ce48e,0.0,0.0,0.0,0.0,0.02,0.0,0.0,0.0,0.08,0.0,0.0,0.0,0.0,0.0,0.0,0.0,0.0,0.6,0.0,0.0,0.3,0.0,0.0,0.0,0.0,0.0,0.0,0.0,0.0,0.0,94.0,500.0,1.0,0,0.01,0.02,12000,0.0,0.0,0.0,130.02435204696584,0.06975835341627043
69b9613ff753f624649ce48d,69b9613ff753f624649ce48d,69b9613ff753f624649ce48e,0.0,0.0,0.0,0.0,0.02,0.0,0.0,0.0,0.08,0.0,0.0,0.0,0.0,0.0,0.0,0.0,0.0,0.6,0.0,0.0,0.3,0.0,0.0,0.0,0.0,0.0,0.0,0.0,0.0,0.0,94.0,500.0,1.0,0,0.01,0.02,12000,0.0,0.0,0.0,147.3331638802568,0.11915876014097859
69b9613ff753f624649ce48d,69b9613ff753f624649ce48d,69b9613ff753f624649ce48e,0.0,0.0,0.0,0.0,0.02,0.0,0.0,0.0,0.08,0.0,0.0,0.0,0.0,0.0,0.0,0.0,0.0,0.6,0.0,0.0,0.3,0.0,0.0,0.0,0.0,0.0,0.0,0.0,0.0,0.0,94.0,500.0,1.0,0,0.01,0.02,12000,0.0,0.0,0.0,170.2158886857274,0.2393451876940446
69b9613ff753f624649ce48d,69b9613ff753f624649ce48d,69b9613ff753f624649ce48e,0.0,0.0,0.0,0.0,0.02,0.0,0.0,0.0,0.08,0.0,0.0,0.0,0.0,0.0,0.0,0.0,0.0,0.6,0.0,0.0,0.3,0.0,0.0,0.0,0.0,0.0,0.0,0.0,0.0,0.0,94.0,500.0,1.0,0,0.01,0.02,12000,0.0,0.0,0.0,184.1318126286272,0.3399263263784856
69b9613ff753f624649ce48d,69b9613ff753f624649ce48d,69b9613ff753f624649ce48e,0.0,0.0,0.0,0.0,0.02,0.0,0.0,0.0,0.08,0.0,0.0,0.0,0.0,0.0,0.0,0.0,0.0,0.6,0.0,0.0,0.3,0.0,0.0,0.0,0.0,0.0,0.0,0.0,0.0,0.0,94.0,500.0,1.0,0,0.01,0.02,12000,0.0,0.0,0.0,203.88894810636188,0.49899042532404086
69b9613ff753f624649ce48d,69b9613ff753f624649ce48d,69b9613ff753f624649ce48e,0.0,0.0,0.0,0.0,0.02,0.0,0.0,0.0,0.08,0.0,0.0,0.0,0.0,0.0,0.0,0.0,0.0,0.6,0.0,0.0,0.3,0.0,0.0,0.0,0.0,0.0,0.0,0.0,0.0,0.0,94.0,500.0,1.0,0,0.01,0.02,12000,0.0,0.0,0.0,221.2961520486057,0.6489864449220927
69b9613ff753f624649ce48d,69b9613ff753f624649ce48d,69b9613ff753f624649ce48e,0.0,0.0,0.0,0.0,0.02,0.0,0.0,0.0,0.08,0.0,0.0,0.0,0.0,0.0,0.0,0.0,0.0,0.6,0.0,0.0,0.3,0.0,0.0,0.0,0.0,0.0,0.0,0.0,0.0,0.0,94.0,500.0,1.0,0,0.01,0.02,12000,0.0,0.0,0.0,235.06612769655874,0.7786317549230334
69b9613ff753f624649ce48d,69b9613ff753f624649ce48d,69b9613ff753f624649ce48e,0.0,0.0,0.0,0.0,0.02,0.0,0.0,0.0,0.08,0.0,0.0,0.0,0.0,0.0,0.0,0.0,0.0,0.6,0.0,0.0,0.3,0.0,0.0,0.0,0.0,0.0,0.0,0.0,0.0,0.0,94.0,500.0,1.0,0,0.01,0.02,12000,0.0,0.0,0.0,252.12239978353736,0.8799221288637038
69b9613ff753f624649ce48d,69b9613ff753f624649ce48d,69b9613ff753f624649ce48e,0.0,0.0,0.0,0.0,0.02,0.0,0.0,0.0,0.08,0.0,0.0,0.0,0.0,0.0,0.0,0.0,0.0,0.6,0.0,0.0,0.3,0.0,0.0,0.0,0.0,0.0,0.0,0.0,0.0,0.0,94.0,500.0,1.0,0,0.01,0.02,12000,0.0,0.0,0.0,267.53388378252066,0.9396209209926398
69b96140f753f624649ce48f,69b96140f753f624649ce48f,69b96140f753f624649ce490,0.0,0.0,0.0,0.0,0.02,0.0,0.0,0.0,0.08,0.0,0.0,0.0,0.0,0.0,0.0,0.0,0.0,0.55,0.0,0.0,0.35,0.0,0.0,0.0,0.0,0.0,0.0,0.0,0.0,0.0,103.0,500.0,1.0,0,0.01,0.02,12000,0.0,0.0,0.0,72.9848066185092,0.018592095645440267
69b96140f753f624649ce48f,69b96140f753f624649ce48f,69b96140f753f624649ce490,0.0,0.0,0.0,0.0,0.02,0.0,0.0,0.0,0.08,0.0,0.0,0.0,0.0,0.0,0.0,0.0,0.0,0.55,0.0,0.0,0.35,0.0,0.0,0.0,0.0,0.0,0.0,0.0,0.0,0.0,103.0,500.0,1.0,0,0.01,0.02,12000,0.0,0.0,0.0,94.24242175777502,0.06884647951540415
69b96140f753f624649ce48f,69b96140f753f624649ce48f,69b96140f753f624649ce490,0.0,0.0,0.0,0.0,0.02,0.0,0.0,0.0,0.08,0.0,0.0,0.0,0.0,0.0,0.0,0.0,0.0,0.55,0.0,0.0,0.35,0.0,0.0,0.0,0.0,0.0,0.0,0.0,0.0,0.0,103.0,500.0,1.0,0,0.01,0.02,12000,0.0,0.0,0.0,115.35900820754176,0.0978310427929395
69b96140f753f624649ce48f,69b96140f753f624649ce48f,69b96140f753f624649ce490,0.0,0.0,0.0,0.0,0.02,0.0,0.0,0.0,0.08,0.0,0.0,0.0,0.0,0.0,0.0,0.0,0.0,0.55,0.0,0.0,0.35,0.0,0.0,0.0,0.0,0.0,0.0,0.0,0.0,0.0,103.0,500.0,1.0,0,0.01,0.02,12000,0.0,0.0,0.0,139.11414304572773,0.15852131686170637
69b96140f753f624649ce48f,69b96140f753f624649ce48f,69b96140f753f624649ce490,0.0,0.0,0.0,0.0,0.02,0.0,0.0,0.0,0.08,0.0,0.0,0.0,0.0,0.0,0.0,0.0,0.0,0.55,0.0,0.0,0.35,0.0,0.0,0.0,0.0,0.0,0.0,0.0,0.0,0.0,103.0,500.0,1.0,0,0.01,0.02,12000,0.0,0.0,0.0,161.1670943990292,0.3189894121308177
69b96140f753f624649ce48f,69b96140f753f624649ce48f,69b96140f753f624649ce490,0.0,0.0,0.0,0.0,0.02,0.0,0.0,0.0,0.08,0.0,0.0,0.0,0.0,0.0,0.0,0.0,0.0,0.55,0.0,0.0,0.35,0.0,0.0,0.0,0.0,0.0,0.0,0.0,0.0,0.0,103.0,500.0,1.0,0,0.01,0.02,12000,0.0,0.0,0.0,180.3027197218783,0.4700492846132135
69b96140f753f624649ce48f,69b96140f753f624649ce48f,69b96140f753f624649ce490,0.0,0.0,0.0,0.0,0.02,0.0,0.0,0.0,0.08,0.0,0.0,0.0,0.0,0.0,0.0,0.0,0.0,0.55,0.0,0.0,0.35,0.0,0.0,0.0,0.0,0.0,0.0,0.0,0.0,0.0,103.0,500.0,1.0,0,0.01,0.02,12000,0.0,0.0,0.0,203.10345110322152,0.6589446868871086
69b96140f753f624649ce48f,69b96140f753f624649ce48f,69b96140f753f624649ce490,0.0,0.0,0.0,0.0,0.02,0.0,0.0,0.0,0.08,0.0,0.0,0.0,0.0,0.0,0.0,0.0,0.0,0.55,0.0,0.0,0.35,0.0,0.0,0.0,0.0,0.0,0.0,0.0,0.0,0.0,103.0,500.0,1.0,0,0.01,0.02,12000,0.0,0.0,0.0,225.3318683841556,0.8089841290518681
69b96140f753f624649ce48f,69b96140f753f624649ce48f,69b96140f753f624649ce490,0.0,0.0,0.0,0.0,0.02,0.0,0.0,0.0,0.08,0.0,0.0,0.0,0.0,0.0,0.0,0.0,0.0,0.55,0.0,0.0,0.35,0.0,0.0,0.0,0.0,0.0,0.0,0.0,0.0,0.0,103.0,500.0,1.0,0,0.01,0.02,12000,0.0,0.0,0.0,245.25627044711015,0.9300751934113493
69b96140f753f624649ce48f,69b96140f753f624649ce48f,69b96140f753f624649ce490,0.0,0.0,0.0,0.0,0.02,0.0,0.0,0.0,0.08,0.0,0.0,0.0,0.0,0.0,0.0,0.0,0.0,0.55,0.0,0.0,0.35,0.0,0.0,0.0,0.0,0.0,0.0,0.0,0.0,0.0,103.0,500.0,1.0,0,0.01,0.02,12000,0.0,0.0,0.0,259.0951205713302,0.9993703727827352
69b96140f753f624649ce491,69b96140f753f624649ce491,69b96141f753f624649ce492,0.0,0.0,0.0,0.0,0.02,0.0,0.0,0.0,0.08,0.0,0.0,0.0,0.0,0.0,0.0,0.0,0.0,0.5,0.0,0.0,0.4,0.0,0.0,0.0,0.0,0.0,0.0,0.0,0.0,0.0,94.0,500.0,1.0,0,0.01,0.02,12000,0.0,0.0,0.0,72.20586908929903,0.01875854881782062
69b96140f753f624649ce491,69b96140f753f624649ce491,69b96141f753f624649ce492,0.0,0.0,0.0,0.0,0.02,0.0,0.0,0.0,0.08,0.0,0.0,0.0,0.0,0.0,0.0,0.0,0.0,0.5,0.0,0.0,0.4,0.0,0.0,0.0,0.0,0.0,0.0,0.0,0.0,0.0,94.0,500.0,1.0,0,0.01,0.02,12000,0.0,0.0,0.0,99.03247759529685,0.05829479580538005
69b96140f753f624649ce491,69b96140f753f624649ce491,69b96141f753f624649ce492,0.0,0.0,0.0,0.0,0.02,0.0,0.0,0.0,0.08,0.0,0.0,0.0,0.0,0.0,0.0,0.0,0.0,0.5,0.0,0.0,0.4,0.0,0.0,0.0,0.0,0.0,0.0,0.0,0.0,0.0,94.0,500.0,1.0,0,0.01,0.02,12000,0.0,0.0,0.0,125.21297791917088,0.0983882990656911
69b96140f753f624649ce491,69b96140f753f624649ce491,69b96141f753f624649ce492,0.0,0.0,0.0,0.0,0.02,0.0,0.0,0.0,0.08,0.0,0.0,0.0,0.0,0.0,0.0,0.0,0.0,0.5,0.0,0.0,0.4,0.0,0.0,0.0,0.0,0.0,0.0,0.0,0.0,0.0,94.0,500.0,1.0,0,0.01,0.02,12000,0.0,0.0,0.0,142.44635580226466,0.11876795704060733
69b96140f753f624649ce491,69b96140f753f624649ce491,69b96141f753f624649ce492,0.0,0.0,0.0,0.0,0.02,0.0,0.0,0.0,0.08,0.0,0.0,0.0,0.0,0.0,0.0,0.0,0.0,0.5,0.0,0.0,0.4,0.0,0.0,0.0,0.0,0.0,0.0,0.0,0.0,0.0,94.0,500.0,1.0,0,0.01,0.02,12000,0.0,0.0,0.0,160.2733660760407,0.14830977659089428
69b96140f753f624649ce491,69b96140f753f624649ce491,69b96141f753f624649ce492,0.0,0.0,0.0,0.0,0.02,0.0,0.0,0.0,0.08,0.0,0.0,0.0,0.0,0.0,0.0,0.0,0.0,0.5,0.0,0.0,0.4,0.0,0.0,0.0,0.0,0.0,0.0,0.0,0.0,0.0,94.0,500.0,1.0,0,0.01,0.02,12000,0.0,0.0,0.0,181.3309172604357,0.2503817567323071
69b96140f753f624649ce491,69b96140f753f624649ce491,69b96141f753f624649ce492,0.0,0.0,0.0,0.0,0.02,0.0,0.0,0.0,0.08,0.0,0.0,0.0,0.0,0.0,0.0,0.0,0.0,0.5,0.0,0.0,0.4,0.0,0.0,0.0,0.0,0.0,0.0,0.0,0.0,0.0,94.0,500.0,1.0,0,0.01,0.02,12000,0.0,0.0,0.0,203.11493018259938,0.3892760734420345
69b96140f753f624649ce491,69b96140f753f624649ce491,69b96141f753f624649ce492,0.0,0.0,0.0,0.0,0.02,0.0,0.0,0.0,0.08,0.0,0.0,0.0,0.0,0.0,0.0,0.0,0.0,0.5,0.0,0.0,0.4,0.0,0.0,0.0,0.0,0.0,0.0,0.0,0.0,0.0,94.0,500.0,1.0,0,0.01,0.02,12000,0.0,0.0,0.0,224.42502111330674,0.5604188830268424
69b96140f753f624649ce491,69b96140f753f624649ce491,69b96141f753f624649ce492,0.0,0.0,0.0,0.0,0.02,0.0,0.0,0.0,0.08,0.0,0.0,0.0,0.0,0.0,0.0,0.0,0.0,0.5,0.0,0.0,0.4,0.0,0.0,0.0,0.0,0.0,0.0,0.0,0.0,0.0,94.0,500.0,1.0,0,0.01,0.02,12000,0.0,0.0,0.0,245.2759488689007,0.6904839445059597
69b96140f753f624649ce491,69b96140f753f624649ce491,69b96141f753f624649ce492,0.0,0.0,0.0,0.0,0.02,0.0,0.0,0.0,0.08,0.0,0.0,0.0,0.0,0.0,0.0,0.0,0.0,0.5,0.0,0.0,0.4,0.0,0.0,0.0,0.0,0.0,0.0,0.0,0.0,0.0,94.0,500.0,1.0,0,0.01,0.02,12000,0.0,0.0,0.0,267.21246955994127,0.8095703337024251
69b96140f753f624649ce491,69b96140f753f624649ce491,69b96141f753f624649ce492,0.0,0.0,0.0,0.0,0.02,0.0,0.0,0.0,0.08,0.0,0.0,0.0,0.0,0.0,0.0,0.0,0.0,0.5,0.0,0.0,0.4,0.0,0.0,0.0,0.0,0.0,0.0,0.0,0.0,0.0,94.0,500.0,1.0,0,0.01,0.02,12000,0.0,0.0,0.0,288.1125933700117,0.8897428660341445
69b96140f753f624649ce491,69b96140f753f624649ce491,69b96141f753f624649ce492,0.0,0.0,0.0,0.0,0.02,0.0,0.0,0.0,0.08,0.0,0.0,0.0,0.0,0.0,0.0,0.0,0.0,0.5,0.0,0.0,0.4,0.0,0.0,0.0,0.0,0.0,0.0,0.0,0.0,0.0,94.0,500.0,1.0,0,0.01,0.02,12000,0.0,0.0,0.0,298.24698059215655,0.9107014915651663
69b96140f753f624649ce491,69b96140f753f624649ce491,69b96141f753f624649ce492,0.0,0.0,0.0,0.0,0.02,0.0,0.0,0.0,0.08,0.0,0.0,0.0,0.0,0.0,0.0,0.0,0.0,0.5,0.0,0.0,0.4,0.0,0.0,0.0,0.0,0.0,0.0,0.0,0.0,0.0,94.0,500.0,1.0,0,0.01,0.02,12000,0.0,0.0,0.0,313.36000852731615,0.9498831209246111
69b96141f753f624649ce493,69b96141f753f624649ce493,69b96141f753f624649ce494,0.0,0.0,0.0,0.0,0.02,0.0,0.0,0.0,0.08,0.0,0.0,0.0,0.0,0.0,0.0,0.0,0.0,0.85,0.0,0.05,0.0,0.0,0.0,0.0,0.0,0.0,0.0,0.0,0.0,0.0,100.0,500.0,1.0,1,0.01,0.02,12000,0.0,0.0,0.0,50.13159944572445,0.23933071350514193
69b96141f753f624649ce493,69b96141f753f624649ce493,69b96141f753f624649ce494,0.0,0.0,0.0,0.0,0.02,0.0,0.0,0.0,0.08,0.0,0.0,0.0,0.0,0.0,0.0,0.0,0.0,0.85,0.0,0.05,0.0,0.0,0.0,0.0,0.0,0.0,0.0,0.0,0.0,0.0,100.0,500.0,1.0,1,0.01,0.02,12000,0.0,0.0,0.0,91.4431662580661,0.5596083284482946
69b96141f753f624649ce493,69b96141f753f624649ce493,69b96141f753f624649ce494,0.0,0.0,0.0,0.0,0.02,0.0,0.0,0.0,0.08,0.0,0.0,0.0,0.0,0.0,0.0,0.0,0.0,0.85,0.0,0.05,0.0,0.0,0.0,0.0,0.0,0.0,0.0,0.0,0.0,0.0,100.0,500.0,1.0,1,0.01,0.02,12000,0.0,0.0,0.0,116.33472995465763,0.9000919110995318
69b96141f753f624649ce493,69b96141f753f624649ce493,69b96141f753f624649ce494,0.0,0.0,0.0,0.0,0.02,0.0,0.0,0.0,0.08,0.0,0.0,0.0,0.0,0.0,0.0,0.0,0.0,0.85,0.0,0.05,0.0,0.0,0.0,0.0,0.0,0.0,0.0,0.0,0.0,0.0,100.0,500.0,1.0,1,0.01,0.02,12000,0.0,0.0,0.0,129.41104123449298,0.9979808506480817
69b96142f753f624649ce495,69b96142f753f624649ce495,69b96142f753f624649ce496,0.0,0.0,0.0,0.0,0.02,0.0,0.0,0.0,0.08,0.0,0.0,0.0,0.0,0.1,0.0,0.0,0.0,0.75,0.0,0.05,0.0,0.0,0.0,0.0,0.0,0.0,0.0,0.0,0.0,0.0,78.0,500.0,1.0,1,0.01,0.02,12000,0.0,0.0,0.0,63.21447019949,0.1595272729904398
69b96142f753f624649ce495,69b96142f753f624649ce495,69b96142f753f624649ce496,0.0,0.0,0.0,0.0,0.02,0.0,0.0,0.0,0.08,0.0,0.0,0.0,0.0,0.1,0.0,0.0,0.0,0.75,0.0,0.05,0.0,0.0,0.0,0.0,0.0,0.0,0.0,0.0,0.0,0.0,78.0,500.0,1.0,1,0.01,0.02,12000,0.0,0.0,0.0,91.36117283393872,0.2692416248724462
69b96142f753f624649ce495,69b96142f753f624649ce495,69b96142f753f624649ce496,0.0,0.0,0.0,0.0,0.02,0.0,0.0,0.0,0.08,0.0,0.0,0.0,0.0,0.1,0.0,0.0,0.0,0.75,0.0,0.05,0.0,0.0,0.0,0.0,0.0,0.0,0.0,0.0,0.0,0.0,78.0,500.0,1.0,1,0.01,0.02,12000,0.0,0.0,0.0,110.13274735366224,0.559188576970118
69b96142f753f624649ce495,69b96142f753f624649ce495,69b96142f753f624649ce496,0.0,0.0,0.0,0.0,0.02,0.0,0.0,0.0,0.08,0.0,0.0,0.0,0.0,0.1,0.0,0.0,0.0,0.75,0.0,0.05,0.0,0.0,0.0,0.0,0.0,0.0,0.0,0.0,0.0,0.0,78.0,500.0,1.0,1,0.01,0.02,12000,0.0,0.0,0.0,131.3674043341724,0.7407672767537289
69b96142f753f624649ce495,69b96142f753f624649ce495,69b96142f753f624649ce496,0.0,0.0,0.0,0.0,0.02,0.0,0.0,0.0,0.08,0.0,0.0,0.0,0.0,0.1,0.0,0.0,0.0,0.75,0.0,0.05,0.0,0.0,0.0,0.0,0.0,0.0,0.0,0.0,0.0,0.0,78.0,500.0,1.0,1,0.01,0.02,12000,0.0,0.0,0.0,154.38131861824684,0.8691895177923966
69b96142f753f624649ce495,69b96142f753f624649ce495,69b96142f753f624649ce496,0.0,0.0,0.0,0.0,0.02,0.0,0.0,0.0,0.08,0.0,0.0,0.0,0.0,0.1,0.0,0.0,0.0,0.75,0.0,0.05,0.0,0.0,0.0,0.0,0.0,0.0,0.0,0.0,0.0,0.0,78.0,500.0,1.0,1,0.01,0.02,12000,0.0,0.0,0.0,175.1666516345389,0.9502305014582746
69b96142f753f624649ce495,69b96142f753f624649ce495,69b96142f753f624649ce496,0.0,0.0,0.0,0.0,0.02,0.0,0.0,0.0,0.08,0.0,0.0,0.0,0.0,0.1,0.0,0.0,0.0,0.75,0.0,0.05,0.0,0.0,0.0,0.0,0.0,0.0,0.0,0.0,0.0,0.0,78.0,500.0,1.0,1,0.01,0.02,12000,0.0,0.0,0.0,195.05661645935996,0.9994644550106022
69b96142f753f624649ce497,69b96142f753f624649ce497,69b96143f753f624649ce498,0.0,0.0,0.0,0.0,0.02,0.0,0.0,0.0,0.08,0.0,0.0,0.0,0.0,0.0,0.0,0.0,0.0,0.8,0.0,0.1,0.0,0.0,0.0,0.0,0.0,0.0,0.0,0.0,0.0,0.0,103.0,500.0,1.0,1,0.01,0.02,12000,0.0,0.0,0.0,58.21123145923697,0.15859368780621957
69b96142f753f624649ce497,69b96142f753f624649ce497,69b96143f753f624649ce498,0.0,0.0,0.0,0.0,0.02,0.0,0.0,0.0,0.08,0.0,0.0,0.0,0.0,0.0,0.0,0.0,0.0,0.8,0.0,0.1,0.0,0.0,0.0,0.0,0.0,0.0,0.0,0.0,0.0,0.0,103.0,500.0,1.0,1,0.01,0.02,12000,0.0,0.0,0.0,80.32321807791016,0.19999710516221947
69b96142f753f624649ce497,69b96142f753f624649ce497,69b96143f753f624649ce498,0.0,0.0,0.0,0.0,0.02,0.0,0.0,0.0,0.08,0.0,0.0,0.0,0.0,0.0,0.0,0.0,0.0,0.8,0.0,0.1,0.0,0.0,0.0,0.0,0.0,0.0,0.0,0.0,0.0,0.0,103.0,500.0,1.0,1,0.01,0.02,12000,0.0,0.0,0.0,95.15090889710645,0.2582484784008916
69b96142f753f624649ce497,69b96142f753f624649ce497,69b96143f753f624649ce498,0.0,0.0,0.0,0.0,0.02,0.0,0.0,0.0,0.08,0.0,0.0,0.0,0.0,0.0,0.0,0.0,0.0,0.8,0.0,0.1,0.0,0.0,0.0,0.0,0.0,0.0,0.0,0.0,0.0,0.0,103.0,500.0,1.0,1,0.01,0.02,12000,0.0,0.0,0.0,114.20618066431072,0.4494814621825629
69b96142f753f624649ce497,69b96142f753f624649ce497,69b96143f753f624649ce498,0.0,0.0,0.0,0.0,0.02,0.0,0.0,0.0,0.08,0.0,0.0,0.0,0.0,0.0,0.0,0.0,0.0,0.8,0.0,0.1,0.0,0.0,0.0,0.0,0.0,0.0,0.0,0.0,0.0,0.0,103.0,500.0,1.0,1,0.01,0.02,12000,0.0,0.0,0.0,134.3650839202696,0.5989274626023144
69b96142f753f624649ce497,69b96142f753f624649ce497,69b96143f753f624649ce498,0.0,0.0,0.0,0.0,0.02,0.0,0.0,0.0,0.08,0.0,0.0,0.0,0.0,0.0,0.0,0.0,0.0,0.8,0.0,0.1,0.0,0.0,0.0,0.0,0.0,0.0,0.0,0.0,0.0,0.0,103.0,500.0,1.0,1,0.01,0.02,12000,0.0,0.0,0.0,148.22525233476276,0.7298537383211388
69b96142f753f624649ce497,69b96142f753f624649ce497,69b96143f753f624649ce498,0.0,0.0,0.0,0.0,0.02,0.0,0.0,0.0,0.08,0.0,0.0,0.0,0.0,0.0,0.0,0.0,0.0,0.8,0.0,0.1,0.0,0.0,0.0,0.0,0.0,0.0,0.0,0.0,0.0,0.0,103.0,500.0,1.0,1,0.01,0.02,12000,0.0,0.0,0.0,170.23392723903544,0.8498302901351166
69b96142f753f624649ce497,69b96142f753f624649ce497,69b96143f753f624649ce498,0.0,0.0,0.0,0.0,0.02,0.0,0.0,0.0,0.08,0.0,0.0,0.0,0.0,0.0,0.0,0.0,0.0,0.8,0.0,0.1,0.0,0.0,0.0,0.0,0.0,0.0,0.0,0.0,0.0,0.0,103.0,500.0,1.0,1,0.01,0.02,12000,0.0,0.0,0.0,185.31251793606154,0.9187853260672906
69b96142f753f624649ce497,69b96142f753f624649ce497,69b96143f753f624649ce498,0.0,0.0,0.0,0.0,0.02,0.0,0.0,0.0,0.08,0.0,0.0,0.0,0.0,0.0,0.0,0.0,0.0,0.8,0.0,0.1,0.0,0.0,0.0,0.0,0.0,0.0,0.0,0.0,0.0,0.0,103.0,500.0,1.0,1,0.01,0.02,12000,0.0,0.0,0.0,204.20872246045866,0.9978578200424093
69b96143f753f624649ce499,69b96143f753f624649ce499,69b96143f753f624649ce49a,0.0,0.0,0.0,0.0,0.02,0.0,0.0,0.0,0.08,0.0,0.0,0.0,0.0,0.0,0.0,0.0,0.0,0.75,0.0,0.15,0.0,0.0,0.0,0.0,0.0,0.0,0.0,0.0,0.0,0.0,95.0,500.0,1.0,1,0.01,0.02,12000,0.0,0.0,0.0,66.2810242618542,0.049197768080071216
69b96143f753f624649ce499,69b96143f753f624649ce499,69b96143f753f624649ce49a,0.0,0.0,0.0,0.0,0.02,0.0,0.0,0.0,0.08,0.0,0.0,0.0,0.0,0.0,0.0,0.0,0.0,0.75,0.0,0.15,0.0,0.0,0.0,0.0,0.0,0.0,0.0,0.0,0.0,0.0,95.0,500.0,1.0,1,0.01,0.02,12000,0.0,0.0,0.0,90.30837726814309,0.06892608755436867
69b96143f753f624649ce499,69b96143f753f624649ce499,69b96143f753f624649ce49a,0.0,0.0,0.0,0.0,0.02,0.0,0.0,0.0,0.08,0.0,0.0,0.0,0.0,0.0,0.0,0.0,0.0,0.75,0.0,0.15,0.0,0.0,0.0,0.0,0.0,0.0,0.0,0.0,0.0,0.0,95.0,500.0,1.0,1,0.01,0.02,12000,0.0,0.0,0.0,114.2570165872697,0.10916433270370611
69b96143f753f624649ce499,69b96143f753f624649ce499,69b96143f753f624649ce49a,0.0,0.0,0.0,0.0,0.02,0.0,0.0,0.0,0.08,0.0,0.0,0.0,0.0,0.0,0.0,0.0,0.0,0.75,0.0,0.15,0.0,0.0,0.0,0.0,0.0,0.0,0.0,0.0,0.0,0.0,95.0,500.0,1.0,1,0.01,0.02,12000,0.0,0.0,0.0,143.18921622485877,0.36898326060053405
69b96143f753f624649ce499,69b96143f753f624649ce499,69b96143f753f624649ce49a,0.0,0.0,0.0,0.0,0.02,0.0,0.0,0.0,0.08,0.0,0.0,0.0,0.0,0.0,0.0,0.0,0.0,0.75,0.0,0.15,0.0,0.0,0.0,0.0,0.0,0.0,0.0,0.0,0.0,0.0,95.0,500.0,1.0,1,0.01,0.02,12000,0.0,0.0,0.0,170.11257697132692,0.6593716754597364
69b96143f753f624649ce499,69b96143f753f624649ce499,69b96143f753f624649ce49a,0.0,0.0,0.0,0.0,0.02,0.0,0.0,0.0,0.08,0.0,0.0,0.0,0.0,0.0,0.0,0.0,0.0,0.75,0.0,0.15,0.0,0.0,0.0,0.0,0.0,0.0,0.0,0.0,0.0,0.0,95.0,500.0,1.0,1,0.01,0.02,12000,0.0,0.0,0.0,187.37219275014144,0.8092374273576644
69b96143f753f624649ce499,69b96143f753f624649ce499,69b96143f753f624649ce49a,0.0,0.0,0.0,0.0,0.02,0.0,0.0,0.0,0.08,0.0,0.0,0.0,0.0,0.0,0.0,0.0,0.0,0.75,0.0,0.15,0.0,0.0,0.0,0.0,0.0,0.0,0.0,0.0,0.0,0.0,95.0,500.0,1.0,1,0.01,0.02,12000,0.0,0.0,0.0,202.36223054910997,0.9201024772574307
69b96143f753f624649ce499,69b96143f753f624649ce499,69b96143f753f624649ce49a,0.0,0.0,0.0,0.0,0.02,0.0,0.0,0.0,0.08,0.0,0.0,0.0,0.0,0.0,0.0,0.0,0.0,0.75,0.0,0.15,0.0,0.0,0.0,0.0,0.0,0.0,0.0,0.0,0.0,0.0,95.0,500.0,1.0,1,0.01,0.02,12000,0.0,0.0,0.0,215.17780274022024,0.9795624452694731
69b96144f753f624649ce49b,69b96144f753f624649ce49b,69b96144f753f624649ce49c,0.0,0.0,0.0,0.0,0.0,0.0,0.0,0.0,0.0,0.0,0.0,0.0,0.0,0.0,0.0,0.0,0.0,0.9,0.0,0.1,0.0,0.0,0.0,0.0,0.0,0.0,0.0,0.0,0.0,0.0,44.0,300.0,1.0,1,0.01,0.2,24000,0.0,0.0,0.0,179.04695751556713,0.05237707095037046
69b96144f753f624649ce49b,69b96144f753f624649ce49b,69b96144f753f624649ce49c,0.0,0.0,0.0,0.0,0.0,0.0,0.0,0.0,0.0,0.0,0.0,0.0,0.0,0.0,0.0,0.0,0.0,0.9,0.0,0.1,0.0,0.0,0.0,0.0,0.0,0.0,0.0,0.0,0.0,0.0,44.0,300.0,1.0,1,0.01,0.2,24000,0.0,0.0,0.0,189.99812800504452,0.07604245848940827
69b96144f753f624649ce49b,69b96144f753f624649ce49b,69b96144f753f624649ce49c,0.0,0.0,0.0,0.0,0.0,0.0,0.0,0.0,0.0,0.0,0.0,0.0,0.0,0.0,0.0,0.0,0.0,0.9,0.0,0.1,0.0,0.0,0.0,0.0,0.0,0.0,0.0,0.0,0.0,0.0,44.0,300.0,1.0,1,0.01,0.2,24000,0.0,0.0,0.0,201.00184572134205,0.10641181804027879
69b96144f753f624649ce49b,69b96144f753f624649ce49b,69b96144f753f624649ce49c,0.0,0.0,0.0,0.0,0.0,0.0,0.0,0.0,0.0,0.0,0.0,0.0,0.0,0.0,0.0,0.0,0.0,0.9,0.0,0.1,0.0,0.0,0.0,0.0,0.0,0.0,0.0,0.0,0.0,0.0,44.0,300.0,1.0,1,0.01,0.2,24000,0.0,0.0,0.0,210.0063056672184,0.14281658408814077
69b96144f753f624649ce49b,69b96144f753f624649ce49b,69b96144f753f624649ce49c,0.0,0.0,0.0,0.0,0.0,0.0,0.0,0.0,0.0,0.0,0.0,0.0,0.0,0.0,0.0,0.0,0.0,0.9,0.0,0.1,0.0,0.0,0.0,0.0,0.0,0.0,0.0,0.0,0.0,0.0,44.0,300.0,1.0,1,0.01,0.2,24000,0.0,0.0,0.0,217.97624208507398,0.18743646338001083
69b96144f753f624649ce49b,69b96144f753f624649ce49b,69b96144f753f624649ce49c,0.0,0.0,0.0,0.0,0.0,0.0,0.0,0.0,0.0,0.0,0.0,0.0,0.0,0.0,0.0,0.0,0.0,0.9,0.0,0.1,0.0,0.0,0.0,0.0,0.0,0.0,0.0,0.0,0.0,0.0,44.0,300.0,1.0,1,0.01,0.2,24000,0.0,0.0,0.0,224.87060245395548,0.23934645431316345
69b96144f753f624649ce49b,69b96144f753f624649ce49b,69b96144f753f624649ce49c,0.0,0.0,0.0,0.0,0.0,0.0,0.0,0.0,0.0,0.0,0.0,0.0,0.0,0.0,0.0,0.0,0.0,0.9,0.0,0.1,0.0,0.0,0.0,0.0,0.0,0.0,0.0,0.0,0.0,0.0,44.0,300.0,1.0,1,0.01,0.2,24000,0.0,0.0,0.0,231.96612017550774,0.3011658683567026
69b96144f753f624649ce49b,69b96144f753f624649ce49b,69b96144f753f624649ce49c,0.0,0.0,0.0,0.0,0.0,0.0,0.0,0.0,0.0,0.0,0.0,0.0,0.0,0.0,0.0,0.0,0.0,0.9,0.0,0.1,0.0,0.0,0.0,0.0,0.0,0.0,0.0,0.0,0.0,0.0,44.0,300.0,1.0,1,0.01,0.2,24000,0.0,0.0,0.0,237.97785134389534,0.37381970711335394
69b96144f753f624649ce49b,69b96144f753f624649ce49b,69b96144f753f624649ce49c,0.0,0.0,0.0,0.0,0.0,0.0,0.0,0.0,0.0,0.0,0.0,0.0,0.0,0.0,0.0,0.0,0.0,0.9,0.0,0.1,0.0,0.0,0.0,0.0,0.0,0.0,0.0,0.0,0.0,0.0,44.0,300.0,1.0,1,0.01,0.2,24000,0.0,0.0,0.0,244.00518247024513,0.45094286054456034
69b96144f753f624649ce49b,69b96144f753f624649ce49b,69b96144f753f624649ce49c,0.0,0.0,0.0,0.0,0.0,0.0,0.0,0.0,0.0,0.0,0.0,0.0,0.0,0.0,0.0,0.0,0.0,0.9,0.0,0.1,0.0,0.0,0.0,0.0,0.0,0.0,0.0,0.0,0.0,0.0,44.0,300.0,1.0,1,0.01,0.2,24000,0.0,0.0,0.0,253.94646094427367,0.5994468307247067
69b96144f753f624649ce49b,69b96144f753f624649ce49b,69b96144f753f624649ce49c,0.0,0.0,0.0,0.0,0.0,0.0,0.0,0.0,0.0,0.0,0.0,0.0,0.0,0.0,0.0,0.0,0.0,0.9,0.0,0.1,0.0,0.0,0.0,0.0,0.0,0.0,0.0,0.0,0.0,0.0,44.0,300.0,1.0,1,0.01,0.2,24000,0.0,0.0,0.0,263.95096030057016,0.7191933253349697
69b96144f753f624649ce49b,69b96144f753f624649ce49b,69b96144f753f624649ce49c,0.0,0.0,0.0,0.0,0.0,0.0,0.0,0.0,0.0,0.0,0.0,0.0,0.0,0.0,0.0,0.0,0.0,0.9,0.0,0.1,0.0,0.0,0.0,0.0,0.0,0.0,0.0,0.0,0.0,0.0,44.0,300.0,1.0,1,0.01,0.2,24000,0.0,0.0,0.0,272.9348939859699,0.8081491725356951
69b96144f753f624649ce49b,69b96144f753f624649ce49b,69b96144f753f624649ce49c,0.0,0.0,0.0,0.0,0.0,0.0,0.0,0.0,0.0,0.0,0.0,0.0,0.0,0.0,0.0,0.0,0.0,0.9,0.0,0.1,0.0,0.0,0.0,0.0,0.0,0.0,0.0,0.0,0.0,0.0,44.0,300.0,1.0,1,0.01,0.2,24000,0.0,0.0,0.0,282.9976879220199,0.8905201073368196
69b96144f753f624649ce49d,69b96144f753f624649ce49d,69b96145f753f624649ce49e,0.0,0.0,0.0,0.0,0.0,0.0,0.0,0.0,0.01,0.0,0.0,0.0,0.0,0.0,0.0,0.0,0.0,0.99,0.0,0.0,0.0,0.0,0.0,0.0,0.0,0.0,0.0,0.0,0.0,0.0,74.4,500.0,3.0,1,0.01,0.01,200000,100.0,0.0,1.0,99.87332447522598,0.014225651250487626
69b96144f753f624649ce49d,69b96144f753f624649ce49d,69b96145f753f624649ce49e,0.0,0.0,0.0,0.0,0.0,0.0,0.0,0.0,0.01,0.0,0.0,0.0,0.0,0.0,0.0,0.0,0.0,0.99,0.0,0.0,0.0,0.0,0.0,0.0,0.0,0.0,0.0,0.0,0.0,0.0,74.4,500.0,3.0,1,0.01,0.01,200000,100.0,0.0,1.0,109.91373672144465,0.04773958649386676
69b96144f753f624649ce49d,69b96144f753f624649ce49d,69b96145f753f624649ce49e,0.0,0.0,0.0,0.0,0.0,0.0,0.0,0.0,0.01,0.0,0.0,0.0,0.0,0.0,0.0,0.0,0.0,0.99,0.0,0.0,0.0,0.0,0.0,0.0,0.0,0.0,0.0,0.0,0.0,0.0,74.4,500.0,3.0,1,0.01,0.01,200000,100.0,0.0,1.0,120.24054580628282,0.1089246239868233
69b96144f753f624649ce49d,69b96144f753f624649ce49d,69b96145f753f624649ce49e,0.0,0.0,0.0,0.0,0.0,0.0,0.0,0.0,0.01,0.0,0.0,0.0,0.0,0.0,0.0,0.0,0.0,0.99,0.0,0.0,0.0,0.0,0.0,0.0,0.0,0.0,0.0,0.0,0.0,0.0,74.4,500.0,3.0,1,0.01,0.01,200000,100.0,0.0,1.0,129.86237805759606,0.16929478566165315
69b96144f753f624649ce49d,69b96144f753f624649ce49d,69b96145f753f624649ce49e,0.0,0.0,0.0,0.0,0.0,0.0,0.0,0.0,0.01,0.0,0.0,0.0,0.0,0.0,0.0,0.0,0.0,0.99,0.0,0.0,0.0,0.0,0.0,0.0,0.0,0.0,0.0,0.0,0.0,0.0,74.4,500.0,3.0,1,0.01,0.01,200000,100.0,0.0,1.0,140.01018911829703,0.25055697629058127
69b96144f753f624649ce49d,69b96144f753f624649ce49d,69b96145f753f624649ce49e,0.0,0.0,0.0,0.0,0.0,0.0,0.0,0.0,0.01,0.0,0.0,0.0,0.0,0.0,0.0,0.0,0.0,0.99,0.0,0.0,0.0,0.0,0.0,0.0,0.0,0.0,0.0,0.0,0.0,0.0,74.4,500.0,3.0,1,0.01,0.01,200000,100.0,0.0,1.0,149.8660957088666,0.297507693641368
69b96144f753f624649ce49d,69b96144f753f624649ce49d,69b96145f753f624649ce49e,0.0,0.0,0.0,0.0,0.0,0.0,0.0,0.0,0.01,0.0,0.0,0.0,0.0,0.0,0.0,0.0,0.0,0.99,0.0,0.0,0.0,0.0,0.0,0.0,0.0,0.0,0.0,0.0,0.0,0.0,74.4,500.0,3.0,1,0.01,0.01,200000,100.0,0.0,1.0,160.13507466282968,0.36072125178795894
69b96144f753f624649ce49d,69b96144f753f624649ce49d,69b96145f753f624649ce49e,0.0,0.0,0.0,0.0,0.0,0.0,0.0,0.0,0.01,0.0,0.0,0.0,0.0,0.0,0.0,0.0,0.0,0.99,0.0,0.0,0.0,0.0,0.0,0.0,0.0,0.0,0.0,0.0,0.0,0.0,74.4,500.0,3.0,1,0.01,0.01,200000,100.0,0.0,1.0,169.7706759929227,0.4176758701400026
69b96144f753f624649ce49d,69b96144f753f624649ce49d,69b96145f753f624649ce49e,0.0,0.0,0.0,0.0,0.0,0.0,0.0,0.0,0.01,0.0,0.0,0.0,0.0,0.0,0.0,0.0,0.0,0.99,0.0,0.0,0.0,0.0,0.0,0.0,0.0,0.0,0.0,0.0,0.0,0.0,74.4,500.0,3.0,1,0.01,0.01,200000,100.0,0.0,1.0,180.04791639415365,0.4757140999523211
69b96144f753f624649ce49d,69b96144f753f624649ce49d,69b96145f753f624649ce49e,0.0,0.0,0.0,0.0,0.0,0.0,0.0,0.0,0.01,0.0,0.0,0.0,0.0,0.0,0.0,0.0,0.0,0.99,0.0,0.0,0.0,0.0,0.0,0.0,0.0,0.0,0.0,0.0,0.0,0.0,74.4,500.0,3.0,1,0.01,0.01,200000,100.0,0.0,1.0,189.724824960586,0.5122881539595163
69b96144f753f624649ce49d,69b96144f753f624649ce49d,69b96145f753f624649ce49e,0.0,0.0,0.0,0.0,0.0,0.0,0.0,0.0,0.01,0.0,0.0,0.0,0.0,0.0,0.0,0.0,0.0,0.99,0.0,0.0,0.0,0.0,0.0,0.0,0.0,0.0,0.0,0.0,0.0,0.0,74.4,500.0,3.0,1,0.01,0.01,200000,100.0,0.0,1.0,209.81941853180314,0.5994191842572928
69b96144f753f624649ce49d,69b96144f753f624649ce49d,69b96145f753f624649ce49e,0.0,0.0,0.0,0.0,0.0,0.0,0.0,0.0,0.01,0.0,0.0,0.0,0.0,0.0,0.0,0.0,0.0,0.99,0.0,0.0,0.0,0.0,0.0,0.0,0.0,0.0,0.0,0.0,0.0,0.0,74.4,500.0,3.0,1,0.01,0.01,200000,100.0,0.0,1.0,229.54224697596607,0.6674699839625504
69b96144f753f624649ce49d,69b96144f753f624649ce49d,69b96145f753f624649ce49e,0.0,0.0,0.0,0.0,0.0,0.0,0.0,0.0,0.01,0.0,0.0,0.0,0.0,0.0,0.0,0.0,0.0,0.99,0.0,0.0,0.0,0.0,0.0,0.0,0.0,0.0,0.0,0.0,0.0,0.0,74.4,500.0,3.0,1,0.01,0.01,200000,100.0,0.0,1.0,249.76902370346912,0.7234710242295523
69b96144f753f624649ce49d,69b96144f753f624649ce49d,69b96145f753f624649ce49e,0.0,0.0,0.0,0.0,0.0,0.0,0.0,0.0,0.01,0.0,0.0,0.0,0.0,0.0,0.0,0.0,0.0,0.99,0.0,0.0,0.0,0.0,0.0,0.0,0.0,0.0,0.0,0.0,0.0,0.0,74.4,500.0,3.0,1,0.01,0.01,200000,100.0,0.0,1.0,269.9242012213173,0.7822547787265398
69b96144f753f624649ce49d,69b96144f753f624649ce49d,69b96145f753f624649ce49e,0.0,0.0,0.0,0.0,0.0,0.0,0.0,0.0,0.01,0.0,0.0,0.0,0.0,0.0,0.0,0.0,0.0,0.99,0.0,0.0,0.0,0.0,0.0,0.0,0.0,0.0,0.0,0.0,0.0,0.0,74.4,500.0,3.0,1,0.01,0.01,200000,100.0,0.0,1.0,289.6883369018196,0.834996315721035
69b96144f753f624649ce49d,69b96144f753f624649ce49d,69b96145f753f624649ce49e,0.0,0.0,0.0,0.0,0.0,0.0,0.0,0.0,0.01,0.0,0.0,0.0,0.0,0.0,0.0,0.0,0.0,0.99,0.0,0.0,0.0,0.0,0.0,0.0,0.0,0.0,0.0,0.0,0.0,0.0,74.4,500.0,3.0,1,0.01,0.01,200000,100.0,0.0,1.0,309.890329287519,0.9133370898530623
69b96144f753f624649ce49d,69b96144f753f624649ce49d,69b96145f753f624649ce49e,0.0,0.0,0.0,0.0,0.0,0.0,0.0,0.0,0.01,0.0,0.0,0.0,0.0,0.0,0.0,0.0,0.0,0.99,0.0,0.0,0.0,0.0,0.0,0.0,0.0,0.0,0.0,0.0,0.0,0.0,74.4,500.0,3.0,1,0.01,0.01,200000,100.0,0.0,1.0,340.3144857593303,0.9429240171644055
69b96144f753f624649ce49d,69b96144f753f624649ce49d,69b96145f753f624649ce49e,0.0,0.0,0.0,0.0,0.0,0.0,0.0,0.0,0.01,0.0,0.0,0.0,0.0,0.0,0.0,0.0,0.0,0.99,0.0,0.0,0.0,0.0,0.0,0.0,0.0,0.0,0.0,0.0,0.0,0.0,74.4,500.0,3.0,1,0.01,0.01,200000,100.0,0.0,1.0,259.666237530378,0.7532833427246327
69b96144f753f624649ce49d,69b96144f753f624649ce49d,69b96145f753f624649ce49e,0.0,0.0,0.0,0.0,0.0,0.0,0.0,0.0,0.01,0.0,0.0,0.0,0.0,0.0,0.0,0.0,0.0,0.99,0.0,0.0,0.0,0.0,0.0,0.0,0.0,0.0,0.0,0.0,0.0,0.0,74.4,500.0,3.0,1,0.01,0.01,200000,100.0,0.0,1.0,279.7277853125237,0.8041437302240909
69b96144f753f624649ce49d,69b96144f753f624649ce49d,69b96145f753f624649ce49e,0.0,0.0,0.0,0.0,0.0,0.0,0.0,0.0,0.01,0.0,0.0,0.0,0.0,0.0,0.0,0.0,0.0,0.99,0.0,0.0,0.0,0.0,0.0,0.0,0.0,0.0,0.0,0.0,0.0,0.0,74.4,500.0,3.0,1,0.01,0.01,200000,100.0,0.0,1.0,219.96447577674815,0.6381777989684019
69b96145f753f624649ce49f,69b96145f753f624649ce49f,69b96145f753f624649ce4a0,0.0,0.0,0.0,0.0,0.0,0.0,0.0,0.0,0.1,0.0,0.0,0.0,0.0,0.0,0.0,0.0,0.0,0.9,0.0,0.0,0.0,0.0,0.0,0.0,0.0,0.0,0.0,0.0,0.0,0.0,71.9,500.0,3.0,1,0.01,0.01,200000,100.0,0.0,1.0,40.14856836003387,0.011451605912184129
69b96145f753f624649ce49f,69b96145f753f624649ce49f,69b96145f753f624649ce4a0,0.0,0.0,0.0,0.0,0.0,0.0,0.0,0.0,0.1,0.0,0.0,0.0,0.0,0.0,0.0,0.0,0.0,0.9,0.0,0.0,0.0,0.0,0.0,0.0,0.0,0.0,0.0,0.0,0.0,0.0,71.9,500.0,3.0,1,0.01,0.01,200000,100.0,0.0,1.0,50.164196264448925,0.03106063889731698
69b96145f753f624649ce49f,69b96145f753f624649ce49f,69b96145f753f624649ce4a0,0.0,0.0,0.0,0.0,0.0,0.0,0.0,0.0,0.1,0.0,0.0,0.0,0.0,0.0,0.0,0.0,0.0,0.9,0.0,0.0,0.0,0.0,0.0,0.0,0.0,0.0,0.0,0.0,0.0,0.0,71.9,500.0,3.0,1,0.01,0.01,200000,100.0,0.0,1.0,59.92647311931595,0.17944605782150752
69b96145f753f624649ce49f,69b96145f753f624649ce49f,69b96145f753f624649ce4a0,0.0,0.0,0.0,0.0,0.0,0.0,0.0,0.0,0.1,0.0,0.0,0.0,0.0,0.0,0.0,0.0,0.0,0.9,0.0,0.0,0.0,0.0,0.0,0.0,0.0,0.0,0.0,0.0,0.0,0.0,71.9,500.0,3.0,1,0.01,0.01,200000,100.0,0.0,1.0,69.87325562983209,0.6309132677387196
69b96145f753f624649ce49f,69b96145f753f624649ce49f,69b96145f753f624649ce4a0,0.0,0.0,0.0,0.0,0.0,0.0,0.0,0.0,0.1,0.0,0.0,0.0,0.0,0.0,0.0,0.0,0.0,0.9,0.0,0.0,0.0,0.0,0.0,0.0,0.0,0.0,0.0,0.0,0.0,0.0,71.9,500.0,3.0,1,0.01,0.01,200000,100.0,0.0,1.0,79.74568511493739,0.7323046248537125
69b96145f753f624649ce49f,69b96145f753f624649ce49f,69b96145f753f624649ce4a0,0.0,0.0,0.0,0.0,0.0,0.0,0.0,0.0,0.1,0.0,0.0,0.0,0.0,0.0,0.0,0.0,0.0,0.9,0.0,0.0,0.0,0.0,0.0,0.0,0.0,0.0,0.0,0.0,0.0,0.0,71.9,500.0,3.0,1,0.01,0.01,200000,100.0,0.0,1.0,89.63188367882248,0.825035759178189
69b96145f753f624649ce49f,69b96145f753f624649ce49f,69b96145f753f624649ce4a0,0.0,0.0,0.0,0.0,0.0,0.0,0.0,0.0,0.1,0.0,0.0,0.0,0.0,0.0,0.0,0.0,0.0,0.9,0.0,0.0,0.0,0.0,0.0,0.0,0.0,0.0,0.0,0.0,0.0,0.0,71.9,500.0,3.0,1,0.01,0.01,200000,100.0,0.0,1.0,99.97521565819639,0.9019981795327467
69b96145f753f624649ce49f,69b96145f753f624649ce49f,69b96145f753f624649ce4a0,0.0,0.0,0.0,0.0,0.0,0.0,0.0,0.0,0.1,0.0,0.0,0.0,0.0,0.0,0.0,0.0,0.0,0.9,0.0,0.0,0.0,0.0,0.0,0.0,0.0,0.0,0.0,0.0,0.0,0.0,71.9,500.0,3.0,1,0.01,0.01,200000,100.0,0.0,1.0,120.14416225482434,0.9431320705647783
69b96145f753f624649ce49f,69b96145f753f624649ce49f,69b96145f753f624649ce4a0,0.0,0.0,0.0,0.0,0.0,0.0,0.0,0.0,0.1,0.0,0.0,0.0,0.0,0.0,0.0,0.0,0.0,0.9,0.0,0.0,0.0,0.0,0.0,0.0,0.0,0.0,0.0,0.0,0.0,0.0,71.9,500.0,3.0,1,0.01,0.01,200000,100.0,0.0,1.0,139.45667215134972,0.964440206319622
69b96145f753f624649ce49f,69b96145f753f624649ce49f,69b96145f753f624649ce4a0,0.0,0.0,0.0,0.0,0.0,0.0,0.0,0.0,0.1,0.0,0.0,0.0,0.0,0.0,0.0,0.0,0.0,0.9,0.0,0.0,0.0,0.0,0.0,0.0,0.0,0.0,0.0,0.0,0.0,0.0,71.9,500.0,3.0,1,0.01,0.01,200000,100.0,0.0,1.0,159.5732962486145,0.997329981361883
69b96146f753f624649ce4a1,69b96146f753f624649ce4a1,69b96146f753f624649ce4a2,0.0,0.0,0.0,0.0,0.0,0.0,0.0,0.0,0.01,0.0,0.0,0.0,0.0,0.0,0.0,0.0,0.0,0.79,0.0,0.0,0.2,0.0,0.0,0.0,0.0,0.0,0.0,0.0,0.0,0.0,79.6,500.0,3.0,1,0.01,0.01,200000,100.0,0.0,1.0,159.5067687527741,0.011290846044787592
69b96146f753f624649ce4a1,69b96146f753f624649ce4a1,69b96146f753f624649ce4a2,0.0,0.0,0.0,0.0,0.0,0.0,0.0,0.0,0.01,0.0,0.0,0.0,0.0,0.0,0.0,0.0,0.0,0.79,0.0,0.0,0.2,0.0,0.0,0.0,0.0,0.0,0.0,0.0,0.0,0.0,79.6,500.0,3.0,1,0.01,0.01,200000,100.0,0.0,1.0,169.7708610741234,0.0336931827887194
69b96146f753f624649ce4a1,69b96146f753f624649ce4a1,69b96146f753f624649ce4a2,0.0,0.0,0.0,0.0,0.0,0.0,0.0,0.0,0.01,0.0,0.0,0.0,0.0,0.0,0.0,0.0,0.0,0.79,0.0,0.0,0.2,0.0,0.0,0.0,0.0,0.0,0.0,0.0,0.0,0.0,79.6,500.0,3.0,1,0.01,0.01,200000,100.0,0.0,1.0,179.89902352418997,0.07888218916010453
69b96146f753f624649ce4a1,69b96146f753f624649ce4a1,69b96146f753f624649ce4a2,0.0,0.0,0.0,0.0,0.0,0.0,0.0,0.0,0.01,0.0,0.0,0.0,0.0,0.0,0.0,0.0,0.0,0.79,0.0,0.0,0.2,0.0,0.0,0.0,0.0,0.0,0.0,0.0,0.0,0.0,79.6,500.0,3.0,1,0.01,0.01,200000,100.0,0.0,1.0,190.08266755437194,0.1328766889295048
69b96146f753f624649ce4a1,69b96146f753f624649ce4a1,69b96146f753f624649ce4a2,0.0,0.0,0.0,0.0,0.0,0.0,0.0,0.0,0.01,0.0,0.0,0.0,0.0,0.0,0.0,0.0,0.0,0.79,0.0,0.0,0.2,0.0,0.0,0.0,0.0,0.0,0.0,0.0,0.0,0.0,79.6,500.0,3.0,1,0.01,0.01,200000,100.0,0.0,1.0,199.758655126498,0.20214201527082656
69b96146f753f624649ce4a1,69b96146f753f624649ce4a1,69b96146f753f624649ce4a2,0.0,0.0,0.0,0.0,0.0,0.0,0.0,0.0,0.01,0.0,0.0,0.0,0.0,0.0,0.0,0.0,0.0,0.79,0.0,0.0,0.2,0.0,0.0,0.0,0.0,0.0,0.0,0.0,0.0,0.0,79.6,500.0,3.0,1,0.01,0.01,200000,100.0,0.0,1.0,209.74811362627608,0.2745161676033001
69b96146f753f624649ce4a1,69b96146f753f624649ce4a1,69b96146f753f624649ce4a2,0.0,0.0,0.0,0.0,0.0,0.0,0.0,0.0,0.01,0.0,0.0,0.0,0.0,0.0,0.0,0.0,0.0,0.79,0.0,0.0,0.2,0.0,0.0,0.0,0.0,0.0,0.0,0.0,0.0,0.0,79.6,500.0,3.0,1,0.01,0.01,200000,100.0,0.0,1.0,219.99833555259653,0.3442597748663376
69b96146f753f624649ce4a1,69b96146f753f624649ce4a1,69b96146f753f624649ce4a2,0.0,0.0,0.0,0.0,0.0,0.0,0.0,0.0,0.01,0.0,0.0,0.0,0.0,0.0,0.0,0.0,0.0,0.79,0.0,0.0,0.2,0.0,0.0,0.0,0.0,0.0,0.0,0.0,0.0,0.0,79.6,500.0,3.0,1,0.01,0.01,200000,100.0,0.0,1.0,230.1292720816689,0.44055651401533913
69b96146f753f624649ce4a1,69b96146f753f624649ce4a1,69b96146f753f624649ce4a2,0.0,0.0,0.0,0.0,0.0,0.0,0.0,0.0,0.01,0.0,0.0,0.0,0.0,0.0,0.0,0.0,0.0,0.79,0.0,0.0,0.2,0.0,0.0,0.0,0.0,0.0,0.0,0.0,0.0,0.0,79.6,500.0,3.0,1,0.01,0.01,200000,100.0,0.0,1.0,239.83022636484688,0.511675178928309
69b96146f753f624649ce4a1,69b96146f753f624649ce4a1,69b96146f753f624649ce4a2,0.0,0.0,0.0,0.0,0.0,0.0,0.0,0.0,0.01,0.0,0.0,0.0,0.0,0.0,0.0,0.0,0.0,0.79,0.0,0.0,0.2,0.0,0.0,0.0,0.0,0.0,0.0,0.0,0.0,0.0,79.6,500.0,3.0,1,0.01,0.01,200000,100.0,0.0,1.0,249.7614292055038,0.6100643971098166
69b96146f753f624649ce4a1,69b96146f753f624649ce4a1,69b96146f753f624649ce4a2,0.0,0.0,0.0,0.0,0.0,0.0,0.0,0.0,0.01,0.0,0.0,0.0,0.0,0.0,0.0,0.0,0.0,0.79,0.0,0.0,0.2,0.0,0.0,0.0,0.0,0.0,0.0,0.0,0.0,0.0,79.6,500.0,3.0,1,0.01,0.01,200000,100.0,0.0,1.0,269.9678206835331,0.7106144201697897
69b96146f753f624649ce4a1,69b96146f753f624649ce4a1,69b96146f753f624649ce4a2,0.0,0.0,0.0,0.0,0.0,0.0,0.0,0.0,0.01,0.0,0.0,0.0,0.0,0.0,0.0,0.0,0.0,0.79,0.0,0.0,0.2,0.0,0.0,0.0,0.0,0.0,0.0,0.0,0.0,0.0,79.6,500.0,3.0,1,0.01,0.01,200000,100.0,0.0,1.0,280.35119840213054,0.7574774097671796
69b96146f753f624649ce4a1,69b96146f753f624649ce4a1,69b96146f753f624649ce4a2,0.0,0.0,0.0,0.0,0.0,0.0,0.0,0.0,0.01,0.0,0.0,0.0,0.0,0.0,0.0,0.0,0.0,0.79,0.0,0.0,0.2,0.0,0.0,0.0,0.0,0.0,0.0,0.0,0.0,0.0,79.6,500.0,3.0,1,0.01,0.01,200000,100.0,0.0,1.0,299.1871948513094,0.8326529217839878
69b96146f753f624649ce4a1,69b96146f753f624649ce4a1,69b96146f753f624649ce4a2,0.0,0.0,0.0,0.0,0.0,0.0,0.0,0.0,0.01,0.0,0.0,0.0,0.0,0.0,0.0,0.0,0.0,0.79,0.0,0.0,0.2,0.0,0.0,0.0,0.0,0.0,0.0,0.0,0.0,0.0,79.6,500.0,3.0,1,0.01,0.01,200000,100.0,0.0,1.0,320.3783843763871,0.881471738721965
69b96146f753f624649ce4a1,69b96146f753f624649ce4a1,69b96146f753f624649ce4a2,0.0,0.0,0.0,0.0,0.0,0.0,0.0,0.0,0.01,0.0,0.0,0.0,0.0,0.0,0.0,0.0,0.0,0.79,0.0,0.0,0.2,0.0,0.0,0.0,0.0,0.0,0.0,0.0,0.0,0.0,79.6,500.0,3.0,1,0.01,0.01,200000,100.0,0.0,1.0,340.6152907234798,0.9180089848487437
69b96146f753f624649ce4a1,69b96146f753f624649ce4a1,69b96146f753f624649ce4a2,0.0,0.0,0.0,0.0,0.0,0.0,0.0,0.0,0.01,0.0,0.0,0.0,0.0,0.0,0.0,0.0,0.0,0.79,0.0,0.0,0.2,0.0,0.0,0.0,0.0,0.0,0.0,0.0,0.0,0.0,79.6,500.0,3.0,1,0.01,0.01,200000,100.0,0.0,1.0,370.3284509542832,0.9800232307876261
69b96146f753f624649ce4a3,69b96146f753f624649ce4a3,69b96147f753f624649ce4a4,0.0,0.0,0.0,0.0,0.0,0.0,0.0,0.0,0.01,0.0,0.0,0.0,0.0,0.0,0.0,0.0,0.2,0.79,0.0,0.0,0.0,0.0,0.0,0.0,0.0,0.0,0.0,0.0,0.0,0.0,91.9,500.0,3.0,1,0.01,0.01,200000,100.0,0.0,1.0,170.01498002663118,0.011376253352236815
69b96146f753f624649ce4a3,69b96146f753f624649ce4a3,69b96147f753f624649ce4a4,0.0,0.0,0.0,0.0,0.0,0.0,0.0,0.0,0.01,0.0,0.0,0.0,0.0,0.0,0.0,0.0,0.2,0.79,0.0,0.0,0.0,0.0,0.0,0.0,0.0,0.0,0.0,0.0,0.0,0.0,91.9,500.0,3.0,1,0.01,0.01,200000,100.0,0.0,1.0,180.3789391921882,0.03314657602104436
69b96146f753f624649ce4a3,69b96146f753f624649ce4a3,69b96147f753f624649ce4a4,0.0,0.0,0.0,0.0,0.0,0.0,0.0,0.0,0.01,0.0,0.0,0.0,0.0,0.0,0.0,0.0,0.2,0.79,0.0,0.0,0.0,0.0,0.0,0.0,0.0,0.0,0.0,0.0,0.0,0.0,91.9,500.0,3.0,1,0.01,0.01,200000,100.0,0.0,1.0,190.2546604527297,0.061510342824932104
69b96146f753f624649ce4a3,69b96146f753f624649ce4a3,69b96147f753f624649ce4a4,0.0,0.0,0.0,0.0,0.0,0.0,0.0,0.0,0.01,0.0,0.0,0.0,0.0,0.0,0.0,0.0,0.2,0.79,0.0,0.0,0.0,0.0,0.0,0.0,0.0,0.0,0.0,0.0,0.0,0.0,91.9,500.0,3.0,1,0.01,0.01,200000,100.0,0.0,1.0,199.83078118064805,0.11939941581401704
69b96146f753f624649ce4a3,69b96146f753f624649ce4a3,69b96147f753f624649ce4a4,0.0,0.0,0.0,0.0,0.0,0.0,0.0,0.0,0.01,0.0,0.0,0.0,0.0,0.0,0.0,0.0,0.2,0.79,0.0,0.0,0.0,0.0,0.0,0.0,0.0,0.0,0.0,0.0,0.0,0.0,91.9,500.0,3.0,1,0.01,0.01,200000,100.0,0.0,1.0,209.91733244562806,0.17784363630152197
69b96146f753f624649ce4a3,69b96146f753f624649ce4a3,69b96147f753f624649ce4a4,0.0,0.0,0.0,0.0,0.0,0.0,0.0,0.0,0.01,0.0,0.0,0.0,0.0,0.0,0.0,0.0,0.2,0.79,0.0,0.0,0.0,0.0,0.0,0.0,0.0,0.0,0.0,0.0,0.0,0.0,91.9,500.0,3.0,1,0.01,0.01,200000,100.0,0.0,1.0,220.16755437194854,0.2875834856430316
69b96146f753f624649ce4a3,69b96146f753f624649ce4a3,69b96147f753f624649ce4a4,0.0,0.0,0.0,0.0,0.0,0.0,0.0,0.0,0.01,0.0,0.0,0.0,0.0,0.0,0.0,0.0,0.2,0.79,0.0,0.0,0.0,0.0,0.0,0.0,0.0,0.0,0.0,0.0,0.0,0.0,91.9,500.0,3.0,1,0.01,0.01,200000,100.0,0.0,1.0,229.90457168220152,0.35344106041712925
69b96146f753f624649ce4a3,69b96146f753f624649ce4a3,69b96147f753f624649ce4a4,0.0,0.0,0.0,0.0,0.0,0.0,0.0,0.0,0.01,0.0,0.0,0.0,0.0,0.0,0.0,0.0,0.2,0.79,0.0,0.0,0.0,0.0,0.0,0.0,0.0,0.0,0.0,0.0,0.0,0.0,91.9,500.0,3.0,1,0.01,0.01,200000,100.0,0.0,1.0,239.99112294718154,0.4496011478742121
69b96146f753f624649ce4a3,69b96146f753f624649ce4a3,69b96147f753f624649ce4a4,0.0,0.0,0.0,0.0,0.0,0.0,0.0,0.0,0.01,0.0,0.0,0.0,0.0,0.0,0.0,0.0,0.2,0.79,0.0,0.0,0.0,0.0,0.0,0.0,0.0,0.0,0.0,0.0,0.0,0.0,91.9,500.0,3.0,1,0.01,0.01,200000,100.0,0.0,1.0,250.02774079005772,0.5495362383205507
69b96146f753f624649ce4a3,69b96146f753f624649ce4a3,69b96147f753f624649ce4a4,0.0,0.0,0.0,0.0,0.0,0.0,0.0,0.0,0.01,0.0,0.0,0.0,0.0,0.0,0.0,0.0,0.2,0.79,0.0,0.0,0.0,0.0,0.0,0.0,0.0,0.0,0.0,0.0,0.0,0.0,91.9,500.0,3.0,1,0.01,0.01,200000,100.0,0.0,1.0,260.0810031069685,0.6399227917940659
69b96146f753f624649ce4a3,69b96146f753f624649ce4a3,69b96147f753f624649ce4a4,0.0,0.0,0.0,0.0,0.0,0.0,0.0,0.0,0.01,0.0,0.0,0.0,0.0,0.0,0.0,0.0,0.2,0.79,0.0,0.0,0.0,0.0,0.0,0.0,0.0,0.0,0.0,0.0,0.0,0.0,91.9,500.0,3.0,1,0.01,0.01,200000,100.0,0.0,1.0,269.5933200177541,0.6920127086073484
69b96146f753f624649ce4a3,69b96146f753f624649ce4a3,69b96147f753f624649ce4a4,0.0,0.0,0.0,0.0,0.0,0.0,0.0,0.0,0.01,0.0,0.0,0.0,0.0,0.0,0.0,0.0,0.2,0.79,0.0,0.0,0.0,0.0,0.0,0.0,0.0,0.0,0.0,0.0,0.0,0.0,91.9,500.0,3.0,1,0.01,0.01,200000,100.0,0.0,1.0,289.81358189081226,0.7848504518046563
69b96146f753f624649ce4a3,69b96146f753f624649ce4a3,69b96147f753f624649ce4a4,0.0,0.0,0.0,0.0,0.0,0.0,0.0,0.0,0.01,0.0,0.0,0.0,0.0,0.0,0.0,0.0,0.2,0.79,0.0,0.0,0.0,0.0,0.0,0.0,0.0,0.0,0.0,0.0,0.0,0.0,91.9,500.0,3.0,1,0.01,0.01,200000,100.0,0.0,1.0,309.7342432312472,0.8756469603539279
69b96146f753f624649ce4a3,69b96146f753f624649ce4a3,69b96147f753f624649ce4a4,0.0,0.0,0.0,0.0,0.0,0.0,0.0,0.0,0.01,0.0,0.0,0.0,0.0,0.0,0.0,0.0,0.2,0.79,0.0,0.0,0.0,0.0,0.0,0.0,0.0,0.0,0.0,0.0,0.0,0.0,91.9,500.0,3.0,1,0.01,0.01,200000,100.0,0.0,1.0,340.6263870395029,0.9371316809866252
69b96146f753f624649ce4a3,69b96146f753f624649ce4a3,69b96147f753f624649ce4a4,0.0,0.0,0.0,0.0,0.0,0.0,0.0,0.0,0.01,0.0,0.0,0.0,0.0,0.0,0.0,0.0,0.2,0.79,0.0,0.0,0.0,0.0,0.0,0.0,0.0,0.0,0.0,0.0,0.0,0.0,91.9,500.0,3.0,1,0.01,0.01,200000,100.0,0.0,1.0,370.2285841100755,0.9807577336316895
69b96147f753f624649ce4a5,69b96147f753f624649ce4a5,69b96147f753f624649ce4a6,0.0,0.0,0.0,0.0,0.0,0.0,0.0,0.0,0.0,0.0,0.0,0.0,0.0,0.0,0.0,0.0,0.01,0.99,0.0,0.0,0.0,0.0,0.0,0.0,0.0,0.0,0.0,0.0,0.0,0.0,28.0,650.0,4.0,1,0.02,0.16,40000,0.0,0.0,0.0,264.84581914491105,0.11719322773695248
69b96147f753f624649ce4a5,69b96147f753f624649ce4a5,69b96147f753f624649ce4a6,0.0,0.0,0.0,0.0,0.0,0.0,0.0,0.0,0.0,0.0,0.0,0.0,0.0,0.0,0.0,0.0,0.01,0.99,0.0,0.0,0.0,0.0,0.0,0.0,0.0,0.0,0.0,0.0,0.0,0.0,28.0,650.0,4.0,1,0.02,0.16,40000,0.0,0.0,0.0,363.49082482028,0.503793626707132
69b96147f753f624649ce4a5,69b96147f753f624649ce4a5,69b96147f753f624649ce4a6,0.0,0.0,0.0,0.0,0.0,0.0,0.0,0.0,0.0,0.0,0.0,0.0,0.0,0.0,0.0,0.0,0.01,0.99,0.0,0.0,0.0,0.0,0.0,0.0,0.0,0.0,0.0,0.0,0.0,0.0,28.0,650.0,4.0,1,0.02,0.16,40000,0.0,0.0,0.0,452.9291209484172,0.9080322586145164
69b96147f753f624649ce4a5,69b96147f753f624649ce4a5,69b96147f753f624649ce4a6,0.0,0.0,0.0,0.0,0.0,0.0,0.0,0.0,0.0,0.0,0.0,0.0,0.0,0.0,0.0,0.0,0.01,0.99,0.0,0.0,0.0,0.0,0.0,0.0,0.0,0.0,0.0,0.0,0.0,0.0,28.0,650.0,4.0,1,0.02,0.16,40000,0.0,0.0,0.0,216.76283263967713,0.019778008900104005
69b96149f753f624649ce4ab,69b96149f753f624649ce4ab,69b96149f753f624649ce4ac,0.0,0.0,0.0,0.0,0.0,0.0,0.0,0.0,0.0,0.0,0.0,0.0,0.0,0.0,0.0,0.0,0.0,0.99,0.0,0.0,0.0,0.0,0.01,0.0,0.0,0.0,0.0,0.0,0.0,0.0,28.0,650.0,4.0,1,0.02,0.16,40000,0.0,0.0,0.0,316.152730483037,0.044244769910146454
69b96149f753f624649ce4ab,69b96149f753f624649ce4ab,69b96149f753f624649ce4ac,0.0,0.0,0.0,0.0,0.0,0.0,0.0,0.0,0.0,0.0,0.0,0.0,0.0,0.0,0.0,0.0,0.0,0.99,0.0,0.0,0.0,0.0,0.01,0.0,0.0,0.0,0.0,0.0,0.0,0.0,28.0,650.0,4.0,1,0.02,0.16,40000,0.0,0.0,0.0,363.1242905788876,0.11372355117559803
69b96149f753f624649ce4ab,69b96149f753f624649ce4ab,69b96149f753f624649ce4ac,0.0,0.0,0.0,0.0,0.0,0.0,0.0,0.0,0.0,0.0,0.0,0.0,0.0,0.0,0.0,0.0,0.0,0.99,0.0,0.0,0.0,0.0,0.01,0.0,0.0,0.0,0.0,0.0,0.0,0.0,28.0,650.0,4.0,1,0.02,0.16,40000,0.0,0.0,0.0,413.13059654433096,0.29828135922661164
69b96149f753f624649ce4ab,69b96149f753f624649ce4ab,69b96149f753f624649ce4ac,0.0,0.0,0.0,0.0,0.0,0.0,0.0,0.0,0.0,0.0,0.0,0.0,0.0,0.0,0.0,0.0,0.0,0.99,0.0,0.0,0.0,0.0,0.01,0.0,0.0,0.0,0.0,0.0,0.0,0.0,28.0,650.0,4.0,1,0.02,0.16,40000,0.0,0.0,0.0,462.7940156387943,0.7020681659306746
69b96149f753f624649ce4ab,69b96149f753f624649ce4ab,69b96149f753f624649ce4ac,0.0,0.0,0.0,0.0,0.0,0.0,0.0,0.0,0.0,0.0,0.0,0.0,0.0,0.0,0.0,0.0,0.0,0.99,0.0,0.0,0.0,0.0,0.01,0.0,0.0,0.0,0.0,0.0,0.0,0.0,28.0,650.0,4.0,1,0.02,0.16,40000,0.0,0.0,0.0,506.78206583427925,0.9562582053161924
69b9614af753f624649ce4ad,69b9614af753f624649ce4ad,69b9614af753f624649ce4ae,0.0,0.0,0.0,0.0,0.0,0.0,0.0,0.0,0.0,0.0,0.0,0.0,0.0,0.2,0.0,0.0,0.0,0.8,0.0,0.0,0.0,0.0,0.0,0.0,0.0,0.0,0.0,0.0,0.0,0.0,239.0,400.0,4.0,1,0.1,0.18,10980,0.0,0.0,0.0,180.04751937545964,0.013639017554785724
69b9614af753f624649ce4ad,69b9614af753f624649ce4ad,69b9614af753f624649ce4ae,0.0,0.0,0.0,0.0,0.0,0.0,0.0,0.0,0.0,0.0,0.0,0.0,0.0,0.2,0.0,0.0,0.0,0.8,0.0,0.0,0.0,0.0,0.0,0.0,0.0,0.0,0.0,0.0,0.0,0.0,239.0,400.0,4.0,1,0.1,0.18,10980,0.0,0.0,0.0,190.04016518640043,0.04092483749172862
69b9614af753f624649ce4ad,69b9614af753f624649ce4ad,69b9614af753f624649ce4ae,0.0,0.0,0.0,0.0,0.0,0.0,0.0,0.0,0.0,0.0,0.0,0.0,0.0,0.2,0.0,0.0,0.0,0.8,0.0,0.0,0.0,0.0,0.0,0.0,0.0,0.0,0.0,0.0,0.0,0.0,239.0,400.0,4.0,1,0.1,0.18,10980,0.0,0.0,0.0,199.99208010409006,0.05389435989256938
69b9614af753f624649ce4ad,69b9614af753f624649ce4ad,69b9614af753f624649ce4ae,0.0,0.0,0.0,0.0,0.0,0.0,0.0,0.0,0.0,0.0,0.0,0.0,0.0,0.2,0.0,0.0,0.0,0.8,0.0,0.0,0.0,0.0,0.0,0.0,0.0,0.0,0.0,0.0,0.0,0.0,239.0,400.0,4.0,1,0.1,0.18,10980,0.0,0.0,0.0,210.0220625671777,0.07612782686543924
69b9614af753f624649ce4ad,69b9614af753f624649ce4ad,69b9614af753f624649ce4ae,0.0,0.0,0.0,0.0,0.0,0.0,0.0,0.0,0.0,0.0,0.0,0.0,0.0,0.2,0.0,0.0,0.0,0.8,0.0,0.0,0.0,0.0,0.0,0.0,0.0,0.0,0.0,0.0,0.0,0.0,239.0,400.0,4.0,1,0.1,0.18,10980,0.0,0.0,0.0,220.07806754539797,0.10991397765754543
69b9614af753f624649ce4ad,69b9614af753f624649ce4ad,69b9614af753f624649ce4ae,0.0,0.0,0.0,0.0,0.0,0.0,0.0,0.0,0.0,0.0,0.0,0.0,0.0,0.2,0.0,0.0,0.0,0.8,0.0,0.0,0.0,0.0,0.0,0.0,0.0,0.0,0.0,0.0,0.0,0.0,239.0,400.0,4.0,1,0.1,0.18,10980,0.0,0.0,0.0,230.07184477004017,0.14542057529874275
69b9614af753f624649ce4ad,69b9614af753f624649ce4ad,69b9614af753f624649ce4ae,0.0,0.0,0.0,0.0,0.0,0.0,0.0,0.0,0.0,0.0,0.0,0.0,0.0,0.2,0.0,0.0,0.0,0.8,0.0,0.0,0.0,0.0,0.0,0.0,0.0,0.0,0.0,0.0,0.0,0.0,239.0,400.0,4.0,1,0.1,0.18,10980,0.0,0.0,0.0,240.06109633987668,0.17938577712039236
69b9614af753f624649ce4ad,69b9614af753f624649ce4ad,69b9614af753f624649ce4ae,0.0,0.0,0.0,0.0,0.0,0.0,0.0,0.0,0.0,0.0,0.0,0.0,0.0,0.2,0.0,0.0,0.0,0.8,0.0,0.0,0.0,0.0,0.0,0.0,0.0,0.0,0.0,0.0,0.0,0.0,239.0,400.0,4.0,1,0.1,0.18,10980,0.0,0.0,0.0,250.17706624427223,0.24391421120236656
69b9614af753f624649ce4ad,69b9614af753f624649ce4ad,69b9614af753f624649ce4ae,0.0,0.0,0.0,0.0,0.0,0.0,0.0,0.0,0.0,0.0,0.0,0.0,0.0,0.2,0.0,0.0,0.0,0.8,0.0,0.0,0.0,0.0,0.0,0.0,0.0,0.0,0.0,0.0,0.0,0.0,239.0,400.0,4.0,1,0.1,0.18,10980,0.0,0.0,0.0,260.32810997341176,0.2908177961153712
69b9632208195b18117b2ba6,69b9632208195b18117b2ba6,69b9632308195b18117b2ba7,0.0,0.0,0.0,0.0,0.02,0.0,0.0,0.0,0.08,0.0,0.0,0.0,0.0,0.0,0.0,0.0,0.0,0.85,0.0,0.0,0.0,0.0,0.0,0.0,0.0,0.0,0.0,0.0,0.05,0.0,93.0,500.0,1.0,1,0.01,0.02,12000,0.0,0.0,0.0,69.85032438689531,0.2589594449518499
69b9632208195b18117b2ba6,69b9632208195b18117b2ba6,69b9632308195b18117b2ba7,0.0,0.0,0.0,0.0,0.02,0.0,0.0,0.0,0.08,0.0,0.0,0.0,0.0,0.0,0.0,0.0,0.0,0.85,0.0,0.0,0.0,0.0,0.0,0.0,0.0,0.0,0.0,0.0,0.05,0.0,93.0,500.0,1.0,1,0.01,0.02,12000,0.0,0.0,0.0,95.8456941341158,0.6292265538624237
69b9632208195b18117b2ba6,69b9632208195b18117b2ba6,69b9632308195b18117b2ba7,0.0,0.0,0.0,0.0,0.02,0.0,0.0,0.0,0.08,0.0,0.0,0.0,0.0,0.0,0.0,0.0,0.0,0.85,0.0,0.0,0.0,0.0,0.0,0.0,0.0,0.0,0.0,0.0,0.05,0.0,93.0,500.0,1.0,1,0.01,0.02,12000,0.0,0.0,0.0,110.22935903303093,0.7381916069797626
69b9632208195b18117b2ba6,69b9632208195b18117b2ba6,69b9632308195b18117b2ba7,0.0,0.0,0.0,0.0,0.02,0.0,0.0,0.0,0.08,0.0,0.0,0.0,0.0,0.0,0.0,0.0,0.0,0.85,0.0,0.0,0.0,0.0,0.0,0.0,0.0,0.0,0.0,0.0,0.05,0.0,93.0,500.0,1.0,1,0.01,0.02,12000,0.0,0.0,0.0,120.88943925485233,0.7977535291384257
69b9632208195b18117b2ba6,69b9632208195b18117b2ba6,69b9632308195b18117b2ba7,0.0,0.0,0.0,0.0,0.02,0.0,0.0,0.0,0.08,0.0,0.0,0.0,0.0,0.0,0.0,0.0,0.0,0.85,0.0,0.0,0.0,0.0,0.0,0.0,0.0,0.0,0.0,0.0,0.05,0.0,93.0,500.0,1.0,1,0.01,0.02,12000,0.0,0.0,0.0,138.21466067246345,0.8791071800541589
69b9632208195b18117b2ba6,69b9632208195b18117b2ba6,69b9632308195b18117b2ba7,0.0,0.0,0.0,0.0,0.02,0.0,0.0,0.0,0.08,0.0,0.0,0.0,0.0,0.0,0.0,0.0,0.0,0.85,0.0,0.0,0.0,0.0,0.0,0.0,0.0,0.0,0.0,0.0,0.05,0.0,93.0,500.0,1.0,1,0.01,0.02,12000,0.0,0.0,0.0,150.06568498129053,0.928651316316557
69b9632208195b18117b2ba6,69b9632208195b18117b2ba6,69b9632308195b18117b2ba7,0.0,0.0,0.0,0.0,0.02,0.0,0.0,0.0,0.08,0.0,0.0,0.0,0.0,0.0,0.0,0.0,0.0,0.85,0.0,0.0,0.0,0.0,0.0,0.0,0.0,0.0,0.0,0.0,0.05,0.0,93.0,500.0,1.0,1,0.01,0.02,12000,0.0,0.0,0.0,172.16975798853204,0.9585636687016296
69b9632308195b18117b2ba8,69b9632308195b18117b2ba8,69b9632308195b18117b2ba9,0.0,0.0,0.0,0.0,0.02,0.0,0.0,0.0,0.08,0.0,0.0,0.0,0.0,0.0,0.0,0.05,0.0,0.85,0.0,0.0,0.0,0.0,0.0,0.0,0.0,0.0,0.0,0.0,0.0,0.0,84.0,500.0,1.0,1,0.01,0.02,12000,0.0,0.0,0.0,58.162221349687826,0.15955633084290557
69b9632308195b18117b2ba8,69b9632308195b18117b2ba8,69b9632308195b18117b2ba9,0.0,0.0,0.0,0.0,0.02,0.0,0.0,0.0,0.08,0.0,0.0,0.0,0.0,0.0,0.0,0.05,0.0,0.85,0.0,0.0,0.0,0.0,0.0,0.0,0.0,0.0,0.0,0.0,0.0,0.0,84.0,500.0,1.0,1,0.01,0.02,12000,0.0,0.0,0.0,87.1993673511146,0.5185663035249976
69b9632308195b18117b2ba8,69b9632308195b18117b2ba8,69b9632308195b18117b2ba9,0.0,0.0,0.0,0.0,0.02,0.0,0.0,0.0,0.08,0.0,0.0,0.0,0.0,0.0,0.0,0.05,0.0,0.85,0.0,0.0,0.0,0.0,0.0,0.0,0.0,0.0,0.0,0.0,0.0,0.0,84.0,500.0,1.0,1,0.01,0.02,12000,0.0,0.0,0.0,111.41698971945561,0.739011947470625
69b9632308195b18117b2ba8,69b9632308195b18117b2ba8,69b9632308195b18117b2ba9,0.0,0.0,0.0,0.0,0.02,0.0,0.0,0.0,0.08,0.0,0.0,0.0,0.0,0.0,0.0,0.05,0.0,0.85,0.0,0.0,0.0,0.0,0.0,0.0,0.0,0.0,0.0,0.0,0.0,0.0,84.0,500.0,1.0,1,0.01,0.02,12000,0.0,0.0,0.0,132.1796523749219,0.8500806371984333
69b9632308195b18117b2ba8,69b9632308195b18117b2ba8,69b9632308195b18117b2ba9,0.0,0.0,0.0,0.0,0.02,0.0,0.0,0.0,0.08,0.0,0.0,0.0,0.0,0.0,0.0,0.05,0.0,0.85,0.0,0.0,0.0,0.0,0.0,0.0,0.0,0.0,0.0,0.0,0.0,0.0,84.0,500.0,1.0,1,0.01,0.02,12000,0.0,0.0,0.0,150.0796341254348,0.9795214429121549
69b9632408195b18117b2baa,69b9632408195b18117b2baa,69b9632408195b18117b2bab,0.0,0.0,0.05,0.0,0.02,0.0,0.0,0.0,0.08,0.0,0.0,0.0,0.0,0.0,0.0,0.0,0.0,0.85,0.0,0.0,0.0,0.0,0.0,0.0,0.0,0.0,0.0,0.0,0.0,0.0,99.0,500.0,1.0,1,0.01,0.02,12000,0.0,0.0,0.0,58.841757203589985,0.1780781724076388
69b9632408195b18117b2baa,69b9632408195b18117b2baa,69b9632408195b18117b2bab,0.0,0.0,0.05,0.0,0.02,0.0,0.0,0.0,0.08,0.0,0.0,0.0,0.0,0.0,0.0,0.0,0.0,0.85,0.0,0.0,0.0,0.0,0.0,0.0,0.0,0.0,0.0,0.0,0.0,0.0,99.0,500.0,1.0,1,0.01,0.02,12000,0.0,0.0,0.0,79.76570618800189,0.26808138497233625
69b9632408195b18117b2baa,69b9632408195b18117b2baa,69b9632408195b18117b2bab,0.0,0.0,0.05,0.0,0.02,0.0,0.0,0.0,0.08,0.0,0.0,0.0,0.0,0.0,0.0,0.0,0.0,0.85,0.0,0.0,0.0,0.0,0.0,0.0,0.0,0.0,0.0,0.0,0.0,0.0,99.0,500.0,1.0,1,0.01,0.02,12000,0.0,0.0,0.0,102.0009447331129,0.5881427806532215
69b9632408195b18117b2baa,69b9632408195b18117b2baa,69b9632408195b18117b2bab,0.0,0.0,0.05,0.0,0.02,0.0,0.0,0.0,0.08,0.0,0.0,0.0,0.0,0.0,0.0,0.0,0.0,0.85,0.0,0.0,0.0,0.0,0.0,0.0,0.0,0.0,0.0,0.0,0.0,0.0,99.0,500.0,1.0,1,0.01,0.02,12000,0.0,0.0,0.0,116.67831837505905,0.7691386757094415
69b9632408195b18117b2baa,69b9632408195b18117b2baa,69b9632408195b18117b2bab,0.0,0.0,0.05,0.0,0.02,0.0,0.0,0.0,0.08,0.0,0.0,0.0,0.0,0.0,0.0,0.0,0.0,0.85,0.0,0.0,0.0,0.0,0.0,0.0,0.0,0.0,0.0,0.0,0.0,0.0,99.0,500.0,1.0,1,0.01,0.02,12000,0.0,0.0,0.0,134.02739726027397,0.877986792789577
69b9632408195b18117b2baa,69b9632408195b18117b2baa,69b9632408195b18117b2bab,0.0,0.0,0.05,0.0,0.02,0.0,0.0,0.0,0.08,0.0,0.0,0.0,0.0,0.0,0.0,0.0,0.0,0.85,0.0,0.0,0.0,0.0,0.0,0.0,0.0,0.0,0.0,0.0,0.0,0.0,99.0,500.0,1.0,1,0.01,0.02,12000,0.0,0.0,0.0,155.02314596126595,0.9586157415670178
69c148c9a3603e6d7d9ad766,69c148c9a3603e6d7d9ad766,69c148caa3603e6d7d9ad767,0.0,0.0,0.0,0.0,0.0,0.0,0.0,0.0,0.0,0.0,0.0,0.0,0.0,0.2,0.0,0.0,0.0,0.8,0.0,0.0,0.0,0.0,0.0,0.0,0.0,0.0,0.0,0.0,0.0,0.0,109.0,500.0,1.0,1,0.01,0.1,120000,500.0,5.0,0.5,234.69999299049044,0.03307741472229017
69c148c9a3603e6d7d9ad766,69c148c9a3603e6d7d9ad766,69c148caa3603e6d7d9ad767,0.0,0.0,0.0,0.0,0.0,0.0,0.0,0.0,0.0,0.0,0.0,0.0,0.0,0.2,0.0,0.0,0.0,0.8,0.0,0.0,0.0,0.0,0.0,0.0,0.0,0.0,0.0,0.0,0.0,0.0,109.0,500.0,1.0,1,0.01,0.1,120000,500.0,5.0,0.5,253.87567466529592,0.05278814515556327
69c148c9a3603e6d7d9ad766,69c148c9a3603e6d7d9ad766,69c148caa3603e6d7d9ad767,0.0,0.0,0.0,0.0,0.0,0.0,0.0,0.0,0.0,0.0,0.0,0.0,0.0,0.2,0.0,0.0,0.0,0.8,0.0,0.0,0.0,0.0,0.0,0.0,0.0,0.0,0.0,0.0,0.0,0.0,109.0,500.0,1.0,1,0.01,0.1,120000,500.0,5.0,0.5,271.4485151522232,0.08536845178446026
69c148c9a3603e6d7d9ad766,69c148c9a3603e6d7d9ad766,69c148caa3603e6d7d9ad767,0.0,0.0,0.0,0.0,0.0,0.0,0.0,0.0,0.0,0.0,0.0,0.0,0.0,0.2,0.0,0.0,0.0,0.8,0.0,0.0,0.0,0.0,0.0,0.0,0.0,0.0,0.0,0.0,0.0,0.0,109.0,500.0,1.0,1,0.01,0.1,120000,500.0,5.0,0.5,289.7106240800019,0.12384304009216227
69c148c9a3603e6d7d9ad766,69c148c9a3603e6d7d9ad766,69c148caa3603e6d7d9ad767,0.0,0.0,0.0,0.0,0.0,0.0,0.0,0.0,0.0,0.0,0.0,0.0,0.0,0.2,0.0,0.0,0.0,0.8,0.0,0.0,0.0,0.0,0.0,0.0,0.0,0.0,0.0,0.0,0.0,0.0,109.0,500.0,1.0,1,0.01,0.1,120000,500.0,5.0,0.5,262.53709198813056,0.06636787577032029
69c148c9a3603e6d7d9ad766,69c148c9a3603e6d7d9ad766,69c148caa3603e6d7d9ad767,0.0,0.0,0.0,0.0,0.0,0.0,0.0,0.0,0.0,0.0,0.0,0.0,0.0,0.2,0.0,0.0,0.0,0.8,0.0,0.0,0.0,0.0,0.0,0.0,0.0,0.0,0.0,0.0,0.0,0.0,109.0,500.0,1.0,1,0.01,0.1,120000,500.0,5.0,0.5,280.1800275707376,0.09532639486163826
69c148c9a3603e6d7d9ad766,69c148c9a3603e6d7d9ad766,69c148caa3603e6d7d9ad767,0.0,0.0,0.0,0.0,0.0,0.0,0.0,0.0,0.0,0.0,0.0,0.0,0.0,0.2,0.0,0.0,0.0,0.8,0.0,0.0,0.0,0.0,0.0,0.0,0.0,0.0,0.0,0.0,0.0,0.0,109.0,500.0,1.0,1,0.01,0.1,120000,500.0,5.0,0.5,298.95616720016824,0.15254905983445513
69c148c9a3603e6d7d9ad766,69c148c9a3603e6d7d9ad766,69c148caa3603e6d7d9ad767,0.0,0.0,0.0,0.0,0.0,0.0,0.0,0.0,0.0,0.0,0.0,0.0,0.0,0.2,0.0,0.0,0.0,0.8,0.0,0.0,0.0,0.0,0.0,0.0,0.0,0.0,0.0,0.0,0.0,0.0,109.0,500.0,1.0,1,0.01,0.1,120000,500.0,5.0,0.5,309.2648192714783,0.18620248869670886
69c148c9a3603e6d7d9ad766,69c148c9a3603e6d7d9ad766,69c148caa3603e6d7d9ad767,0.0,0.0,0.0,0.0,0.0,0.0,0.0,0.0,0.0,0.0,0.0,0.0,0.0,0.2,0.0,0.0,0.0,0.8,0.0,0.0,0.0,0.0,0.0,0.0,0.0,0.0,0.0,0.0,0.0,0.0,109.0,500.0,1.0,1,0.01,0.1,120000,500.0,5.0,0.5,317.84445898268655,0.22507949784191963
69c148c9a3603e6d7d9ad766,69c148c9a3603e6d7d9ad766,69c148caa3603e6d7d9ad767,0.0,0.0,0.0,0.0,0.0,0.0,0.0,0.0,0.0,0.0,0.0,0.0,0.0,0.2,0.0,0.0,0.0,0.8,0.0,0.0,0.0,0.0,0.0,0.0,0.0,0.0,0.0,0.0,0.0,0.0,109.0,500.0,1.0,1,0.01,0.1,120000,500.0,5.0,0.5,326.59232692352623,0.26881711945586395
69c148c9a3603e6d7d9ad766,69c148c9a3603e6d7d9ad766,69c148caa3603e6d7d9ad767,0.0,0.0,0.0,0.0,0.0,0.0,0.0,0.0,0.0,0.0,0.0,0.0,0.0,0.2,0.0,0.0,0.0,0.8,0.0,0.0,0.0,0.0,0.0,0.0,0.0,0.0,0.0,0.0,0.0,0.0,109.0,500.0,1.0,1,0.01,0.1,120000,500.0,5.0,0.5,335.8285240309353,0.3257004884284283
69c148c9a3603e6d7d9ad766,69c148c9a3603e6d7d9ad766,69c148caa3603e6d7d9ad767,0.0,0.0,0.0,0.0,0.0,0.0,0.0,0.0,0.0,0.0,0.0,0.0,0.0,0.2,0.0,0.0,0.0,0.8,0.0,0.0,0.0,0.0,0.0,0.0,0.0,0.0,0.0,0.0,0.0,0.0,109.0,500.0,1.0,1,0.01,0.1,120000,500.0,5.0,0.5,345.21192083927195,0.36233656585104124
69c148c9a3603e6d7d9ad766,69c148c9a3603e6d7d9ad766,69c148caa3603e6d7d9ad767,0.0,0.0,0.0,0.0,0.0,0.0,0.0,0.0,0.0,0.0,0.0,0.0,0.0,0.2,0.0,0.0,0.0,0.8,0.0,0.0,0.0,0.0,0.0,0.0,0.0,0.0,0.0,0.0,0.0,0.0,109.0,500.0,1.0,1,0.01,0.1,120000,500.0,5.0,0.5,354.0859599523353,0.40698949760520153
69c148c9a3603e6d7d9ad766,69c148c9a3603e6d7d9ad766,69c148caa3603e6d7d9ad767,0.0,0.0,0.0,0.0,0.0,0.0,0.0,0.0,0.0,0.0,0.0,0.0,0.0,0.2,0.0,0.0,0.0,0.8,0.0,0.0,0.0,0.0,0.0,0.0,0.0,0.0,0.0,0.0,0.0,0.0,109.0,500.0,1.0,1,0.01,0.1,120000,500.0,5.0,0.5,361.4693100306082,0.45340992480253767
69c148c9a3603e6d7d9ad766,69c148c9a3603e6d7d9ad766,69c148caa3603e6d7d9ad767,0.0,0.0,0.0,0.0,0.0,0.0,0.0,0.0,0.0,0.0,0.0,0.0,0.0,0.2,0.0,0.0,0.0,0.8,0.0,0.0,0.0,0.0,0.0,0.0,0.0,0.0,0.0,0.0,0.0,0.0,109.0,500.0,1.0,1,0.01,0.1,120000,500.0,5.0,0.5,372.1891866632398,0.5017398783268763
69c148c9a3603e6d7d9ad766,69c148c9a3603e6d7d9ad766,69c148caa3603e6d7d9ad767,0.0,0.0,0.0,0.0,0.0,0.0,0.0,0.0,0.0,0.0,0.0,0.0,0.0,0.2,0.0,0.0,0.0,0.8,0.0,0.0,0.0,0.0,0.0,0.0,0.0,0.0,0.0,0.0,0.0,0.0,109.0,500.0,1.0,1,0.01,0.1,120000,500.0,5.0,0.5,380.51181102362204,0.5365137730504288
69c148c9a3603e6d7d9ad766,69c148c9a3603e6d7d9ad766,69c148caa3603e6d7d9ad767,0.0,0.0,0.0,0.0,0.0,0.0,0.0,0.0,0.0,0.0,0.0,0.0,0.0,0.2,0.0,0.0,0.0,0.8,0.0,0.0,0.0,0.0,0.0,0.0,0.0,0.0,0.0,0.0,0.0,0.0,109.0,500.0,1.0,1,0.01,0.1,120000,500.0,5.0,0.5,389.48164676744784,0.5836680264808692
69c148c9a3603e6d7d9ad766,69c148c9a3603e6d7d9ad766,69c148caa3603e6d7d9ad767,0.0,0.0,0.0,0.0,0.0,0.0,0.0,0.0,0.0,0.0,0.0,0.0,0.0,0.2,0.0,0.0,0.0,0.8,0.0,0.0,0.0,0.0,0.0,0.0,0.0,0.0,0.0,0.0,0.0,0.0,109.0,500.0,1.0,1,0.01,0.1,120000,500.0,5.0,0.5,398.2668987593168,0.6445992756424925
69c148cda3603e6d7d9ad770,69c148cda3603e6d7d9ad770,69c148cda3603e6d7d9ad771,0.0,0.0,0.0,0.0,0.0,0.0,0.0,0.0,0.0,0.0,0.0,0.0,0.0,0.0,0.0,0.0,0.0,1.0,0.0,0.0,0.0,0.0,0.0,0.0,0.0,0.0,0.0,0.0,0.0,0.0,21.0,600.0,0.33,1,0.01,0.1,30000,150.0,0.0,1.0,146.82344250184684,0.004277343169041287
69c148cda3603e6d7d9ad770,69c148cda3603e6d7d9ad770,69c148cda3603e6d7d9ad771,0.0,0.0,0.0,0.0,0.0,0.0,0.0,0.0,0.0,0.0,0.0,0.0,0.0,0.0,0.0,0.0,0.0,1.0,0.0,0.0,0.0,0.0,0.0,0.0,0.0,0.0,0.0,0.0,0.0,0.0,21.0,600.0,0.33,1,0.01,0.1,30000,150.0,0.0,1.0,166.1900071528242,0.003864877995577878
69c148cda3603e6d7d9ad770,69c148cda3603e6d7d9ad770,69c148cda3603e6d7d9ad771,0.0,0.0,0.0,0.0,0.0,0.0,0.0,0.0,0.0,0.0,0.0,0.0,0.0,0.0,0.0,0.0,0.0,1.0,0.0,0.0,0.0,0.0,0.0,0.0,0.0,0.0,0.0,0.0,0.0,0.0,21.0,600.0,0.33,1,0.01,0.1,30000,150.0,0.0,1.0,186.02560945579904,0.004507371823472823
69c148cda3603e6d7d9ad770,69c148cda3603e6d7d9ad770,69c148cda3603e6d7d9ad771,0.0,0.0,0.0,0.0,0.0,0.0,0.0,0.0,0.0,0.0,0.0,0.0,0.0,0.0,0.0,0.0,0.0,1.0,0.0,0.0,0.0,0.0,0.0,0.0,0.0,0.0,0.0,0.0,0.0,0.0,21.0,600.0,0.33,1,0.01,0.1,30000,150.0,0.0,1.0,205.68766782753485,0.005752699366429681
69c148cda3603e6d7d9ad770,69c148cda3603e6d7d9ad770,69c148cda3603e6d7d9ad771,0.0,0.0,0.0,0.0,0.0,0.0,0.0,0.0,0.0,0.0,0.0,0.0,0.0,0.0,0.0,0.0,0.0,1.0,0.0,0.0,0.0,0.0,0.0,0.0,0.0,0.0,0.0,0.0,0.0,0.0,21.0,600.0,0.33,1,0.01,0.1,30000,150.0,0.0,1.0,226.06031824204686,0.013534013504268394
69c148cda3603e6d7d9ad770,69c148cda3603e6d7d9ad770,69c148cda3603e6d7d9ad771,0.0,0.0,0.0,0.0,0.0,0.0,0.0,0.0,0.0,0.0,0.0,0.0,0.0,0.0,0.0,0.0,0.0,1.0,0.0,0.0,0.0,0.0,0.0,0.0,0.0,0.0,0.0,0.0,0.0,0.0,21.0,600.0,0.33,1,0.01,0.1,30000,150.0,0.0,1.0,241.2641737315463,0.031563500798159755
69c148cda3603e6d7d9ad770,69c148cda3603e6d7d9ad770,69c148cda3603e6d7d9ad771,0.0,0.0,0.0,0.0,0.0,0.0,0.0,0.0,0.0,0.0,0.0,0.0,0.0,0.0,0.0,0.0,0.0,1.0,0.0,0.0,0.0,0.0,0.0,0.0,0.0,0.0,0.0,0.0,0.0,0.0,21.0,600.0,0.33,1,0.01,0.1,30000,150.0,0.0,1.0,256.28744972502665,0.06878848270323328
69c148cda3603e6d7d9ad770,69c148cda3603e6d7d9ad770,69c148cda3603e6d7d9ad771,0.0,0.0,0.0,0.0,0.0,0.0,0.0,0.0,0.0,0.0,0.0,0.0,0.0,0.0,0.0,0.0,0.0,1.0,0.0,0.0,0.0,0.0,0.0,0.0,0.0,0.0,0.0,0.0,0.0,0.0,21.0,600.0,0.33,1,0.01,0.1,30000,150.0,0.0,1.0,271.04102906860845,0.12174266535788295
69c148cda3603e6d7d9ad770,69c148cda3603e6d7d9ad770,69c148cda3603e6d7d9ad771,0.0,0.0,0.0,0.0,0.0,0.0,0.0,0.0,0.0,0.0,0.0,0.0,0.0,0.0,0.0,0.0,0.0,1.0,0.0,0.0,0.0,0.0,0.0,0.0,0.0,0.0,0.0,0.0,0.0,0.0,21.0,600.0,0.33,1,0.01,0.1,30000,150.0,0.0,1.0,286.3855958537072,0.18823681053372596
69c148cda3603e6d7d9ad770,69c148cda3603e6d7d9ad770,69c148cda3603e6d7d9ad771,0.0,0.0,0.0,0.0,0.0,0.0,0.0,0.0,0.0,0.0,0.0,0.0,0.0,0.0,0.0,0.0,0.0,1.0,0.0,0.0,0.0,0.0,0.0,0.0,0.0,0.0,0.0,0.0,0.0,0.0,21.0,600.0,0.33,1,0.01,0.1,30000,150.0,0.0,1.0,301.04302247862944,0.30103017143083777
69c148cda3603e6d7d9ad770,69c148cda3603e6d7d9ad770,69c148cda3603e6d7d9ad771,0.0,0.0,0.0,0.0,0.0,0.0,0.0,0.0,0.0,0.0,0.0,0.0,0.0,0.0,0.0,0.0,0.0,1.0,0.0,0.0,0.0,0.0,0.0,0.0,0.0,0.0,0.0,0.0,0.0,0.0,21.0,600.0,0.33,1,0.01,0.1,30000,150.0,0.0,1.0,315.72859136267164,0.4774462853346818
69c148cda3603e6d7d9ad770,69c148cda3603e6d7d9ad770,69c148cda3603e6d7d9ad771,0.0,0.0,0.0,0.0,0.0,0.0,0.0,0.0,0.0,0.0,0.0,0.0,0.0,0.0,0.0,0.0,0.0,1.0,0.0,0.0,0.0,0.0,0.0,0.0,0.0,0.0,0.0,0.0,0.0,0.0,21.0,600.0,0.33,1,0.01,0.1,30000,150.0,0.0,1.0,330.88554308697127,0.6487065845702331
69c148cda3603e6d7d9ad770,69c148cda3603e6d7d9ad770,69c148cda3603e6d7d9ad771,0.0,0.0,0.0,0.0,0.0,0.0,0.0,0.0,0.0,0.0,0.0,0.0,0.0,0.0,0.0,0.0,0.0,1.0,0.0,0.0,0.0,0.0,0.0,0.0,0.0,0.0,0.0,0.0,0.0,0.0,21.0,600.0,0.33,1,0.01,0.1,30000,150.0,0.0,1.0,345.9181998334916,0.7462466660717649
69c148cda3603e6d7d9ad770,69c148cda3603e6d7d9ad770,69c148cda3603e6d7d9ad771,0.0,0.0,0.0,0.0,0.0,0.0,0.0,0.0,0.0,0.0,0.0,0.0,0.0,0.0,0.0,0.0,0.0,1.0,0.0,0.0,0.0,0.0,0.0,0.0,0.0,0.0,0.0,0.0,0.0,0.0,21.0,600.0,0.33,1,0.01,0.1,30000,150.0,0.0,1.0,360.9016076265522,0.8042694111464748
69c148cda3603e6d7d9ad770,69c148cda3603e6d7d9ad770,69c148cda3603e6d7d9ad771,0.0,0.0,0.0,0.0,0.0,0.0,0.0,0.0,0.0,0.0,0.0,0.0,0.0,0.0,0.0,0.0,0.0,1.0,0.0,0.0,0.0,0.0,0.0,0.0,0.0,0.0,0.0,0.0,0.0,0.0,21.0,600.0,0.33,1,0.01,0.1,30000,150.0,0.0,1.0,375.8685991017929,0.8664881961589181
69c148cda3603e6d7d9ad770,69c148cda3603e6d7d9ad770,69c148cda3603e6d7d9ad771,0.0,0.0,0.0,0.0,0.0,0.0,0.0,0.0,0.0,0.0,0.0,0.0,0.0,0.0,0.0,0.0,0.0,1.0,0.0,0.0,0.0,0.0,0.0,0.0,0.0,0.0,0.0,0.0,0.0,0.0,21.0,600.0,0.33,1,0.01,0.1,30000,150.0,0.0,1.0,390.7136407875142,0.9131205568279842
69c148cda3603e6d7d9ad770,69c148cda3603e6d7d9ad770,69c148cda3603e6d7d9ad771,0.0,0.0,0.0,0.0,0.0,0.0,0.0,0.0,0.0,0.0,0.0,0.0,0.0,0.0,0.0,0.0,0.0,1.0,0.0,0.0,0.0,0.0,0.0,0.0,0.0,0.0,0.0,0.0,0.0,0.0,21.0,600.0,0.33,1,0.01,0.1,30000,150.0,0.0,1.0,406.00661343089314,0.9522492241490427
69c148cda3603e6d7d9ad770,69c148cda3603e6d7d9ad770,69c148cda3603e6d7d9ad771,0.0,0.0,0.0,0.0,0.0,0.0,0.0,0.0,0.0,0.0,0.0,0.0,0.0,0.0,0.0,0.0,0.0,1.0,0.0,0.0,0.0,0.0,0.0,0.0,0.0,0.0,0.0,0.0,0.0,0.0,21.0,600.0,0.33,1,0.01,0.1,30000,150.0,0.0,1.0,420.943117458754,0.9791625767175308
69c148cda3603e6d7d9ad770,69c148cda3603e6d7d9ad770,69c148cda3603e6d7d9ad771,0.0,0.0,0.0,0.0,0.0,0.0,0.0,0.0,0.0,0.0,0.0,0.0,0.0,0.0,0.0,0.0,0.0,1.0,0.0,0.0,0.0,0.0,0.0,0.0,0.0,0.0,0.0,0.0,0.0,0.0,21.0,600.0,0.33,1,0.01,0.1,30000,150.0,0.0,1.0,435.85851479227495,0.9941382353232795
69c148cda3603e6d7d9ad772,69c148cda3603e6d7d9ad772,69c148cea3603e6d7d9ad773,0.0,0.0,0.0,0.0,0.0,0.0,0.0,0.0,0.05,0.0,0.0,0.0,0.0,0.0,0.0,0.0,0.0,0.95,0.0,0.0,0.0,0.0,0.0,0.0,0.0,0.0,0.0,0.0,0.0,0.0,25.0,600.0,0.33,1,0.01,0.1,30000,150.0,0.0,1.0,80.13801432910026,0.02567794005373944
69c148cda3603e6d7d9ad772,69c148cda3603e6d7d9ad772,69c148cea3603e6d7d9ad773,0.0,0.0,0.0,0.0,0.0,0.0,0.0,0.0,0.05,0.0,0.0,0.0,0.0,0.0,0.0,0.0,0.0,0.95,0.0,0.0,0.0,0.0,0.0,0.0,0.0,0.0,0.0,0.0,0.0,0.0,25.0,600.0,0.33,1,0.01,0.1,30000,150.0,0.0,1.0,90.30440543614638,0.10332450895822799
69c148cda3603e6d7d9ad772,69c148cda3603e6d7d9ad772,69c148cea3603e6d7d9ad773,0.0,0.0,0.0,0.0,0.0,0.0,0.0,0.0,0.05,0.0,0.0,0.0,0.0,0.0,0.0,0.0,0.0,0.95,0.0,0.0,0.0,0.0,0.0,0.0,0.0,0.0,0.0,0.0,0.0,0.0,25.0,600.0,0.33,1,0.01,0.1,30000,150.0,0.0,1.0,100.37229863627303,0.2358844700913174
69c148cda3603e6d7d9ad772,69c148cda3603e6d7d9ad772,69c148cea3603e6d7d9ad773,0.0,0.0,0.0,0.0,0.0,0.0,0.0,0.0,0.05,0.0,0.0,0.0,0.0,0.0,0.0,0.0,0.0,0.95,0.0,0.0,0.0,0.0,0.0,0.0,0.0,0.0,0.0,0.0,0.0,0.0,25.0,600.0,0.33,1,0.01,0.1,30000,150.0,0.0,1.0,110.32527761166027,0.4305363038757845
69c148cda3603e6d7d9ad772,69c148cda3603e6d7d9ad772,69c148cea3603e6d7d9ad773,0.0,0.0,0.0,0.0,0.0,0.0,0.0,0.0,0.05,0.0,0.0,0.0,0.0,0.0,0.0,0.0,0.0,0.95,0.0,0.0,0.0,0.0,0.0,0.0,0.0,0.0,0.0,0.0,0.0,0.0,25.0,600.0,0.33,1,0.01,0.1,30000,150.0,0.0,1.0,120.22900763358778,0.6889853951634493
69c148cda3603e6d7d9ad772,69c148cda3603e6d7d9ad772,69c148cea3603e6d7d9ad773,0.0,0.0,0.0,0.0,0.0,0.0,0.0,0.0,0.05,0.0,0.0,0.0,0.0,0.0,0.0,0.0,0.0,0.95,0.0,0.0,0.0,0.0,0.0,0.0,0.0,0.0,0.0,0.0,0.0,0.0,25.0,600.0,0.33,1,0.01,0.1,30000,150.0,0.0,1.0,130.21716443287482,0.898073510019136
69c148cda3603e6d7d9ad772,69c148cda3603e6d7d9ad772,69c148cea3603e6d7d9ad773,0.0,0.0,0.0,0.0,0.0,0.0,0.0,0.0,0.05,0.0,0.0,0.0,0.0,0.0,0.0,0.0,0.0,0.95,0.0,0.0,0.0,0.0,0.0,0.0,0.0,0.0,0.0,0.0,0.0,0.0,25.0,600.0,0.33,1,0.01,0.1,30000,150.0,0.0,1.0,140.71891746109918,0.9721189406783863
69c148cda3603e6d7d9ad772,69c148cda3603e6d7d9ad772,69c148cea3603e6d7d9ad773,0.0,0.0,0.0,0.0,0.0,0.0,0.0,0.0,0.05,0.0,0.0,0.0,0.0,0.0,0.0,0.0,0.0,0.95,0.0,0.0,0.0,0.0,0.0,0.0,0.0,0.0,0.0,0.0,0.0,0.0,25.0,600.0,0.33,1,0.01,0.1,30000,150.0,0.0,1.0,150.31073744444836,0.995891212310499
69c148cda3603e6d7d9ad772,69c148cda3603e6d7d9ad772,69c148cea3603e6d7d9ad773,0.0,0.0,0.0,0.0,0.0,0.0,0.0,0.0,0.05,0.0,0.0,0.0,0.0,0.0,0.0,0.0,0.0,0.95,0.0,0.0,0.0,0.0,0.0,0.0,0.0,0.0,0.0,0.0,0.0,0.0,25.0,600.0,0.33,1,0.01,0.1,30000,150.0,0.0,1.0,170.29408660780243,0.99747761682382
69c148cea3603e6d7d9ad774,69c148cea3603e6d7d9ad774,69c148cea3603e6d7d9ad775,0.0,0.0,0.0,0.0,0.0,0.0,0.0,0.0,0.15,0.0,0.0,0.0,0.0,0.0,0.0,0.0,0.0,0.85,0.0,0.0,0.0,0.0,0.0,0.0,0.0,0.0,0.0,0.0,0.0,0.0,24.0,600.0,0.33,1,0.01,0.1,30000,150.0,0.0,1.0,80.18960847081999,0.058714814043645945
69c148cea3603e6d7d9ad774,69c148cea3603e6d7d9ad774,69c148cea3603e6d7d9ad775,0.0,0.0,0.0,0.0,0.0,0.0,0.0,0.0,0.15,0.0,0.0,0.0,0.0,0.0,0.0,0.0,0.0,0.85,0.0,0.0,0.0,0.0,0.0,0.0,0.0,0.0,0.0,0.0,0.0,0.0,24.0,600.0,0.33,1,0.01,0.1,30000,150.0,0.0,1.0,90.2246690353068,0.14313533022001448
69c148cea3603e6d7d9ad774,69c148cea3603e6d7d9ad774,69c148cea3603e6d7d9ad775,0.0,0.0,0.0,0.0,0.0,0.0,0.0,0.0,0.15,0.0,0.0,0.0,0.0,0.0,0.0,0.0,0.0,0.85,0.0,0.0,0.0,0.0,0.0,0.0,0.0,0.0,0.0,0.0,0.0,0.0,24.0,600.0,0.33,1,0.01,0.1,30000,150.0,0.0,1.0,100.17295763417408,0.28668114260785077
69c148cea3603e6d7d9ad774,69c148cea3603e6d7d9ad774,69c148cea3603e6d7d9ad775,0.0,0.0,0.0,0.0,0.0,0.0,0.0,0.0,0.15,0.0,0.0,0.0,0.0,0.0,0.0,0.0,0.0,0.85,0.0,0.0,0.0,0.0,0.0,0.0,0.0,0.0,0.0,0.0,0.0,0.0,24.0,600.0,0.33,1,0.01,0.1,30000,150.0,0.0,1.0,110.27837384646051,0.5188117830195228
69c148cea3603e6d7d9ad774,69c148cea3603e6d7d9ad774,69c148cea3603e6d7d9ad775,0.0,0.0,0.0,0.0,0.0,0.0,0.0,0.0,0.15,0.0,0.0,0.0,0.0,0.0,0.0,0.0,0.0,0.85,0.0,0.0,0.0,0.0,0.0,0.0,0.0,0.0,0.0,0.0,0.0,0.0,24.0,600.0,0.33,1,0.01,0.1,30000,150.0,0.0,1.0,120.26653064574758,0.7633243106576638
69c148cea3603e6d7d9ad774,69c148cea3603e6d7d9ad774,69c148cea3603e6d7d9ad775,0.0,0.0,0.0,0.0,0.0,0.0,0.0,0.0,0.15,0.0,0.0,0.0,0.0,0.0,0.0,0.0,0.0,0.85,0.0,0.0,0.0,0.0,0.0,0.0,0.0,0.0,0.0,0.0,0.0,0.0,24.0,600.0,0.33,1,0.01,0.1,30000,150.0,0.0,1.0,130.32738828109427,0.9128112079478866
69c148cea3603e6d7d9ad774,69c148cea3603e6d7d9ad774,69c148cea3603e6d7d9ad775,0.0,0.0,0.0,0.0,0.0,0.0,0.0,0.0,0.15,0.0,0.0,0.0,0.0,0.0,0.0,0.0,0.0,0.85,0.0,0.0,0.0,0.0,0.0,0.0,0.0,0.0,0.0,0.0,0.0,0.0,24.0,600.0,0.33,1,0.01,0.1,30000,150.0,0.0,1.0,140.10447813698244,0.9769019502860486
69c148cfa3603e6d7d9ad776,69c148cfa3603e6d7d9ad776,69c148cfa3603e6d7d9ad777,0.0,0.0,0.0,0.0,0.0,0.0,0.0,0.0,0.4,0.0,0.0,0.0,0.0,0.0,0.0,0.0,0.0,0.6,0.0,0.0,0.0,0.0,0.0,0.0,0.0,0.0,0.0,0.0,0.0,0.0,31.0,600.0,0.33,0,0.01,0.1,30000,150.0,0.0,1.0,70.62593074659068,0.03117483169239616
69c148cfa3603e6d7d9ad776,69c148cfa3603e6d7d9ad776,69c148cfa3603e6d7d9ad777,0.0,0.0,0.0,0.0,0.0,0.0,0.0,0.0,0.4,0.0,0.0,0.0,0.0,0.0,0.0,0.0,0.0,0.6,0.0,0.0,0.0,0.0,0.0,0.0,0.0,0.0,0.0,0.0,0.0,0.0,31.0,600.0,0.33,0,0.01,0.1,30000,150.0,0.0,1.0,80.3373553311992,0.10971771914691096
69c148cfa3603e6d7d9ad776,69c148cfa3603e6d7d9ad776,69c148cfa3603e6d7d9ad777,0.0,0.0,0.0,0.0,0.0,0.0,0.0,0.0,0.4,0.0,0.0,0.0,0.0,0.0,0.0,0.0,0.0,0.6,0.0,0.0,0.0,0.0,0.0,0.0,0.0,0.0,0.0,0.0,0.0,0.0,31.0,600.0,0.33,0,0.01,0.1,30000,150.0,0.0,1.0,90.46622342608552,0.27296667559019205
69c148cfa3603e6d7d9ad776,69c148cfa3603e6d7d9ad776,69c148cfa3603e6d7d9ad777,0.0,0.0,0.0,0.0,0.0,0.0,0.0,0.0,0.4,0.0,0.0,0.0,0.0,0.0,0.0,0.0,0.0,0.6,0.0,0.0,0.0,0.0,0.0,0.0,0.0,0.0,0.0,0.0,0.0,0.0,31.0,600.0,0.33,0,0.01,0.1,30000,150.0,0.0,1.0,100.32774005933325,0.5115143222582469
69c148cfa3603e6d7d9ad776,69c148cfa3603e6d7d9ad776,69c148cfa3603e6d7d9ad777,0.0,0.0,0.0,0.0,0.0,0.0,0.0,0.0,0.4,0.0,0.0,0.0,0.0,0.0,0.0,0.0,0.0,0.6,0.0,0.0,0.0,0.0,0.0,0.0,0.0,0.0,0.0,0.0,0.0,0.0,31.0,600.0,0.33,0,0.01,0.1,30000,150.0,0.0,1.0,110.24085083430072,0.7924348334771012
69c148cfa3603e6d7d9ad776,69c148cfa3603e6d7d9ad776,69c148cfa3603e6d7d9ad777,0.0,0.0,0.0,0.0,0.0,0.0,0.0,0.0,0.4,0.0,0.0,0.0,0.0,0.0,0.0,0.0,0.0,0.6,0.0,0.0,0.0,0.0,0.0,0.0,0.0,0.0,0.0,0.0,0.0,0.0,31.0,600.0,0.33,0,0.01,0.1,30000,150.0,0.0,1.0,120.26887583400757,0.9500203258078269
69c148cfa3603e6d7d9ad776,69c148cfa3603e6d7d9ad776,69c148cfa3603e6d7d9ad777,0.0,0.0,0.0,0.0,0.0,0.0,0.0,0.0,0.4,0.0,0.0,0.0,0.0,0.0,0.0,0.0,0.0,0.6,0.0,0.0,0.0,0.0,0.0,0.0,0.0,0.0,0.0,0.0,0.0,0.0,31.0,600.0,0.33,0,0.01,0.1,30000,150.0,0.0,1.0,130.2851748924145,0.9913302993347017
69c148cfa3603e6d7d9ad776,69c148cfa3603e6d7d9ad776,69c148cfa3603e6d7d9ad777,0.0,0.0,0.0,0.0,0.0,0.0,0.0,0.0,0.4,0.0,0.0,0.0,0.0,0.0,0.0,0.0,0.0,0.6,0.0,0.0,0.0,0.0,0.0,0.0,0.0,0.0,0.0,0.0,0.0,0.0,31.0,600.0,0.33,0,0.01,0.1,30000,150.0,0.0,1.0,140.12558483132233,0.9969858314246904
69c148d1a3603e6d7d9ad77c,69c148d1a3603e6d7d9ad77c,69c148d1a3603e6d7d9ad77d,0.0,0.0,0.0,0.0,0.1,0.0,0.0,0.0,0.0,0.0,0.0,0.0,0.0,0.0,0.0,0.0,0.0,0.9,0.0,0.0,0.0,0.0,0.0,0.0,0.0,0.0,0.0,0.0,0.0,0.0,32.13,500.0,0.67,1,0.01,0.198,30000,0.0,0.0,0.0,60.096951092531604,0.034617274245848484
69c148d1a3603e6d7d9ad77c,69c148d1a3603e6d7d9ad77c,69c148d1a3603e6d7d9ad77d,0.0,0.0,0.0,0.0,0.1,0.0,0.0,0.0,0.0,0.0,0.0,0.0,0.0,0.0,0.0,0.0,0.0,0.9,0.0,0.0,0.0,0.0,0.0,0.0,0.0,0.0,0.0,0.0,0.0,0.0,32.13,500.0,0.67,1,0.01,0.198,30000,0.0,0.0,0.0,80.0232158145203,0.047892306180603327
69c148d1a3603e6d7d9ad77c,69c148d1a3603e6d7d9ad77c,69c148d1a3603e6d7d9ad77d,0.0,0.0,0.0,0.0,0.1,0.0,0.0,0.0,0.0,0.0,0.0,0.0,0.0,0.0,0.0,0.0,0.0,0.9,0.0,0.0,0.0,0.0,0.0,0.0,0.0,0.0,0.0,0.0,0.0,0.0,32.13,500.0,0.67,1,0.01,0.198,30000,0.0,0.0,0.0,100.00925547422736,0.09550948216566768
69c148d1a3603e6d7d9ad77c,69c148d1a3603e6d7d9ad77c,69c148d1a3603e6d7d9ad77d,0.0,0.0,0.0,0.0,0.1,0.0,0.0,0.0,0.0,0.0,0.0,0.0,0.0,0.0,0.0,0.0,0.0,0.9,0.0,0.0,0.0,0.0,0.0,0.0,0.0,0.0,0.0,0.0,0.0,0.0,32.13,500.0,0.67,1,0.01,0.198,30000,0.0,0.0,0.0,119.95865888178444,0.33533457796993216
69c148d1a3603e6d7d9ad77c,69c148d1a3603e6d7d9ad77c,69c148d1a3603e6d7d9ad77d,0.0,0.0,0.0,0.0,0.1,0.0,0.0,0.0,0.0,0.0,0.0,0.0,0.0,0.0,0.0,0.0,0.0,0.9,0.0,0.0,0.0,0.0,0.0,0.0,0.0,0.0,0.0,0.0,0.0,0.0,32.13,500.0,0.67,1,0.01,0.198,30000,0.0,0.0,0.0,139.96590900326254,0.5236710228947627
69c148d1a3603e6d7d9ad77c,69c148d1a3603e6d7d9ad77c,69c148d1a3603e6d7d9ad77d,0.0,0.0,0.0,0.0,0.1,0.0,0.0,0.0,0.0,0.0,0.0,0.0,0.0,0.0,0.0,0.0,0.0,0.9,0.0,0.0,0.0,0.0,0.0,0.0,0.0,0.0,0.0,0.0,0.0,0.0,32.13,500.0,0.67,1,0.01,0.198,30000,0.0,0.0,0.0,159.8478245779118,0.8816055812125382
69c148d1a3603e6d7d9ad77c,69c148d1a3603e6d7d9ad77c,69c148d1a3603e6d7d9ad77d,0.0,0.0,0.0,0.0,0.1,0.0,0.0,0.0,0.0,0.0,0.0,0.0,0.0,0.0,0.0,0.0,0.0,0.9,0.0,0.0,0.0,0.0,0.0,0.0,0.0,0.0,0.0,0.0,0.0,0.0,32.13,500.0,0.67,1,0.01,0.198,30000,0.0,0.0,0.0,179.87821338495831,0.9247027611280338
69c148d1a3603e6d7d9ad77c,69c148d1a3603e6d7d9ad77c,69c148d1a3603e6d7d9ad77d,0.0,0.0,0.0,0.0,0.1,0.0,0.0,0.0,0.0,0.0,0.0,0.0,0.0,0.0,0.0,0.0,0.0,0.9,0.0,0.0,0.0,0.0,0.0,0.0,0.0,0.0,0.0,0.0,0.0,0.0,32.13,500.0,0.67,1,0.01,0.198,30000,0.0,0.0,0.0,200.42343794590175,0.955104647735089
69c148d2a3603e6d7d9ad77e,69c148d2a3603e6d7d9ad77e,69c148d2a3603e6d7d9ad77f,0.0,0.0,0.0,0.0,0.2,0.0,0.0,0.0,0.0,0.0,0.0,0.0,0.0,0.0,0.0,0.0,0.0,0.8,0.0,0.0,0.0,0.0,0.0,0.0,0.0,0.0,0.0,0.0,0.0,0.0,77.89,500.0,0.67,1,0.01,0.198,30000,0.0,0.0,0.0,20.15765157767271,0.0011005207821558416
69c148d2a3603e6d7d9ad77e,69c148d2a3603e6d7d9ad77e,69c148d2a3603e6d7d9ad77f,0.0,0.0,0.0,0.0,0.2,0.0,0.0,0.0,0.0,0.0,0.0,0.0,0.0,0.0,0.0,0.0,0.0,0.8,0.0,0.0,0.0,0.0,0.0,0.0,0.0,0.0,0.0,0.0,0.0,0.0,77.89,500.0,0.67,1,0.01,0.198,30000,0.0,0.0,0.0,40.26709756041125,0.10349808391470966
69c148d2a3603e6d7d9ad77e,69c148d2a3603e6d7d9ad77e,69c148d2a3603e6d7d9ad77f,0.0,0.0,0.0,0.0,0.2,0.0,0.0,0.0,0.0,0.0,0.0,0.0,0.0,0.0,0.0,0.0,0.0,0.8,0.0,0.0,0.0,0.0,0.0,0.0,0.0,0.0,0.0,0.0,0.0,0.0,77.89,500.0,0.67,1,0.01,0.198,30000,0.0,0.0,0.0,60.172151820628905,0.2068389505748256
69c148d2a3603e6d7d9ad77e,69c148d2a3603e6d7d9ad77e,69c148d2a3603e6d7d9ad77f,0.0,0.0,0.0,0.0,0.2,0.0,0.0,0.0,0.0,0.0,0.0,0.0,0.0,0.0,0.0,0.0,0.0,0.8,0.0,0.0,0.0,0.0,0.0,0.0,0.0,0.0,0.0,0.0,0.0,0.0,77.89,500.0,0.67,1,0.01,0.198,30000,0.0,0.0,0.0,79.94223041503089,0.7805541908224428
69c148d2a3603e6d7d9ad77e,69c148d2a3603e6d7d9ad77e,69c148d2a3603e6d7d9ad77f,0.0,0.0,0.0,0.0,0.2,0.0,0.0,0.0,0.0,0.0,0.0,0.0,0.0,0.0,0.0,0.0,0.0,0.8,0.0,0.0,0.0,0.0,0.0,0.0,0.0,0.0,0.0,0.0,0.0,0.0,77.89,500.0,0.67,1,0.01,0.198,30000,0.0,0.0,0.0,100.2040060777614,0.8970325243195441
69c148d2a3603e6d7d9ad77e,69c148d2a3603e6d7d9ad77e,69c148d2a3603e6d7d9ad77f,0.0,0.0,0.0,0.0,0.2,0.0,0.0,0.0,0.0,0.0,0.0,0.0,0.0,0.0,0.0,0.0,0.0,0.8,0.0,0.0,0.0,0.0,0.0,0.0,0.0,0.0,0.0,0.0,0.0,0.0,77.89,500.0,0.67,1,0.01,0.198,30000,0.0,0.0,0.0,120.19583040886057,0.9572467328289281
69c148d2a3603e6d7d9ad77e,69c148d2a3603e6d7d9ad77e,69c148d2a3603e6d7d9ad77f,0.0,0.0,0.0,0.0,0.2,0.0,0.0,0.0,0.0,0.0,0.0,0.0,0.0,0.0,0.0,0.0,0.0,0.8,0.0,0.0,0.0,0.0,0.0,0.0,0.0,0.0,0.0,0.0,0.0,0.0,77.89,500.0,0.67,1,0.01,0.198,30000,0.0,0.0,0.0,139.89456472275998,0.9798761914120075
69c148d2a3603e6d7d9ad780,69c148d2a3603e6d7d9ad780,69c148d3a3603e6d7d9ad781,0.0,0.0,0.0,0.0,0.0,0.0,0.4,0.0,0.0,0.0,0.0,0.0,0.0,0.0,0.0,0.0,0.0,0.6,0.0,0.0,0.0,0.0,0.0,0.0,0.0,0.0,0.0,0.0,0.0,0.0,83.9,500.0,0.67,0,0.01,0.198,30000,0.0,0.0,0.0,39.72063403863307,0.01768255884127942
69c148d2a3603e6d7d9ad780,69c148d2a3603e6d7d9ad780,69c148d3a3603e6d7d9ad781,0.0,0.0,0.0,0.0,0.0,0.0,0.4,0.0,0.0,0.0,0.0,0.0,0.0,0.0,0.0,0.0,0.0,0.6,0.0,0.0,0.0,0.0,0.0,0.0,0.0,0.0,0.0,0.0,0.0,0.0,83.9,500.0,0.67,0,0.01,0.198,30000,0.0,0.0,0.0,60.270957930600844,0.04257694628847314
69c148d2a3603e6d7d9ad780,69c148d2a3603e6d7d9ad780,69c148d3a3603e6d7d9ad781,0.0,0.0,0.0,0.0,0.0,0.0,0.4,0.0,0.0,0.0,0.0,0.0,0.0,0.0,0.0,0.0,0.0,0.6,0.0,0.0,0.0,0.0,0.0,0.0,0.0,0.0,0.0,0.0,0.0,0.0,83.9,500.0,0.67,0,0.01,0.198,30000,0.0,0.0,0.0,80.2893824849752,0.1924864212432106
69c148d2a3603e6d7d9ad780,69c148d2a3603e6d7d9ad780,69c148d3a3603e6d7d9ad781,0.0,0.0,0.0,0.0,0.0,0.0,0.4,0.0,0.0,0.0,0.0,0.0,0.0,0.0,0.0,0.0,0.0,0.6,0.0,0.0,0.0,0.0,0.0,0.0,0.0,0.0,0.0,0.0,0.0,0.0,83.9,500.0,0.67,0,0.01,0.198,30000,0.0,0.0,0.0,100.1213680962756,0.36762220881110436
69c148d2a3603e6d7d9ad780,69c148d2a3603e6d7d9ad780,69c148d3a3603e6d7d9ad781,0.0,0.0,0.0,0.0,0.0,0.0,0.4,0.0,0.0,0.0,0.0,0.0,0.0,0.0,0.0,0.0,0.0,0.6,0.0,0.0,0.0,0.0,0.0,0.0,0.0,0.0,0.0,0.0,0.0,0.0,83.9,500.0,0.67,0,0.01,0.198,30000,0.0,0.0,0.0,120.09044116571863,0.5595151880909274
69c148d2a3603e6d7d9ad780,69c148d2a3603e6d7d9ad780,69c148d3a3603e6d7d9ad781,0.0,0.0,0.0,0.0,0.0,0.0,0.4,0.0,0.0,0.0,0.0,0.0,0.0,0.0,0.0,0.0,0.0,0.6,0.0,0.0,0.0,0.0,0.0,0.0,0.0,0.0,0.0,0.0,0.0,0.0,83.9,500.0,0.67,0,0.01,0.198,30000,0.0,0.0,0.0,140.139938877272,0.7551800442566887
69c148d2a3603e6d7d9ad780,69c148d2a3603e6d7d9ad780,69c148d3a3603e6d7d9ad781,0.0,0.0,0.0,0.0,0.0,0.0,0.4,0.0,0.0,0.0,0.0,0.0,0.0,0.0,0.0,0.0,0.0,0.6,0.0,0.0,0.0,0.0,0.0,0.0,0.0,0.0,0.0,0.0,0.0,0.0,83.9,500.0,0.67,0,0.01,0.198,30000,0.0,0.0,0.0,160.26437773261,0.8924763629048481
69c148d2a3603e6d7d9ad780,69c148d2a3603e6d7d9ad780,69c148d3a3603e6d7d9ad781,0.0,0.0,0.0,0.0,0.0,0.0,0.4,0.0,0.0,0.0,0.0,0.0,0.0,0.0,0.0,0.0,0.0,0.6,0.0,0.0,0.0,0.0,0.0,0.0,0.0,0.0,0.0,0.0,0.0,0.0,83.9,500.0,0.67,0,0.01,0.198,30000,0.0,0.0,0.0,180.20968897597496,0.9713236773285052
69c148d3a3603e6d7d9ad782,69c148d3a3603e6d7d9ad782,69c148d3a3603e6d7d9ad783,0.0,0.0,0.0,0.0,0.0,0.0,0.35,0.0,0.0,0.0,0.0,0.0,0.0,0.0,0.0,0.0,0.0,0.65,0.0,0.0,0.0,0.0,0.0,0.0,0.0,0.0,0.0,0.0,0.0,0.0,54.56,500.0,0.67,0,0.01,0.198,30000,0.0,0.0,0.0,60.02099535102942,0.15432846104631134
69c148d3a3603e6d7d9ad782,69c148d3a3603e6d7d9ad782,69c148d3a3603e6d7d9ad783,0.0,0.0,0.0,0.0,0.0,0.0,0.35,0.0,0.0,0.0,0.0,0.0,0.0,0.0,0.0,0.0,0.0,0.65,0.0,0.0,0.0,0.0,0.0,0.0,0.0,0.0,0.0,0.0,0.0,0.0,54.56,500.0,0.67,0,0.01,0.198,30000,0.0,0.0,0.0,80.39934014611052,0.6357202618239086
69c148d3a3603e6d7d9ad782,69c148d3a3603e6d7d9ad782,69c148d3a3603e6d7d9ad783,0.0,0.0,0.0,0.0,0.0,0.0,0.35,0.0,0.0,0.0,0.0,0.0,0.0,0.0,0.0,0.0,0.0,0.65,0.0,0.0,0.0,0.0,0.0,0.0,0.0,0.0,0.0,0.0,0.0,0.0,54.56,500.0,0.67,0,0.01,0.198,30000,0.0,0.0,0.0,100.03856288964587,0.9517495939760815
69c148d3a3603e6d7d9ad782,69c148d3a3603e6d7d9ad782,69c148d3a3603e6d7d9ad783,0.0,0.0,0.0,0.0,0.0,0.0,0.35,0.0,0.0,0.0,0.0,0.0,0.0,0.0,0.0,0.0,0.0,0.65,0.0,0.0,0.0,0.0,0.0,0.0,0.0,0.0,0.0,0.0,0.0,0.0,54.56,500.0,0.67,0,0.01,0.198,30000,0.0,0.0,0.0,120.08698073997901,0.979516708499434
69c148d3a3603e6d7d9ad782,69c148d3a3603e6d7d9ad782,69c148d3a3603e6d7d9ad783,0.0,0.0,0.0,0.0,0.0,0.0,0.35,0.0,0.0,0.0,0.0,0.0,0.0,0.0,0.0,0.0,0.0,0.65,0.0,0.0,0.0,0.0,0.0,0.0,0.0,0.0,0.0,0.0,0.0,0.0,54.56,500.0,0.67,0,0.01,0.198,30000,0.0,0.0,0.0,140.38819975576837,0.9894482996210443
69c148d3a3603e6d7d9ad782,69c148d3a3603e6d7d9ad782,69c148d3a3603e6d7d9ad783,0.0,0.0,0.0,0.0,0.0,0.0,0.35,0.0,0.0,0.0,0.0,0.0,0.0,0.0,0.0,0.0,0.0,0.65,0.0,0.0,0.0,0.0,0.0,0.0,0.0,0.0,0.0,0.0,0.0,0.0,54.56,500.0,0.67,0,0.01,0.198,30000,0.0,0.0,0.0,40.338924952331986,0.026694227078104236
69cd2ff329cce59b64a176ff,69cd2ff329cce59b64a176ff,69cd2ff329cce59b64a17700,0.0,0.0,0.0,0.0,0.0,0.0,0.0,0.0,0.0,0.0,0.0,0.0,0.0,0.0,0.0,0.0,0.0,0.9,0.1,0.0,0.0,0.0,0.0,0.0,0.0,0.0,0.0,0.0,0.0,0.0,30.0,900.0,4.0,1,0.01,0.01,9600,0.0,0.0,0.0,100.20593024833764,0.15939433409312928
69cd2ff329cce59b64a176ff,69cd2ff329cce59b64a176ff,69cd2ff329cce59b64a17700,0.0,0.0,0.0,0.0,0.0,0.0,0.0,0.0,0.0,0.0,0.0,0.0,0.0,0.0,0.0,0.0,0.0,0.9,0.1,0.0,0.0,0.0,0.0,0.0,0.0,0.0,0.0,0.0,0.0,0.0,30.0,900.0,4.0,1,0.01,0.01,9600,0.0,0.0,0.0,120.07361921563306,0.21866799471335263
69cd2ff329cce59b64a176ff,69cd2ff329cce59b64a176ff,69cd2ff329cce59b64a17700,0.0,0.0,0.0,0.0,0.0,0.0,0.0,0.0,0.0,0.0,0.0,0.0,0.0,0.0,0.0,0.0,0.0,0.9,0.1,0.0,0.0,0.0,0.0,0.0,0.0,0.0,0.0,0.0,0.0,0.0,30.0,900.0,4.0,1,0.01,0.01,9600,0.0,0.0,0.0,140.15979101642012,0.27219529948091253
69cd2ff329cce59b64a176ff,69cd2ff329cce59b64a176ff,69cd2ff329cce59b64a17700,0.0,0.0,0.0,0.0,0.0,0.0,0.0,0.0,0.0,0.0,0.0,0.0,0.0,0.0,0.0,0.0,0.0,0.9,0.1,0.0,0.0,0.0,0.0,0.0,0.0,0.0,0.0,0.0,0.0,0.0,30.0,900.0,4.0,1,0.01,0.01,9600,0.0,0.0,0.0,180.0542814493147,0.4647844158829275
69cd2ff329cce59b64a176ff,69cd2ff329cce59b64a176ff,69cd2ff329cce59b64a17700,0.0,0.0,0.0,0.0,0.0,0.0,0.0,0.0,0.0,0.0,0.0,0.0,0.0,0.0,0.0,0.0,0.0,0.9,0.1,0.0,0.0,0.0,0.0,0.0,0.0,0.0,0.0,0.0,0.0,0.0,30.0,900.0,4.0,1,0.01,0.01,9600,0.0,0.0,0.0,220.02951553806486,0.6743061275307909
69cd2ff329cce59b64a176ff,69cd2ff329cce59b64a176ff,69cd2ff329cce59b64a17700,0.0,0.0,0.0,0.0,0.0,0.0,0.0,0.0,0.0,0.0,0.0,0.0,0.0,0.0,0.0,0.0,0.0,0.9,0.1,0.0,0.0,0.0,0.0,0.0,0.0,0.0,0.0,0.0,0.0,0.0,30.0,900.0,4.0,1,0.01,0.01,9600,0.0,0.0,0.0,239.9138281992129,0.7940027199417702
69cd2ff329cce59b64a176ff,69cd2ff329cce59b64a176ff,69cd2ff329cce59b64a17700,0.0,0.0,0.0,0.0,0.0,0.0,0.0,0.0,0.0,0.0,0.0,0.0,0.0,0.0,0.0,0.0,0.0,0.9,0.1,0.0,0.0,0.0,0.0,0.0,0.0,0.0,0.0,0.0,0.0,0.0,30.0,900.0,4.0,1,0.01,0.01,9600,0.0,0.0,0.0,259.738770525173,0.9231903767693987
69cd2ff329cce59b64a176ff,69cd2ff329cce59b64a176ff,69cd2ff329cce59b64a17700,0.0,0.0,0.0,0.0,0.0,0.0,0.0,0.0,0.0,0.0,0.0,0.0,0.0,0.0,0.0,0.0,0.0,0.9,0.1,0.0,0.0,0.0,0.0,0.0,0.0,0.0,0.0,0.0,0.0,0.0,30.0,900.0,4.0,1,0.01,0.01,9600,0.0,0.0,0.0,279.7845704980323,0.9999712682207367
69cd2ff329cce59b64a176ff,69cd2ff329cce59b64a176ff,69cd2ff329cce59b64a17700,0.0,0.0,0.0,0.0,0.0,0.0,0.0,0.0,0.0,0.0,0.0,0.0,0.0,0.0,0.0,0.0,0.0,0.9,0.1,0.0,0.0,0.0,0.0,0.0,0.0,0.0,0.0,0.0,0.0,0.0,30.0,900.0,4.0,1,0.01,0.01,9600,0.0,0.0,0.0,319.6363142895915,1.0
69cd2ff429cce59b64a17701,69cd2ff429cce59b64a17701,69cd2ff429cce59b64a17702,0.0,0.0,0.0,0.0,0.0,0.0,0.0,0.0,0.05,0.0,0.0,0.0,0.0,0.0,0.0,0.0,0.0,0.95,0.0,0.0,0.0,0.0,0.0,0.0,0.0,0.0,0.0,0.0,0.0,0.0,2.0,900.0,4.0,1,0.01,0.01,9600,0.0,0.0,0.0,80.16487990229339,0.08397341352692168
69cd2ff429cce59b64a17701,69cd2ff429cce59b64a17701,69cd2ff429cce59b64a17702,0.0,0.0,0.0,0.0,0.0,0.0,0.0,0.0,0.05,0.0,0.0,0.0,0.0,0.0,0.0,0.0,0.0,0.95,0.0,0.0,0.0,0.0,0.0,0.0,0.0,0.0,0.0,0.0,0.0,0.0,2.0,900.0,4.0,1,0.01,0.01,9600,0.0,0.0,0.0,100.06581625729407,0.22527630394391557
69cd2ff429cce59b64a17701,69cd2ff429cce59b64a17701,69cd2ff429cce59b64a17702,0.0,0.0,0.0,0.0,0.0,0.0,0.0,0.0,0.05,0.0,0.0,0.0,0.0,0.0,0.0,0.0,0.0,0.95,0.0,0.0,0.0,0.0,0.0,0.0,0.0,0.0,0.0,0.0,0.0,0.0,2.0,900.0,4.0,1,0.01,0.01,9600,0.0,0.0,0.0,120.41559234631565,0.43147470645698854
69cd2ff429cce59b64a17701,69cd2ff429cce59b64a17701,69cd2ff429cce59b64a17702,0.0,0.0,0.0,0.0,0.0,0.0,0.0,0.0,0.05,0.0,0.0,0.0,0.0,0.0,0.0,0.0,0.0,0.95,0.0,0.0,0.0,0.0,0.0,0.0,0.0,0.0,0.0,0.0,0.0,0.0,2.0,900.0,4.0,1,0.01,0.01,9600,0.0,0.0,0.0,140.22628579183063,0.6107993180991055
69cd2ff429cce59b64a17701,69cd2ff429cce59b64a17701,69cd2ff429cce59b64a17702,0.0,0.0,0.0,0.0,0.0,0.0,0.0,0.0,0.05,0.0,0.0,0.0,0.0,0.0,0.0,0.0,0.0,0.95,0.0,0.0,0.0,0.0,0.0,0.0,0.0,0.0,0.0,0.0,0.0,0.0,2.0,900.0,4.0,1,0.01,0.01,9600,0.0,0.0,0.0,180.1753969330981,0.834284674468941
69cd2ff429cce59b64a17701,69cd2ff429cce59b64a17701,69cd2ff429cce59b64a17702,0.0,0.0,0.0,0.0,0.0,0.0,0.0,0.0,0.05,0.0,0.0,0.0,0.0,0.0,0.0,0.0,0.0,0.95,0.0,0.0,0.0,0.0,0.0,0.0,0.0,0.0,0.0,0.0,0.0,0.0,2.0,900.0,4.0,1,0.01,0.01,9600,0.0,0.0,0.0,200.21644727914236,0.8932614400367767
69cd2ff429cce59b64a17701,69cd2ff429cce59b64a17701,69cd2ff429cce59b64a17702,0.0,0.0,0.0,0.0,0.0,0.0,0.0,0.0,0.05,0.0,0.0,0.0,0.0,0.0,0.0,0.0,0.0,0.95,0.0,0.0,0.0,0.0,0.0,0.0,0.0,0.0,0.0,0.0,0.0,0.0,2.0,900.0,4.0,1,0.01,0.01,9600,0.0,0.0,0.0,259.95012891844215,0.9996743731683491
69cd2ff429cce59b64a17703,69cd2ff429cce59b64a17703,69cd2ff429cce59b64a17704,0.0,0.0,0.0,0.0,0.0,0.0,0.0,0.0,0.05,0.0,0.0,0.0,0.0,0.0,0.0,0.0,0.0,0.9,0.05,0.0,0.0,0.0,0.0,0.0,0.0,0.0,0.0,0.0,0.0,0.0,8.0,900.0,4.0,1,0.01,0.01,9600,0.0,0.0,0.0,60.02883701994843,0.05986745072499856
69cd2ff429cce59b64a17703,69cd2ff429cce59b64a17703,69cd2ff429cce59b64a17704,0.0,0.0,0.0,0.0,0.0,0.0,0.0,0.0,0.05,0.0,0.0,0.0,0.0,0.0,0.0,0.0,0.0,0.9,0.05,0.0,0.0,0.0,0.0,0.0,0.0,0.0,0.0,0.0,0.0,0.0,8.0,900.0,4.0,1,0.01,0.01,9600,0.0,0.0,0.0,80.04376441850997,0.2312429367709311
69cd2ff429cce59b64a17703,69cd2ff429cce59b64a17703,69cd2ff429cce59b64a17704,0.0,0.0,0.0,0.0,0.0,0.0,0.0,0.0,0.05,0.0,0.0,0.0,0.0,0.0,0.0,0.0,0.0,0.9,0.05,0.0,0.0,0.0,0.0,0.0,0.0,0.0,0.0,0.0,0.0,0.0,8.0,900.0,4.0,1,0.01,0.01,9600,0.0,0.0,0.0,100.23917763604288,0.6546823222939453
69cd2ff429cce59b64a17703,69cd2ff429cce59b64a17703,69cd2ff429cce59b64a17704,0.0,0.0,0.0,0.0,0.0,0.0,0.0,0.0,0.05,0.0,0.0,0.0,0.0,0.0,0.0,0.0,0.0,0.9,0.05,0.0,0.0,0.0,0.0,0.0,0.0,0.0,0.0,0.0,0.0,0.0,8.0,900.0,4.0,1,0.01,0.01,9600,0.0,0.0,0.0,120.04987108155788,0.958578351562051
69cd2ff429cce59b64a17703,69cd2ff429cce59b64a17703,69cd2ff429cce59b64a17704,0.0,0.0,0.0,0.0,0.0,0.0,0.0,0.0,0.05,0.0,0.0,0.0,0.0,0.0,0.0,0.0,0.0,0.9,0.05,0.0,0.0,0.0,0.0,0.0,0.0,0.0,0.0,0.0,0.0,0.0,8.0,900.0,4.0,1,0.01,0.01,9600,0.0,0.0,0.0,140.0861718007871,0.9965138774493841
69cd300529cce59b64a17737,69cd300529cce59b64a17737,69cd300629cce59b64a17738,0.0,0.0,0.0,0.0,0.1,0.0,0.0,0.0,0.0,0.0,0.0,0.0,0.0,0.0,0.0,0.0,0.0,0.9,0.0,0.0,0.0,0.0,0.0,0.0,0.0,0.0,0.0,0.0,0.0,0.0,70.0,400.0,1.0,1,0.004,0.1,30000,0.0,0.0,0.0,90.40695612703726,0.006529333028631126
69cd300529cce59b64a17737,69cd300529cce59b64a17737,69cd300629cce59b64a17738,0.0,0.0,0.0,0.0,0.1,0.0,0.0,0.0,0.0,0.0,0.0,0.0,0.0,0.0,0.0,0.0,0.0,0.9,0.0,0.0,0.0,0.0,0.0,0.0,0.0,0.0,0.0,0.0,0.0,0.0,70.0,400.0,1.0,1,0.004,0.1,30000,0.0,0.0,0.0,94.94106299380132,0.013230061049263817
69cd300529cce59b64a17737,69cd300529cce59b64a17737,69cd300629cce59b64a17738,0.0,0.0,0.0,0.0,0.1,0.0,0.0,0.0,0.0,0.0,0.0,0.0,0.0,0.0,0.0,0.0,0.0,0.9,0.0,0.0,0.0,0.0,0.0,0.0,0.0,0.0,0.0,0.0,0.0,0.0,70.0,400.0,1.0,1,0.004,0.1,30000,0.0,0.0,0.0,99.97304926311011,0.024803303842512486
69cd300529cce59b64a17737,69cd300529cce59b64a17737,69cd300629cce59b64a17738,0.0,0.0,0.0,0.0,0.1,0.0,0.0,0.0,0.0,0.0,0.0,0.0,0.0,0.0,0.0,0.0,0.0,0.9,0.0,0.0,0.0,0.0,0.0,0.0,0.0,0.0,0.0,0.0,0.0,0.0,70.0,400.0,1.0,1,0.004,0.1,30000,0.0,0.0,0.0,105.15184612547696,0.027496653716822826
69cd300529cce59b64a17737,69cd300529cce59b64a17737,69cd300629cce59b64a17738,0.0,0.0,0.0,0.0,0.1,0.0,0.0,0.0,0.0,0.0,0.0,0.0,0.0,0.0,0.0,0.0,0.0,0.9,0.0,0.0,0.0,0.0,0.0,0.0,0.0,0.0,0.0,0.0,0.0,0.0,70.0,400.0,1.0,1,0.004,0.1,30000,0.0,0.0,0.0,110.12638477141519,0.04154288139466553
69cd300529cce59b64a17737,69cd300529cce59b64a17737,69cd300629cce59b64a17738,0.0,0.0,0.0,0.0,0.1,0.0,0.0,0.0,0.0,0.0,0.0,0.0,0.0,0.0,0.0,0.0,0.0,0.9,0.0,0.0,0.0,0.0,0.0,0.0,0.0,0.0,0.0,0.0,0.0,0.0,70.0,400.0,1.0,1,0.004,0.1,30000,0.0,0.0,0.0,115.20943559483113,0.05703372400509288
69cd300529cce59b64a17737,69cd300529cce59b64a17737,69cd300629cce59b64a17738,0.0,0.0,0.0,0.0,0.1,0.0,0.0,0.0,0.0,0.0,0.0,0.0,0.0,0.0,0.0,0.0,0.0,0.9,0.0,0.0,0.0,0.0,0.0,0.0,0.0,0.0,0.0,0.0,0.0,0.0,70.0,400.0,1.0,1,0.004,0.1,30000,0.0,0.0,0.0,120.15844196371579,0.07479350984296955
69cd300529cce59b64a17737,69cd300529cce59b64a17737,69cd300629cce59b64a17738,0.0,0.0,0.0,0.0,0.1,0.0,0.0,0.0,0.0,0.0,0.0,0.0,0.0,0.0,0.0,0.0,0.0,0.9,0.0,0.0,0.0,0.0,0.0,0.0,0.0,0.0,0.0,0.0,0.0,0.0,70.0,400.0,1.0,1,0.004,0.1,30000,0.0,0.0,0.0,125.08617143505582,0.10015996865920146
69cd300529cce59b64a17737,69cd300529cce59b64a17737,69cd300629cce59b64a17738,0.0,0.0,0.0,0.0,0.1,0.0,0.0,0.0,0.0,0.0,0.0,0.0,0.0,0.0,0.0,0.0,0.0,0.9,0.0,0.0,0.0,0.0,0.0,0.0,0.0,0.0,0.0,0.0,0.0,0.0,70.0,400.0,1.0,1,0.004,0.1,30000,0.0,0.0,0.0,130.20539298429765,0.1252244458228592
69cd300529cce59b64a17737,69cd300529cce59b64a17737,69cd300629cce59b64a17738,0.0,0.0,0.0,0.0,0.1,0.0,0.0,0.0,0.0,0.0,0.0,0.0,0.0,0.0,0.0,0.0,0.0,0.9,0.0,0.0,0.0,0.0,0.0,0.0,0.0,0.0,0.0,0.0,0.0,0.0,70.0,400.0,1.0,1,0.004,0.1,30000,0.0,0.0,0.0,135.15227166342783,0.15563481440370866
69cd300529cce59b64a17737,69cd300529cce59b64a17737,69cd300629cce59b64a17738,0.0,0.0,0.0,0.0,0.1,0.0,0.0,0.0,0.0,0.0,0.0,0.0,0.0,0.0,0.0,0.0,0.0,0.9,0.0,0.0,0.0,0.0,0.0,0.0,0.0,0.0,0.0,0.0,0.0,0.0,70.0,400.0,1.0,1,0.004,0.1,30000,0.0,0.0,0.0,140.3310685257947,0.19517808755835592
69cd300529cce59b64a17737,69cd300529cce59b64a17737,69cd300629cce59b64a17738,0.0,0.0,0.0,0.0,0.1,0.0,0.0,0.0,0.0,0.0,0.0,0.0,0.0,0.0,0.0,0.0,0.0,0.9,0.0,0.0,0.0,0.0,0.0,0.0,0.0,0.0,0.0,0.0,0.0,0.0,70.0,400.0,1.0,1,0.004,0.1,30000,0.0,0.0,0.0,145.4034809004383,0.23199536417354966
69cd300529cce59b64a17737,69cd300529cce59b64a17737,69cd300629cce59b64a17738,0.0,0.0,0.0,0.0,0.1,0.0,0.0,0.0,0.0,0.0,0.0,0.0,0.0,0.0,0.0,0.0,0.0,0.9,0.0,0.0,0.0,0.0,0.0,0.0,0.0,0.0,0.0,0.0,0.0,0.0,70.0,400.0,1.0,1,0.004,0.1,30000,0.0,0.0,0.0,150.17163364019348,0.26564591426985734
69cd300529cce59b64a17737,69cd300529cce59b64a17737,69cd300629cce59b64a17738,0.0,0.0,0.0,0.0,0.1,0.0,0.0,0.0,0.0,0.0,0.0,0.0,0.0,0.0,0.0,0.0,0.0,0.9,0.0,0.0,0.0,0.0,0.0,0.0,0.0,0.0,0.0,0.0,0.0,0.0,70.0,400.0,1.0,1,0.004,0.1,30000,0.0,0.0,0.0,155.1227676988326,0.31011883386112105
69cd300529cce59b64a17737,69cd300529cce59b64a17737,69cd300629cce59b64a17738,0.0,0.0,0.0,0.0,0.1,0.0,0.0,0.0,0.0,0.0,0.0,0.0,0.0,0.0,0.0,0.0,0.0,0.9,0.0,0.0,0.0,0.0,0.0,0.0,0.0,0.0,0.0,0.0,0.0,0.0,70.0,400.0,1.0,1,0.004,0.1,30000,0.0,0.0,0.0,160.09730634477086,0.35188208024550294
69cd300529cce59b64a17737,69cd300529cce59b64a17737,69cd300629cce59b64a17738,0.0,0.0,0.0,0.0,0.1,0.0,0.0,0.0,0.0,0.0,0.0,0.0,0.0,0.0,0.0,0.0,0.0,0.9,0.0,0.0,0.0,0.0,0.0,0.0,0.0,0.0,0.0,0.0,0.0,0.0,70.0,400.0,1.0,1,0.004,0.1,30000,0.0,0.0,0.0,165.12078185506175,0.3979546864287813
69cd300529cce59b64a17737,69cd300529cce59b64a17737,69cd300629cce59b64a17738,0.0,0.0,0.0,0.0,0.1,0.0,0.0,0.0,0.0,0.0,0.0,0.0,0.0,0.0,0.0,0.0,0.0,0.9,0.0,0.0,0.0,0.0,0.0,0.0,0.0,0.0,0.0,0.0,0.0,0.0,70.0,400.0,1.0,1,0.004,0.1,30000,0.0,0.0,0.0,170.27830181988395,0.4381264078874343
69cd300529cce59b64a17737,69cd300529cce59b64a17737,69cd300629cce59b64a17738,0.0,0.0,0.0,0.0,0.1,0.0,0.0,0.0,0.0,0.0,0.0,0.0,0.0,0.0,0.0,0.0,0.0,0.9,0.0,0.0,0.0,0.0,0.0,0.0,0.0,0.0,0.0,0.0,0.0,0.0,70.0,400.0,1.0,1,0.004,0.1,30000,0.0,0.0,0.0,175.08688066497396,0.49298912866050737
69cd300529cce59b64a17737,69cd300529cce59b64a17737,69cd300629cce59b64a17738,0.0,0.0,0.0,0.0,0.1,0.0,0.0,0.0,0.0,0.0,0.0,0.0,0.0,0.0,0.0,0.0,0.0,0.9,0.0,0.0,0.0,0.0,0.0,0.0,0.0,0.0,0.0,0.0,0.0,0.0,70.0,400.0,1.0,1,0.004,0.1,30000,0.0,0.0,0.0,180.15503766010866,0.5483986810747282
69cd300529cce59b64a17737,69cd300529cce59b64a17737,69cd300629cce59b64a17738,0.0,0.0,0.0,0.0,0.1,0.0,0.0,0.0,0.0,0.0,0.0,0.0,0.0,0.0,0.0,0.0,0.0,0.9,0.0,0.0,0.0,0.0,0.0,0.0,0.0,0.0,0.0,0.0,0.0,0.0,70.0,400.0,1.0,1,0.004,0.1,30000,0.0,0.0,0.0,185.1763854806451,0.589892592471679
69cd300529cce59b64a17737,69cd300529cce59b64a17737,69cd300629cce59b64a17738,0.0,0.0,0.0,0.0,0.1,0.0,0.0,0.0,0.0,0.0,0.0,0.0,0.0,0.0,0.0,0.0,0.0,0.9,0.0,0.0,0.0,0.0,0.0,0.0,0.0,0.0,0.0,0.0,0.0,0.0,70.0,400.0,1.0,1,0.004,0.1,30000,0.0,0.0,0.0,190.15092412658336,0.6533413861774019
69cd300529cce59b64a17737,69cd300529cce59b64a17737,69cd300629cce59b64a17738,0.0,0.0,0.0,0.0,0.1,0.0,0.0,0.0,0.0,0.0,0.0,0.0,0.0,0.0,0.0,0.0,0.0,0.9,0.0,0.0,0.0,0.0,0.0,0.0,0.0,0.0,0.0,0.0,0.0,0.0,70.0,400.0,1.0,1,0.004,0.1,30000,0.0,0.0,0.0,195.04248287209748,0.7022950605595638
69cd300529cce59b64a17737,69cd300529cce59b64a17737,69cd300629cce59b64a17738,0.0,0.0,0.0,0.0,0.1,0.0,0.0,0.0,0.0,0.0,0.0,0.0,0.0,0.0,0.0,0.0,0.0,0.9,0.0,0.0,0.0,0.0,0.0,0.0,0.0,0.0,0.0,0.0,0.0,0.0,70.0,400.0,1.0,1,0.004,0.1,30000,0.0,0.0,0.0,200.0893629696875,0.7606754595018118
69cd300529cce59b64a17737,69cd300529cce59b64a17737,69cd300629cce59b64a17738,0.0,0.0,0.0,0.0,0.1,0.0,0.0,0.0,0.0,0.0,0.0,0.0,0.0,0.0,0.0,0.0,0.0,0.9,0.0,0.0,0.0,0.0,0.0,0.0,0.0,0.0,0.0,0.0,0.0,0.0,70.0,400.0,1.0,1,0.004,0.1,30000,0.0,0.0,0.0,205.0660293053802,0.8259034964578368
69cd300529cce59b64a17737,69cd300529cce59b64a17737,69cd300629cce59b64a17738,0.0,0.0,0.0,0.0,0.1,0.0,0.0,0.0,0.0,0.0,0.0,0.0,0.0,0.0,0.0,0.0,0.0,0.9,0.0,0.0,0.0,0.0,0.0,0.0,0.0,0.0,0.0,0.0,0.0,0.0,70.0,400.0,1.0,1,0.004,0.1,30000,0.0,0.0,0.0,210.09588788493454,0.8782932323463158
69cd300529cce59b64a17737,69cd300529cce59b64a17737,69cd300629cce59b64a17738,0.0,0.0,0.0,0.0,0.1,0.0,0.0,0.0,0.0,0.0,0.0,0.0,0.0,0.0,0.0,0.0,0.0,0.9,0.0,0.0,0.0,0.0,0.0,0.0,0.0,0.0,0.0,0.0,0.0,0.0,70.0,400.0,1.0,1,0.004,0.1,30000,0.0,0.0,0.0,215.18106639810492,0.9324785348176684
69cd300529cce59b64a17737,69cd300529cce59b64a17737,69cd300629cce59b64a17738,0.0,0.0,0.0,0.0,0.1,0.0,0.0,0.0,0.0,0.0,0.0,0.0,0.0,0.0,0.0,0.0,0.0,0.9,0.0,0.0,0.0,0.0,0.0,0.0,0.0,0.0,0.0,0.0,0.0,0.0,70.0,400.0,1.0,1,0.004,0.1,30000,0.0,0.0,0.0,220.1236896977262,0.9612565701413601
69cd300529cce59b64a17737,69cd300529cce59b64a17737,69cd300629cce59b64a17738,0.0,0.0,0.0,0.0,0.1,0.0,0.0,0.0,0.0,0.0,0.0,0.0,0.0,0.0,0.0,0.0,0.0,0.9,0.0,0.0,0.0,0.0,0.0,0.0,0.0,0.0,0.0,0.0,0.0,0.0,70.0,400.0,1.0,1,0.004,0.1,30000,0.0,0.0,0.0,225.0343976510305,0.9785674643335183
69cd300529cce59b64a17737,69cd300529cce59b64a17737,69cd300629cce59b64a17738,0.0,0.0,0.0,0.0,0.1,0.0,0.0,0.0,0.0,0.0,0.0,0.0,0.0,0.0,0.0,0.0,0.0,0.9,0.0,0.0,0.0,0.0,0.0,0.0,0.0,0.0,0.0,0.0,0.0,0.0,70.0,400.0,1.0,1,0.004,0.1,30000,0.0,0.0,0.0,230.4259634888438,0.9901896771244817
69cd300629cce59b64a1773a,69cd300629cce59b64a1773a,69cd300629cce59b64a1773b,0.0,0.0,0.0,0.0,0.2,0.0,0.0,0.0,0.0,0.0,0.0,0.0,0.0,0.0,0.0,0.0,0.0,0.8,0.0,0.0,0.0,0.0,0.0,0.0,0.0,0.0,0.0,0.0,0.0,0.0,76.0,400.0,1.0,1,0.004,0.1,30000,0.0,0.0,0.0,60.07248329763543,0.005770298064052757
69cd300629cce59b64a1773a,69cd300629cce59b64a1773a,69cd300629cce59b64a1773b,0.0,0.0,0.0,0.0,0.2,0.0,0.0,0.0,0.0,0.0,0.0,0.0,0.0,0.0,0.0,0.0,0.0,0.8,0.0,0.0,0.0,0.0,0.0,0.0,0.0,0.0,0.0,0.0,0.0,0.0,76.0,400.0,1.0,1,0.004,0.1,30000,0.0,0.0,0.0,65.20234329564958,0.006259998041200091
69cd300629cce59b64a1773a,69cd300629cce59b64a1773a,69cd300629cce59b64a1773b,0.0,0.0,0.0,0.0,0.2,0.0,0.0,0.0,0.0,0.0,0.0,0.0,0.0,0.0,0.0,0.0,0.0,0.8,0.0,0.0,0.0,0.0,0.0,0.0,0.0,0.0,0.0,0.0,0.0,0.0,76.0,400.0,1.0,1,0.004,0.1,30000,0.0,0.0,0.0,69.94283606859672,0.008006594626358917
69cd300629cce59b64a1773a,69cd300629cce59b64a1773a,69cd300629cce59b64a1773b,0.0,0.0,0.0,0.0,0.2,0.0,0.0,0.0,0.0,0.0,0.0,0.0,0.0,0.0,0.0,0.0,0.0,0.8,0.0,0.0,0.0,0.0,0.0,0.0,0.0,0.0,0.0,0.0,0.0,0.0,76.0,400.0,1.0,1,0.004,0.1,30000,0.0,0.0,0.0,55.45326884069277,0.0031095948548855736
69cd300629cce59b64a1773a,69cd300629cce59b64a1773a,69cd300629cce59b64a1773b,0.0,0.0,0.0,0.0,0.2,0.0,0.0,0.0,0.0,0.0,0.0,0.0,0.0,0.0,0.0,0.0,0.0,0.8,0.0,0.0,0.0,0.0,0.0,0.0,0.0,0.0,0.0,0.0,0.0,0.0,76.0,400.0,1.0,1,0.004,0.1,30000,0.0,0.0,0.0,75.19184669286089,0.012087427769253372
69cd300629cce59b64a1773a,69cd300629cce59b64a1773a,69cd300629cce59b64a1773b,0.0,0.0,0.0,0.0,0.2,0.0,0.0,0.0,0.0,0.0,0.0,0.0,0.0,0.0,0.0,0.0,0.0,0.8,0.0,0.0,0.0,0.0,0.0,0.0,0.0,0.0,0.0,0.0,0.0,0.0,76.0,400.0,1.0,1,0.004,0.1,30000,0.0,0.0,0.0,80.02170243549554,0.022469067284776857
69cd300629cce59b64a1773a,69cd300629cce59b64a1773a,69cd300629cce59b64a1773b,0.0,0.0,0.0,0.0,0.2,0.0,0.0,0.0,0.0,0.0,0.0,0.0,0.0,0.0,0.0,0.0,0.0,0.8,0.0,0.0,0.0,0.0,0.0,0.0,0.0,0.0,0.0,0.0,0.0,0.0,76.0,400.0,1.0,1,0.004,0.1,30000,0.0,0.0,0.0,85.25156385196954,0.029194280304266917
69cd300629cce59b64a1773a,69cd300629cce59b64a1773a,69cd300629cce59b64a1773b,0.0,0.0,0.0,0.0,0.2,0.0,0.0,0.0,0.0,0.0,0.0,0.0,0.0,0.0,0.0,0.0,0.0,0.8,0.0,0.0,0.0,0.0,0.0,0.0,0.0,0.0,0.0,0.0,0.0,0.0,76.0,400.0,1.0,1,0.004,0.1,30000,0.0,0.0,0.0,90.18567639257294,0.04376285462440012
69cd300629cce59b64a1773a,69cd300629cce59b64a1773a,69cd300629cce59b64a1773b,0.0,0.0,0.0,0.0,0.2,0.0,0.0,0.0,0.0,0.0,0.0,0.0,0.0,0.0,0.0,0.0,0.0,0.8,0.0,0.0,0.0,0.0,0.0,0.0,0.0,0.0,0.0,0.0,0.0,0.0,76.0,400.0,1.0,1,0.004,0.1,30000,0.0,0.0,0.0,95.24532262868976,0.056307335705657664
69cd300629cce59b64a1773a,69cd300629cce59b64a1773a,69cd300629cce59b64a1773b,0.0,0.0,0.0,0.0,0.2,0.0,0.0,0.0,0.0,0.0,0.0,0.0,0.0,0.0,0.0,0.0,0.0,0.8,0.0,0.0,0.0,0.0,0.0,0.0,0.0,0.0,0.0,0.0,0.0,0.0,76.0,400.0,1.0,1,0.004,0.1,30000,0.0,0.0,0.0,100.32624576235123,0.07771538637328197
69cd300629cce59b64a1773a,69cd300629cce59b64a1773a,69cd300629cce59b64a1773b,0.0,0.0,0.0,0.0,0.2,0.0,0.0,0.0,0.0,0.0,0.0,0.0,0.0,0.0,0.0,0.0,0.0,0.8,0.0,0.0,0.0,0.0,0.0,0.0,0.0,0.0,0.0,0.0,0.0,0.0,76.0,400.0,1.0,1,0.004,0.1,30000,0.0,0.0,0.0,105.06886622505283,0.11185563644673696
69cd300629cce59b64a1773a,69cd300629cce59b64a1773a,69cd300629cce59b64a1773b,0.0,0.0,0.0,0.0,0.2,0.0,0.0,0.0,0.0,0.0,0.0,0.0,0.0,0.0,0.0,0.0,0.0,0.8,0.0,0.0,0.0,0.0,0.0,0.0,0.0,0.0,0.0,0.0,0.0,0.0,76.0,400.0,1.0,1,0.004,0.1,30000,0.0,0.0,0.0,110.34340912637057,0.15636120270314388
69cd300629cce59b64a1773a,69cd300629cce59b64a1773a,69cd300629cce59b64a1773b,0.0,0.0,0.0,0.0,0.2,0.0,0.0,0.0,0.0,0.0,0.0,0.0,0.0,0.0,0.0,0.0,0.0,0.8,0.0,0.0,0.0,0.0,0.0,0.0,0.0,0.0,0.0,0.0,0.0,0.0,76.0,400.0,1.0,1,0.004,0.1,30000,0.0,0.0,0.0,115.13071107391593,0.19362737096405602
69cd300629cce59b64a1773a,69cd300629cce59b64a1773a,69cd300629cce59b64a1773b,0.0,0.0,0.0,0.0,0.2,0.0,0.0,0.0,0.0,0.0,0.0,0.0,0.0,0.0,0.0,0.0,0.0,0.8,0.0,0.0,0.0,0.0,0.0,0.0,0.0,0.0,0.0,0.0,0.0,0.0,76.0,400.0,1.0,1,0.004,0.1,30000,0.0,0.0,0.0,119.95205605753273,0.24324214031536676
69cd300629cce59b64a1773a,69cd300629cce59b64a1773a,69cd300629cce59b64a1773b,0.0,0.0,0.0,0.0,0.2,0.0,0.0,0.0,0.0,0.0,0.0,0.0,0.0,0.0,0.0,0.0,0.0,0.8,0.0,0.0,0.0,0.0,0.0,0.0,0.0,0.0,0.0,0.0,0.0,0.0,76.0,400.0,1.0,1,0.004,0.1,30000,0.0,0.0,0.0,125.30532347976566,0.291061343083804
69cd300629cce59b64a1773a,69cd300629cce59b64a1773a,69cd300629cce59b64a1773b,0.0,0.0,0.0,0.0,0.2,0.0,0.0,0.0,0.0,0.0,0.0,0.0,0.0,0.0,0.0,0.0,0.0,0.8,0.0,0.0,0.0,0.0,0.0,0.0,0.0,0.0,0.0,0.0,0.0,0.0,76.0,400.0,1.0,1,0.004,0.1,30000,0.0,0.0,0.0,130.18198839699852,0.3408719924259737
69cd300629cce59b64a1773a,69cd300629cce59b64a1773a,69cd300629cce59b64a1773b,0.0,0.0,0.0,0.0,0.2,0.0,0.0,0.0,0.0,0.0,0.0,0.0,0.0,0.0,0.0,0.0,0.0,0.8,0.0,0.0,0.0,0.0,0.0,0.0,0.0,0.0,0.0,0.0,0.0,0.0,76.0,400.0,1.0,1,0.004,0.1,30000,0.0,0.0,0.0,135.09695172981176,0.38685482028010837
69cd300629cce59b64a1773a,69cd300629cce59b64a1773a,69cd300629cce59b64a1773b,0.0,0.0,0.0,0.0,0.2,0.0,0.0,0.0,0.0,0.0,0.0,0.0,0.0,0.0,0.0,0.0,0.0,0.8,0.0,0.0,0.0,0.0,0.0,0.0,0.0,0.0,0.0,0.0,0.0,0.0,76.0,400.0,1.0,1,0.004,0.1,30000,0.0,0.0,0.0,140.01404275237945,0.4373836962554275
69cd300629cce59b64a1773a,69cd300629cce59b64a1773a,69cd300629cce59b64a1773b,0.0,0.0,0.0,0.0,0.2,0.0,0.0,0.0,0.0,0.0,0.0,0.0,0.0,0.0,0.0,0.0,0.0,0.8,0.0,0.0,0.0,0.0,0.0,0.0,0.0,0.0,0.0,0.0,0.0,0.0,76.0,400.0,1.0,1,0.004,0.1,30000,0.0,0.0,0.0,145.19071192499183,0.49195259704221217
69cd300629cce59b64a1773a,69cd300629cce59b64a1773a,69cd300629cce59b64a1773b,0.0,0.0,0.0,0.0,0.2,0.0,0.0,0.0,0.0,0.0,0.0,0.0,0.0,0.0,0.0,0.0,0.0,0.8,0.0,0.0,0.0,0.0,0.0,0.0,0.0,0.0,0.0,0.0,0.0,0.0,76.0,400.0,1.0,1,0.004,0.1,30000,0.0,0.0,0.0,150.31418885374262,0.5489699977147334
69cd300629cce59b64a1773a,69cd300629cce59b64a1773a,69cd300629cce59b64a1773b,0.0,0.0,0.0,0.0,0.2,0.0,0.0,0.0,0.0,0.0,0.0,0.0,0.0,0.0,0.0,0.0,0.0,0.8,0.0,0.0,0.0,0.0,0.0,0.0,0.0,0.0,0.0,0.0,0.0,0.0,76.0,400.0,1.0,1,0.004,0.1,30000,0.0,0.0,0.0,154.95042482872097,0.5954833338774445
69cd300629cce59b64a1773a,69cd300629cce59b64a1773a,69cd300629cce59b64a1773b,0.0,0.0,0.0,0.0,0.2,0.0,0.0,0.0,0.0,0.0,0.0,0.0,0.0,0.0,0.0,0.0,0.0,0.8,0.0,0.0,0.0,0.0,0.0,0.0,0.0,0.0,0.0,0.0,0.0,0.0,76.0,400.0,1.0,1,0.004,0.1,30000,0.0,0.0,0.0,160.03560334189137,0.6519212562436746
69cd300629cce59b64a1773a,69cd300629cce59b64a1773a,69cd300629cce59b64a1773b,0.0,0.0,0.0,0.0,0.2,0.0,0.0,0.0,0.0,0.0,0.0,0.0,0.0,0.0,0.0,0.0,0.0,0.8,0.0,0.0,0.0,0.0,0.0,0.0,0.0,0.0,0.0,0.0,0.0,0.0,76.0,400.0,1.0,1,0.004,0.1,30000,0.0,0.0,0.0,165.18248485794123,0.7167167248865529
69cd300629cce59b64a1773a,69cd300629cce59b64a1773a,69cd300629cce59b64a1773b,0.0,0.0,0.0,0.0,0.2,0.0,0.0,0.0,0.0,0.0,0.0,0.0,0.0,0.0,0.0,0.0,0.0,0.8,0.0,0.0,0.0,0.0,0.0,0.0,0.0,0.0,0.0,0.0,0.0,0.0,76.0,400.0,1.0,1,0.004,0.1,30000,0.0,0.0,0.0,170.0591497751741,0.7681760308184519
69cd300629cce59b64a1773a,69cd300629cce59b64a1773a,69cd300629cce59b64a1773b,0.0,0.0,0.0,0.0,0.2,0.0,0.0,0.0,0.0,0.0,0.0,0.0,0.0,0.0,0.0,0.0,0.0,0.8,0.0,0.0,0.0,0.0,0.0,0.0,0.0,0.0,0.0,0.0,0.0,0.0,76.0,400.0,1.0,1,0.004,0.1,30000,0.0,0.0,0.0,175.10390218300967,0.8192190917697757
69cd300629cce59b64a1773a,69cd300629cce59b64a1773a,69cd300629cce59b64a1773b,0.0,0.0,0.0,0.0,0.2,0.0,0.0,0.0,0.0,0.0,0.0,0.0,0.0,0.0,0.0,0.0,0.0,0.8,0.0,0.0,0.0,0.0,0.0,0.0,0.0,0.0,0.0,0.0,0.0,0.0,76.0,400.0,1.0,1,0.004,0.1,30000,0.0,0.0,0.0,180.02737627484078,0.8777219157063106
69cd300629cce59b64a1773a,69cd300629cce59b64a1773a,69cd300629cce59b64a1773b,0.0,0.0,0.0,0.0,0.2,0.0,0.0,0.0,0.0,0.0,0.0,0.0,0.0,0.0,0.0,0.0,0.0,0.8,0.0,0.0,0.0,0.0,0.0,0.0,0.0,0.0,0.0,0.0,0.0,0.0,76.0,400.0,1.0,1,0.004,0.1,30000,0.0,0.0,0.0,185.2253223449978,0.9363145179719892
69cd300629cce59b64a1773a,69cd300629cce59b64a1773a,69cd300629cce59b64a1773b,0.0,0.0,0.0,0.0,0.2,0.0,0.0,0.0,0.0,0.0,0.0,0.0,0.0,0.0,0.0,0.0,0.0,0.8,0.0,0.0,0.0,0.0,0.0,0.0,0.0,0.0,0.0,0.0,0.0,0.0,76.0,400.0,1.0,1,0.004,0.1,30000,0.0,0.0,0.0,190.28709627086909,0.9761842577780679
69cd300629cce59b64a1773a,69cd300629cce59b64a1773a,69cd300629cce59b64a1773b,0.0,0.0,0.0,0.0,0.2,0.0,0.0,0.0,0.0,0.0,0.0,0.0,0.0,0.0,0.0,0.0,0.0,0.8,0.0,0.0,0.0,0.0,0.0,0.0,0.0,0.0,0.0,0.0,0.0,0.0,76.0,400.0,1.0,1,0.004,0.1,30000,0.0,0.0,0.0,194.99567369749926,0.9963925435016813
69cd300629cce59b64a1773a,69cd300629cce59b64a1773a,69cd300629cce59b64a1773b,0.0,0.0,0.0,0.0,0.2,0.0,0.0,0.0,0.0,0.0,0.0,0.0,0.0,0.0,0.0,0.0,0.0,0.8,0.0,0.0,0.0,0.0,0.0,0.0,0.0,0.0,0.0,0.0,0.0,0.0,76.0,400.0,1.0,1,0.004,0.1,30000,0.0,0.0,0.0,202.95536106895133,0.9997551500114262
69cd300629cce59b64a1773a,69cd300629cce59b64a1773a,69cd300629cce59b64a1773b,0.0,0.0,0.0,0.0,0.2,0.0,0.0,0.0,0.0,0.0,0.0,0.0,0.0,0.0,0.0,0.0,0.0,0.8,0.0,0.0,0.0,0.0,0.0,0.0,0.0,0.0,0.0,0.0,0.0,0.0,76.0,400.0,1.0,1,0.004,0.1,30000,0.0,0.0,0.0,214.03211393069404,0.9998122816754268
69cd300729cce59b64a1773d,69cd300729cce59b64a1773d,69cd300729cce59b64a1773e,0.0,0.0,0.0,0.0,0.3,0.0,0.0,0.0,0.0,0.0,0.0,0.0,0.0,0.0,0.0,0.0,0.0,0.7,0.0,0.0,0.0,0.0,0.0,0.0,0.0,0.0,0.0,0.0,0.0,0.0,69.0,400.0,1.0,1,0.004,0.1,30000,0.0,0.0,0.0,75.1195052412091,0.0050765564297607
69cd300729cce59b64a1773d,69cd300729cce59b64a1773d,69cd300729cce59b64a1773e,0.0,0.0,0.0,0.0,0.3,0.0,0.0,0.0,0.0,0.0,0.0,0.0,0.0,0.0,0.0,0.0,0.0,0.7,0.0,0.0,0.0,0.0,0.0,0.0,0.0,0.0,0.0,0.0,0.0,0.0,69.0,400.0,1.0,1,0.004,0.1,30000,0.0,0.0,0.0,80.01531936623215,0.01396461101498482
69cd300729cce59b64a1773d,69cd300729cce59b64a1773d,69cd300729cce59b64a1773e,0.0,0.0,0.0,0.0,0.3,0.0,0.0,0.0,0.0,0.0,0.0,0.0,0.0,0.0,0.0,0.0,0.0,0.7,0.0,0.0,0.0,0.0,0.0,0.0,0.0,0.0,0.0,0.0,0.0,0.0,69.0,400.0,1.0,1,0.004,0.1,30000,0.0,0.0,0.0,85.32603299337579,0.021334595671052205
69cd300729cce59b64a1773d,69cd300729cce59b64a1773d,69cd300729cce59b64a1773e,0.0,0.0,0.0,0.0,0.3,0.0,0.0,0.0,0.0,0.0,0.0,0.0,0.0,0.0,0.0,0.0,0.0,0.7,0.0,0.0,0.0,0.0,0.0,0.0,0.0,0.0,0.0,0.0,0.0,0.0,69.0,400.0,1.0,1,0.004,0.1,30000,0.0,0.0,0.0,89.74311692364431,0.02590512879109399
69cd300729cce59b64a1773d,69cd300729cce59b64a1773d,69cd300729cce59b64a1773e,0.0,0.0,0.0,0.0,0.3,0.0,0.0,0.0,0.0,0.0,0.0,0.0,0.0,0.0,0.0,0.0,0.0,0.7,0.0,0.0,0.0,0.0,0.0,0.0,0.0,0.0,0.0,0.0,0.0,0.0,69.0,400.0,1.0,1,0.004,0.1,30000,0.0,0.0,0.0,95.18574731556475,0.0392168065032157
69cd300729cce59b64a1773d,69cd300729cce59b64a1773d,69cd300729cce59b64a1773e,0.0,0.0,0.0,0.0,0.3,0.0,0.0,0.0,0.0,0.0,0.0,0.0,0.0,0.0,0.0,0.0,0.0,0.7,0.0,0.0,0.0,0.0,0.0,0.0,0.0,0.0,0.0,0.0,0.0,0.0,69.0,400.0,1.0,1,0.004,0.1,30000,0.0,0.0,0.0,100.24539355168159,0.05154908426104274
69cd300729cce59b64a1773d,69cd300729cce59b64a1773d,69cd300729cce59b64a1773e,0.0,0.0,0.0,0.0,0.3,0.0,0.0,0.0,0.0,0.0,0.0,0.0,0.0,0.0,0.0,0.0,0.0,0.7,0.0,0.0,0.0,0.0,0.0,0.0,0.0,0.0,0.0,0.0,0.0,0.0,69.0,400.0,1.0,1,0.004,0.1,30000,0.0,0.0,0.0,105.27099675172697,0.07609937644869577
69cd300729cce59b64a1773d,69cd300729cce59b64a1773d,69cd300729cce59b64a1773e,0.0,0.0,0.0,0.0,0.3,0.0,0.0,0.0,0.0,0.0,0.0,0.0,0.0,0.0,0.0,0.0,0.0,0.7,0.0,0.0,0.0,0.0,0.0,0.0,0.0,0.0,0.0,0.0,0.0,0.0,69.0,400.0,1.0,1,0.004,0.1,30000,0.0,0.0,0.0,110.27532305422773,0.11428781299990205
69cd300729cce59b64a1773d,69cd300729cce59b64a1773d,69cd300729cce59b64a1773e,0.0,0.0,0.0,0.0,0.3,0.0,0.0,0.0,0.0,0.0,0.0,0.0,0.0,0.0,0.0,0.0,0.0,0.7,0.0,0.0,0.0,0.0,0.0,0.0,0.0,0.0,0.0,0.0,0.0,0.0,69.0,400.0,1.0,1,0.004,0.1,30000,0.0,0.0,0.0,114.99879430913913,0.14930952303222225
69cd300729cce59b64a1773d,69cd300729cce59b64a1773d,69cd300729cce59b64a1773e,0.0,0.0,0.0,0.0,0.3,0.0,0.0,0.0,0.0,0.0,0.0,0.0,0.0,0.0,0.0,0.0,0.0,0.7,0.0,0.0,0.0,0.0,0.0,0.0,0.0,0.0,0.0,0.0,0.0,0.0,69.0,400.0,1.0,1,0.004,0.1,30000,0.0,0.0,0.0,119.89886381367111,0.17935261663021124
69cd300729cce59b64a1773d,69cd300729cce59b64a1773d,69cd300729cce59b64a1773e,0.0,0.0,0.0,0.0,0.3,0.0,0.0,0.0,0.0,0.0,0.0,0.0,0.0,0.0,0.0,0.0,0.0,0.7,0.0,0.0,0.0,0.0,0.0,0.0,0.0,0.0,0.0,0.0,0.0,0.0,69.0,400.0,1.0,1,0.004,0.1,30000,0.0,0.0,0.0,125.1712790252344,0.222046292971173
69cd300729cce59b64a1773d,69cd300729cce59b64a1773d,69cd300729cce59b64a1773e,0.0,0.0,0.0,0.0,0.3,0.0,0.0,0.0,0.0,0.0,0.0,0.0,0.0,0.0,0.0,0.0,0.0,0.7,0.0,0.0,0.0,0.0,0.0,0.0,0.0,0.0,0.0,0.0,0.0,0.0,69.0,400.0,1.0,1,0.004,0.1,30000,0.0,0.0,0.0,130.13730691215477,0.25649668636348794
69cd300729cce59b64a1773d,69cd300729cce59b64a1773d,69cd300729cce59b64a1773e,0.0,0.0,0.0,0.0,0.3,0.0,0.0,0.0,0.0,0.0,0.0,0.0,0.0,0.0,0.0,0.0,0.0,0.7,0.0,0.0,0.0,0.0,0.0,0.0,0.0,0.0,0.0,0.0,0.0,0.0,69.0,400.0,1.0,1,0.004,0.1,30000,0.0,0.0,0.0,135.2331238740975,0.3065603473605171
69cd300729cce59b64a1773d,69cd300729cce59b64a1773d,69cd300729cce59b64a1773e,0.0,0.0,0.0,0.0,0.3,0.0,0.0,0.0,0.0,0.0,0.0,0.0,0.0,0.0,0.0,0.0,0.0,0.7,0.0,0.0,0.0,0.0,0.0,0.0,0.0,0.0,0.0,0.0,0.0,0.0,69.0,400.0,1.0,1,0.004,0.1,30000,0.0,0.0,0.0,140.04595809869642,0.3610231464855865
69cd300729cce59b64a1773d,69cd300729cce59b64a1773d,69cd300729cce59b64a1773e,0.0,0.0,0.0,0.0,0.3,0.0,0.0,0.0,0.0,0.0,0.0,0.0,0.0,0.0,0.0,0.0,0.0,0.7,0.0,0.0,0.0,0.0,0.0,0.0,0.0,0.0,0.0,0.0,0.0,0.0,69.0,400.0,1.0,1,0.004,0.1,30000,0.0,0.0,0.0,145.23539340983558,0.4170203388723842
69cd300729cce59b64a1773d,69cd300729cce59b64a1773d,69cd300729cce59b64a1773e,0.0,0.0,0.0,0.0,0.3,0.0,0.0,0.0,0.0,0.0,0.0,0.0,0.0,0.0,0.0,0.0,0.0,0.7,0.0,0.0,0.0,0.0,0.0,0.0,0.0,0.0,0.0,0.0,0.0,0.0,69.0,400.0,1.0,1,0.004,0.1,30000,0.0,0.0,0.0,150.22269819430062,0.4611504684796448
69cd300729cce59b64a1773d,69cd300729cce59b64a1773d,69cd300729cce59b64a1773e,0.0,0.0,0.0,0.0,0.3,0.0,0.0,0.0,0.0,0.0,0.0,0.0,0.0,0.0,0.0,0.0,0.0,0.7,0.0,0.0,0.0,0.0,0.0,0.0,0.0,0.0,0.0,0.0,0.0,0.0,69.0,400.0,1.0,1,0.004,0.1,30000,0.0,0.0,0.0,155.09723542177903,0.5117201527863928
69cd300729cce59b64a1773d,69cd300729cce59b64a1773d,69cd300729cce59b64a1773e,0.0,0.0,0.0,0.0,0.3,0.0,0.0,0.0,0.0,0.0,0.0,0.0,0.0,0.0,0.0,0.0,0.0,0.7,0.0,0.0,0.0,0.0,0.0,0.0,0.0,0.0,0.0,0.0,0.0,0.0,69.0,400.0,1.0,1,0.004,0.1,30000,0.0,0.0,0.0,160.11432786280656,0.5640037870131566
69cd300729cce59b64a1773d,69cd300729cce59b64a1773d,69cd300729cce59b64a1773e,0.0,0.0,0.0,0.0,0.3,0.0,0.0,0.0,0.0,0.0,0.0,0.0,0.0,0.0,0.0,0.0,0.0,0.7,0.0,0.0,0.0,0.0,0.0,0.0,0.0,0.0,0.0,0.0,0.0,0.0,69.0,400.0,1.0,1,0.004,0.1,30000,0.0,0.0,0.0,165.27610320713768,0.617536156181646
69cd300729cce59b64a1773d,69cd300729cce59b64a1773d,69cd300729cce59b64a1773e,0.0,0.0,0.0,0.0,0.3,0.0,0.0,0.0,0.0,0.0,0.0,0.0,0.0,0.0,0.0,0.0,0.0,0.7,0.0,0.0,0.0,0.0,0.0,0.0,0.0,0.0,0.0,0.0,0.0,0.0,69.0,400.0,1.0,1,0.004,0.1,30000,0.0,0.0,0.0,169.92297763088837,0.6645636773203617
69cd300729cce59b64a1773d,69cd300729cce59b64a1773d,69cd300729cce59b64a1773e,0.0,0.0,0.0,0.0,0.3,0.0,0.0,0.0,0.0,0.0,0.0,0.0,0.0,0.0,0.0,0.0,0.0,0.7,0.0,0.0,0.0,0.0,0.0,0.0,0.0,0.0,0.0,0.0,0.0,0.0,69.0,400.0,1.0,1,0.004,0.1,30000,0.0,0.0,0.0,175.12517908055435,0.7324034474878391
69cd300729cce59b64a1773d,69cd300729cce59b64a1773d,69cd300729cce59b64a1773e,0.0,0.0,0.0,0.0,0.3,0.0,0.0,0.0,0.0,0.0,0.0,0.0,0.0,0.0,0.0,0.0,0.0,0.7,0.0,0.0,0.0,0.0,0.0,0.0,0.0,0.0,0.0,0.0,0.0,0.0,69.0,400.0,1.0,1,0.004,0.1,30000,0.0,0.0,0.0,180.0975900367381,0.7959093728575626
69cd300729cce59b64a1773d,69cd300729cce59b64a1773d,69cd300729cce59b64a1773e,0.0,0.0,0.0,0.0,0.3,0.0,0.0,0.0,0.0,0.0,0.0,0.0,0.0,0.0,0.0,0.0,0.0,0.7,0.0,0.0,0.0,0.0,0.0,0.0,0.0,0.0,0.0,0.0,0.0,0.0,69.0,400.0,1.0,1,0.004,0.1,30000,0.0,0.0,0.0,185.15510858310046,0.8535307368352322
69cd300729cce59b64a1773d,69cd300729cce59b64a1773d,69cd300729cce59b64a1773e,0.0,0.0,0.0,0.0,0.3,0.0,0.0,0.0,0.0,0.0,0.0,0.0,0.0,0.0,0.0,0.0,0.0,0.7,0.0,0.0,0.0,0.0,0.0,0.0,0.0,0.0,0.0,0.0,0.0,0.0,69.0,400.0,1.0,1,0.004,0.1,30000,0.0,0.0,0.0,190.24879785528873,0.9154369756129411
69cd300729cce59b64a1773d,69cd300729cce59b64a1773d,69cd300729cce59b64a1773e,0.0,0.0,0.0,0.0,0.3,0.0,0.0,0.0,0.0,0.0,0.0,0.0,0.0,0.0,0.0,0.0,0.0,0.7,0.0,0.0,0.0,0.0,0.0,0.0,0.0,0.0,0.0,0.0,0.0,0.0,69.0,400.0,1.0,1,0.004,0.1,30000,0.0,0.0,0.0,195.08078128767784,0.95499657210016
69cd300729cce59b64a1773d,69cd300729cce59b64a1773d,69cd300729cce59b64a1773e,0.0,0.0,0.0,0.0,0.3,0.0,0.0,0.0,0.0,0.0,0.0,0.0,0.0,0.0,0.0,0.0,0.0,0.7,0.0,0.0,0.0,0.0,0.0,0.0,0.0,0.0,0.0,0.0,0.0,0.0,69.0,400.0,1.0,1,0.004,0.1,30000,0.0,0.0,0.0,199.8297848196428,0.974249942868336
69cd300729cce59b64a1773d,69cd300729cce59b64a1773d,69cd300729cce59b64a1773e,0.0,0.0,0.0,0.0,0.3,0.0,0.0,0.0,0.0,0.0,0.0,0.0,0.0,0.0,0.0,0.0,0.0,0.7,0.0,0.0,0.0,0.0,0.0,0.0,0.0,0.0,0.0,0.0,0.0,0.0,69.0,400.0,1.0,1,0.004,0.1,30000,0.0,0.0,0.0,205.08092313366146,0.985235545689008
69cd300729cce59b64a1773d,69cd300729cce59b64a1773d,69cd300729cce59b64a1773e,0.0,0.0,0.0,0.0,0.3,0.0,0.0,0.0,0.0,0.0,0.0,0.0,0.0,0.0,0.0,0.0,0.0,0.7,0.0,0.0,0.0,0.0,0.0,0.0,0.0,0.0,0.0,0.0,0.0,0.0,69.0,400.0,1.0,1,0.004,0.1,30000,0.0,0.0,0.0,210.0916325054256,0.9932094936502236
69cd300729cce59b64a1773d,69cd300729cce59b64a1773d,69cd300729cce59b64a1773e,0.0,0.0,0.0,0.0,0.3,0.0,0.0,0.0,0.0,0.0,0.0,0.0,0.0,0.0,0.0,0.0,0.0,0.7,0.0,0.0,0.0,0.0,0.0,0.0,0.0,0.0,0.0,0.0,0.0,0.0,69.0,400.0,1.0,1,0.004,0.1,30000,0.0,0.0,0.0,215.0321281152924,0.9977310567725507
69cd300829cce59b64a17740,69cd300829cce59b64a17740,69cd300829cce59b64a17741,0.0,0.0,0.0,0.0,0.4,0.0,0.0,0.0,0.0,0.0,0.0,0.0,0.0,0.0,0.0,0.0,0.0,0.6,0.0,0.0,0.0,0.0,0.0,0.0,0.0,0.0,0.0,0.0,0.0,0.0,58.0,400.0,1.0,1,0.004,0.1,30000,0.0,0.0,0.0,85.00262415069717,0.012903594397832261
69cd300829cce59b64a17740,69cd300829cce59b64a17740,69cd300829cce59b64a17741,0.0,0.0,0.0,0.0,0.4,0.0,0.0,0.0,0.0,0.0,0.0,0.0,0.0,0.0,0.0,0.0,0.0,0.6,0.0,0.0,0.0,0.0,0.0,0.0,0.0,0.0,0.0,0.0,0.0,0.0,58.0,400.0,1.0,1,0.004,0.1,30000,0.0,0.0,0.0,89.79418147775147,0.021481505664196404
69cd300829cce59b64a17740,69cd300829cce59b64a17740,69cd300829cce59b64a17741,0.0,0.0,0.0,0.0,0.4,0.0,0.0,0.0,0.0,0.0,0.0,0.0,0.0,0.0,0.0,0.0,0.0,0.6,0.0,0.0,0.0,0.0,0.0,0.0,0.0,0.0,0.0,0.0,0.0,0.0,58.0,400.0,1.0,1,0.004,0.1,30000,0.0,0.0,0.0,94.77723088270756,0.026778427083673405
69cd300829cce59b64a17740,69cd300829cce59b64a17740,69cd300829cce59b64a17741,0.0,0.0,0.0,0.0,0.4,0.0,0.0,0.0,0.0,0.0,0.0,0.0,0.0,0.0,0.0,0.0,0.0,0.6,0.0,0.0,0.0,0.0,0.0,0.0,0.0,0.0,0.0,0.0,0.0,0.0,58.0,400.0,1.0,1,0.004,0.1,30000,0.0,0.0,0.0,99.97092157335564,0.03515229669289282
69cd300829cce59b64a17740,69cd300829cce59b64a17740,69cd300829cce59b64a17741,0.0,0.0,0.0,0.0,0.4,0.0,0.0,0.0,0.0,0.0,0.0,0.0,0.0,0.0,0.0,0.0,0.0,0.6,0.0,0.0,0.0,0.0,0.0,0.0,0.0,0.0,0.0,0.0,0.0,0.0,58.0,400.0,1.0,1,0.004,0.1,30000,0.0,0.0,0.0,105.15184612547696,0.04874147105873135
69cd300829cce59b64a17740,69cd300829cce59b64a17740,69cd300829cce59b64a17741,0.0,0.0,0.0,0.0,0.4,0.0,0.0,0.0,0.0,0.0,0.0,0.0,0.0,0.0,0.0,0.0,0.0,0.6,0.0,0.0,0.0,0.0,0.0,0.0,0.0,0.0,0.0,0.0,0.0,0.0,58.0,400.0,1.0,1,0.004,0.1,30000,0.0,0.0,0.0,110.06255407878126,0.07148803499722503
69cd300829cce59b64a17740,69cd300829cce59b64a17740,69cd300829cce59b64a17741,0.0,0.0,0.0,0.0,0.4,0.0,0.0,0.0,0.0,0.0,0.0,0.0,0.0,0.0,0.0,0.0,0.0,0.6,0.0,0.0,0.0,0.0,0.0,0.0,0.0,0.0,0.0,0.0,0.0,0.0,58.0,400.0,1.0,1,0.004,0.1,30000,0.0,0.0,0.0,115.21369097434005,0.10424896346838171
69cd300829cce59b64a17740,69cd300829cce59b64a17740,69cd300829cce59b64a17741,0.0,0.0,0.0,0.0,0.4,0.0,0.0,0.0,0.0,0.0,0.0,0.0,0.0,0.0,0.0,0.0,0.0,0.6,0.0,0.0,0.0,0.0,0.0,0.0,0.0,0.0,0.0,0.0,0.0,0.0,58.0,400.0,1.0,1,0.004,0.1,30000,0.0,0.0,0.0,119.9478006780238,0.13524697202180797
69cd300829cce59b64a17740,69cd300829cce59b64a17740,69cd300829cce59b64a17741,0.0,0.0,0.0,0.0,0.4,0.0,0.0,0.0,0.0,0.0,0.0,0.0,0.0,0.0,0.0,0.0,0.0,0.6,0.0,0.0,0.0,0.0,0.0,0.0,0.0,0.0,0.0,0.0,0.0,0.0,58.0,400.0,1.0,1,0.004,0.1,30000,0.0,0.0,0.0,125.18830054327012,0.1692076654369756
69cd300829cce59b64a17740,69cd300829cce59b64a17740,69cd300829cce59b64a17741,0.0,0.0,0.0,0.0,0.4,0.0,0.0,0.0,0.0,0.0,0.0,0.0,0.0,0.0,0.0,0.0,0.0,0.6,0.0,0.0,0.0,0.0,0.0,0.0,0.0,0.0,0.0,0.0,0.0,0.0,58.0,400.0,1.0,1,0.004,0.1,30000,0.0,0.0,0.0,130.42667271876195,0.20443341712644053
69cd300829cce59b64a17740,69cd300829cce59b64a17740,69cd300829cce59b64a17741,0.0,0.0,0.0,0.0,0.4,0.0,0.0,0.0,0.0,0.0,0.0,0.0,0.0,0.0,0.0,0.0,0.0,0.6,0.0,0.0,0.0,0.0,0.0,0.0,0.0,0.0,0.0,0.0,0.0,0.0,58.0,400.0,1.0,1,0.004,0.1,30000,0.0,0.0,0.0,135.3246145335395,0.2321912441644086
69cd300829cce59b64a17740,69cd300829cce59b64a17740,69cd300829cce59b64a17741,0.0,0.0,0.0,0.0,0.4,0.0,0.0,0.0,0.0,0.0,0.0,0.0,0.0,0.0,0.0,0.0,0.0,0.6,0.0,0.0,0.0,0.0,0.0,0.0,0.0,0.0,0.0,0.0,0.0,0.0,58.0,400.0,1.0,1,0.004,0.1,30000,0.0,0.0,0.0,140.35660080284828,0.2811857268779994
69cd300829cce59b64a17740,69cd300829cce59b64a17740,69cd300829cce59b64a17741,0.0,0.0,0.0,0.0,0.4,0.0,0.0,0.0,0.0,0.0,0.0,0.0,0.0,0.0,0.0,0.0,0.0,0.6,0.0,0.0,0.0,0.0,0.0,0.0,0.0,0.0,0.0,0.0,0.0,0.0,58.0,400.0,1.0,1,0.004,0.1,30000,0.0,0.0,0.0,145.301351792224,0.32336521824295644
69cd300829cce59b64a17740,69cd300829cce59b64a17740,69cd300829cce59b64a17741,0.0,0.0,0.0,0.0,0.4,0.0,0.0,0.0,0.0,0.0,0.0,0.0,0.0,0.0,0.0,0.0,0.0,0.6,0.0,0.0,0.0,0.0,0.0,0.0,0.0,0.0,0.0,0.0,0.0,0.0,58.0,400.0,1.0,1,0.004,0.1,30000,0.0,0.0,0.0,150.2078043660194,0.3766282524240149
69cd300829cce59b64a17740,69cd300829cce59b64a17740,69cd300829cce59b64a17741,0.0,0.0,0.0,0.0,0.4,0.0,0.0,0.0,0.0,0.0,0.0,0.0,0.0,0.0,0.0,0.0,0.0,0.6,0.0,0.0,0.0,0.0,0.0,0.0,0.0,0.0,0.0,0.0,0.0,0.0,58.0,400.0,1.0,1,0.004,0.1,30000,0.0,0.0,0.0,155.01425552135493,0.4374326662531422
69cd300829cce59b64a17740,69cd300829cce59b64a17740,69cd300829cce59b64a17741,0.0,0.0,0.0,0.0,0.4,0.0,0.0,0.0,0.0,0.0,0.0,0.0,0.0,0.0,0.0,0.0,0.0,0.6,0.0,0.0,0.0,0.0,0.0,0.0,0.0,0.0,0.0,0.0,0.0,0.0,58.0,400.0,1.0,1,0.004,0.1,30000,0.0,0.0,0.0,160.088795585753,0.4812689758741145
69cd300829cce59b64a17740,69cd300829cce59b64a17740,69cd300829cce59b64a17741,0.0,0.0,0.0,0.0,0.4,0.0,0.0,0.0,0.0,0.0,0.0,0.0,0.0,0.0,0.0,0.0,0.0,0.6,0.0,0.0,0.0,0.0,0.0,0.0,0.0,0.0,0.0,0.0,0.0,0.0,58.0,400.0,1.0,1,0.004,0.1,30000,0.0,0.0,0.0,165.16759102966,0.535805229995756
69cd300829cce59b64a17740,69cd300829cce59b64a17740,69cd300829cce59b64a17741,0.0,0.0,0.0,0.0,0.4,0.0,0.0,0.0,0.0,0.0,0.0,0.0,0.0,0.0,0.0,0.0,0.0,0.6,0.0,0.0,0.0,0.0,0.0,0.0,0.0,0.0,0.0,0.0,0.0,0.0,58.0,400.0,1.0,1,0.004,0.1,30000,0.0,0.0,0.0,169.9038284230982,0.5826042244784695
69cd300829cce59b64a17740,69cd300829cce59b64a17740,69cd300829cce59b64a17741,0.0,0.0,0.0,0.0,0.4,0.0,0.0,0.0,0.0,0.0,0.0,0.0,0.0,0.0,0.0,0.0,0.0,0.6,0.0,0.0,0.0,0.0,0.0,0.0,0.0,0.0,0.0,0.0,0.0,0.0,58.0,400.0,1.0,1,0.004,0.1,30000,0.0,0.0,0.0,174.8145363764025,0.6357285103326695
69cd300829cce59b64a17740,69cd300829cce59b64a17740,69cd300829cce59b64a17741,0.0,0.0,0.0,0.0,0.4,0.0,0.0,0.0,0.0,0.0,0.0,0.0,0.0,0.0,0.0,0.0,0.0,0.6,0.0,0.0,0.0,0.0,0.0,0.0,0.0,0.0,0.0,0.0,0.0,0.0,58.0,400.0,1.0,1,0.004,0.1,30000,0.0,0.0,0.0,180.16567610888097,0.6845352747216872
69cd300829cce59b64a17740,69cd300829cce59b64a17740,69cd300829cce59b64a17741,0.0,0.0,0.0,0.0,0.4,0.0,0.0,0.0,0.0,0.0,0.0,0.0,0.0,0.0,0.0,0.0,0.0,0.6,0.0,0.0,0.0,0.0,0.0,0.0,0.0,0.0,0.0,0.0,0.0,0.0,58.0,400.0,1.0,1,0.004,0.1,30000,0.0,0.0,0.0,185.06361792365848,0.7341173974078548
69cd300829cce59b64a17740,69cd300829cce59b64a17740,69cd300829cce59b64a17741,0.0,0.0,0.0,0.0,0.4,0.0,0.0,0.0,0.0,0.0,0.0,0.0,0.0,0.0,0.0,0.0,0.0,0.6,0.0,0.0,0.0,0.0,0.0,0.0,0.0,0.0,0.0,0.0,0.0,0.0,58.0,400.0,1.0,1,0.004,0.1,30000,0.0,0.0,0.0,190.13390260854763,0.7836913584277366
69cd300829cce59b64a17740,69cd300829cce59b64a17740,69cd300829cce59b64a17741,0.0,0.0,0.0,0.0,0.4,0.0,0.0,0.0,0.0,0.0,0.0,0.0,0.0,0.0,0.0,0.0,0.0,0.6,0.0,0.0,0.0,0.0,0.0,0.0,0.0,0.0,0.0,0.0,0.0,0.0,58.0,400.0,1.0,1,0.004,0.1,30000,0.0,0.0,0.0,195.0297167335707,0.8376399725768013
69cd300829cce59b64a17740,69cd300829cce59b64a17740,69cd300829cce59b64a17741,0.0,0.0,0.0,0.0,0.4,0.0,0.0,0.0,0.0,0.0,0.0,0.0,0.0,0.0,0.0,0.0,0.0,0.6,0.0,0.0,0.0,0.0,0.0,0.0,0.0,0.0,0.0,0.0,0.0,0.0,58.0,400.0,1.0,1,0.004,0.1,30000,0.0,0.0,0.0,200.2765996680804,0.8841533087395121
69cd300829cce59b64a17740,69cd300829cce59b64a17740,69cd300829cce59b64a17741,0.0,0.0,0.0,0.0,0.4,0.0,0.0,0.0,0.0,0.0,0.0,0.0,0.0,0.0,0.0,0.0,0.0,0.6,0.0,0.0,0.0,0.0,0.0,0.0,0.0,0.0,0.0,0.0,0.0,0.0,58.0,400.0,1.0,1,0.004,0.1,30000,0.0,0.0,0.0,205.11709385948737,0.9296464366164996
69cd300829cce59b64a17740,69cd300829cce59b64a17740,69cd300829cce59b64a17741,0.0,0.0,0.0,0.0,0.4,0.0,0.0,0.0,0.0,0.0,0.0,0.0,0.0,0.0,0.0,0.0,0.0,0.6,0.0,0.0,0.0,0.0,0.0,0.0,0.0,0.0,0.0,0.0,0.0,0.0,58.0,400.0,1.0,1,0.004,0.1,30000,0.0,0.0,0.0,210.06397253861755,0.9590692435767686
69cd300829cce59b64a17740,69cd300829cce59b64a17740,69cd300829cce59b64a17741,0.0,0.0,0.0,0.0,0.4,0.0,0.0,0.0,0.0,0.0,0.0,0.0,0.0,0.0,0.0,0.0,0.0,0.6,0.0,0.0,0.0,0.0,0.0,0.0,0.0,0.0,0.0,0.0,0.0,0.0,58.0,400.0,1.0,1,0.004,0.1,30000,0.0,0.0,0.0,215.22149250343975,0.9813832392021155
69cd300829cce59b64a17740,69cd300829cce59b64a17740,69cd300829cce59b64a17741,0.0,0.0,0.0,0.0,0.4,0.0,0.0,0.0,0.0,0.0,0.0,0.0,0.0,0.0,0.0,0.0,0.0,0.6,0.0,0.0,0.0,0.0,0.0,0.0,0.0,0.0,0.0,0.0,0.0,0.0,58.0,400.0,1.0,1,0.004,0.1,30000,0.0,0.0,0.0,220.09602973091816,0.9946704319153798
69cd300829cce59b64a17740,69cd300829cce59b64a17740,69cd300829cce59b64a17741,0.0,0.0,0.0,0.0,0.4,0.0,0.0,0.0,0.0,0.0,0.0,0.0,0.0,0.0,0.0,0.0,0.0,0.6,0.0,0.0,0.0,0.0,0.0,0.0,0.0,0.0,0.0,0.0,0.0,0.0,58.0,400.0,1.0,1,0.004,0.1,30000,0.0,0.0,0.0,225.38546646051716,0.9957232868662466
69cd300829cce59b64a17743,69cd300829cce59b64a17743,69cd300929cce59b64a17744,0.0,0.0,0.0,0.0,0.5,0.0,0.0,0.0,0.0,0.0,0.0,0.0,0.0,0.0,0.0,0.0,0.0,0.5,0.0,0.0,0.0,0.0,0.0,0.0,0.0,0.0,0.0,0.0,0.0,0.0,77.0,400.0,1.0,1,0.004,0.1,30000,0.0,0.0,0.0,90.0495042482872,0.00603963305148379
69cd300829cce59b64a17743,69cd300829cce59b64a17743,69cd300929cce59b64a17744,0.0,0.0,0.0,0.0,0.5,0.0,0.0,0.0,0.0,0.0,0.0,0.0,0.0,0.0,0.0,0.0,0.0,0.5,0.0,0.0,0.0,0.0,0.0,0.0,0.0,0.0,0.0,0.0,0.0,0.0,77.0,400.0,1.0,1,0.004,0.1,30000,0.0,0.0,0.0,94.8942538192031,0.007565864646926317
69cd300829cce59b64a17743,69cd300829cce59b64a17743,69cd300929cce59b64a17744,0.0,0.0,0.0,0.0,0.5,0.0,0.0,0.0,0.0,0.0,0.0,0.0,0.0,0.0,0.0,0.0,0.0,0.5,0.0,0.0,0.0,0.0,0.0,0.0,0.0,0.0,0.0,0.0,0.0,0.0,77.0,400.0,1.0,1,0.004,0.1,30000,0.0,0.0,0.0,100.17305210002979,0.008741144592079919
69cd300829cce59b64a17743,69cd300829cce59b64a17743,69cd300929cce59b64a17744,0.0,0.0,0.0,0.0,0.5,0.0,0.0,0.0,0.0,0.0,0.0,0.0,0.0,0.0,0.0,0.0,0.0,0.5,0.0,0.0,0.0,0.0,0.0,0.0,0.0,0.0,0.0,0.0,0.0,0.0,77.0,400.0,1.0,1,0.004,0.1,30000,0.0,0.0,0.0,105.2156768181109,0.010830531161241878
69cd300829cce59b64a17743,69cd300829cce59b64a17743,69cd300929cce59b64a17744,0.0,0.0,0.0,0.0,0.5,0.0,0.0,0.0,0.0,0.0,0.0,0.0,0.0,0.0,0.0,0.0,0.0,0.5,0.0,0.0,0.0,0.0,0.0,0.0,0.0,0.0,0.0,0.0,0.0,0.0,77.0,400.0,1.0,1,0.004,0.1,30000,0.0,0.0,0.0,110.50085816820096,0.019922627403610723
69cd300829cce59b64a17743,69cd300829cce59b64a17743,69cd300929cce59b64a17744,0.0,0.0,0.0,0.0,0.5,0.0,0.0,0.0,0.0,0.0,0.0,0.0,0.0,0.0,0.0,0.0,0.0,0.5,0.0,0.0,0.0,0.0,0.0,0.0,0.0,0.0,0.0,0.0,0.0,0.0,77.0,400.0,1.0,1,0.004,0.1,30000,0.0,0.0,0.0,115.12858338416147,0.032197773497437236
69cd300829cce59b64a17743,69cd300829cce59b64a17743,69cd300929cce59b64a17744,0.0,0.0,0.0,0.0,0.5,0.0,0.0,0.0,0.0,0.0,0.0,0.0,0.0,0.0,0.0,0.0,0.0,0.5,0.0,0.0,0.0,0.0,0.0,0.0,0.0,0.0,0.0,0.0,0.0,0.0,77.0,400.0,1.0,1,0.004,0.1,30000,0.0,0.0,0.0,120.34355097235421,0.039453494825503574
69cd300829cce59b64a17743,69cd300829cce59b64a17743,69cd300929cce59b64a17744,0.0,0.0,0.0,0.0,0.5,0.0,0.0,0.0,0.0,0.0,0.0,0.0,0.0,0.0,0.0,0.0,0.0,0.5,0.0,0.0,0.0,0.0,0.0,0.0,0.0,0.0,0.0,0.0,0.0,0.0,77.0,400.0,1.0,1,0.004,0.1,30000,0.0,0.0,0.0,125.55000780152909,0.05305083085762789
69cd300829cce59b64a17743,69cd300829cce59b64a17743,69cd300929cce59b64a17744,0.0,0.0,0.0,0.0,0.5,0.0,0.0,0.0,0.0,0.0,0.0,0.0,0.0,0.0,0.0,0.0,0.0,0.5,0.0,0.0,0.0,0.0,0.0,0.0,0.0,0.0,0.0,0.0,0.0,0.0,77.0,400.0,1.0,1,0.004,0.1,30000,0.0,0.0,0.0,130.06709315025745,0.07045150337892984
69cd300829cce59b64a17743,69cd300829cce59b64a17743,69cd300929cce59b64a17744,0.0,0.0,0.0,0.0,0.5,0.0,0.0,0.0,0.0,0.0,0.0,0.0,0.0,0.0,0.0,0.0,0.0,0.5,0.0,0.0,0.0,0.0,0.0,0.0,0.0,0.0,0.0,0.0,0.0,0.0,77.0,400.0,1.0,1,0.004,0.1,30000,0.0,0.0,0.0,135.39695598519125,0.09280630733570566
69cd300829cce59b64a17743,69cd300829cce59b64a17743,69cd300929cce59b64a17744,0.0,0.0,0.0,0.0,0.5,0.0,0.0,0.0,0.0,0.0,0.0,0.0,0.0,0.0,0.0,0.0,0.0,0.5,0.0,0.0,0.0,0.0,0.0,0.0,0.0,0.0,0.0,0.0,0.0,0.0,77.0,400.0,1.0,1,0.004,0.1,30000,0.0,0.0,0.0,140.33319621554915,0.11474486631190624
69cd300829cce59b64a17743,69cd300829cce59b64a17743,69cd300929cce59b64a17744,0.0,0.0,0.0,0.0,0.5,0.0,0.0,0.0,0.0,0.0,0.0,0.0,0.0,0.0,0.0,0.0,0.0,0.5,0.0,0.0,0.0,0.0,0.0,0.0,0.0,0.0,0.0,0.0,0.0,0.0,77.0,400.0,1.0,1,0.004,0.1,30000,0.0,0.0,0.0,145.2715641356615,0.14505729489732622
69cd300829cce59b64a17743,69cd300829cce59b64a17743,69cd300929cce59b64a17744,0.0,0.0,0.0,0.0,0.5,0.0,0.0,0.0,0.0,0.0,0.0,0.0,0.0,0.0,0.0,0.0,0.0,0.5,0.0,0.0,0.0,0.0,0.0,0.0,0.0,0.0,0.0,0.0,0.0,0.0,77.0,400.0,1.0,1,0.004,0.1,30000,0.0,0.0,0.0,150.25035816110866,0.18071561489993798
69cd300829cce59b64a17743,69cd300829cce59b64a17743,69cd300929cce59b64a17744,0.0,0.0,0.0,0.0,0.5,0.0,0.0,0.0,0.0,0.0,0.0,0.0,0.0,0.0,0.0,0.0,0.0,0.5,0.0,0.0,0.0,0.0,0.0,0.0,0.0,0.0,0.0,0.0,0.0,0.0,77.0,400.0,1.0,1,0.004,0.1,30000,0.0,0.0,0.0,155.2185137377835,0.21528843328653977
69cd300829cce59b64a17743,69cd300829cce59b64a17743,69cd300929cce59b64a17744,0.0,0.0,0.0,0.0,0.5,0.0,0.0,0.0,0.0,0.0,0.0,0.0,0.0,0.0,0.0,0.0,0.0,0.5,0.0,0.0,0.0,0.0,0.0,0.0,0.0,0.0,0.0,0.0,0.0,0.0,77.0,400.0,1.0,1,0.004,0.1,30000,0.0,0.0,0.0,160.09517865501638,0.2534687081714603
69cd300829cce59b64a17743,69cd300829cce59b64a17743,69cd300929cce59b64a17744,0.0,0.0,0.0,0.0,0.5,0.0,0.0,0.0,0.0,0.0,0.0,0.0,0.0,0.0,0.0,0.0,0.0,0.5,0.0,0.0,0.0,0.0,0.0,0.0,0.0,0.0,0.0,0.0,0.0,0.0,77.0,400.0,1.0,1,0.004,0.1,30000,0.0,0.0,0.0,164.85269294599922,0.2896412131500767
69cd300829cce59b64a17743,69cd300829cce59b64a17743,69cd300929cce59b64a17744,0.0,0.0,0.0,0.0,0.5,0.0,0.0,0.0,0.0,0.0,0.0,0.0,0.0,0.0,0.0,0.0,0.0,0.5,0.0,0.0,0.0,0.0,0.0,0.0,0.0,0.0,0.0,0.0,0.0,0.0,77.0,400.0,1.0,1,0.004,0.1,30000,0.0,0.0,0.0,170.21447112725002,0.33284907446704315
69cd300829cce59b64a17743,69cd300829cce59b64a17743,69cd300929cce59b64a17744,0.0,0.0,0.0,0.0,0.5,0.0,0.0,0.0,0.0,0.0,0.0,0.0,0.0,0.0,0.0,0.0,0.0,0.5,0.0,0.0,0.0,0.0,0.0,0.0,0.0,0.0,0.0,0.0,0.0,0.0,77.0,400.0,1.0,1,0.004,0.1,30000,0.0,0.0,0.0,175.21241436048737,0.3880382618915478
69cd300829cce59b64a17743,69cd300829cce59b64a17743,69cd300929cce59b64a17744,0.0,0.0,0.0,0.0,0.5,0.0,0.0,0.0,0.0,0.0,0.0,0.0,0.0,0.0,0.0,0.0,0.0,0.5,0.0,0.0,0.0,0.0,0.0,0.0,0.0,0.0,0.0,0.0,0.0,0.0,77.0,400.0,1.0,1,0.004,0.1,30000,0.0,0.0,0.0,180.49121264131406,0.4434314909731971
69cd300829cce59b64a17743,69cd300829cce59b64a17743,69cd300929cce59b64a17744,0.0,0.0,0.0,0.0,0.5,0.0,0.0,0.0,0.0,0.0,0.0,0.0,0.0,0.0,0.0,0.0,0.0,0.5,0.0,0.0,0.0,0.0,0.0,0.0,0.0,0.0,0.0,0.0,0.0,0.0,77.0,400.0,1.0,1,0.004,0.1,30000,0.0,0.0,0.0,185.49979432332373,0.4811465508798276
69cd300829cce59b64a17743,69cd300829cce59b64a17743,69cd300929cce59b64a17744,0.0,0.0,0.0,0.0,0.5,0.0,0.0,0.0,0.0,0.0,0.0,0.0,0.0,0.0,0.0,0.0,0.0,0.5,0.0,0.0,0.0,0.0,0.0,0.0,0.0,0.0,0.0,0.0,0.0,0.0,77.0,400.0,1.0,1,0.004,0.1,30000,0.0,0.0,0.0,190.18071178314585,0.5433710946426822
69cd300829cce59b64a17743,69cd300829cce59b64a17743,69cd300929cce59b64a17744,0.0,0.0,0.0,0.0,0.5,0.0,0.0,0.0,0.0,0.0,0.0,0.0,0.0,0.0,0.0,0.0,0.0,0.5,0.0,0.0,0.0,0.0,0.0,0.0,0.0,0.0,0.0,0.0,0.0,0.0,77.0,400.0,1.0,1,0.004,0.1,30000,0.0,0.0,0.0,195.19142115491,0.5930838039894225
69cd300829cce59b64a17743,69cd300829cce59b64a17743,69cd300929cce59b64a17744,0.0,0.0,0.0,0.0,0.5,0.0,0.0,0.0,0.0,0.0,0.0,0.0,0.0,0.0,0.0,0.0,0.0,0.5,0.0,0.0,0.0,0.0,0.0,0.0,0.0,0.0,0.0,0.0,0.0,0.0,77.0,400.0,1.0,1,0.004,0.1,30000,0.0,0.0,0.0,200.3489411197322,0.6554879044105644
69cd300829cce59b64a17743,69cd300829cce59b64a17743,69cd300929cce59b64a17744,0.0,0.0,0.0,0.0,0.5,0.0,0.0,0.0,0.0,0.0,0.0,0.0,0.0,0.0,0.0,0.0,0.0,0.5,0.0,0.0,0.0,0.0,0.0,0.0,0.0,0.0,0.0,0.0,0.0,0.0,77.0,400.0,1.0,1,0.004,0.1,30000,0.0,0.0,0.0,205.1447538262954,0.7215729163265973
69cd300829cce59b64a17743,69cd300829cce59b64a17743,69cd300929cce59b64a17744,0.0,0.0,0.0,0.0,0.5,0.0,0.0,0.0,0.0,0.0,0.0,0.0,0.0,0.0,0.0,0.0,0.0,0.5,0.0,0.0,0.0,0.0,0.0,0.0,0.0,0.0,0.0,0.0,0.0,0.0,77.0,400.0,1.0,1,0.004,0.1,30000,0.0,0.0,0.0,210.37461524276938,0.7719140739773432
69cd300829cce59b64a17743,69cd300829cce59b64a17743,69cd300929cce59b64a17744,0.0,0.0,0.0,0.0,0.5,0.0,0.0,0.0,0.0,0.0,0.0,0.0,0.0,0.0,0.0,0.0,0.0,0.5,0.0,0.0,0.0,0.0,0.0,0.0,0.0,0.0,0.0,0.0,0.0,0.0,77.0,400.0,1.0,1,0.004,0.1,30000,0.0,0.0,0.0,215.1534064312969,0.8345058927230583
69cd300829cce59b64a17743,69cd300829cce59b64a17743,69cd300929cce59b64a17744,0.0,0.0,0.0,0.0,0.5,0.0,0.0,0.0,0.0,0.0,0.0,0.0,0.0,0.0,0.0,0.0,0.0,0.5,0.0,0.0,0.0,0.0,0.0,0.0,0.0,0.0,0.0,0.0,0.0,0.0,77.0,400.0,1.0,1,0.004,0.1,30000,0.0,0.0,0.0,220.44497085065035,0.8985260030687866
69cd300829cce59b64a17743,69cd300829cce59b64a17743,69cd300929cce59b64a17744,0.0,0.0,0.0,0.0,0.5,0.0,0.0,0.0,0.0,0.0,0.0,0.0,0.0,0.0,0.0,0.0,0.0,0.5,0.0,0.0,0.0,0.0,0.0,0.0,0.0,0.0,0.0,0.0,0.0,0.0,77.0,400.0,1.0,1,0.004,0.1,30000,0.0,0.0,0.0,224.84503326288316,0.945055662564069
69cd300829cce59b64a17743,69cd300829cce59b64a17743,69cd300929cce59b64a17744,0.0,0.0,0.0,0.0,0.5,0.0,0.0,0.0,0.0,0.0,0.0,0.0,0.0,0.0,0.0,0.0,0.0,0.5,0.0,0.0,0.0,0.0,0.0,0.0,0.0,0.0,0.0,0.0,0.0,0.0,77.0,400.0,1.0,1,0.004,0.1,30000,0.0,0.0,0.0,230.38128200400004,0.9718667363128856
69cd300829cce59b64a17743,69cd300829cce59b64a17743,69cd300929cce59b64a17744,0.0,0.0,0.0,0.0,0.5,0.0,0.0,0.0,0.0,0.0,0.0,0.0,0.0,0.0,0.0,0.0,0.0,0.5,0.0,0.0,0.0,0.0,0.0,0.0,0.0,0.0,0.0,0.0,0.0,0.0,77.0,400.0,1.0,1,0.004,0.1,30000,0.0,0.0,0.0,235.38135292699187,0.9864597956318762
69cd300829cce59b64a17743,69cd300829cce59b64a17743,69cd300929cce59b64a17744,0.0,0.0,0.0,0.0,0.5,0.0,0.0,0.0,0.0,0.0,0.0,0.0,0.0,0.0,0.0,0.0,0.0,0.5,0.0,0.0,0.0,0.0,0.0,0.0,0.0,0.0,0.0,0.0,0.0,0.0,77.0,400.0,1.0,1,0.004,0.1,30000,0.0,0.0,0.0,240.0792919048497,0.9986370017302733
69cd300829cce59b64a17743,69cd300829cce59b64a17743,69cd300929cce59b64a17744,0.0,0.0,0.0,0.0,0.5,0.0,0.0,0.0,0.0,0.0,0.0,0.0,0.0,0.0,0.0,0.0,0.0,0.5,0.0,0.0,0.0,0.0,0.0,0.0,0.0,0.0,0.0,0.0,0.0,0.0,77.0,400.0,1.0,1,0.004,0.1,30000,0.0,0.0,0.0,249.9070908807217,0.9992246417028501
69cd300829cce59b64a17743,69cd300829cce59b64a17743,69cd300929cce59b64a17744,0.0,0.0,0.0,0.0,0.5,0.0,0.0,0.0,0.0,0.0,0.0,0.0,0.0,0.0,0.0,0.0,0.0,0.5,0.0,0.0,0.0,0.0,0.0,0.0,0.0,0.0,0.0,0.0,0.0,0.0,77.0,400.0,1.0,1,0.004,0.1,30000,0.0,0.0,0.0,259.5093547426204,0.9999183833371421
69cd301529cce59b64a17775,69cd301529cce59b64a17775,69cd301529cce59b64a17776,0.0,0.0,0.0,0.0,0.0,0.0,0.0,0.0,0.0,0.0,0.0,0.0,0.0,0.5,0.0,0.0,0.0,0.5,0.0,0.0,0.0,0.0,0.0,0.0,0.0,0.0,0.0,0.0,0.0,0.0,61.4,500.0,4.0,1,0.01,0.2,30000,0.0,0.0,0.0,168.359173126615,0.002568215405687921
69cd301529cce59b64a17775,69cd301529cce59b64a17775,69cd301529cce59b64a17776,0.0,0.0,0.0,0.0,0.0,0.0,0.0,0.0,0.0,0.0,0.0,0.0,0.0,0.5,0.0,0.0,0.0,0.5,0.0,0.0,0.0,0.0,0.0,0.0,0.0,0.0,0.0,0.0,0.0,0.0,61.4,500.0,4.0,1,0.01,0.2,30000,0.0,0.0,0.0,266.33591731266154,0.09269905922214614
69cd301529cce59b64a17775,69cd301529cce59b64a17775,69cd301529cce59b64a17776,0.0,0.0,0.0,0.0,0.0,0.0,0.0,0.0,0.0,0.0,0.0,0.0,0.0,0.5,0.0,0.0,0.0,0.5,0.0,0.0,0.0,0.0,0.0,0.0,0.0,0.0,0.0,0.0,0.0,0.0,61.4,500.0,4.0,1,0.01,0.2,30000,0.0,0.0,0.0,294.1963824289406,0.2928486465054248
69cd301529cce59b64a17775,69cd301529cce59b64a17775,69cd301529cce59b64a17776,0.0,0.0,0.0,0.0,0.0,0.0,0.0,0.0,0.0,0.0,0.0,0.0,0.0,0.5,0.0,0.0,0.0,0.5,0.0,0.0,0.0,0.0,0.0,0.0,0.0,0.0,0.0,0.0,0.0,0.0,61.4,500.0,4.0,1,0.01,0.2,30000,0.0,0.0,0.0,329.51679586563307,0.7697437191363588
69cd301529cce59b64a17775,69cd301529cce59b64a17775,69cd301529cce59b64a17776,0.0,0.0,0.0,0.0,0.0,0.0,0.0,0.0,0.0,0.0,0.0,0.0,0.0,0.5,0.0,0.0,0.0,0.5,0.0,0.0,0.0,0.0,0.0,0.0,0.0,0.0,0.0,0.0,0.0,0.0,61.4,500.0,4.0,1,0.01,0.2,30000,0.0,0.0,0.0,360.2687338501292,0.8786901200302779
69cd301529cce59b64a17775,69cd301529cce59b64a17775,69cd301529cce59b64a17776,0.0,0.0,0.0,0.0,0.0,0.0,0.0,0.0,0.0,0.0,0.0,0.0,0.0,0.5,0.0,0.0,0.0,0.5,0.0,0.0,0.0,0.0,0.0,0.0,0.0,0.0,0.0,0.0,0.0,0.0,61.4,500.0,4.0,1,0.01,0.2,30000,0.0,0.0,0.0,382.02583979328165,0.9345961143351477
69cd301529cce59b64a17775,69cd301529cce59b64a17775,69cd301529cce59b64a17776,0.0,0.0,0.0,0.0,0.0,0.0,0.0,0.0,0.0,0.0,0.0,0.0,0.0,0.5,0.0,0.0,0.0,0.5,0.0,0.0,0.0,0.0,0.0,0.0,0.0,0.0,0.0,0.0,0.0,0.0,61.4,500.0,4.0,1,0.01,0.2,30000,0.0,0.0,0.0,409.8036175710595,0.962936596618967
69cd301529cce59b64a17775,69cd301529cce59b64a17775,69cd301529cce59b64a17776,0.0,0.0,0.0,0.0,0.0,0.0,0.0,0.0,0.0,0.0,0.0,0.0,0.0,0.5,0.0,0.0,0.0,0.5,0.0,0.0,0.0,0.0,0.0,0.0,0.0,0.0,0.0,0.0,0.0,0.0,61.4,500.0,4.0,1,0.01,0.2,30000,0.0,0.0,0.0,451.9560723514212,0.9928991096853261
69cd301529cce59b64a17775,69cd301529cce59b64a17775,69cd301529cce59b64a17776,0.0,0.0,0.0,0.0,0.0,0.0,0.0,0.0,0.0,0.0,0.0,0.0,0.0,0.5,0.0,0.0,0.0,0.5,0.0,0.0,0.0,0.0,0.0,0.0,0.0,0.0,0.0,0.0,0.0,0.0,61.4,500.0,4.0,1,0.01,0.2,30000,0.0,0.0,0.0,502.78552971576227,0.9987023753739683
69cd301629cce59b64a1777a,69cd301629cce59b64a1777a,69cd301629cce59b64a1777b,0.0,0.0,0.0,0.0,0.0,0.0,0.0,0.0,0.0,0.0,0.0,0.0,0.0,0.5,0.0,0.0,0.0,0.5,0.0,0.0,0.0,0.0,0.0,0.0,0.0,0.0,0.0,0.0,0.0,0.0,136.0,500.0,4.0,1,0.01,0.2,30000,0.0,0.0,0.0,197.62532299741602,0.015472371409004072
69cd301629cce59b64a1777a,69cd301629cce59b64a1777a,69cd301629cce59b64a1777b,0.0,0.0,0.0,0.0,0.0,0.0,0.0,0.0,0.0,0.0,0.0,0.0,0.0,0.5,0.0,0.0,0.0,0.5,0.0,0.0,0.0,0.0,0.0,0.0,0.0,0.0,0.0,0.0,0.0,0.0,136.0,500.0,4.0,1,0.01,0.2,30000,0.0,0.0,0.0,235.4702842377261,0.04420033882420791
69cd301629cce59b64a1777a,69cd301629cce59b64a1777a,69cd301629cce59b64a1777b,0.0,0.0,0.0,0.0,0.0,0.0,0.0,0.0,0.0,0.0,0.0,0.0,0.0,0.5,0.0,0.0,0.0,0.5,0.0,0.0,0.0,0.0,0.0,0.0,0.0,0.0,0.0,0.0,0.0,0.0,136.0,500.0,4.0,1,0.01,0.2,30000,0.0,0.0,0.0,267.89405684754524,0.19398587030962766
69cd301629cce59b64a1777a,69cd301629cce59b64a1777a,69cd301629cce59b64a1777b,0.0,0.0,0.0,0.0,0.0,0.0,0.0,0.0,0.0,0.0,0.0,0.0,0.0,0.5,0.0,0.0,0.0,0.5,0.0,0.0,0.0,0.0,0.0,0.0,0.0,0.0,0.0,0.0,0.0,0.0,136.0,500.0,4.0,1,0.01,0.2,30000,0.0,0.0,0.0,305.6020671834625,0.8683631907147749
69cd301629cce59b64a1777a,69cd301629cce59b64a1777a,69cd301629cce59b64a1777b,0.0,0.0,0.0,0.0,0.0,0.0,0.0,0.0,0.0,0.0,0.0,0.0,0.0,0.5,0.0,0.0,0.0,0.5,0.0,0.0,0.0,0.0,0.0,0.0,0.0,0.0,0.0,0.0,0.0,0.0,136.0,500.0,4.0,1,0.01,0.2,30000,0.0,0.0,0.0,329.8888888888889,0.9578722560645929
69cd301629cce59b64a1777a,69cd301629cce59b64a1777a,69cd301629cce59b64a1777b,0.0,0.0,0.0,0.0,0.0,0.0,0.0,0.0,0.0,0.0,0.0,0.0,0.0,0.5,0.0,0.0,0.0,0.5,0.0,0.0,0.0,0.0,0.0,0.0,0.0,0.0,0.0,0.0,0.0,0.0,136.0,500.0,4.0,1,0.01,0.2,30000,0.0,0.0,0.0,345.0645994832041,0.9836265003784739
69cd301629cce59b64a1777a,69cd301629cce59b64a1777a,69cd301629cce59b64a1777b,0.0,0.0,0.0,0.0,0.0,0.0,0.0,0.0,0.0,0.0,0.0,0.0,0.0,0.5,0.0,0.0,0.0,0.5,0.0,0.0,0.0,0.0,0.0,0.0,0.0,0.0,0.0,0.0,0.0,0.0,136.0,500.0,4.0,1,0.01,0.2,30000,0.0,0.0,0.0,386.73643410852713,0.9925566809645677
69cd301629cce59b64a1777a,69cd301629cce59b64a1777a,69cd301629cce59b64a1777b,0.0,0.0,0.0,0.0,0.0,0.0,0.0,0.0,0.0,0.0,0.0,0.0,0.0,0.5,0.0,0.0,0.0,0.5,0.0,0.0,0.0,0.0,0.0,0.0,0.0,0.0,0.0,0.0,0.0,0.0,136.0,500.0,4.0,1,0.01,0.2,30000,0.0,0.0,0.0,423.74160206718346,0.9916735753162961
69cd301729cce59b64a1777f,69cd301729cce59b64a1777f,69cd301829cce59b64a17780,0.0,0.0,0.0,0.0,0.0,0.0,0.0,0.0,0.0,0.0,0.0,0.0,0.0,0.5,0.0,0.0,0.0,0.5,0.0,0.0,0.0,0.0,0.0,0.0,0.0,0.0,0.0,0.0,0.0,0.0,126.0,500.0,4.0,1,0.01,0.2,30000,0.0,0.0,0.0,166.94573643410854,0.0026493169448149083
69cd301729cce59b64a1777f,69cd301729cce59b64a1777f,69cd301829cce59b64a17780,0.0,0.0,0.0,0.0,0.0,0.0,0.0,0.0,0.0,0.0,0.0,0.0,0.0,0.5,0.0,0.0,0.0,0.5,0.0,0.0,0.0,0.0,0.0,0.0,0.0,0.0,0.0,0.0,0.0,0.0,126.0,500.0,4.0,1,0.01,0.2,30000,0.0,0.0,0.0,213.8811369509044,0.009335688281728725
69cd301729cce59b64a1777f,69cd301729cce59b64a1777f,69cd301829cce59b64a17780,0.0,0.0,0.0,0.0,0.0,0.0,0.0,0.0,0.0,0.0,0.0,0.0,0.0,0.5,0.0,0.0,0.0,0.5,0.0,0.0,0.0,0.0,0.0,0.0,0.0,0.0,0.0,0.0,0.0,0.0,126.0,500.0,4.0,1,0.01,0.2,30000,0.0,0.0,0.0,252.9018087855297,0.050282954258731936
69cd301729cce59b64a1777f,69cd301729cce59b64a1777f,69cd301829cce59b64a17780,0.0,0.0,0.0,0.0,0.0,0.0,0.0,0.0,0.0,0.0,0.0,0.0,0.0,0.5,0.0,0.0,0.0,0.5,0.0,0.0,0.0,0.0,0.0,0.0,0.0,0.0,0.0,0.0,0.0,0.0,126.0,500.0,4.0,1,0.01,0.2,30000,0.0,0.0,0.0,290.9121447028424,0.2221821720794435
69cd301729cce59b64a1777f,69cd301729cce59b64a1777f,69cd301829cce59b64a17780,0.0,0.0,0.0,0.0,0.0,0.0,0.0,0.0,0.0,0.0,0.0,0.0,0.0,0.5,0.0,0.0,0.0,0.5,0.0,0.0,0.0,0.0,0.0,0.0,0.0,0.0,0.0,0.0,0.0,0.0,126.0,500.0,4.0,1,0.01,0.2,30000,0.0,0.0,0.0,345.6046511627907,0.6450365858054284
69cd301729cce59b64a1777f,69cd301729cce59b64a1777f,69cd301829cce59b64a17780,0.0,0.0,0.0,0.0,0.0,0.0,0.0,0.0,0.0,0.0,0.0,0.0,0.0,0.5,0.0,0.0,0.0,0.5,0.0,0.0,0.0,0.0,0.0,0.0,0.0,0.0,0.0,0.0,0.0,0.0,126.0,500.0,4.0,1,0.01,0.2,30000,0.0,0.0,0.0,385.80620155038764,0.7589211693039687
69cd301729cce59b64a1777f,69cd301729cce59b64a1777f,69cd301829cce59b64a17780,0.0,0.0,0.0,0.0,0.0,0.0,0.0,0.0,0.0,0.0,0.0,0.0,0.0,0.5,0.0,0.0,0.0,0.5,0.0,0.0,0.0,0.0,0.0,0.0,0.0,0.0,0.0,0.0,0.0,0.0,126.0,500.0,4.0,1,0.01,0.2,30000,0.0,0.0,0.0,427.4573643410853,0.8579461485780198
69cd301729cce59b64a1777f,69cd301729cce59b64a1777f,69cd301829cce59b64a17780,0.0,0.0,0.0,0.0,0.0,0.0,0.0,0.0,0.0,0.0,0.0,0.0,0.0,0.5,0.0,0.0,0.0,0.5,0.0,0.0,0.0,0.0,0.0,0.0,0.0,0.0,0.0,0.0,0.0,0.0,126.0,500.0,4.0,1,0.01,0.2,30000,0.0,0.0,0.0,466.4857881136951,0.9779764264859605
69cd301729cce59b64a1777f,69cd301729cce59b64a1777f,69cd301829cce59b64a17780,0.0,0.0,0.0,0.0,0.0,0.0,0.0,0.0,0.0,0.0,0.0,0.0,0.0,0.5,0.0,0.0,0.0,0.5,0.0,0.0,0.0,0.0,0.0,0.0,0.0,0.0,0.0,0.0,0.0,0.0,126.0,500.0,4.0,1,0.01,0.2,30000,0.0,0.0,0.0,500.24289405684755,0.998035540496702
69cd302129cce59b64a177a0,69cd302129cce59b64a177a0,69cd302129cce59b64a177a1,0.0,0.0,0.0,0.0,0.0,0.0,0.0,0.07,0.0,0.0,0.0,0.0,0.0,0.0,0.0,0.0,0.0,0.93,0.0,0.0,0.0,0.0,0.0,0.0,0.0,0.0,0.0,0.0,0.0,0.0,54.0,400.0,3.0,0,0.01,0.01,72000,0.0,0.0,0.0,22.189642223678113,0.0006809921152599667
69cd302129cce59b64a177a0,69cd302129cce59b64a177a0,69cd302129cce59b64a177a1,0.0,0.0,0.0,0.0,0.0,0.0,0.0,0.07,0.0,0.0,0.0,0.0,0.0,0.0,0.0,0.0,0.0,0.93,0.0,0.0,0.0,0.0,0.0,0.0,0.0,0.0,0.0,0.0,0.0,0.0,54.0,400.0,3.0,0,0.01,0.01,72000,0.0,0.0,0.0,150.0207730780908,0.27774632633470353
69cd302129cce59b64a177a0,69cd302129cce59b64a177a0,69cd302129cce59b64a177a1,0.0,0.0,0.0,0.0,0.0,0.0,0.0,0.07,0.0,0.0,0.0,0.0,0.0,0.0,0.0,0.0,0.0,0.93,0.0,0.0,0.0,0.0,0.0,0.0,0.0,0.0,0.0,0.0,0.0,0.0,54.0,400.0,3.0,0,0.01,0.01,72000,0.0,0.0,0.0,199.59812083539734,0.6943658158367587
69cd302129cce59b64a177a0,69cd302129cce59b64a177a0,69cd302129cce59b64a177a1,0.0,0.0,0.0,0.0,0.0,0.0,0.0,0.07,0.0,0.0,0.0,0.0,0.0,0.0,0.0,0.0,0.0,0.93,0.0,0.0,0.0,0.0,0.0,0.0,0.0,0.0,0.0,0.0,0.0,0.0,54.0,400.0,3.0,0,0.01,0.01,72000,0.0,0.0,0.0,224.6919991690769,0.910026993542882
69cd302129cce59b64a177a0,69cd302129cce59b64a177a0,69cd302129cce59b64a177a1,0.0,0.0,0.0,0.0,0.0,0.0,0.0,0.07,0.0,0.0,0.0,0.0,0.0,0.0,0.0,0.0,0.0,0.93,0.0,0.0,0.0,0.0,0.0,0.0,0.0,0.0,0.0,0.0,0.0,0.0,54.0,400.0,3.0,0,0.01,0.01,72000,0.0,0.0,0.0,249.8721656732874,0.9993354173333004
69cd302229cce59b64a177a4,69cd302229cce59b64a177a4,69cd302229cce59b64a177a5,0.0,0.0,0.0,0.0,0.0,0.0,0.0,0.03,0.0,0.0,0.0,0.0,0.0,0.0,0.0,0.0,0.0,0.97,0.0,0.0,0.0,0.0,0.0,0.0,0.0,0.0,0.0,0.0,0.0,0.0,51.0,400.0,3.0,1,0.01,0.01,72000,0.0,0.0,0.0,74.87336412010035,0.0018132440659331642
69cd302229cce59b64a177a4,69cd302229cce59b64a177a4,69cd302229cce59b64a177a5,0.0,0.0,0.0,0.0,0.0,0.0,0.0,0.03,0.0,0.0,0.0,0.0,0.0,0.0,0.0,0.0,0.0,0.97,0.0,0.0,0.0,0.0,0.0,0.0,0.0,0.0,0.0,0.0,0.0,0.0,51.0,400.0,3.0,1,0.01,0.01,72000,0.0,0.0,0.0,100.87806203160704,0.002059385794340381
69cd302229cce59b64a177a4,69cd302229cce59b64a177a4,69cd302229cce59b64a177a5,0.0,0.0,0.0,0.0,0.0,0.0,0.0,0.03,0.0,0.0,0.0,0.0,0.0,0.0,0.0,0.0,0.0,0.97,0.0,0.0,0.0,0.0,0.0,0.0,0.0,0.0,0.0,0.0,0.0,0.0,51.0,400.0,3.0,1,0.01,0.01,72000,0.0,0.0,0.0,149.96644348923795,0.059566298274546486
69cd302229cce59b64a177a4,69cd302229cce59b64a177a4,69cd302229cce59b64a177a5,0.0,0.0,0.0,0.0,0.0,0.0,0.0,0.03,0.0,0.0,0.0,0.0,0.0,0.0,0.0,0.0,0.0,0.97,0.0,0.0,0.0,0.0,0.0,0.0,0.0,0.0,0.0,0.0,0.0,0.0,51.0,400.0,3.0,1,0.01,0.01,72000,0.0,0.0,0.0,199.6364711334111,0.25119583856384503
69cd302229cce59b64a177a4,69cd302229cce59b64a177a4,69cd302229cce59b64a177a5,0.0,0.0,0.0,0.0,0.0,0.0,0.0,0.03,0.0,0.0,0.0,0.0,0.0,0.0,0.0,0.0,0.0,0.97,0.0,0.0,0.0,0.0,0.0,0.0,0.0,0.0,0.0,0.0,0.0,0.0,51.0,400.0,3.0,1,0.01,0.01,72000,0.0,0.0,0.0,249.88175324779087,0.6805490601488338
69cd302229cce59b64a177a4,69cd302229cce59b64a177a4,69cd302229cce59b64a177a5,0.0,0.0,0.0,0.0,0.0,0.0,0.0,0.03,0.0,0.0,0.0,0.0,0.0,0.0,0.0,0.0,0.0,0.97,0.0,0.0,0.0,0.0,0.0,0.0,0.0,0.0,0.0,0.0,0.0,0.0,51.0,400.0,3.0,1,0.01,0.01,72000,0.0,0.0,0.0,299.7722951055432,0.8324431207489272
69cd302229cce59b64a177a4,69cd302229cce59b64a177a4,69cd302229cce59b64a177a5,0.0,0.0,0.0,0.0,0.0,0.0,0.0,0.03,0.0,0.0,0.0,0.0,0.0,0.0,0.0,0.0,0.0,0.97,0.0,0.0,0.0,0.0,0.0,0.0,0.0,0.0,0.0,0.0,0.0,0.0,51.0,400.0,3.0,1,0.01,0.01,72000,0.0,0.0,0.0,349.845000878861,0.9988759527736071
69cd302329cce59b64a177a8,69cd302329cce59b64a177a8,69cd302329cce59b64a177a9,0.0,0.0,0.0,0.0,0.0,0.0,0.0,0.09,0.0,0.0,0.0,0.0,0.0,0.0,0.0,0.0,0.0,0.91,0.0,0.0,0.0,0.0,0.0,0.0,0.0,0.0,0.0,0.0,0.0,0.0,55.0,400.0,3.0,0,0.01,0.01,72000,0.0,0.0,0.0,40.42201307105991,0.0012881417119977685
69cd302329cce59b64a177a8,69cd302329cce59b64a177a8,69cd302329cce59b64a177a9,0.0,0.0,0.0,0.0,0.0,0.0,0.0,0.09,0.0,0.0,0.0,0.0,0.0,0.0,0.0,0.0,0.0,0.91,0.0,0.0,0.0,0.0,0.0,0.0,0.0,0.0,0.0,0.0,0.0,0.0,55.0,400.0,3.0,0,0.01,0.01,72000,0.0,0.0,0.0,100.15579808568096,0.010108220313256373
69cd302329cce59b64a177a8,69cd302329cce59b64a177a8,69cd302329cce59b64a177a9,0.0,0.0,0.0,0.0,0.0,0.0,0.0,0.09,0.0,0.0,0.0,0.0,0.0,0.0,0.0,0.0,0.0,0.91,0.0,0.0,0.0,0.0,0.0,0.0,0.0,0.0,0.0,0.0,0.0,0.0,55.0,400.0,3.0,0,0.01,0.01,72000,0.0,0.0,0.0,125.06751250379509,0.019584676856934224
69cd302329cce59b64a177a8,69cd302329cce59b64a177a8,69cd302329cce59b64a177a9,0.0,0.0,0.0,0.0,0.0,0.0,0.0,0.09,0.0,0.0,0.0,0.0,0.0,0.0,0.0,0.0,0.0,0.91,0.0,0.0,0.0,0.0,0.0,0.0,0.0,0.0,0.0,0.0,0.0,0.0,55.0,400.0,3.0,0,0.01,0.01,72000,0.0,0.0,0.0,150.03355651076205,0.08275284909050631
69cd302329cce59b64a177a8,69cd302329cce59b64a177a8,69cd302329cce59b64a177a9,0.0,0.0,0.0,0.0,0.0,0.0,0.0,0.09,0.0,0.0,0.0,0.0,0.0,0.0,0.0,0.0,0.0,0.91,0.0,0.0,0.0,0.0,0.0,0.0,0.0,0.0,0.0,0.0,0.0,0.0,55.0,400.0,3.0,0,0.01,0.01,72000,0.0,0.0,0.0,175.1434141352807,0.1586219345098908
69cd302329cce59b64a177a8,69cd302329cce59b64a177a8,69cd302329cce59b64a177a9,0.0,0.0,0.0,0.0,0.0,0.0,0.0,0.09,0.0,0.0,0.0,0.0,0.0,0.0,0.0,0.0,0.0,0.91,0.0,0.0,0.0,0.0,0.0,0.0,0.0,0.0,0.0,0.0,0.0,0.0,55.0,400.0,3.0,0,0.01,0.01,72000,0.0,0.0,0.0,200.24688004346368,0.3606960888079356
69cd302329cce59b64a177a8,69cd302329cce59b64a177a8,69cd302329cce59b64a177a9,0.0,0.0,0.0,0.0,0.0,0.0,0.0,0.09,0.0,0.0,0.0,0.0,0.0,0.0,0.0,0.0,0.0,0.91,0.0,0.0,0.0,0.0,0.0,0.0,0.0,0.0,0.0,0.0,0.0,0.0,55.0,400.0,3.0,0,0.01,0.01,72000,0.0,0.0,0.0,224.42035122481263,0.5852265734609988
69cd302329cce59b64a177a8,69cd302329cce59b64a177a8,69cd302329cce59b64a177a9,0.0,0.0,0.0,0.0,0.0,0.0,0.0,0.09,0.0,0.0,0.0,0.0,0.0,0.0,0.0,0.0,0.0,0.91,0.0,0.0,0.0,0.0,0.0,0.0,0.0,0.0,0.0,0.0,0.0,0.0,55.0,400.0,3.0,0,0.01,0.01,72000,0.0,0.0,0.0,250.13422604304822,0.7776355625569202
69cd302329cce59b64a177a8,69cd302329cce59b64a177a8,69cd302329cce59b64a177a9,0.0,0.0,0.0,0.0,0.0,0.0,0.0,0.09,0.0,0.0,0.0,0.0,0.0,0.0,0.0,0.0,0.0,0.91,0.0,0.0,0.0,0.0,0.0,0.0,0.0,0.0,0.0,0.0,0.0,0.0,55.0,400.0,3.0,0,0.01,0.01,72000,0.0,0.0,0.0,274.96284814879914,0.8973260803570696
69cd302329cce59b64a177a8,69cd302329cce59b64a177a8,69cd302329cce59b64a177a9,0.0,0.0,0.0,0.0,0.0,0.0,0.0,0.09,0.0,0.0,0.0,0.0,0.0,0.0,0.0,0.0,0.0,0.91,0.0,0.0,0.0,0.0,0.0,0.0,0.0,0.0,0.0,0.0,0.0,0.0,55.0,400.0,3.0,0,0.01,0.01,72000,0.0,0.0,0.0,299.7914702545501,0.9396624576431108
69cd302329cce59b64a177a8,69cd302329cce59b64a177a8,69cd302329cce59b64a177a9,0.0,0.0,0.0,0.0,0.0,0.0,0.0,0.09,0.0,0.0,0.0,0.0,0.0,0.0,0.0,0.0,0.0,0.91,0.0,0.0,0.0,0.0,0.0,0.0,0.0,0.0,0.0,0.0,0.0,0.0,55.0,400.0,3.0,0,0.01,0.01,72000,0.0,0.0,0.0,349.57335293459676,1.0007384251852216
69cd304d29cce59b64a1785a,69cd304d29cce59b64a1785a,69cd304e29cce59b64a1785b,0.0,0.0,0.0,0.0,0.0,0.0,0.0,0.0,0.0,0.0,0.0,0.0,0.0,0.0,0.0,0.0,0.0,1.0,0.0,0.0,0.0,0.0,0.0,0.0,0.0,0.0,0.0,0.0,0.0,0.0,83.0,500.0,5.0,1,0.01,0.2,65454,250.0,5.0,1.0,131.28311980737465,6.179542184203324e-05
69cd304d29cce59b64a1785a,69cd304d29cce59b64a1785a,69cd304e29cce59b64a1785b,0.0,0.0,0.0,0.0,0.0,0.0,0.0,0.0,0.0,0.0,0.0,0.0,0.0,0.0,0.0,0.0,0.0,1.0,0.0,0.0,0.0,0.0,0.0,0.0,0.0,0.0,0.0,0.0,0.0,0.0,83.0,500.0,5.0,1,0.01,0.2,65454,250.0,5.0,1.0,150.67056464536063,0.0026483752218014246
69cd304d29cce59b64a1785a,69cd304d29cce59b64a1785a,69cd304e29cce59b64a1785b,0.0,0.0,0.0,0.0,0.0,0.0,0.0,0.0,0.0,0.0,0.0,0.0,0.0,0.0,0.0,0.0,0.0,1.0,0.0,0.0,0.0,0.0,0.0,0.0,0.0,0.0,0.0,0.0,0.0,0.0,83.0,500.0,5.0,1,0.01,0.2,65454,250.0,5.0,1.0,174.37071338762564,0.004661140390370507
69cd304d29cce59b64a1785a,69cd304d29cce59b64a1785a,69cd304e29cce59b64a1785b,0.0,0.0,0.0,0.0,0.0,0.0,0.0,0.0,0.0,0.0,0.0,0.0,0.0,0.0,0.0,0.0,0.0,1.0,0.0,0.0,0.0,0.0,0.0,0.0,0.0,0.0,0.0,0.0,0.0,0.0,83.0,500.0,5.0,1,0.01,0.2,65454,250.0,5.0,1.0,191.66097446728082,0.016570000971070913
69cd304d29cce59b64a1785a,69cd304d29cce59b64a1785a,69cd304e29cce59b64a1785b,0.0,0.0,0.0,0.0,0.0,0.0,0.0,0.0,0.0,0.0,0.0,0.0,0.0,0.0,0.0,0.0,0.0,1.0,0.0,0.0,0.0,0.0,0.0,0.0,0.0,0.0,0.0,0.0,0.0,0.0,83.0,500.0,5.0,1,0.01,0.2,65454,250.0,5.0,1.0,217.49775243041574,0.04994835668317487
69cd304d29cce59b64a1785a,69cd304d29cce59b64a1785a,69cd304e29cce59b64a1785b,0.0,0.0,0.0,0.0,0.0,0.0,0.0,0.0,0.0,0.0,0.0,0.0,0.0,0.0,0.0,0.0,0.0,1.0,0.0,0.0,0.0,0.0,0.0,0.0,0.0,0.0,0.0,0.0,0.0,0.0,83.0,500.0,5.0,1,0.01,0.2,65454,250.0,5.0,1.0,238.60107488885419,0.09244595107568174
69cd304d29cce59b64a1785a,69cd304d29cce59b64a1785a,69cd304e29cce59b64a1785b,0.0,0.0,0.0,0.0,0.0,0.0,0.0,0.0,0.0,0.0,0.0,0.0,0.0,0.0,0.0,0.0,0.0,1.0,0.0,0.0,0.0,0.0,0.0,0.0,0.0,0.0,0.0,0.0,0.0,0.0,83.0,500.0,5.0,1,0.01,0.2,65454,250.0,5.0,1.0,254.23133941998734,0.14859150577787195
69cd304d29cce59b64a1785a,69cd304d29cce59b64a1785a,69cd304e29cce59b64a1785b,0.0,0.0,0.0,0.0,0.0,0.0,0.0,0.0,0.0,0.0,0.0,0.0,0.0,0.0,0.0,0.0,0.0,1.0,0.0,0.0,0.0,0.0,0.0,0.0,0.0,0.0,0.0,0.0,0.0,0.0,83.0,500.0,5.0,1,0.01,0.2,65454,250.0,5.0,1.0,268.7900022188073,0.2298348296653336
69cd304d29cce59b64a1785a,69cd304d29cce59b64a1785a,69cd304e29cce59b64a1785b,0.0,0.0,0.0,0.0,0.0,0.0,0.0,0.0,0.0,0.0,0.0,0.0,0.0,0.0,0.0,0.0,0.0,1.0,0.0,0.0,0.0,0.0,0.0,0.0,0.0,0.0,0.0,0.0,0.0,0.0,83.0,500.0,5.0,1,0.01,0.2,65454,250.0,5.0,1.0,282.4710034761314,0.32168048235740704
69cd304d29cce59b64a1785a,69cd304d29cce59b64a1785a,69cd304e29cce59b64a1785b,0.0,0.0,0.0,0.0,0.0,0.0,0.0,0.0,0.0,0.0,0.0,0.0,0.0,0.0,0.0,0.0,0.0,1.0,0.0,0.0,0.0,0.0,0.0,0.0,0.0,0.0,0.0,0.0,0.0,0.0,83.0,500.0,5.0,1,0.01,0.2,65454,250.0,5.0,1.0,293.0259518272288,0.39749463704017585
69cd304d29cce59b64a1785a,69cd304d29cce59b64a1785a,69cd304e29cce59b64a1785b,0.0,0.0,0.0,0.0,0.0,0.0,0.0,0.0,0.0,0.0,0.0,0.0,0.0,0.0,0.0,0.0,0.0,1.0,0.0,0.0,0.0,0.0,0.0,0.0,0.0,0.0,0.0,0.0,0.0,0.0,83.0,500.0,5.0,1,0.01,0.2,65454,250.0,5.0,1.0,306.70366596267473,0.4830724683739859
69cd304d29cce59b64a1785a,69cd304d29cce59b64a1785a,69cd304e29cce59b64a1785b,0.0,0.0,0.0,0.0,0.0,0.0,0.0,0.0,0.0,0.0,0.0,0.0,0.0,0.0,0.0,0.0,0.0,1.0,0.0,0.0,0.0,0.0,0.0,0.0,0.0,0.0,0.0,0.0,0.0,0.0,83.0,500.0,5.0,1,0.01,0.2,65454,250.0,5.0,1.0,321.57131821805126,0.5773987658571467
69cd304d29cce59b64a1785a,69cd304d29cce59b64a1785a,69cd304e29cce59b64a1785b,0.0,0.0,0.0,0.0,0.0,0.0,0.0,0.0,0.0,0.0,0.0,0.0,0.0,0.0,0.0,0.0,0.0,1.0,0.0,0.0,0.0,0.0,0.0,0.0,0.0,0.0,0.0,0.0,0.0,0.0,83.0,500.0,5.0,1,0.01,0.2,65454,250.0,5.0,1.0,338.3257784315498,0.6594719139807728
69cd304d29cce59b64a1785a,69cd304d29cce59b64a1785a,69cd304e29cce59b64a1785b,0.0,0.0,0.0,0.0,0.0,0.0,0.0,0.0,0.0,0.0,0.0,0.0,0.0,0.0,0.0,0.0,0.0,1.0,0.0,0.0,0.0,0.0,0.0,0.0,0.0,0.0,0.0,0.0,0.0,0.0,83.0,500.0,5.0,1,0.01,0.2,65454,250.0,5.0,1.0,357.85128238842276,0.7537982114639336
69cd304d29cce59b64a1785a,69cd304d29cce59b64a1785a,69cd304e29cce59b64a1785b,0.0,0.0,0.0,0.0,0.0,0.0,0.0,0.0,0.0,0.0,0.0,0.0,0.0,0.0,0.0,0.0,0.0,1.0,0.0,0.0,0.0,0.0,0.0,0.0,0.0,0.0,0.0,0.0,0.0,0.0,83.0,500.0,5.0,1,0.01,0.2,65454,250.0,5.0,1.0,377.3636378577827,0.8293387007071162
69cd304d29cce59b64a1785a,69cd304d29cce59b64a1785a,69cd304e29cce59b64a1785b,0.0,0.0,0.0,0.0,0.0,0.0,0.0,0.0,0.0,0.0,0.0,0.0,0.0,0.0,0.0,0.0,0.0,1.0,0.0,0.0,0.0,0.0,0.0,0.0,0.0,0.0,0.0,0.0,0.0,0.0,83.0,500.0,5.0,1,0.01,0.2,65454,250.0,5.0,1.0,400.7876683622737,0.8925730730863282
69cd304d29cce59b64a1785a,69cd304d29cce59b64a1785a,69cd304e29cce59b64a1785b,0.0,0.0,0.0,0.0,0.0,0.0,0.0,0.0,0.0,0.0,0.0,0.0,0.0,0.0,0.0,0.0,0.0,1.0,0.0,0.0,0.0,0.0,0.0,0.0,0.0,0.0,0.0,0.0,0.0,0.0,83.0,500.0,5.0,1,0.01,0.2,65454,250.0,5.0,1.0,425.64159688380846,0.9434836727667576
69cd304d29cce59b64a1785a,69cd304d29cce59b64a1785a,69cd304e29cce59b64a1785b,0.0,0.0,0.0,0.0,0.0,0.0,0.0,0.0,0.0,0.0,0.0,0.0,0.0,0.0,0.0,0.0,0.0,1.0,0.0,0.0,0.0,0.0,0.0,0.0,0.0,0.0,0.0,0.0,0.0,0.0,83.0,500.0,5.0,1,0.01,0.2,65454,250.0,5.0,1.0,448.280005259395,0.9654828429425214
69cd304d29cce59b64a1785a,69cd304d29cce59b64a1785a,69cd304e29cce59b64a1785b,0.0,0.0,0.0,0.0,0.0,0.0,0.0,0.0,0.0,0.0,0.0,0.0,0.0,0.0,0.0,0.0,0.0,1.0,0.0,0.0,0.0,0.0,0.0,0.0,0.0,0.0,0.0,0.0,0.0,0.0,83.0,500.0,5.0,1,0.01,0.2,65454,250.0,5.0,1.0,468.41033964186806,0.9769061680658915
69cd304d29cce59b64a1785a,69cd304d29cce59b64a1785a,69cd304e29cce59b64a1785b,0.0,0.0,0.0,0.0,0.0,0.0,0.0,0.0,0.0,0.0,0.0,0.0,0.0,0.0,0.0,0.0,0.0,1.0,0.0,0.0,0.0,0.0,0.0,0.0,0.0,0.0,0.0,0.0,0.0,0.0,83.0,500.0,5.0,1,0.01,0.2,65454,250.0,5.0,1.0,485.63814540583627,0.9827149377190426
69cd305229cce59b64a17871,69cd305229cce59b64a17871,69cd305329cce59b64a17872,0.0,0.0,0.0,0.0,0.0,0.0,0.0,0.0,0.0,0.0,0.0,0.0,0.0,0.0,0.0,0.0,0.08826049700085689,0.9117395029991431,0.0,0.0,0.0,0.0,0.0,0.0,0.0,0.0,0.0,0.0,0.0,0.0,98.0,300.0,2.0,1,0.034,0.21,31500,400.0,21.0,1.0,234.51787430973195,0.00913278995595606
69cd305229cce59b64a17871,69cd305229cce59b64a17871,69cd305329cce59b64a17872,0.0,0.0,0.0,0.0,0.0,0.0,0.0,0.0,0.0,0.0,0.0,0.0,0.0,0.0,0.0,0.0,0.08826049700085689,0.9117395029991431,0.0,0.0,0.0,0.0,0.0,0.0,0.0,0.0,0.0,0.0,0.0,0.0,98.0,300.0,2.0,1,0.034,0.21,31500,400.0,21.0,1.0,247.27469874130878,0.014858502505948471
69cd305229cce59b64a17871,69cd305229cce59b64a17871,69cd305329cce59b64a17872,0.0,0.0,0.0,0.0,0.0,0.0,0.0,0.0,0.0,0.0,0.0,0.0,0.0,0.0,0.0,0.0,0.08826049700085689,0.9117395029991431,0.0,0.0,0.0,0.0,0.0,0.0,0.0,0.0,0.0,0.0,0.0,0.0,98.0,300.0,2.0,1,0.034,0.21,31500,400.0,21.0,1.0,258.8063672337857,0.020948716650635354
69cd305229cce59b64a17871,69cd305229cce59b64a17871,69cd305329cce59b64a17872,0.0,0.0,0.0,0.0,0.0,0.0,0.0,0.0,0.0,0.0,0.0,0.0,0.0,0.0,0.0,0.0,0.08826049700085689,0.9117395029991431,0.0,0.0,0.0,0.0,0.0,0.0,0.0,0.0,0.0,0.0,0.0,0.0,98.0,300.0,2.0,1,0.034,0.21,31500,400.0,21.0,1.0,270.3179145520803,0.02341669619804587
69cd305229cce59b64a17871,69cd305229cce59b64a17871,69cd305329cce59b64a17872,0.0,0.0,0.0,0.0,0.0,0.0,0.0,0.0,0.0,0.0,0.0,0.0,0.0,0.0,0.0,0.0,0.08826049700085689,0.9117395029991431,0.0,0.0,0.0,0.0,0.0,0.0,0.0,0.0,0.0,0.0,0.0,0.0,98.0,300.0,2.0,1,0.034,0.21,31500,400.0,21.0,1.0,283.47939815332336,0.03784488432136891
69cd305229cce59b64a17871,69cd305229cce59b64a17871,69cd305329cce59b64a17872,0.0,0.0,0.0,0.0,0.0,0.0,0.0,0.0,0.0,0.0,0.0,0.0,0.0,0.0,0.0,0.0,0.08826049700085689,0.9117395029991431,0.0,0.0,0.0,0.0,0.0,0.0,0.0,0.0,0.0,0.0,0.0,0.0,98.0,300.0,2.0,1,0.034,0.21,31500,400.0,21.0,1.0,295.26593485210935,0.05717865640662178
69cd305229cce59b64a17871,69cd305229cce59b64a17871,69cd305329cce59b64a17872,0.0,0.0,0.0,0.0,0.0,0.0,0.0,0.0,0.0,0.0,0.0,0.0,0.0,0.0,0.0,0.0,0.08826049700085689,0.9117395029991431,0.0,0.0,0.0,0.0,0.0,0.0,0.0,0.0,0.0,0.0,0.0,0.0,98.0,300.0,2.0,1,0.034,0.21,31500,400.0,21.0,1.0,307.86849694828857,0.09325672049815217
69cd305229cce59b64a17871,69cd305229cce59b64a17871,69cd305329cce59b64a17872,0.0,0.0,0.0,0.0,0.0,0.0,0.0,0.0,0.0,0.0,0.0,0.0,0.0,0.0,0.0,0.0,0.08826049700085689,0.9117395029991431,0.0,0.0,0.0,0.0,0.0,0.0,0.0,0.0,0.0,0.0,0.0,0.0,98.0,300.0,2.0,1,0.034,0.21,31500,400.0,21.0,1.0,314.5386661897203,0.11865033159520072
69cd305229cce59b64a17871,69cd305229cce59b64a17871,69cd305329cce59b64a17872,0.0,0.0,0.0,0.0,0.0,0.0,0.0,0.0,0.0,0.0,0.0,0.0,0.0,0.0,0.0,0.0,0.08826049700085689,0.9117395029991431,0.0,0.0,0.0,0.0,0.0,0.0,0.0,0.0,0.0,0.0,0.0,0.0,98.0,300.0,2.0,1,0.034,0.21,31500,400.0,21.0,1.0,321.89183751034005,0.15767478357717815
69cd305229cce59b64a17871,69cd305229cce59b64a17871,69cd305329cce59b64a17872,0.0,0.0,0.0,0.0,0.0,0.0,0.0,0.0,0.0,0.0,0.0,0.0,0.0,0.0,0.0,0.0,0.08826049700085689,0.9117395029991431,0.0,0.0,0.0,0.0,0.0,0.0,0.0,0.0,0.0,0.0,0.0,0.0,98.0,300.0,2.0,1,0.034,0.21,31500,400.0,21.0,1.0,329.0818037514812,0.2144231256011745
69cd305229cce59b64a17871,69cd305229cce59b64a17871,69cd305329cce59b64a17872,0.0,0.0,0.0,0.0,0.0,0.0,0.0,0.0,0.0,0.0,0.0,0.0,0.0,0.0,0.0,0.0,0.08826049700085689,0.9117395029991431,0.0,0.0,0.0,0.0,0.0,0.0,0.0,0.0,0.0,0.0,0.0,0.0,98.0,300.0,2.0,1,0.034,0.21,31500,400.0,21.0,1.0,336.5445236870934,0.27543158001316254
69cd305229cce59b64a17871,69cd305229cce59b64a17871,69cd305329cce59b64a17872,0.0,0.0,0.0,0.0,0.0,0.0,0.0,0.0,0.0,0.0,0.0,0.0,0.0,0.0,0.0,0.0,0.08826049700085689,0.9117395029991431,0.0,0.0,0.0,0.0,0.0,0.0,0.0,0.0,0.0,0.0,0.0,0.0,98.0,300.0,2.0,1,0.034,0.21,31500,400.0,21.0,1.0,343.12973685975544,0.3406166151976915
69cd305229cce59b64a17871,69cd305229cce59b64a17871,69cd305329cce59b64a17872,0.0,0.0,0.0,0.0,0.0,0.0,0.0,0.0,0.0,0.0,0.0,0.0,0.0,0.0,0.0,0.0,0.08826049700085689,0.9117395029991431,0.0,0.0,0.0,0.0,0.0,0.0,0.0,0.0,0.0,0.0,0.0,0.0,98.0,300.0,2.0,1,0.034,0.21,31500,400.0,21.0,1.0,350.3945985825751,0.4116564572470004
69cd305229cce59b64a17871,69cd305229cce59b64a17871,69cd305329cce59b64a17872,0.0,0.0,0.0,0.0,0.0,0.0,0.0,0.0,0.0,0.0,0.0,0.0,0.0,0.0,0.0,0.0,0.08826049700085689,0.9117395029991431,0.0,0.0,0.0,0.0,0.0,0.0,0.0,0.0,0.0,0.0,0.0,0.0,98.0,300.0,2.0,1,0.034,0.21,31500,400.0,21.0,1.0,357.8405508730354,0.4982559611198299
69cd305229cce59b64a17871,69cd305229cce59b64a17871,69cd305329cce59b64a17872,0.0,0.0,0.0,0.0,0.0,0.0,0.0,0.0,0.0,0.0,0.0,0.0,0.0,0.0,0.0,0.0,0.08826049700085689,0.9117395029991431,0.0,0.0,0.0,0.0,0.0,0.0,0.0,0.0,0.0,0.0,0.0,0.0,98.0,300.0,2.0,1,0.034,0.21,31500,400.0,21.0,1.0,364.9612108475486,0.5766845542449248
69cd305229cce59b64a17871,69cd305229cce59b64a17871,69cd305329cce59b64a17872,0.0,0.0,0.0,0.0,0.0,0.0,0.0,0.0,0.0,0.0,0.0,0.0,0.0,0.0,0.0,0.0,0.08826049700085689,0.9117395029991431,0.0,0.0,0.0,0.0,0.0,0.0,0.0,0.0,0.0,0.0,0.0,0.0,98.0,300.0,2.0,1,0.034,0.21,31500,400.0,21.0,1.0,372.30767511010754,0.6515136941224117
69cd305229cce59b64a17871,69cd305229cce59b64a17871,69cd305329cce59b64a17872,0.0,0.0,0.0,0.0,0.0,0.0,0.0,0.0,0.0,0.0,0.0,0.0,0.0,0.0,0.0,0.0,0.08826049700085689,0.9117395029991431,0.0,0.0,0.0,0.0,0.0,0.0,0.0,0.0,0.0,0.0,0.0,0.0,98.0,300.0,2.0,1,0.034,0.21,31500,400.0,21.0,1.0,379.08627512352166,0.7207234344150255
69cd305229cce59b64a17871,69cd305229cce59b64a17871,69cd305329cce59b64a17872,0.0,0.0,0.0,0.0,0.0,0.0,0.0,0.0,0.0,0.0,0.0,0.0,0.0,0.0,0.0,0.0,0.08826049700085689,0.9117395029991431,0.0,0.0,0.0,0.0,0.0,0.0,0.0,0.0,0.0,0.0,0.0,0.0,98.0,300.0,2.0,1,0.034,0.21,31500,400.0,21.0,1.0,385.88052493907753,0.7719359084695995
69cd305229cce59b64a17871,69cd305229cce59b64a17871,69cd305329cce59b64a17872,0.0,0.0,0.0,0.0,0.0,0.0,0.0,0.0,0.0,0.0,0.0,0.0,0.0,0.0,0.0,0.0,0.08826049700085689,0.9117395029991431,0.0,0.0,0.0,0.0,0.0,0.0,0.0,0.0,0.0,0.0,0.0,0.0,98.0,300.0,2.0,1,0.034,0.21,31500,400.0,21.0,1.0,391.9694158152429,0.8193287095631042
69cd305229cce59b64a17871,69cd305229cce59b64a17871,69cd305329cce59b64a17872,0.0,0.0,0.0,0.0,0.0,0.0,0.0,0.0,0.0,0.0,0.0,0.0,0.0,0.0,0.0,0.0,0.08826049700085689,0.9117395029991431,0.0,0.0,0.0,0.0,0.0,0.0,0.0,0.0,0.0,0.0,0.0,0.0,98.0,300.0,2.0,1,0.034,0.21,31500,400.0,21.0,1.0,399.24992734020435,0.8617703639953425
69cd305329cce59b64a17875,69cd305329cce59b64a17875,69cd305429cce59b64a17876,0.0,0.0,0.0,0.0,0.0,0.0,0.0,0.0,0.0,0.0,0.0,0.0,0.0,0.0,0.0,0.0,0.0,0.896814404432133,0.0,0.0,0.0,0.0,0.10318559556786704,0.0,0.0,0.0,0.0,0.0,0.0,0.0,96.0,300.0,2.0,1,0.034,0.21,31500,400.0,21.0,1.0,247.22551364886317,0.012398116741760746
69cd305329cce59b64a17875,69cd305329cce59b64a17875,69cd305429cce59b64a17876,0.0,0.0,0.0,0.0,0.0,0.0,0.0,0.0,0.0,0.0,0.0,0.0,0.0,0.0,0.0,0.0,0.0,0.896814404432133,0.0,0.0,0.0,0.0,0.10318559556786704,0.0,0.0,0.0,0.0,0.0,0.0,0.0,96.0,300.0,2.0,1,0.034,0.21,31500,400.0,21.0,1.0,253.73918486887703,0.012914494000911264
69cd305329cce59b64a17875,69cd305329cce59b64a17875,69cd305429cce59b64a17876,0.0,0.0,0.0,0.0,0.0,0.0,0.0,0.0,0.0,0.0,0.0,0.0,0.0,0.0,0.0,0.0,0.0,0.896814404432133,0.0,0.0,0.0,0.0,0.10318559556786704,0.0,0.0,0.0,0.0,0.0,0.0,0.0,96.0,300.0,2.0,1,0.034,0.21,31500,400.0,21.0,1.0,265.2328466990096,0.017744140130613067
69cd305329cce59b64a17875,69cd305329cce59b64a17875,69cd305429cce59b64a17876,0.0,0.0,0.0,0.0,0.0,0.0,0.0,0.0,0.0,0.0,0.0,0.0,0.0,0.0,0.0,0.0,0.0,0.896814404432133,0.0,0.0,0.0,0.0,0.10318559556786704,0.0,0.0,0.0,0.0,0.0,0.0,0.0,96.0,300.0,2.0,1,0.034,0.21,31500,400.0,21.0,1.0,271.85942006304634,0.02672758568318737
69cd305329cce59b64a17875,69cd305329cce59b64a17875,69cd305429cce59b64a17876,0.0,0.0,0.0,0.0,0.0,0.0,0.0,0.0,0.0,0.0,0.0,0.0,0.0,0.0,0.0,0.0,0.0,0.896814404432133,0.0,0.0,0.0,0.0,0.10318559556786704,0.0,0.0,0.0,0.0,0.0,0.0,0.0,96.0,300.0,2.0,1,0.034,0.21,31500,400.0,21.0,1.0,278.4200406894856,0.03445046322077659
69cd305329cce59b64a17875,69cd305329cce59b64a17875,69cd305429cce59b64a17876,0.0,0.0,0.0,0.0,0.0,0.0,0.0,0.0,0.0,0.0,0.0,0.0,0.0,0.0,0.0,0.0,0.0,0.896814404432133,0.0,0.0,0.0,0.0,0.10318559556786704,0.0,0.0,0.0,0.0,0.0,0.0,0.0,96.0,300.0,2.0,1,0.034,0.21,31500,400.0,21.0,1.0,284.7760960450714,0.04255302991950591
69cd305329cce59b64a17875,69cd305329cce59b64a17875,69cd305429cce59b64a17876,0.0,0.0,0.0,0.0,0.0,0.0,0.0,0.0,0.0,0.0,0.0,0.0,0.0,0.0,0.0,0.0,0.0,0.896814404432133,0.0,0.0,0.0,0.0,0.10318559556786704,0.0,0.0,0.0,0.0,0.0,0.0,0.0,96.0,300.0,2.0,1,0.034,0.21,31500,400.0,21.0,1.0,290.5832904826846,0.04697261175517643
69cd305329cce59b64a17875,69cd305329cce59b64a17875,69cd305429cce59b64a17876,0.0,0.0,0.0,0.0,0.0,0.0,0.0,0.0,0.0,0.0,0.0,0.0,0.0,0.0,0.0,0.0,0.0,0.896814404432133,0.0,0.0,0.0,0.0,0.10318559556786704,0.0,0.0,0.0,0.0,0.0,0.0,0.0,96.0,300.0,2.0,1,0.034,0.21,31500,400.0,21.0,1.0,296.3971919783586,0.06310940110362984
69cd305329cce59b64a17875,69cd305329cce59b64a17875,69cd305429cce59b64a17876,0.0,0.0,0.0,0.0,0.0,0.0,0.0,0.0,0.0,0.0,0.0,0.0,0.0,0.0,0.0,0.0,0.0,0.896814404432133,0.0,0.0,0.0,0.0,0.10318559556786704,0.0,0.0,0.0,0.0,0.0,0.0,0.0,96.0,300.0,2.0,1,0.034,0.21,31500,400.0,21.0,1.0,302.7219477296609,0.07415835569280615
69cd305329cce59b64a17875,69cd305329cce59b64a17875,69cd305429cce59b64a17876,0.0,0.0,0.0,0.0,0.0,0.0,0.0,0.0,0.0,0.0,0.0,0.0,0.0,0.0,0.0,0.0,0.0,0.896814404432133,0.0,0.0,0.0,0.0,0.10318559556786704,0.0,0.0,0.0,0.0,0.0,0.0,0.0,96.0,300.0,2.0,1,0.034,0.21,31500,400.0,21.0,1.0,307.8472579310962,0.0999772186503316
69cd305329cce59b64a17875,69cd305329cce59b64a17875,69cd305429cce59b64a17876,0.0,0.0,0.0,0.0,0.0,0.0,0.0,0.0,0.0,0.0,0.0,0.0,0.0,0.0,0.0,0.0,0.0,0.896814404432133,0.0,0.0,0.0,0.0,0.10318559556786704,0.0,0.0,0.0,0.0,0.0,0.0,0.0,96.0,300.0,2.0,1,0.034,0.21,31500,400.0,21.0,1.0,315.01374946902456,0.1290538146104389
69cd305329cce59b64a17875,69cd305329cce59b64a17875,69cd305429cce59b64a17876,0.0,0.0,0.0,0.0,0.0,0.0,0.0,0.0,0.0,0.0,0.0,0.0,0.0,0.0,0.0,0.0,0.0,0.896814404432133,0.0,0.0,0.0,0.0,0.10318559556786704,0.0,0.0,0.0,0.0,0.0,0.0,0.0,96.0,300.0,2.0,1,0.034,0.21,31500,400.0,21.0,1.0,322.1444700306289,0.17906647091581024
69cd305329cce59b64a17875,69cd305329cce59b64a17875,69cd305429cce59b64a17876,0.0,0.0,0.0,0.0,0.0,0.0,0.0,0.0,0.0,0.0,0.0,0.0,0.0,0.0,0.0,0.0,0.0,0.896814404432133,0.0,0.0,0.0,0.0,0.10318559556786704,0.0,0.0,0.0,0.0,0.0,0.0,0.0,96.0,300.0,2.0,1,0.034,0.21,31500,400.0,21.0,1.0,328.6234881173288,0.23592112590492584
69cd305329cce59b64a17875,69cd305329cce59b64a17875,69cd305429cce59b64a17876,0.0,0.0,0.0,0.0,0.0,0.0,0.0,0.0,0.0,0.0,0.0,0.0,0.0,0.0,0.0,0.0,0.0,0.896814404432133,0.0,0.0,0.0,0.0,0.10318559556786704,0.0,0.0,0.0,0.0,0.0,0.0,0.0,96.0,300.0,2.0,1,0.034,0.21,31500,400.0,21.0,1.0,335.4266806769657,0.3027008555662431
69cd305329cce59b64a17875,69cd305329cce59b64a17875,69cd305429cce59b64a17876,0.0,0.0,0.0,0.0,0.0,0.0,0.0,0.0,0.0,0.0,0.0,0.0,0.0,0.0,0.0,0.0,0.0,0.896814404432133,0.0,0.0,0.0,0.0,0.10318559556786704,0.0,0.0,0.0,0.0,0.0,0.0,0.0,96.0,300.0,2.0,1,0.034,0.21,31500,400.0,21.0,1.0,341.4686221467057,0.3742418873082569
69cd305329cce59b64a17875,69cd305329cce59b64a17875,69cd305429cce59b64a17876,0.0,0.0,0.0,0.0,0.0,0.0,0.0,0.0,0.0,0.0,0.0,0.0,0.0,0.0,0.0,0.0,0.0,0.896814404432133,0.0,0.0,0.0,0.0,0.10318559556786704,0.0,0.0,0.0,0.0,0.0,0.0,0.0,96.0,300.0,2.0,1,0.034,0.21,31500,400.0,21.0,1.0,348.57810369111763,0.44836480534602335
69cd305329cce59b64a17875,69cd305329cce59b64a17875,69cd305429cce59b64a17876,0.0,0.0,0.0,0.0,0.0,0.0,0.0,0.0,0.0,0.0,0.0,0.0,0.0,0.0,0.0,0.0,0.0,0.896814404432133,0.0,0.0,0.0,0.0,0.10318559556786704,0.0,0.0,0.0,0.0,0.0,0.0,0.0,96.0,300.0,2.0,1,0.034,0.21,31500,400.0,21.0,1.0,354.6133381027969,0.5307953222295347
69cd305329cce59b64a17875,69cd305329cce59b64a17875,69cd305429cce59b64a17876,0.0,0.0,0.0,0.0,0.0,0.0,0.0,0.0,0.0,0.0,0.0,0.0,0.0,0.0,0.0,0.0,0.0,0.896814404432133,0.0,0.0,0.0,0.0,0.10318559556786704,0.0,0.0,0.0,0.0,0.0,0.0,0.0,96.0,300.0,2.0,1,0.034,0.21,31500,400.0,21.0,1.0,361.86031433745444,0.6126031488887764
69cd305329cce59b64a17875,69cd305329cce59b64a17875,69cd305429cce59b64a17876,0.0,0.0,0.0,0.0,0.0,0.0,0.0,0.0,0.0,0.0,0.0,0.0,0.0,0.0,0.0,0.0,0.0,0.896814404432133,0.0,0.0,0.0,0.0,0.10318559556786704,0.0,0.0,0.0,0.0,0.0,0.0,0.0,96.0,300.0,2.0,1,0.034,0.21,31500,400.0,21.0,1.0,369.1698897806792,0.6827317369513491
69cd305329cce59b64a17875,69cd305329cce59b64a17875,69cd305429cce59b64a17876,0.0,0.0,0.0,0.0,0.0,0.0,0.0,0.0,0.0,0.0,0.0,0.0,0.0,0.0,0.0,0.0,0.0,0.896814404432133,0.0,0.0,0.0,0.0,0.10318559556786704,0.0,0.0,0.0,0.0,0.0,0.0,0.0,96.0,300.0,2.0,1,0.034,0.21,31500,400.0,21.0,1.0,375.0340942118089,0.7537867665671036
69cd305329cce59b64a17875,69cd305329cce59b64a17875,69cd305429cce59b64a17876,0.0,0.0,0.0,0.0,0.0,0.0,0.0,0.0,0.0,0.0,0.0,0.0,0.0,0.0,0.0,0.0,0.0,0.896814404432133,0.0,0.0,0.0,0.0,0.10318559556786704,0.0,0.0,0.0,0.0,0.0,0.0,0.0,96.0,300.0,2.0,1,0.034,0.21,31500,400.0,21.0,1.0,381.812694225223,0.8056143370627246
69cd305329cce59b64a17875,69cd305329cce59b64a17875,69cd305429cce59b64a17876,0.0,0.0,0.0,0.0,0.0,0.0,0.0,0.0,0.0,0.0,0.0,0.0,0.0,0.0,0.0,0.0,0.0,0.896814404432133,0.0,0.0,0.0,0.0,0.10318559556786704,0.0,0.0,0.0,0.0,0.0,0.0,0.0,96.0,300.0,2.0,1,0.034,0.21,31500,400.0,21.0,1.0,388.8674014621387,0.8515871006935655
69cd305329cce59b64a17875,69cd305329cce59b64a17875,69cd305429cce59b64a17876,0.0,0.0,0.0,0.0,0.0,0.0,0.0,0.0,0.0,0.0,0.0,0.0,0.0,0.0,0.0,0.0,0.0,0.896814404432133,0.0,0.0,0.0,0.0,0.10318559556786704,0.0,0.0,0.0,0.0,0.0,0.0,0.0,96.0,300.0,2.0,1,0.034,0.21,31500,400.0,21.0,1.0,394.5672829707796,0.8949400091125398
69cd305429cce59b64a17879,69cd305429cce59b64a17879,69cd305529cce59b64a1787a,0.0,0.0,0.0,0.0,0.0,0.0,0.0,0.0,0.0,0.0,0.0,0.0,0.0,0.0,0.0,0.0,0.0,0.92573402417962,0.0,0.0,0.0,0.07426597582037996,0.0,0.0,0.0,0.0,0.0,0.0,0.0,0.0,84.0,300.0,2.0,1,0.034,0.21,31500,400.0,21.0,1.0,246.1568557311811,0.029719536272971202
69cd305429cce59b64a17879,69cd305429cce59b64a17879,69cd305529cce59b64a1787a,0.0,0.0,0.0,0.0,0.0,0.0,0.0,0.0,0.0,0.0,0.0,0.0,0.0,0.0,0.0,0.0,0.0,0.92573402417962,0.0,0.0,0.0,0.07426597582037996,0.0,0.0,0.0,0.0,0.0,0.0,0.0,0.0,84.0,300.0,2.0,1,0.034,0.21,31500,400.0,21.0,1.0,257.9199177267545,0.03569584366931606
69cd305429cce59b64a17879,69cd305429cce59b64a17879,69cd305529cce59b64a1787a,0.0,0.0,0.0,0.0,0.0,0.0,0.0,0.0,0.0,0.0,0.0,0.0,0.0,0.0,0.0,0.0,0.0,0.92573402417962,0.0,0.0,0.0,0.07426597582037996,0.0,0.0,0.0,0.0,0.0,0.0,0.0,0.0,84.0,300.0,2.0,1,0.034,0.21,31500,400.0,21.0,1.0,270.08875673500415,0.0458563256214246
69cd305429cce59b64a17879,69cd305429cce59b64a17879,69cd305529cce59b64a1787a,0.0,0.0,0.0,0.0,0.0,0.0,0.0,0.0,0.0,0.0,0.0,0.0,0.0,0.0,0.0,0.0,0.0,0.92573402417962,0.0,0.0,0.0,0.07426597582037996,0.0,0.0,0.0,0.0,0.0,0.0,0.0,0.0,84.0,300.0,2.0,1,0.034,0.21,31500,400.0,21.0,1.0,282.53817433879584,0.05796081607857035
69cd305429cce59b64a17879,69cd305429cce59b64a17879,69cd305529cce59b64a1787a,0.0,0.0,0.0,0.0,0.0,0.0,0.0,0.0,0.0,0.0,0.0,0.0,0.0,0.0,0.0,0.0,0.0,0.92573402417962,0.0,0.0,0.0,0.07426597582037996,0.0,0.0,0.0,0.0,0.0,0.0,0.0,0.0,84.0,300.0,2.0,1,0.034,0.21,31500,400.0,21.0,1.0,294.1167922376981,0.0729509441603807
69cd305429cce59b64a17879,69cd305429cce59b64a17879,69cd305529cce59b64a1787a,0.0,0.0,0.0,0.0,0.0,0.0,0.0,0.0,0.0,0.0,0.0,0.0,0.0,0.0,0.0,0.0,0.0,0.92573402417962,0.0,0.0,0.0,0.07426597582037996,0.0,0.0,0.0,0.0,0.0,0.0,0.0,0.0,84.0,300.0,2.0,1,0.034,0.21,31500,400.0,21.0,1.0,305.3991817389166,0.11884017617577078
69cd305429cce59b64a17879,69cd305429cce59b64a17879,69cd305529cce59b64a1787a,0.0,0.0,0.0,0.0,0.0,0.0,0.0,0.0,0.0,0.0,0.0,0.0,0.0,0.0,0.0,0.0,0.0,0.92573402417962,0.0,0.0,0.0,0.07426597582037996,0.0,0.0,0.0,0.0,0.0,0.0,0.0,0.0,84.0,300.0,2.0,1,0.034,0.21,31500,400.0,21.0,1.0,312.74564600147556,0.14703589328203312
69cd305429cce59b64a17879,69cd305429cce59b64a17879,69cd305529cce59b64a1787a,0.0,0.0,0.0,0.0,0.0,0.0,0.0,0.0,0.0,0.0,0.0,0.0,0.0,0.0,0.0,0.0,0.0,0.92573402417962,0.0,0.0,0.0,0.07426597582037996,0.0,0.0,0.0,0.0,0.0,0.0,0.0,0.0,84.0,300.0,2.0,1,0.034,0.21,31500,400.0,21.0,1.0,319.1743611527197,0.19742064496532172
69cd305429cce59b64a17879,69cd305429cce59b64a17879,69cd305529cce59b64a1787a,0.0,0.0,0.0,0.0,0.0,0.0,0.0,0.0,0.0,0.0,0.0,0.0,0.0,0.0,0.0,0.0,0.0,0.92573402417962,0.0,0.0,0.0,0.07426597582037996,0.0,0.0,0.0,0.0,0.0,0.0,0.0,0.0,84.0,300.0,2.0,1,0.034,0.21,31500,400.0,21.0,1.0,325.59078003085244,0.2505619399584873
69cd305429cce59b64a17879,69cd305429cce59b64a17879,69cd305529cce59b64a1787a,0.0,0.0,0.0,0.0,0.0,0.0,0.0,0.0,0.0,0.0,0.0,0.0,0.0,0.0,0.0,0.0,0.0,0.92573402417962,0.0,0.0,0.0,0.07426597582037996,0.0,0.0,0.0,0.0,0.0,0.0,0.0,0.0,84.0,300.0,2.0,1,0.034,0.21,31500,400.0,21.0,1.0,332.40962239263115,0.31864780033412643
69cd305429cce59b64a17879,69cd305429cce59b64a17879,69cd305529cce59b64a1787a,0.0,0.0,0.0,0.0,0.0,0.0,0.0,0.0,0.0,0.0,0.0,0.0,0.0,0.0,0.0,0.0,0.0,0.92573402417962,0.0,0.0,0.0,0.07426597582037996,0.0,0.0,0.0,0.0,0.0,0.0,0.0,0.0,84.0,300.0,2.0,1,0.034,0.21,31500,400.0,21.0,1.0,339.07643810503254,0.38793347845896825
69cd305429cce59b64a17879,69cd305429cce59b64a17879,69cd305529cce59b64a1787a,0.0,0.0,0.0,0.0,0.0,0.0,0.0,0.0,0.0,0.0,0.0,0.0,0.0,0.0,0.0,0.0,0.0,0.92573402417962,0.0,0.0,0.0,0.07426597582037996,0.0,0.0,0.0,0.0,0.0,0.0,0.0,0.0,84.0,300.0,2.0,1,0.034,0.21,31500,400.0,21.0,1.0,346.278700619285,0.46608110160481947
69cd305429cce59b64a17879,69cd305429cce59b64a17879,69cd305529cce59b64a1787a,0.0,0.0,0.0,0.0,0.0,0.0,0.0,0.0,0.0,0.0,0.0,0.0,0.0,0.0,0.0,0.0,0.0,0.92573402417962,0.0,0.0,0.0,0.07426597582037996,0.0,0.0,0.0,0.0,0.0,0.0,0.0,0.0,84.0,300.0,2.0,1,0.034,0.21,31500,400.0,21.0,1.0,352.1160768181717,0.5456183870804434
69cd305429cce59b64a17879,69cd305429cce59b64a17879,69cd305529cce59b64a1787a,0.0,0.0,0.0,0.0,0.0,0.0,0.0,0.0,0.0,0.0,0.0,0.0,0.0,0.0,0.0,0.0,0.0,0.92573402417962,0.0,0.0,0.0,0.07426597582037996,0.0,0.0,0.0,0.0,0.0,0.0,0.0,0.0,84.0,300.0,2.0,1,0.034,0.21,31500,400.0,21.0,1.0,359.0075789756087,0.6190123019288208
69cd305429cce59b64a17879,69cd305429cce59b64a17879,69cd305529cce59b64a1787a,0.0,0.0,0.0,0.0,0.0,0.0,0.0,0.0,0.0,0.0,0.0,0.0,0.0,0.0,0.0,0.0,0.0,0.92573402417962,0.0,0.0,0.0,0.07426597582037996,0.0,0.0,0.0,0.0,0.0,0.0,0.0,0.0,84.0,300.0,2.0,1,0.034,0.21,31500,400.0,21.0,1.0,365.02045652708534,0.6813724497544676
69cd305429cce59b64a17879,69cd305429cce59b64a17879,69cd305529cce59b64a1787a,0.0,0.0,0.0,0.0,0.0,0.0,0.0,0.0,0.0,0.0,0.0,0.0,0.0,0.0,0.0,0.0,0.0,0.92573402417962,0.0,0.0,0.0,0.07426597582037996,0.0,0.0,0.0,0.0,0.0,0.0,0.0,0.0,84.0,300.0,2.0,1,0.034,0.21,31500,400.0,21.0,1.0,370.86453978403273,0.738158760694578
69cd305429cce59b64a17879,69cd305429cce59b64a17879,69cd305529cce59b64a1787a,0.0,0.0,0.0,0.0,0.0,0.0,0.0,0.0,0.0,0.0,0.0,0.0,0.0,0.0,0.0,0.0,0.0,0.92573402417962,0.0,0.0,0.0,0.07426597582037996,0.0,0.0,0.0,0.0,0.0,0.0,0.0,0.0,84.0,300.0,2.0,1,0.034,0.21,31500,400.0,21.0,1.0,377.9907889735965,0.7870703184326431
69cd305429cce59b64a17879,69cd305429cce59b64a17879,69cd305529cce59b64a1787a,0.0,0.0,0.0,0.0,0.0,0.0,0.0,0.0,0.0,0.0,0.0,0.0,0.0,0.0,0.0,0.0,0.0,0.92573402417962,0.0,0.0,0.0,0.07426597582037996,0.0,0.0,0.0,0.0,0.0,0.0,0.0,0.0,84.0,300.0,2.0,1,0.034,0.21,31500,400.0,21.0,1.0,384.1601645464911,0.8312889181390167
69cd305429cce59b64a17879,69cd305429cce59b64a17879,69cd305529cce59b64a1787a,0.0,0.0,0.0,0.0,0.0,0.0,0.0,0.0,0.0,0.0,0.0,0.0,0.0,0.0,0.0,0.0,0.0,0.92573402417962,0.0,0.0,0.0,0.07426597582037996,0.0,0.0,0.0,0.0,0.0,0.0,0.0,0.0,84.0,300.0,2.0,1,0.034,0.21,31500,400.0,21.0,1.0,390.0042478034385,0.8670024806358527
69cd305429cce59b64a17879,69cd305429cce59b64a17879,69cd305529cce59b64a1787a,0.0,0.0,0.0,0.0,0.0,0.0,0.0,0.0,0.0,0.0,0.0,0.0,0.0,0.0,0.0,0.0,0.0,0.92573402417962,0.0,0.0,0.0,0.07426597582037996,0.0,0.0,0.0,0.0,0.0,0.0,0.0,0.0,84.0,300.0,2.0,1,0.034,0.21,31500,400.0,21.0,1.0,396.17474121934316,0.8926466865792537
69cd305e29cce59b64a1789f,69cd305e29cce59b64a1789f,69cd305f29cce59b64a178a0,0.0,0.0,0.0,0.0,0.0,0.0,0.0,0.0,0.0,0.0,0.0,0.0,0.0,0.0,0.0,0.0,0.1,0.9,0.0,0.0,0.0,0.0,0.0,0.0,0.0,0.0,0.0,0.0,0.0,0.0,155.0,400.0,4.0,1,0.02,0.03,60000,0.0,0.0,0.0,189.9089945542926,0.029184541636312945
69cd305e29cce59b64a1789f,69cd305e29cce59b64a1789f,69cd305f29cce59b64a178a0,0.0,0.0,0.0,0.0,0.0,0.0,0.0,0.0,0.0,0.0,0.0,0.0,0.0,0.0,0.0,0.0,0.1,0.9,0.0,0.0,0.0,0.0,0.0,0.0,0.0,0.0,0.0,0.0,0.0,0.0,155.0,400.0,4.0,1,0.02,0.03,60000,0.0,0.0,0.0,232.4147509228464,0.10131397890079055
69cd305e29cce59b64a1789f,69cd305e29cce59b64a1789f,69cd305f29cce59b64a178a0,0.0,0.0,0.0,0.0,0.0,0.0,0.0,0.0,0.0,0.0,0.0,0.0,0.0,0.0,0.0,0.0,0.1,0.9,0.0,0.0,0.0,0.0,0.0,0.0,0.0,0.0,0.0,0.0,0.0,0.0,155.0,400.0,4.0,1,0.02,0.03,60000,0.0,0.0,0.0,251.0525931069771,0.184460693054169
69cd305e29cce59b64a1789f,69cd305e29cce59b64a1789f,69cd305f29cce59b64a178a0,0.0,0.0,0.0,0.0,0.0,0.0,0.0,0.0,0.0,0.0,0.0,0.0,0.0,0.0,0.0,0.0,0.1,0.9,0.0,0.0,0.0,0.0,0.0,0.0,0.0,0.0,0.0,0.0,0.0,0.0,155.0,400.0,4.0,1,0.02,0.03,60000,0.0,0.0,0.0,264.68148094002413,0.29113491442498807
69cd305e29cce59b64a1789f,69cd305e29cce59b64a1789f,69cd305f29cce59b64a178a0,0.0,0.0,0.0,0.0,0.0,0.0,0.0,0.0,0.0,0.0,0.0,0.0,0.0,0.0,0.0,0.0,0.1,0.9,0.0,0.0,0.0,0.0,0.0,0.0,0.0,0.0,0.0,0.0,0.0,0.0,155.0,400.0,4.0,1,0.02,0.03,60000,0.0,0.0,0.0,274.8547202222141,0.3786075960751514
69cd305e29cce59b64a1789f,69cd305e29cce59b64a1789f,69cd305f29cce59b64a178a0,0.0,0.0,0.0,0.0,0.0,0.0,0.0,0.0,0.0,0.0,0.0,0.0,0.0,0.0,0.0,0.0,0.1,0.9,0.0,0.0,0.0,0.0,0.0,0.0,0.0,0.0,0.0,0.0,0.0,0.0,155.0,400.0,4.0,1,0.02,0.03,60000,0.0,0.0,0.0,284.9091772961515,0.46393977821547094
69cd305e29cce59b64a1789f,69cd305e29cce59b64a1789f,69cd305f29cce59b64a178a0,0.0,0.0,0.0,0.0,0.0,0.0,0.0,0.0,0.0,0.0,0.0,0.0,0.0,0.0,0.0,0.0,0.1,0.9,0.0,0.0,0.0,0.0,0.0,0.0,0.0,0.0,0.0,0.0,0.0,0.0,155.0,400.0,4.0,1,0.02,0.03,60000,0.0,0.0,0.0,294.8503344176017,0.5426166257453525
69cd305e29cce59b64a1789f,69cd305e29cce59b64a1789f,69cd305f29cce59b64a178a0,0.0,0.0,0.0,0.0,0.0,0.0,0.0,0.0,0.0,0.0,0.0,0.0,0.0,0.0,0.0,0.0,0.1,0.9,0.0,0.0,0.0,0.0,0.0,0.0,0.0,0.0,0.0,0.0,0.0,0.0,155.0,400.0,4.0,1,0.02,0.03,60000,0.0,0.0,0.0,309.8717152150872,0.6526454955076492
69cd305e29cce59b64a1789f,69cd305e29cce59b64a1789f,69cd305f29cce59b64a178a0,0.0,0.0,0.0,0.0,0.0,0.0,0.0,0.0,0.0,0.0,0.0,0.0,0.0,0.0,0.0,0.0,0.1,0.9,0.0,0.0,0.0,0.0,0.0,0.0,0.0,0.0,0.0,0.0,0.0,0.0,155.0,400.0,4.0,1,0.02,0.03,60000,0.0,0.0,0.0,324.81817185044406,0.7468634487224456
69cd305e29cce59b64a1789f,69cd305e29cce59b64a1789f,69cd305f29cce59b64a178a0,0.0,0.0,0.0,0.0,0.0,0.0,0.0,0.0,0.0,0.0,0.0,0.0,0.0,0.0,0.0,0.0,0.1,0.9,0.0,0.0,0.0,0.0,0.0,0.0,0.0,0.0,0.0,0.0,0.0,0.0,155.0,400.0,4.0,1,0.02,0.03,60000,0.0,0.0,0.0,339.93823325170865,0.8173200586388941
69cd305e29cce59b64a1789f,69cd305e29cce59b64a1789f,69cd305f29cce59b64a178a0,0.0,0.0,0.0,0.0,0.0,0.0,0.0,0.0,0.0,0.0,0.0,0.0,0.0,0.0,0.0,0.0,0.1,0.9,0.0,0.0,0.0,0.0,0.0,0.0,0.0,0.0,0.0,0.0,0.0,0.0,155.0,400.0,4.0,1,0.02,0.03,60000,0.0,0.0,0.0,360.14400058477395,0.8868413242317136
69cd305f29cce59b64a178a1,69cd305f29cce59b64a178a1,69cd305f29cce59b64a178a2,0.0,0.0,0.0,0.0,0.0,0.0,0.0,0.0,0.0,0.0,0.0,0.0,0.0,0.1,0.0,0.0,0.0,0.9,0.0,0.0,0.0,0.0,0.0,0.0,0.0,0.0,0.0,0.0,0.0,0.0,100.0,400.0,4.0,1,0.02,0.03,60000,0.0,0.0,0.0,169.60089178027118,0.028653913606561804
69cd305f29cce59b64a178a1,69cd305f29cce59b64a178a1,69cd305f29cce59b64a178a2,0.0,0.0,0.0,0.0,0.0,0.0,0.0,0.0,0.0,0.0,0.0,0.0,0.0,0.1,0.0,0.0,0.0,0.9,0.0,0.0,0.0,0.0,0.0,0.0,0.0,0.0,0.0,0.0,0.0,0.0,100.0,400.0,4.0,1,0.02,0.03,60000,0.0,0.0,0.0,215.1584371916231,0.06747070303717095
69cd305f29cce59b64a178a1,69cd305f29cce59b64a178a1,69cd305f29cce59b64a178a2,0.0,0.0,0.0,0.0,0.0,0.0,0.0,0.0,0.0,0.0,0.0,0.0,0.0,0.1,0.0,0.0,0.0,0.9,0.0,0.0,0.0,0.0,0.0,0.0,0.0,0.0,0.0,0.0,0.0,0.0,100.0,400.0,4.0,1,0.02,0.03,60000,0.0,0.0,0.0,234.83242571543437,0.10432686686632671
69cd305f29cce59b64a178a1,69cd305f29cce59b64a178a1,69cd305f29cce59b64a178a2,0.0,0.0,0.0,0.0,0.0,0.0,0.0,0.0,0.0,0.0,0.0,0.0,0.0,0.1,0.0,0.0,0.0,0.9,0.0,0.0,0.0,0.0,0.0,0.0,0.0,0.0,0.0,0.0,0.0,0.0,100.0,400.0,4.0,1,0.02,0.03,60000,0.0,0.0,0.0,260.06907642264537,0.1993632463642986
69cd305f29cce59b64a178a1,69cd305f29cce59b64a178a1,69cd305f29cce59b64a178a2,0.0,0.0,0.0,0.0,0.0,0.0,0.0,0.0,0.0,0.0,0.0,0.0,0.0,0.1,0.0,0.0,0.0,0.9,0.0,0.0,0.0,0.0,0.0,0.0,0.0,0.0,0.0,0.0,0.0,0.0,100.0,400.0,4.0,1,0.02,0.03,60000,0.0,0.0,0.0,284.969482109572,0.29933716464758203
69cd305f29cce59b64a178a1,69cd305f29cce59b64a178a1,69cd305f29cce59b64a178a2,0.0,0.0,0.0,0.0,0.0,0.0,0.0,0.0,0.0,0.0,0.0,0.0,0.0,0.1,0.0,0.0,0.0,0.9,0.0,0.0,0.0,0.0,0.0,0.0,0.0,0.0,0.0,0.0,0.0,0.0,100.0,400.0,4.0,1,0.02,0.03,60000,0.0,0.0,0.0,309.73100398377255,0.4452688665245663
69cd305f29cce59b64a178a1,69cd305f29cce59b64a178a1,69cd305f29cce59b64a178a2,0.0,0.0,0.0,0.0,0.0,0.0,0.0,0.0,0.0,0.0,0.0,0.0,0.0,0.1,0.0,0.0,0.0,0.9,0.0,0.0,0.0,0.0,0.0,0.0,0.0,0.0,0.0,0.0,0.0,0.0,100.0,400.0,4.0,1,0.02,0.03,60000,0.0,0.0,0.0,329.8307810387047,0.5929453453129356
69cd305f29cce59b64a178a1,69cd305f29cce59b64a178a1,69cd305f29cce59b64a178a2,0.0,0.0,0.0,0.0,0.0,0.0,0.0,0.0,0.0,0.0,0.0,0.0,0.0,0.1,0.0,0.0,0.0,0.9,0.0,0.0,0.0,0.0,0.0,0.0,0.0,0.0,0.0,0.0,0.0,0.0,100.0,400.0,4.0,1,0.02,0.03,60000,0.0,0.0,0.0,349.89766455904385,0.7372042198418909
69cd306029cce59b64a178a3,69cd306029cce59b64a178a3,69cd306029cce59b64a178a4,0.0,0.0,0.0,0.0,0.0,0.0,0.0,0.0,0.0,0.0,0.0,0.0,0.0,0.0,0.0,0.0,0.0,0.9,0.1,0.0,0.0,0.0,0.0,0.0,0.0,0.0,0.0,0.0,0.0,0.0,140.0,400.0,4.0,1,0.02,0.03,60000,0.0,0.0,0.0,170.0942947991667,0.041038232199228336
69cd306029cce59b64a178a3,69cd306029cce59b64a178a3,69cd306029cce59b64a178a4,0.0,0.0,0.0,0.0,0.0,0.0,0.0,0.0,0.0,0.0,0.0,0.0,0.0,0.0,0.0,0.0,0.0,0.9,0.1,0.0,0.0,0.0,0.0,0.0,0.0,0.0,0.0,0.0,0.0,0.0,140.0,400.0,4.0,1,0.02,0.03,60000,0.0,0.0,0.0,184.5418661598626,0.06992598188669744
69cd306029cce59b64a178a3,69cd306029cce59b64a178a3,69cd306029cce59b64a178a4,0.0,0.0,0.0,0.0,0.0,0.0,0.0,0.0,0.0,0.0,0.0,0.0,0.0,0.0,0.0,0.0,0.0,0.9,0.1,0.0,0.0,0.0,0.0,0.0,0.0,0.0,0.0,0.0,0.0,0.0,140.0,400.0,4.0,1,0.02,0.03,60000,0.0,0.0,0.0,199.88121779174736,0.1352921601957028
69cd306029cce59b64a178a3,69cd306029cce59b64a178a3,69cd306029cce59b64a178a4,0.0,0.0,0.0,0.0,0.0,0.0,0.0,0.0,0.0,0.0,0.0,0.0,0.0,0.0,0.0,0.0,0.0,0.9,0.1,0.0,0.0,0.0,0.0,0.0,0.0,0.0,0.0,0.0,0.0,0.0,140.0,400.0,4.0,1,0.02,0.03,60000,0.0,0.0,0.0,214.60838419648405,0.292681830037144
69cd306029cce59b64a178a3,69cd306029cce59b64a178a3,69cd306029cce59b64a178a4,0.0,0.0,0.0,0.0,0.0,0.0,0.0,0.0,0.0,0.0,0.0,0.0,0.0,0.0,0.0,0.0,0.0,0.9,0.1,0.0,0.0,0.0,0.0,0.0,0.0,0.0,0.0,0.0,0.0,0.0,140.0,400.0,4.0,1,0.02,0.03,60000,0.0,0.0,0.0,229.72113592339463,0.5518261698549317
69cd306029cce59b64a178a3,69cd306029cce59b64a178a3,69cd306029cce59b64a178a4,0.0,0.0,0.0,0.0,0.0,0.0,0.0,0.0,0.0,0.0,0.0,0.0,0.0,0.0,0.0,0.0,0.0,0.9,0.1,0.0,0.0,0.0,0.0,0.0,0.0,0.0,0.0,0.0,0.0,0.0,140.0,400.0,4.0,1,0.02,0.03,60000,0.0,0.0,0.0,244.68952158181352,0.6657583034292961
69cd306029cce59b64a178a3,69cd306029cce59b64a178a3,69cd306029cce59b64a178a4,0.0,0.0,0.0,0.0,0.0,0.0,0.0,0.0,0.0,0.0,0.0,0.0,0.0,0.0,0.0,0.0,0.0,0.9,0.1,0.0,0.0,0.0,0.0,0.0,0.0,0.0,0.0,0.0,0.0,0.0,140.0,400.0,4.0,1,0.02,0.03,60000,0.0,0.0,0.0,259.8296845875516,0.7665956164728526
69cd306029cce59b64a178a3,69cd306029cce59b64a178a3,69cd306029cce59b64a178a4,0.0,0.0,0.0,0.0,0.0,0.0,0.0,0.0,0.0,0.0,0.0,0.0,0.0,0.0,0.0,0.0,0.0,0.9,0.1,0.0,0.0,0.0,0.0,0.0,0.0,0.0,0.0,0.0,0.0,0.0,140.0,400.0,4.0,1,0.02,0.03,60000,0.0,0.0,0.0,274.7615218742005,0.8058261158927591
69cd306029cce59b64a178a3,69cd306029cce59b64a178a3,69cd306029cce59b64a178a4,0.0,0.0,0.0,0.0,0.0,0.0,0.0,0.0,0.0,0.0,0.0,0.0,0.0,0.0,0.0,0.0,0.0,0.9,0.1,0.0,0.0,0.0,0.0,0.0,0.0,0.0,0.0,0.0,0.0,0.0,140.0,400.0,4.0,1,0.02,0.03,60000,0.0,0.0,0.0,289.66960271919885,0.8735666297925155
69cd306029cce59b64a178a3,69cd306029cce59b64a178a3,69cd306029cce59b64a178a4,0.0,0.0,0.0,0.0,0.0,0.0,0.0,0.0,0.0,0.0,0.0,0.0,0.0,0.0,0.0,0.0,0.0,0.9,0.1,0.0,0.0,0.0,0.0,0.0,0.0,0.0,0.0,0.0,0.0,0.0,140.0,400.0,4.0,1,0.02,0.03,60000,0.0,0.0,0.0,304.5612367969007,0.9138493915765049
69cd306029cce59b64a178a3,69cd306029cce59b64a178a3,69cd306029cce59b64a178a4,0.0,0.0,0.0,0.0,0.0,0.0,0.0,0.0,0.0,0.0,0.0,0.0,0.0,0.0,0.0,0.0,0.0,0.9,0.1,0.0,0.0,0.0,0.0,0.0,0.0,0.0,0.0,0.0,0.0,0.0,140.0,400.0,4.0,1,0.02,0.03,60000,0.0,0.0,0.0,319.85855780124996,0.9338423764940776
69cd306029cce59b64a178a3,69cd306029cce59b64a178a3,69cd306029cce59b64a178a4,0.0,0.0,0.0,0.0,0.0,0.0,0.0,0.0,0.0,0.0,0.0,0.0,0.0,0.0,0.0,0.0,0.0,0.9,0.1,0.0,0.0,0.0,0.0,0.0,0.0,0.0,0.0,0.0,0.0,0.0,140.0,400.0,4.0,1,0.02,0.03,60000,0.0,0.0,0.0,334.7154709257702,0.9519556790689727
69cd306029cce59b64a178a3,69cd306029cce59b64a178a3,69cd306029cce59b64a178a4,0.0,0.0,0.0,0.0,0.0,0.0,0.0,0.0,0.0,0.0,0.0,0.0,0.0,0.0,0.0,0.0,0.0,0.9,0.1,0.0,0.0,0.0,0.0,0.0,0.0,0.0,0.0,0.0,0.0,0.0,140.0,400.0,4.0,1,0.02,0.03,60000,0.0,0.0,0.0,349.7569533277292,0.9634766029013662
69cd306029cce59b64a178a3,69cd306029cce59b64a178a3,69cd306029cce59b64a178a4,0.0,0.0,0.0,0.0,0.0,0.0,0.0,0.0,0.0,0.0,0.0,0.0,0.0,0.0,0.0,0.0,0.0,0.9,0.1,0.0,0.0,0.0,0.0,0.0,0.0,0.0,0.0,0.0,0.0,0.0,140.0,400.0,4.0,1,0.02,0.03,60000,0.0,0.0,0.0,364.7180293117941,0.9726501722292673
69cd306029cce59b64a178a5,69cd306029cce59b64a178a5,69cd306129cce59b64a178a6,0.0,0.0,0.0,0.0,0.0,0.0,0.0,0.0,0.0,0.0,0.0,0.0,0.0,0.0,0.0,0.1,0.0,0.9,0.0,0.0,0.0,0.0,0.0,0.0,0.0,0.0,0.0,0.0,0.0,0.0,144.0,400.0,4.0,1,0.02,0.03,60000,0.0,0.0,0.0,154.87738021271153,0.01304985205371035
69cd306029cce59b64a178a5,69cd306029cce59b64a178a5,69cd306129cce59b64a178a6,0.0,0.0,0.0,0.0,0.0,0.0,0.0,0.0,0.0,0.0,0.0,0.0,0.0,0.0,0.0,0.1,0.0,0.9,0.0,0.0,0.0,0.0,0.0,0.0,0.0,0.0,0.0,0.0,0.0,0.0,144.0,400.0,4.0,1,0.02,0.03,60000,0.0,0.0,0.0,184.8689740872044,0.08470262346095386
69cd306029cce59b64a178a5,69cd306029cce59b64a178a5,69cd306129cce59b64a178a6,0.0,0.0,0.0,0.0,0.0,0.0,0.0,0.0,0.0,0.0,0.0,0.0,0.0,0.0,0.0,0.1,0.0,0.9,0.0,0.0,0.0,0.0,0.0,0.0,0.0,0.0,0.0,0.0,0.0,0.0,144.0,400.0,4.0,1,0.02,0.03,60000,0.0,0.0,0.0,199.68568400277766,0.3832753239978775
69cd306029cce59b64a178a5,69cd306029cce59b64a178a5,69cd306129cce59b64a178a6,0.0,0.0,0.0,0.0,0.0,0.0,0.0,0.0,0.0,0.0,0.0,0.0,0.0,0.0,0.0,0.1,0.0,0.9,0.0,0.0,0.0,0.0,0.0,0.0,0.0,0.0,0.0,0.0,0.0,0.0,144.0,400.0,4.0,1,0.02,0.03,60000,0.0,0.0,0.0,214.93183728664889,0.8250726240905125
69cd306029cce59b64a178a5,69cd306029cce59b64a178a5,69cd306129cce59b64a178a6,0.0,0.0,0.0,0.0,0.0,0.0,0.0,0.0,0.0,0.0,0.0,0.0,0.0,0.0,0.0,0.1,0.0,0.9,0.0,0.0,0.0,0.0,0.0,0.0,0.0,0.0,0.0,0.0,0.0,0.0,144.0,400.0,4.0,1,0.02,0.03,60000,0.0,0.0,0.0,229.83626329447023,0.913516624845983
69cd306029cce59b64a178a5,69cd306029cce59b64a178a5,69cd306129cce59b64a178a6,0.0,0.0,0.0,0.0,0.0,0.0,0.0,0.0,0.0,0.0,0.0,0.0,0.0,0.0,0.0,0.1,0.0,0.9,0.0,0.0,0.0,0.0,0.0,0.0,0.0,0.0,0.0,0.0,0.0,0.0,144.0,400.0,4.0,1,0.02,0.03,60000,0.0,0.0,0.0,244.72606995358356,0.9549235985574113
69cd306029cce59b64a178a5,69cd306029cce59b64a178a5,69cd306129cce59b64a178a6,0.0,0.0,0.0,0.0,0.0,0.0,0.0,0.0,0.0,0.0,0.0,0.0,0.0,0.0,0.0,0.1,0.0,0.9,0.0,0.0,0.0,0.0,0.0,0.0,0.0,0.0,0.0,0.0,0.0,0.0,144.0,400.0,4.0,1,0.02,0.03,60000,0.0,0.0,0.0,259.65059756587846,0.974916583474984
69cd306029cce59b64a178a5,69cd306029cce59b64a178a5,69cd306129cce59b64a178a6,0.0,0.0,0.0,0.0,0.0,0.0,0.0,0.0,0.0,0.0,0.0,0.0,0.0,0.0,0.0,0.1,0.0,0.9,0.0,0.0,0.0,0.0,0.0,0.0,0.0,0.0,0.0,0.0,0.0,0.0,144.0,400.0,4.0,1,0.02,0.03,60000,0.0,0.0,0.0,274.81451701326705,0.988101340959987
69cd306029cce59b64a178a5,69cd306029cce59b64a178a5,69cd306129cce59b64a178a6,0.0,0.0,0.0,0.0,0.0,0.0,0.0,0.0,0.0,0.0,0.0,0.0,0.0,0.0,0.0,0.1,0.0,0.9,0.0,0.0,0.0,0.0,0.0,0.0,0.0,0.0,0.0,0.0,0.0,0.0,144.0,400.0,4.0,1,0.02,0.03,60000,0.0,0.0,0.0,289.5325463250612,0.9921395102033475
69cd306029cce59b64a178a5,69cd306029cce59b64a178a5,69cd306129cce59b64a178a6,0.0,0.0,0.0,0.0,0.0,0.0,0.0,0.0,0.0,0.0,0.0,0.0,0.0,0.0,0.0,0.1,0.0,0.9,0.0,0.0,0.0,0.0,0.0,0.0,0.0,0.0,0.0,0.0,0.0,0.0,144.0,400.0,4.0,1,0.02,0.03,60000,0.0,0.0,0.0,304.5923029129052,0.9968072381260736
69cd306129cce59b64a178a7,69cd306129cce59b64a178a7,69cd306129cce59b64a178a8,0.0,0.0,0.0,0.0,0.0,0.0,0.0,0.0,0.0,0.0,0.0,0.0,0.0,0.0,0.0,0.0,0.0,1.0,0.0,0.0,0.0,0.0,0.0,0.0,0.0,0.0,0.0,0.0,0.0,0.0,166.0,400.0,4.0,1,0.02,0.03,60000,0.0,0.0,0.0,169.68678045393077,0.05108418998282204
69cd306129cce59b64a178a7,69cd306129cce59b64a178a7,69cd306129cce59b64a178a8,0.0,0.0,0.0,0.0,0.0,0.0,0.0,0.0,0.0,0.0,0.0,0.0,0.0,0.0,0.0,0.0,0.0,1.0,0.0,0.0,0.0,0.0,0.0,0.0,0.0,0.0,0.0,0.0,0.0,0.0,166.0,400.0,4.0,1,0.02,0.03,60000,0.0,0.0,0.0,199.99269032564598,0.11300578294615475
69cd306129cce59b64a178a7,69cd306129cce59b64a178a7,69cd306129cce59b64a178a8,0.0,0.0,0.0,0.0,0.0,0.0,0.0,0.0,0.0,0.0,0.0,0.0,0.0,0.0,0.0,0.0,0.0,1.0,0.0,0.0,0.0,0.0,0.0,0.0,0.0,0.0,0.0,0.0,0.0,0.0,166.0,400.0,4.0,1,0.02,0.03,60000,0.0,0.0,0.0,214.84777603157778,0.1777783773574724
69cd306129cce59b64a178a7,69cd306129cce59b64a178a7,69cd306129cce59b64a178a8,0.0,0.0,0.0,0.0,0.0,0.0,0.0,0.0,0.0,0.0,0.0,0.0,0.0,0.0,0.0,0.0,0.0,1.0,0.0,0.0,0.0,0.0,0.0,0.0,0.0,0.0,0.0,0.0,0.0,0.0,166.0,400.0,4.0,1,0.02,0.03,60000,0.0,0.0,0.0,230.03362450202843,0.27079117538605435
69cd306129cce59b64a178a7,69cd306129cce59b64a178a7,69cd306129cce59b64a178a8,0.0,0.0,0.0,0.0,0.0,0.0,0.0,0.0,0.0,0.0,0.0,0.0,0.0,0.0,0.0,0.0,0.0,1.0,0.0,0.0,0.0,0.0,0.0,0.0,0.0,0.0,0.0,0.0,0.0,0.0,166.0,400.0,4.0,1,0.02,0.03,60000,0.0,0.0,0.0,244.63104418698146,0.42305443883837435
69cd306129cce59b64a178a7,69cd306129cce59b64a178a7,69cd306129cce59b64a178a8,0.0,0.0,0.0,0.0,0.0,0.0,0.0,0.0,0.0,0.0,0.0,0.0,0.0,0.0,0.0,0.0,0.0,1.0,0.0,0.0,0.0,0.0,0.0,0.0,0.0,0.0,0.0,0.0,0.0,0.0,166.0,400.0,4.0,1,0.02,0.03,60000,0.0,0.0,0.0,259.7858265414276,0.5542904423998777
69cd306129cce59b64a178a7,69cd306129cce59b64a178a7,69cd306129cce59b64a178a8,0.0,0.0,0.0,0.0,0.0,0.0,0.0,0.0,0.0,0.0,0.0,0.0,0.0,0.0,0.0,0.0,0.0,1.0,0.0,0.0,0.0,0.0,0.0,0.0,0.0,0.0,0.0,0.0,0.0,0.0,166.0,400.0,4.0,1,0.02,0.03,60000,0.0,0.0,0.0,274.62994773582835,0.6798064556745722
69cd306129cce59b64a178a7,69cd306129cce59b64a178a7,69cd306129cce59b64a178a8,0.0,0.0,0.0,0.0,0.0,0.0,0.0,0.0,0.0,0.0,0.0,0.0,0.0,0.0,0.0,0.0,0.0,1.0,0.0,0.0,0.0,0.0,0.0,0.0,0.0,0.0,0.0,0.0,0.0,0.0,166.0,400.0,4.0,1,0.02,0.03,60000,0.0,0.0,0.0,289.90351229852706,0.7763717633938608
69cd306129cce59b64a178a7,69cd306129cce59b64a178a7,69cd306129cce59b64a178a8,0.0,0.0,0.0,0.0,0.0,0.0,0.0,0.0,0.0,0.0,0.0,0.0,0.0,0.0,0.0,0.0,0.0,1.0,0.0,0.0,0.0,0.0,0.0,0.0,0.0,0.0,0.0,0.0,0.0,0.0,166.0,400.0,4.0,1,0.02,0.03,60000,0.0,0.0,0.0,304.6599174006798,0.823354828265386
69cd306129cce59b64a178a7,69cd306129cce59b64a178a7,69cd306129cce59b64a178a8,0.0,0.0,0.0,0.0,0.0,0.0,0.0,0.0,0.0,0.0,0.0,0.0,0.0,0.0,0.0,0.0,0.0,1.0,0.0,0.0,0.0,0.0,0.0,0.0,0.0,0.0,0.0,0.0,0.0,0.0,166.0,400.0,4.0,1,0.02,0.03,60000,0.0,0.0,0.0,320.0321625671576,0.8761568140733347
69cd306129cce59b64a178a7,69cd306129cce59b64a178a7,69cd306129cce59b64a178a8,0.0,0.0,0.0,0.0,0.0,0.0,0.0,0.0,0.0,0.0,0.0,0.0,0.0,0.0,0.0,0.0,0.0,1.0,0.0,0.0,0.0,0.0,0.0,0.0,0.0,0.0,0.0,0.0,0.0,0.0,166.0,400.0,4.0,1,0.02,0.03,60000,0.0,0.0,0.0,334.6697854610577,0.9040732446554965
69cd306129cce59b64a178a7,69cd306129cce59b64a178a7,69cd306129cce59b64a178a8,0.0,0.0,0.0,0.0,0.0,0.0,0.0,0.0,0.0,0.0,0.0,0.0,0.0,0.0,0.0,0.0,0.0,1.0,0.0,0.0,0.0,0.0,0.0,0.0,0.0,0.0,0.0,0.0,0.0,0.0,166.0,400.0,4.0,1,0.02,0.03,60000,0.0,0.0,0.0,349.98172581411495,0.9299660937682686
69cd306129cce59b64a178a7,69cd306129cce59b64a178a7,69cd306129cce59b64a178a8,0.0,0.0,0.0,0.0,0.0,0.0,0.0,0.0,0.0,0.0,0.0,0.0,0.0,0.0,0.0,0.0,0.0,1.0,0.0,0.0,0.0,0.0,0.0,0.0,0.0,0.0,0.0,0.0,0.0,0.0,166.0,400.0,4.0,1,0.02,0.03,60000,0.0,0.0,0.0,364.73630349767916,0.9462177013913247
69cd306129cce59b64a178a7,69cd306129cce59b64a178a7,69cd306129cce59b64a178a8,0.0,0.0,0.0,0.0,0.0,0.0,0.0,0.0,0.0,0.0,0.0,0.0,0.0,0.0,0.0,0.0,0.0,1.0,0.0,0.0,0.0,0.0,0.0,0.0,0.0,0.0,0.0,0.0,0.0,0.0,166.0,400.0,4.0,1,0.02,0.03,60000,0.0,0.0,0.0,380.06651803662146,0.9613810718686202
