_id_material,material_id,_id_reaction,Al,Sc,Ti,Cr,Mn,Fe,Co,Ni,Cu,Zn,Ga,Sr,Y,Zr,Nb,Sn,La,Ce,Pr,Nd,Sm,Eu,Gd,Tb,Ho,Yb,Lu,Hf,Bi,Pm,Sbet,calcination_temp,calcination_time,single_phase_binary,gas_co_content,gas_o2_content,flow_mL_h_g,pretreatment_temp,pretreatment_o2_vol%,pretreatment_time_h,temperature,conversion
6967aede5c48023e106c03e4,6967aede5c48023e106c03e4,6967aede38e7cc6db0ba7314,0.0,0.0,0.0,0.0,0.0,0.0,0.0,0.0,0.0,0.0,0.0,0.0,0.0,0.0,0.0,0.0,0.0,1.0,0.0,0.0,0.0,0.0,0.0,0.0,0.0,0.0,0.0,0.0,0.0,0.0,67.7,500.0,4.0,1,0.01,0.2,12000.0,0.0,0.0,0.0,364.0,0.5
6967aede5c48023e106c03e4,6967aede5c48023e106c03e4,6967aede38e7cc6db0ba7314,0.0,0.0,0.0,0.0,0.0,0.0,0.0,0.0,0.0,0.0,0.0,0.0,0.0,0.0,0.0,0.0,0.0,1.0,0.0,0.0,0.0,0.0,0.0,0.0,0.0,0.0,0.0,0.0,0.0,0.0,67.7,500.0,4.0,1,0.01,0.2,12000.0,0.0,0.0,0.0,322.0,0.2
6967aede5c48023e106c03e4,6967aede5c48023e106c03e4,6967aede38e7cc6db0ba7314,0.0,0.0,0.0,0.0,0.0,0.0,0.0,0.0,0.0,0.0,0.0,0.0,0.0,0.0,0.0,0.0,0.0,1.0,0.0,0.0,0.0,0.0,0.0,0.0,0.0,0.0,0.0,0.0,0.0,0.0,67.7,500.0,4.0,1,0.01,0.2,12000.0,0.0,0.0,0.0,395.0,0.7
6967aedf5c48023e106c03e5,6967aedf5c48023e106c03e5,6967aedf38e7cc6db0ba7315,0.0,0.0,0.0,0.0,0.0,0.0,0.0,0.0,0.0,0.0,0.0,0.0,0.0,0.0,0.0,0.0,0.0,1.0,0.0,0.0,0.0,0.0,0.0,0.0,0.0,0.0,0.0,0.0,0.0,0.0,31.6,500.0,4.0,1,0.01,0.2,12000.0,0.0,0.0,0.0,300.0,0.2
6967aedf5c48023e106c03e5,6967aedf5c48023e106c03e5,6967aedf38e7cc6db0ba7315,0.0,0.0,0.0,0.0,0.0,0.0,0.0,0.0,0.0,0.0,0.0,0.0,0.0,0.0,0.0,0.0,0.0,1.0,0.0,0.0,0.0,0.0,0.0,0.0,0.0,0.0,0.0,0.0,0.0,0.0,31.6,500.0,4.0,1,0.01,0.2,12000.0,0.0,0.0,0.0,335.0,0.5
6967aedf5c48023e106c03e5,6967aedf5c48023e106c03e5,6967aedf38e7cc6db0ba7315,0.0,0.0,0.0,0.0,0.0,0.0,0.0,0.0,0.0,0.0,0.0,0.0,0.0,0.0,0.0,0.0,0.0,1.0,0.0,0.0,0.0,0.0,0.0,0.0,0.0,0.0,0.0,0.0,0.0,0.0,31.6,500.0,4.0,1,0.01,0.2,12000.0,0.0,0.0,0.0,381.0,0.8
6967aedf5c48023e106c03e6,6967aedf5c48023e106c03e6,6967aedf38e7cc6db0ba7316,0.0,0.0,0.0,0.0,0.0,0.0,0.0,0.0,0.0,0.0,0.0,0.0,0.0,0.0,0.0,0.0,0.0,1.0,0.0,0.0,0.0,0.0,0.0,0.0,0.0,0.0,0.0,0.0,0.0,0.0,87.6,500.0,4.0,1,0.01,0.2,12000.0,0.0,0.0,0.0,315.0,0.2
6967aedf5c48023e106c03e6,6967aedf5c48023e106c03e6,6967aedf38e7cc6db0ba7316,0.0,0.0,0.0,0.0,0.0,0.0,0.0,0.0,0.0,0.0,0.0,0.0,0.0,0.0,0.0,0.0,0.0,1.0,0.0,0.0,0.0,0.0,0.0,0.0,0.0,0.0,0.0,0.0,0.0,0.0,87.6,500.0,4.0,1,0.01,0.2,12000.0,0.0,0.0,0.0,355.0,0.5
6967aedf5c48023e106c03e6,6967aedf5c48023e106c03e6,6967aedf38e7cc6db0ba7316,0.0,0.0,0.0,0.0,0.0,0.0,0.0,0.0,0.0,0.0,0.0,0.0,0.0,0.0,0.0,0.0,0.0,1.0,0.0,0.0,0.0,0.0,0.0,0.0,0.0,0.0,0.0,0.0,0.0,0.0,87.6,500.0,4.0,1,0.01,0.2,12000.0,0.0,0.0,0.0,380.0,0.7
6967aee05c48023e106c03e7,6967aee05c48023e106c03e7,6967aee038e7cc6db0ba7317,0.0,0.0,0.0,0.0,0.0,0.0,0.0,0.0,0.0,0.0,0.0,0.0,0.0,0.0,0.0,0.0,0.0,1.0,0.0,0.0,0.0,0.0,0.0,0.0,0.0,0.0,0.0,0.0,0.0,0.0,98.2,500.0,4.0,1,0.01,0.2,12000.0,0.0,0.0,0.0,265.0,0.2
6967aee05c48023e106c03e7,6967aee05c48023e106c03e7,6967aee038e7cc6db0ba7317,0.0,0.0,0.0,0.0,0.0,0.0,0.0,0.0,0.0,0.0,0.0,0.0,0.0,0.0,0.0,0.0,0.0,1.0,0.0,0.0,0.0,0.0,0.0,0.0,0.0,0.0,0.0,0.0,0.0,0.0,98.2,500.0,4.0,1,0.01,0.2,12000.0,0.0,0.0,0.0,304.0,0.5
6967aee05c48023e106c03e7,6967aee05c48023e106c03e7,6967aee038e7cc6db0ba7317,0.0,0.0,0.0,0.0,0.0,0.0,0.0,0.0,0.0,0.0,0.0,0.0,0.0,0.0,0.0,0.0,0.0,1.0,0.0,0.0,0.0,0.0,0.0,0.0,0.0,0.0,0.0,0.0,0.0,0.0,98.2,500.0,4.0,1,0.01,0.2,12000.0,0.0,0.0,0.0,365.0,0.9
6967aee05c48023e106c03e8,6967aee05c48023e106c03e8,6967aee038e7cc6db0ba7318,0.0,0.0,0.0,0.0,0.0,0.0,0.0,0.0,0.0,0.0,0.0,0.0,0.0,0.0,0.0,0.0,0.0,1.0,0.0,0.0,0.0,0.0,0.0,0.0,0.0,0.0,0.0,0.0,0.0,0.0,69.9,500.0,4.0,1,0.01,0.2,12000.0,0.0,0.0,0.0,189.93870284400776,0.05697797824356593
6967aee05c48023e106c03e8,6967aee05c48023e106c03e8,6967aee038e7cc6db0ba7318,0.0,0.0,0.0,0.0,0.0,0.0,0.0,0.0,0.0,0.0,0.0,0.0,0.0,0.0,0.0,0.0,0.0,1.0,0.0,0.0,0.0,0.0,0.0,0.0,0.0,0.0,0.0,0.0,0.0,0.0,69.9,500.0,4.0,1,0.01,0.2,12000.0,0.0,0.0,0.0,200.06219858475683,0.11958458098017662
6967aee05c48023e106c03e8,6967aee05c48023e106c03e8,6967aee038e7cc6db0ba7318,0.0,0.0,0.0,0.0,0.0,0.0,0.0,0.0,0.0,0.0,0.0,0.0,0.0,0.0,0.0,0.0,0.0,1.0,0.0,0.0,0.0,0.0,0.0,0.0,0.0,0.0,0.0,0.0,0.0,0.0,69.9,500.0,4.0,1,0.01,0.2,12000.0,0.0,0.0,0.0,209.98422499661964,0.344919076678164
6967aee05c48023e106c03e8,6967aee05c48023e106c03e8,6967aee038e7cc6db0ba7318,0.0,0.0,0.0,0.0,0.0,0.0,0.0,0.0,0.0,0.0,0.0,0.0,0.0,0.0,0.0,0.0,0.0,1.0,0.0,0.0,0.0,0.0,0.0,0.0,0.0,0.0,0.0,0.0,0.0,0.0,69.9,500.0,4.0,1,0.01,0.2,12000.0,0.0,0.0,0.0,212.2842204894758,0.4999147178107114
6967aee05c48023e106c03e8,6967aee05c48023e106c03e8,6967aee038e7cc6db0ba7318,0.0,0.0,0.0,0.0,0.0,0.0,0.0,0.0,0.0,0.0,0.0,0.0,0.0,0.0,0.0,0.0,0.0,1.0,0.0,0.0,0.0,0.0,0.0,0.0,0.0,0.0,0.0,0.0,0.0,0.0,69.9,500.0,4.0,1,0.01,0.2,12000.0,0.0,0.0,0.0,219.93464641456708,1.0005495963309707
6967aee95c48023e106c03f2,6967aee95c48023e106c03f2,6967aee938e7cc6db0ba7337,0.0,0.0,0.0,0.0,0.0,0.0,0.0,0.0,0.0,0.0,0.0,0.0,0.0,0.0,0.0,0.0,0.0,1.0,0.0,0.0,0.0,0.0,0.0,0.0,0.0,0.0,0.0,0.0,0.0,0.0,60.3,500.0,3.0,1,0.01,0.05,10000.000000000002,300.0,0.0,1.0,248.0,0.5
6967aee95c48023e106c03f2,6967aee95c48023e106c03f2,6967aee938e7cc6db0ba7337,0.0,0.0,0.0,0.0,0.0,0.0,0.0,0.0,0.0,0.0,0.0,0.0,0.0,0.0,0.0,0.0,0.0,1.0,0.0,0.0,0.0,0.0,0.0,0.0,0.0,0.0,0.0,0.0,0.0,0.0,60.3,500.0,3.0,1,0.01,0.05,10000.000000000002,300.0,0.0,1.0,200.0,0.3
6967aee95c48023e106c03f2,6967aee95c48023e106c03f2,6967aee938e7cc6db0ba7337,0.0,0.0,0.0,0.0,0.0,0.0,0.0,0.0,0.0,0.0,0.0,0.0,0.0,0.0,0.0,0.0,0.0,1.0,0.0,0.0,0.0,0.0,0.0,0.0,0.0,0.0,0.0,0.0,0.0,0.0,60.3,500.0,3.0,1,0.01,0.05,10000.000000000002,300.0,0.0,1.0,150.0,0.09300000000000001
6967aee95c48023e106c03f2,6967aee95c48023e106c03f2,6967aee938e7cc6db0ba7337,0.0,0.0,0.0,0.0,0.0,0.0,0.0,0.0,0.0,0.0,0.0,0.0,0.0,0.0,0.0,0.0,0.0,1.0,0.0,0.0,0.0,0.0,0.0,0.0,0.0,0.0,0.0,0.0,0.0,0.0,60.3,500.0,3.0,1,0.01,0.05,10000.000000000002,300.0,0.0,1.0,275.0,0.624
6967aee95c48023e106c03f2,6967aee95c48023e106c03f2,6967aee938e7cc6db0ba7337,0.0,0.0,0.0,0.0,0.0,0.0,0.0,0.0,0.0,0.0,0.0,0.0,0.0,0.0,0.0,0.0,0.0,1.0,0.0,0.0,0.0,0.0,0.0,0.0,0.0,0.0,0.0,0.0,0.0,0.0,60.3,500.0,3.0,1,0.01,0.05,10000.000000000002,300.0,0.0,1.0,325.0,0.83
6967aee95c48023e106c03f2,6967aee95c48023e106c03f2,6967aee938e7cc6db0ba7337,0.0,0.0,0.0,0.0,0.0,0.0,0.0,0.0,0.0,0.0,0.0,0.0,0.0,0.0,0.0,0.0,0.0,1.0,0.0,0.0,0.0,0.0,0.0,0.0,0.0,0.0,0.0,0.0,0.0,0.0,60.3,500.0,3.0,1,0.01,0.05,10000.000000000002,300.0,0.0,1.0,350.0,0.9
6967af265c48023e106c0449,6967af265c48023e106c0449,6967af2638e7cc6db0ba73fd,0.0,0.0,0.0,0.0,0.0,0.0,0.0,0.0,0.1,0.0,0.0,0.0,0.0,0.0,0.0,0.0,0.0,0.9,0.0,0.0,0.0,0.0,0.0,0.0,0.0,0.0,0.0,0.0,0.0,0.0,44.2,600.0,4.0,1,0.01,0.1,30000.0,0.0,0.0,0.0,70.0,0.154
6967af265c48023e106c0449,6967af265c48023e106c0449,6967af2638e7cc6db0ba73fd,0.0,0.0,0.0,0.0,0.0,0.0,0.0,0.0,0.1,0.0,0.0,0.0,0.0,0.0,0.0,0.0,0.0,0.9,0.0,0.0,0.0,0.0,0.0,0.0,0.0,0.0,0.0,0.0,0.0,0.0,44.2,600.0,4.0,1,0.01,0.1,30000.0,0.0,0.0,0.0,84.0,0.5
6967af265c48023e106c0449,6967af265c48023e106c0449,6967af2638e7cc6db0ba73fd,0.0,0.0,0.0,0.0,0.0,0.0,0.0,0.0,0.1,0.0,0.0,0.0,0.0,0.0,0.0,0.0,0.0,0.9,0.0,0.0,0.0,0.0,0.0,0.0,0.0,0.0,0.0,0.0,0.0,0.0,44.2,600.0,4.0,1,0.01,0.1,30000.0,0.0,0.0,0.0,60.0,0.1
6967af265c48023e106c0449,6967af265c48023e106c0449,6967af2638e7cc6db0ba73fd,0.0,0.0,0.0,0.0,0.0,0.0,0.0,0.0,0.1,0.0,0.0,0.0,0.0,0.0,0.0,0.0,0.0,0.9,0.0,0.0,0.0,0.0,0.0,0.0,0.0,0.0,0.0,0.0,0.0,0.0,44.2,600.0,4.0,1,0.01,0.1,30000.0,0.0,0.0,0.0,95.0,0.77
6967af275220ac46b0141261,6967af275220ac46b0141261,6967af2738e7cc6db0ba73ff,0.0,0.0,0.0,0.0,0.1,0.0,0.0,0.0,0.0,0.0,0.0,0.0,0.0,0.0,0.0,0.0,0.0,0.9,0.0,0.0,0.0,0.0,0.0,0.0,0.0,0.0,0.0,0.0,0.0,0.0,54.5,600.0,4.0,1,0.01,0.1,30000.0,0.0,0.0,0.0,168.0,0.5
6967af275220ac46b0141261,6967af275220ac46b0141261,6967af2738e7cc6db0ba73ff,0.0,0.0,0.0,0.0,0.1,0.0,0.0,0.0,0.0,0.0,0.0,0.0,0.0,0.0,0.0,0.0,0.0,0.9,0.0,0.0,0.0,0.0,0.0,0.0,0.0,0.0,0.0,0.0,0.0,0.0,54.5,600.0,4.0,1,0.01,0.1,30000.0,0.0,0.0,0.0,124.0,0.1
6967af275220ac46b0141261,6967af275220ac46b0141261,6967af2738e7cc6db0ba73ff,0.0,0.0,0.0,0.0,0.1,0.0,0.0,0.0,0.0,0.0,0.0,0.0,0.0,0.0,0.0,0.0,0.0,0.9,0.0,0.0,0.0,0.0,0.0,0.0,0.0,0.0,0.0,0.0,0.0,0.0,54.5,600.0,4.0,1,0.01,0.1,30000.0,0.0,0.0,0.0,110.0,0.05
6967af275220ac46b0141261,6967af275220ac46b0141261,6967af2738e7cc6db0ba73ff,0.0,0.0,0.0,0.0,0.1,0.0,0.0,0.0,0.0,0.0,0.0,0.0,0.0,0.0,0.0,0.0,0.0,0.9,0.0,0.0,0.0,0.0,0.0,0.0,0.0,0.0,0.0,0.0,0.0,0.0,54.5,600.0,4.0,1,0.01,0.1,30000.0,0.0,0.0,0.0,140.0,0.205
6967af275220ac46b0141261,6967af275220ac46b0141261,6967af2738e7cc6db0ba73ff,0.0,0.0,0.0,0.0,0.1,0.0,0.0,0.0,0.0,0.0,0.0,0.0,0.0,0.0,0.0,0.0,0.0,0.9,0.0,0.0,0.0,0.0,0.0,0.0,0.0,0.0,0.0,0.0,0.0,0.0,54.5,600.0,4.0,1,0.01,0.1,30000.0,0.0,0.0,0.0,180.0,0.66
6967af285c48023e106c044a,6967af285c48023e106c044a,6967af2838e7cc6db0ba7401,0.0,0.0,0.0,0.0,0.0,0.1,0.0,0.0,0.0,0.0,0.0,0.0,0.0,0.0,0.0,0.0,0.0,0.9,0.0,0.0,0.0,0.0,0.0,0.0,0.0,0.0,0.0,0.0,0.0,0.0,45.7,600.0,4.0,1,0.01,0.1,30000.0,0.0,0.0,0.0,197.0,0.5
6967af285c48023e106c044a,6967af285c48023e106c044a,6967af2838e7cc6db0ba7401,0.0,0.0,0.0,0.0,0.0,0.1,0.0,0.0,0.0,0.0,0.0,0.0,0.0,0.0,0.0,0.0,0.0,0.9,0.0,0.0,0.0,0.0,0.0,0.0,0.0,0.0,0.0,0.0,0.0,0.0,45.7,600.0,4.0,1,0.01,0.1,30000.0,0.0,0.0,0.0,138.0,0.1
6967af285c48023e106c044a,6967af285c48023e106c044a,6967af2838e7cc6db0ba7401,0.0,0.0,0.0,0.0,0.0,0.1,0.0,0.0,0.0,0.0,0.0,0.0,0.0,0.0,0.0,0.0,0.0,0.9,0.0,0.0,0.0,0.0,0.0,0.0,0.0,0.0,0.0,0.0,0.0,0.0,45.7,600.0,4.0,1,0.01,0.1,30000.0,0.0,0.0,0.0,160.0,0.2
6967af285c48023e106c044a,6967af285c48023e106c044a,6967af2838e7cc6db0ba7401,0.0,0.0,0.0,0.0,0.0,0.1,0.0,0.0,0.0,0.0,0.0,0.0,0.0,0.0,0.0,0.0,0.0,0.9,0.0,0.0,0.0,0.0,0.0,0.0,0.0,0.0,0.0,0.0,0.0,0.0,45.7,600.0,4.0,1,0.01,0.1,30000.0,0.0,0.0,0.0,180.0,0.37
6967af285c48023e106c044a,6967af285c48023e106c044a,6967af2838e7cc6db0ba7401,0.0,0.0,0.0,0.0,0.0,0.1,0.0,0.0,0.0,0.0,0.0,0.0,0.0,0.0,0.0,0.0,0.0,0.9,0.0,0.0,0.0,0.0,0.0,0.0,0.0,0.0,0.0,0.0,0.0,0.0,45.7,600.0,4.0,1,0.01,0.1,30000.0,0.0,0.0,0.0,205.0,0.623
6967af285c48023e106c044a,6967af285c48023e106c044a,6967af2838e7cc6db0ba7401,0.0,0.0,0.0,0.0,0.0,0.1,0.0,0.0,0.0,0.0,0.0,0.0,0.0,0.0,0.0,0.0,0.0,0.9,0.0,0.0,0.0,0.0,0.0,0.0,0.0,0.0,0.0,0.0,0.0,0.0,45.7,600.0,4.0,1,0.01,0.1,30000.0,0.0,0.0,0.0,230.0,0.82
6967af285c48023e106c044b,6967af285c48023e106c044b,6967af2838e7cc6db0ba7403,0.0,0.0,0.0,0.0,0.0,0.0,0.0,0.1,0.0,0.0,0.0,0.0,0.0,0.0,0.0,0.0,0.0,0.9,0.0,0.0,0.0,0.0,0.0,0.0,0.0,0.0,0.0,0.0,0.0,0.0,30.1,600.0,4.0,1,0.01,0.1,30000.0,0.0,0.0,0.0,131.0,0.5
6967af285c48023e106c044b,6967af285c48023e106c044b,6967af2838e7cc6db0ba7403,0.0,0.0,0.0,0.0,0.0,0.0,0.0,0.1,0.0,0.0,0.0,0.0,0.0,0.0,0.0,0.0,0.0,0.9,0.0,0.0,0.0,0.0,0.0,0.0,0.0,0.0,0.0,0.0,0.0,0.0,30.1,600.0,4.0,1,0.01,0.1,30000.0,0.0,0.0,0.0,99.0,0.1
6967af285c48023e106c044b,6967af285c48023e106c044b,6967af2838e7cc6db0ba7403,0.0,0.0,0.0,0.0,0.0,0.0,0.0,0.1,0.0,0.0,0.0,0.0,0.0,0.0,0.0,0.0,0.0,0.9,0.0,0.0,0.0,0.0,0.0,0.0,0.0,0.0,0.0,0.0,0.0,0.0,30.1,600.0,4.0,1,0.01,0.1,30000.0,0.0,0.0,0.0,90.0,0.06
6967af285c48023e106c044b,6967af285c48023e106c044b,6967af2838e7cc6db0ba7403,0.0,0.0,0.0,0.0,0.0,0.0,0.0,0.1,0.0,0.0,0.0,0.0,0.0,0.0,0.0,0.0,0.0,0.9,0.0,0.0,0.0,0.0,0.0,0.0,0.0,0.0,0.0,0.0,0.0,0.0,30.1,600.0,4.0,1,0.01,0.1,30000.0,0.0,0.0,0.0,120.0,0.316
6967af285c48023e106c044b,6967af285c48023e106c044b,6967af2838e7cc6db0ba7403,0.0,0.0,0.0,0.0,0.0,0.0,0.0,0.1,0.0,0.0,0.0,0.0,0.0,0.0,0.0,0.0,0.0,0.9,0.0,0.0,0.0,0.0,0.0,0.0,0.0,0.0,0.0,0.0,0.0,0.0,30.1,600.0,4.0,1,0.01,0.1,30000.0,0.0,0.0,0.0,150.0,0.662
6967af285c48023e106c044b,6967af285c48023e106c044b,6967af2838e7cc6db0ba7403,0.0,0.0,0.0,0.0,0.0,0.0,0.0,0.1,0.0,0.0,0.0,0.0,0.0,0.0,0.0,0.0,0.0,0.9,0.0,0.0,0.0,0.0,0.0,0.0,0.0,0.0,0.0,0.0,0.0,0.0,30.1,600.0,4.0,1,0.01,0.1,30000.0,0.0,0.0,0.0,165.0,0.825
6967af299890fdd35aa2c568,6967af299890fdd35aa2c568,6967af2938e7cc6db0ba7405,0.0,0.0,0.0,0.0,0.0,0.0,0.1,0.0,0.0,0.0,0.0,0.0,0.0,0.0,0.0,0.0,0.0,0.9,0.0,0.0,0.0,0.0,0.0,0.0,0.0,0.0,0.0,0.0,0.0,0.0,27.3,600.0,4.0,1,0.01,0.1,30000.0,0.0,0.0,0.0,150.0,0.5
6967af299890fdd35aa2c568,6967af299890fdd35aa2c568,6967af2938e7cc6db0ba7405,0.0,0.0,0.0,0.0,0.0,0.0,0.1,0.0,0.0,0.0,0.0,0.0,0.0,0.0,0.0,0.0,0.0,0.9,0.0,0.0,0.0,0.0,0.0,0.0,0.0,0.0,0.0,0.0,0.0,0.0,27.3,600.0,4.0,1,0.01,0.1,30000.0,0.0,0.0,0.0,109.0,0.1
6967af299890fdd35aa2c568,6967af299890fdd35aa2c568,6967af2938e7cc6db0ba7405,0.0,0.0,0.0,0.0,0.0,0.0,0.1,0.0,0.0,0.0,0.0,0.0,0.0,0.0,0.0,0.0,0.0,0.9,0.0,0.0,0.0,0.0,0.0,0.0,0.0,0.0,0.0,0.0,0.0,0.0,27.3,600.0,4.0,1,0.01,0.1,30000.0,0.0,0.0,0.0,93.0,0.049
6967af299890fdd35aa2c568,6967af299890fdd35aa2c568,6967af2938e7cc6db0ba7405,0.0,0.0,0.0,0.0,0.0,0.0,0.1,0.0,0.0,0.0,0.0,0.0,0.0,0.0,0.0,0.0,0.0,0.9,0.0,0.0,0.0,0.0,0.0,0.0,0.0,0.0,0.0,0.0,0.0,0.0,27.3,600.0,4.0,1,0.01,0.1,30000.0,0.0,0.0,0.0,120.0,0.172
6967af299890fdd35aa2c568,6967af299890fdd35aa2c568,6967af2938e7cc6db0ba7405,0.0,0.0,0.0,0.0,0.0,0.0,0.1,0.0,0.0,0.0,0.0,0.0,0.0,0.0,0.0,0.0,0.0,0.9,0.0,0.0,0.0,0.0,0.0,0.0,0.0,0.0,0.0,0.0,0.0,0.0,27.3,600.0,4.0,1,0.01,0.1,30000.0,0.0,0.0,0.0,140.0,0.34
6967af299890fdd35aa2c568,6967af299890fdd35aa2c568,6967af2938e7cc6db0ba7405,0.0,0.0,0.0,0.0,0.0,0.0,0.1,0.0,0.0,0.0,0.0,0.0,0.0,0.0,0.0,0.0,0.0,0.9,0.0,0.0,0.0,0.0,0.0,0.0,0.0,0.0,0.0,0.0,0.0,0.0,27.3,600.0,4.0,1,0.01,0.1,30000.0,0.0,0.0,0.0,170.0,0.7
6967af299890fdd35aa2c569,6967af299890fdd35aa2c569,6967af2938e7cc6db0ba7407,0.0,0.0,0.0,0.0,0.0,0.0,0.0,0.0,0.0,0.0,0.0,0.0,0.0,0.0,0.0,0.0,0.0,1.0,0.0,0.0,0.0,0.0,0.0,0.0,0.0,0.0,0.0,0.0,0.0,0.0,18.1,600.0,4.0,1,0.01,0.1,30000.0,0.0,0.0,0.0,236.0,0.5
6967af299890fdd35aa2c569,6967af299890fdd35aa2c569,6967af2938e7cc6db0ba7407,0.0,0.0,0.0,0.0,0.0,0.0,0.0,0.0,0.0,0.0,0.0,0.0,0.0,0.0,0.0,0.0,0.0,1.0,0.0,0.0,0.0,0.0,0.0,0.0,0.0,0.0,0.0,0.0,0.0,0.0,18.1,600.0,4.0,1,0.01,0.1,30000.0,0.0,0.0,0.0,199.0,0.1
6967af299890fdd35aa2c569,6967af299890fdd35aa2c569,6967af2938e7cc6db0ba7407,0.0,0.0,0.0,0.0,0.0,0.0,0.0,0.0,0.0,0.0,0.0,0.0,0.0,0.0,0.0,0.0,0.0,1.0,0.0,0.0,0.0,0.0,0.0,0.0,0.0,0.0,0.0,0.0,0.0,0.0,18.1,600.0,4.0,1,0.01,0.1,30000.0,0.0,0.0,0.0,175.0,0.024
6967af299890fdd35aa2c569,6967af299890fdd35aa2c569,6967af2938e7cc6db0ba7407,0.0,0.0,0.0,0.0,0.0,0.0,0.0,0.0,0.0,0.0,0.0,0.0,0.0,0.0,0.0,0.0,0.0,1.0,0.0,0.0,0.0,0.0,0.0,0.0,0.0,0.0,0.0,0.0,0.0,0.0,18.1,600.0,4.0,1,0.01,0.1,30000.0,0.0,0.0,0.0,220.0,0.285
6967af299890fdd35aa2c569,6967af299890fdd35aa2c569,6967af2938e7cc6db0ba7407,0.0,0.0,0.0,0.0,0.0,0.0,0.0,0.0,0.0,0.0,0.0,0.0,0.0,0.0,0.0,0.0,0.0,1.0,0.0,0.0,0.0,0.0,0.0,0.0,0.0,0.0,0.0,0.0,0.0,0.0,18.1,600.0,4.0,1,0.01,0.1,30000.0,0.0,0.0,0.0,255.0,0.79
6967af299890fdd35aa2c569,6967af299890fdd35aa2c569,6967af2938e7cc6db0ba7407,0.0,0.0,0.0,0.0,0.0,0.0,0.0,0.0,0.0,0.0,0.0,0.0,0.0,0.0,0.0,0.0,0.0,1.0,0.0,0.0,0.0,0.0,0.0,0.0,0.0,0.0,0.0,0.0,0.0,0.0,18.1,600.0,4.0,1,0.01,0.1,30000.0,0.0,0.0,0.0,270.0,0.86
6967af305c48023e106c0458,6967af305c48023e106c0458,6967af3038e7cc6db0ba741b,0.0,0.0,0.0,0.0,0.0,0.0,0.0,0.2,0.0,0.0,0.0,0.0,0.0,0.0,0.0,0.0,0.0,0.8,0.0,0.0,0.0,0.0,0.0,0.0,0.0,0.0,0.0,0.0,0.0,0.0,13.3,500.0,6.0,1,0.04,0.2,60000.0,0.0,0.0,0.0,128.0,0.5
6967af305c48023e106c0458,6967af305c48023e106c0458,6967af3038e7cc6db0ba741b,0.0,0.0,0.0,0.0,0.0,0.0,0.0,0.2,0.0,0.0,0.0,0.0,0.0,0.0,0.0,0.0,0.0,0.8,0.0,0.0,0.0,0.0,0.0,0.0,0.0,0.0,0.0,0.0,0.0,0.0,13.3,500.0,6.0,1,0.04,0.2,60000.0,0.0,0.0,0.0,245.0,1.0
6967af305c48023e106c0458,6967af305c48023e106c0458,6967af3038e7cc6db0ba741b,0.0,0.0,0.0,0.0,0.0,0.0,0.0,0.2,0.0,0.0,0.0,0.0,0.0,0.0,0.0,0.0,0.0,0.8,0.0,0.0,0.0,0.0,0.0,0.0,0.0,0.0,0.0,0.0,0.0,0.0,13.3,500.0,6.0,1,0.04,0.2,60000.0,0.0,0.0,0.0,114.0,0.1
6967af305c48023e106c0458,6967af305c48023e106c0458,6967af3038e7cc6db0ba741b,0.0,0.0,0.0,0.0,0.0,0.0,0.0,0.2,0.0,0.0,0.0,0.0,0.0,0.0,0.0,0.0,0.0,0.8,0.0,0.0,0.0,0.0,0.0,0.0,0.0,0.0,0.0,0.0,0.0,0.0,13.3,500.0,6.0,1,0.04,0.2,60000.0,0.0,0.0,0.0,103.0,0.05
6967af305c48023e106c0458,6967af305c48023e106c0458,6967af3038e7cc6db0ba741b,0.0,0.0,0.0,0.0,0.0,0.0,0.0,0.2,0.0,0.0,0.0,0.0,0.0,0.0,0.0,0.0,0.0,0.8,0.0,0.0,0.0,0.0,0.0,0.0,0.0,0.0,0.0,0.0,0.0,0.0,13.3,500.0,6.0,1,0.04,0.2,60000.0,0.0,0.0,0.0,122.0,0.2
6967af305c48023e106c0458,6967af305c48023e106c0458,6967af3038e7cc6db0ba741b,0.0,0.0,0.0,0.0,0.0,0.0,0.0,0.2,0.0,0.0,0.0,0.0,0.0,0.0,0.0,0.0,0.0,0.8,0.0,0.0,0.0,0.0,0.0,0.0,0.0,0.0,0.0,0.0,0.0,0.0,13.3,500.0,6.0,1,0.04,0.2,60000.0,0.0,0.0,0.0,143.0,0.7
6967af305c48023e106c0458,6967af305c48023e106c0458,6967af3038e7cc6db0ba741b,0.0,0.0,0.0,0.0,0.0,0.0,0.0,0.2,0.0,0.0,0.0,0.0,0.0,0.0,0.0,0.0,0.0,0.8,0.0,0.0,0.0,0.0,0.0,0.0,0.0,0.0,0.0,0.0,0.0,0.0,13.3,500.0,6.0,1,0.04,0.2,60000.0,0.0,0.0,0.0,189.5,0.9
6967af305c48023e106c0459,6967af305c48023e106c0459,6967af3038e7cc6db0ba741c,0.0,0.0,0.0,0.0,0.0,0.2,0.0,0.0,0.0,0.0,0.0,0.0,0.0,0.0,0.0,0.0,0.0,0.8,0.0,0.0,0.0,0.0,0.0,0.0,0.0,0.0,0.0,0.0,0.0,0.0,26.0,500.0,6.0,0,0.04,0.2,60000.0,0.0,0.0,0.0,200.0,0.3
6967af305c48023e106c0459,6967af305c48023e106c0459,6967af3038e7cc6db0ba741c,0.0,0.0,0.0,0.0,0.0,0.2,0.0,0.0,0.0,0.0,0.0,0.0,0.0,0.0,0.0,0.0,0.0,0.8,0.0,0.0,0.0,0.0,0.0,0.0,0.0,0.0,0.0,0.0,0.0,0.0,26.0,500.0,6.0,0,0.04,0.2,60000.0,0.0,0.0,0.0,340.0,1.0
6967af305c48023e106c0459,6967af305c48023e106c0459,6967af3038e7cc6db0ba741c,0.0,0.0,0.0,0.0,0.0,0.2,0.0,0.0,0.0,0.0,0.0,0.0,0.0,0.0,0.0,0.0,0.0,0.8,0.0,0.0,0.0,0.0,0.0,0.0,0.0,0.0,0.0,0.0,0.0,0.0,26.0,500.0,6.0,0,0.04,0.2,60000.0,0.0,0.0,0.0,173.0,0.1
6967af305c48023e106c0459,6967af305c48023e106c0459,6967af3038e7cc6db0ba741c,0.0,0.0,0.0,0.0,0.0,0.2,0.0,0.0,0.0,0.0,0.0,0.0,0.0,0.0,0.0,0.0,0.0,0.8,0.0,0.0,0.0,0.0,0.0,0.0,0.0,0.0,0.0,0.0,0.0,0.0,26.0,500.0,6.0,0,0.04,0.2,60000.0,0.0,0.0,0.0,153.0,0.05
6967af305c48023e106c0459,6967af305c48023e106c0459,6967af3038e7cc6db0ba741c,0.0,0.0,0.0,0.0,0.0,0.2,0.0,0.0,0.0,0.0,0.0,0.0,0.0,0.0,0.0,0.0,0.0,0.8,0.0,0.0,0.0,0.0,0.0,0.0,0.0,0.0,0.0,0.0,0.0,0.0,26.0,500.0,6.0,0,0.04,0.2,60000.0,0.0,0.0,0.0,213.0,0.5
6967af305c48023e106c0459,6967af305c48023e106c0459,6967af3038e7cc6db0ba741c,0.0,0.0,0.0,0.0,0.0,0.2,0.0,0.0,0.0,0.0,0.0,0.0,0.0,0.0,0.0,0.0,0.0,0.8,0.0,0.0,0.0,0.0,0.0,0.0,0.0,0.0,0.0,0.0,0.0,0.0,26.0,500.0,6.0,0,0.04,0.2,60000.0,0.0,0.0,0.0,231.0,0.7
6967af305c48023e106c0459,6967af305c48023e106c0459,6967af3038e7cc6db0ba741c,0.0,0.0,0.0,0.0,0.0,0.2,0.0,0.0,0.0,0.0,0.0,0.0,0.0,0.0,0.0,0.0,0.0,0.8,0.0,0.0,0.0,0.0,0.0,0.0,0.0,0.0,0.0,0.0,0.0,0.0,26.0,500.0,6.0,0,0.04,0.2,60000.0,0.0,0.0,0.0,274.0,0.9
6967af305c48023e106c0459,6967af305c48023e106c0459,6967af3038e7cc6db0ba741c,0.0,0.0,0.0,0.0,0.0,0.2,0.0,0.0,0.0,0.0,0.0,0.0,0.0,0.0,0.0,0.0,0.0,0.8,0.0,0.0,0.0,0.0,0.0,0.0,0.0,0.0,0.0,0.0,0.0,0.0,26.0,500.0,6.0,0,0.04,0.2,60000.0,0.0,0.0,0.0,298.0,0.95
6967af305c48023e106c045a,6967af305c48023e106c045a,6967af3038e7cc6db0ba741d,0.0,0.0,0.0,0.0,0.2,0.0,0.0,0.0,0.0,0.0,0.0,0.0,0.0,0.0,0.0,0.0,0.0,0.8,0.0,0.0,0.0,0.0,0.0,0.0,0.0,0.0,0.0,0.0,0.0,0.0,63.0,500.0,6.0,1,0.04,0.2,60000.0,0.0,0.0,0.0,136.0,0.5
6967af305c48023e106c045a,6967af305c48023e106c045a,6967af3038e7cc6db0ba741d,0.0,0.0,0.0,0.0,0.2,0.0,0.0,0.0,0.0,0.0,0.0,0.0,0.0,0.0,0.0,0.0,0.0,0.8,0.0,0.0,0.0,0.0,0.0,0.0,0.0,0.0,0.0,0.0,0.0,0.0,63.0,500.0,6.0,1,0.04,0.2,60000.0,0.0,0.0,0.0,230.0,1.0
6967af305c48023e106c045a,6967af305c48023e106c045a,6967af3038e7cc6db0ba741d,0.0,0.0,0.0,0.0,0.2,0.0,0.0,0.0,0.0,0.0,0.0,0.0,0.0,0.0,0.0,0.0,0.0,0.8,0.0,0.0,0.0,0.0,0.0,0.0,0.0,0.0,0.0,0.0,0.0,0.0,63.0,500.0,6.0,1,0.04,0.2,60000.0,0.0,0.0,0.0,110.0,0.1
6967af305c48023e106c045a,6967af305c48023e106c045a,6967af3038e7cc6db0ba741d,0.0,0.0,0.0,0.0,0.2,0.0,0.0,0.0,0.0,0.0,0.0,0.0,0.0,0.0,0.0,0.0,0.0,0.8,0.0,0.0,0.0,0.0,0.0,0.0,0.0,0.0,0.0,0.0,0.0,0.0,63.0,500.0,6.0,1,0.04,0.2,60000.0,0.0,0.0,0.0,100.0,0.054000000000000006
6967af305c48023e106c045a,6967af305c48023e106c045a,6967af3038e7cc6db0ba741d,0.0,0.0,0.0,0.0,0.2,0.0,0.0,0.0,0.0,0.0,0.0,0.0,0.0,0.0,0.0,0.0,0.0,0.8,0.0,0.0,0.0,0.0,0.0,0.0,0.0,0.0,0.0,0.0,0.0,0.0,63.0,500.0,6.0,1,0.04,0.2,60000.0,0.0,0.0,0.0,123.7,0.2
6967af305c48023e106c045a,6967af305c48023e106c045a,6967af3038e7cc6db0ba741d,0.0,0.0,0.0,0.0,0.2,0.0,0.0,0.0,0.0,0.0,0.0,0.0,0.0,0.0,0.0,0.0,0.0,0.8,0.0,0.0,0.0,0.0,0.0,0.0,0.0,0.0,0.0,0.0,0.0,0.0,63.0,500.0,6.0,1,0.04,0.2,60000.0,0.0,0.0,0.0,141.0,0.6
6967af305c48023e106c045a,6967af305c48023e106c045a,6967af3038e7cc6db0ba741d,0.0,0.0,0.0,0.0,0.2,0.0,0.0,0.0,0.0,0.0,0.0,0.0,0.0,0.0,0.0,0.0,0.0,0.8,0.0,0.0,0.0,0.0,0.0,0.0,0.0,0.0,0.0,0.0,0.0,0.0,63.0,500.0,6.0,1,0.04,0.2,60000.0,0.0,0.0,0.0,164.5,0.8
6967af305c48023e106c045a,6967af305c48023e106c045a,6967af3038e7cc6db0ba741d,0.0,0.0,0.0,0.0,0.2,0.0,0.0,0.0,0.0,0.0,0.0,0.0,0.0,0.0,0.0,0.0,0.0,0.8,0.0,0.0,0.0,0.0,0.0,0.0,0.0,0.0,0.0,0.0,0.0,0.0,63.0,500.0,6.0,1,0.04,0.2,60000.0,0.0,0.0,0.0,191.0,0.9
6967af305c48023e106c045b,6967af305c48023e106c045b,6967af3038e7cc6db0ba741e,0.0,0.0,0.0,0.0,0.0,0.0,0.0,0.0,0.2,0.0,0.0,0.0,0.0,0.0,0.0,0.0,0.0,0.8,0.0,0.0,0.0,0.0,0.0,0.0,0.0,0.0,0.0,0.0,0.0,0.0,16.2,500.0,6.0,1,0.04,0.2,60000.0,0.0,0.0,0.0,63.0,0.5
6967af305c48023e106c045b,6967af305c48023e106c045b,6967af3038e7cc6db0ba741e,0.0,0.0,0.0,0.0,0.0,0.0,0.0,0.0,0.2,0.0,0.0,0.0,0.0,0.0,0.0,0.0,0.0,0.8,0.0,0.0,0.0,0.0,0.0,0.0,0.0,0.0,0.0,0.0,0.0,0.0,16.2,500.0,6.0,1,0.04,0.2,60000.0,0.0,0.0,0.0,76.0,1.0
6967af305c48023e106c045b,6967af305c48023e106c045b,6967af3038e7cc6db0ba741e,0.0,0.0,0.0,0.0,0.0,0.0,0.0,0.0,0.2,0.0,0.0,0.0,0.0,0.0,0.0,0.0,0.0,0.8,0.0,0.0,0.0,0.0,0.0,0.0,0.0,0.0,0.0,0.0,0.0,0.0,16.2,500.0,6.0,1,0.04,0.2,60000.0,0.0,0.0,0.0,52.0,0.05
6967af305c48023e106c045b,6967af305c48023e106c045b,6967af3038e7cc6db0ba741e,0.0,0.0,0.0,0.0,0.0,0.0,0.0,0.0,0.2,0.0,0.0,0.0,0.0,0.0,0.0,0.0,0.0,0.8,0.0,0.0,0.0,0.0,0.0,0.0,0.0,0.0,0.0,0.0,0.0,0.0,16.2,500.0,6.0,1,0.04,0.2,60000.0,0.0,0.0,0.0,49.2,0.02
6967af305c48023e106c045b,6967af305c48023e106c045b,6967af3038e7cc6db0ba741e,0.0,0.0,0.0,0.0,0.0,0.0,0.0,0.0,0.2,0.0,0.0,0.0,0.0,0.0,0.0,0.0,0.0,0.8,0.0,0.0,0.0,0.0,0.0,0.0,0.0,0.0,0.0,0.0,0.0,0.0,16.2,500.0,6.0,1,0.04,0.2,60000.0,0.0,0.0,0.0,62.3,0.2
6967af305c48023e106c045b,6967af305c48023e106c045b,6967af3038e7cc6db0ba741e,0.0,0.0,0.0,0.0,0.0,0.0,0.0,0.0,0.2,0.0,0.0,0.0,0.0,0.0,0.0,0.0,0.0,0.8,0.0,0.0,0.0,0.0,0.0,0.0,0.0,0.0,0.0,0.0,0.0,0.0,16.2,500.0,6.0,1,0.04,0.2,60000.0,0.0,0.0,0.0,65.0,0.8
6967af315c48023e106c045c,6967af315c48023e106c045c,6967af3138e7cc6db0ba741f,0.0,0.0,0.0,0.0,0.0,0.0,0.2,0.0,0.0,0.0,0.0,0.0,0.0,0.0,0.0,0.0,0.0,0.8,0.0,0.0,0.0,0.0,0.0,0.0,0.0,0.0,0.0,0.0,0.0,0.0,11.9,500.0,6.0,1,0.04,0.2,60000.0,0.0,0.0,0.0,120.0,0.5
6967af315c48023e106c045c,6967af315c48023e106c045c,6967af3138e7cc6db0ba741f,0.0,0.0,0.0,0.0,0.0,0.0,0.2,0.0,0.0,0.0,0.0,0.0,0.0,0.0,0.0,0.0,0.0,0.8,0.0,0.0,0.0,0.0,0.0,0.0,0.0,0.0,0.0,0.0,0.0,0.0,11.9,500.0,6.0,1,0.04,0.2,60000.0,0.0,0.0,0.0,152.0,1.0
6967af315c48023e106c045c,6967af315c48023e106c045c,6967af3138e7cc6db0ba741f,0.0,0.0,0.0,0.0,0.0,0.0,0.2,0.0,0.0,0.0,0.0,0.0,0.0,0.0,0.0,0.0,0.0,0.8,0.0,0.0,0.0,0.0,0.0,0.0,0.0,0.0,0.0,0.0,0.0,0.0,11.9,500.0,6.0,1,0.04,0.2,60000.0,0.0,0.0,0.0,100.0,0.054000000000000006
6967af315c48023e106c045c,6967af315c48023e106c045c,6967af3138e7cc6db0ba741f,0.0,0.0,0.0,0.0,0.0,0.0,0.2,0.0,0.0,0.0,0.0,0.0,0.0,0.0,0.0,0.0,0.0,0.8,0.0,0.0,0.0,0.0,0.0,0.0,0.0,0.0,0.0,0.0,0.0,0.0,11.9,500.0,6.0,1,0.04,0.2,60000.0,0.0,0.0,0.0,113.0,0.15
6967af315c48023e106c045c,6967af315c48023e106c045c,6967af3138e7cc6db0ba741f,0.0,0.0,0.0,0.0,0.0,0.0,0.2,0.0,0.0,0.0,0.0,0.0,0.0,0.0,0.0,0.0,0.0,0.8,0.0,0.0,0.0,0.0,0.0,0.0,0.0,0.0,0.0,0.0,0.0,0.0,11.9,500.0,6.0,1,0.04,0.2,60000.0,0.0,0.0,0.0,87.0,0.02
6967af315c48023e106c045c,6967af315c48023e106c045c,6967af3138e7cc6db0ba741f,0.0,0.0,0.0,0.0,0.0,0.0,0.2,0.0,0.0,0.0,0.0,0.0,0.0,0.0,0.0,0.0,0.0,0.8,0.0,0.0,0.0,0.0,0.0,0.0,0.0,0.0,0.0,0.0,0.0,0.0,11.9,500.0,6.0,1,0.04,0.2,60000.0,0.0,0.0,0.0,120.6,0.7
6967af315c48023e106c045c,6967af315c48023e106c045c,6967af3138e7cc6db0ba741f,0.0,0.0,0.0,0.0,0.0,0.0,0.2,0.0,0.0,0.0,0.0,0.0,0.0,0.0,0.0,0.0,0.0,0.8,0.0,0.0,0.0,0.0,0.0,0.0,0.0,0.0,0.0,0.0,0.0,0.0,11.9,500.0,6.0,1,0.04,0.2,60000.0,0.0,0.0,0.0,128.0,0.9
6967af435220ac46b0141275,6967af435220ac46b0141275,6967af4338e7cc6db0ba745c,0.0,0.0,0.0,0.0,0.0,0.0,0.1,0.0,0.0,0.0,0.0,0.0,0.0,0.0,0.0,0.0,0.0,0.9,0.0,0.0,0.0,0.0,0.0,0.0,0.0,0.0,0.0,0.0,0.0,0.0,27.0,400.0,4.0,1,0.01,0.01,28000.0,150.0,20.0,4.0,25.0,0.08
6967af435220ac46b0141275,6967af435220ac46b0141275,6967af4338e7cc6db0ba745c,0.0,0.0,0.0,0.0,0.0,0.0,0.1,0.0,0.0,0.0,0.0,0.0,0.0,0.0,0.0,0.0,0.0,0.9,0.0,0.0,0.0,0.0,0.0,0.0,0.0,0.0,0.0,0.0,0.0,0.0,27.0,400.0,4.0,1,0.01,0.01,28000.0,150.0,20.0,4.0,40.0,0.09
6967af435220ac46b0141275,6967af435220ac46b0141275,6967af4338e7cc6db0ba745c,0.0,0.0,0.0,0.0,0.0,0.0,0.1,0.0,0.0,0.0,0.0,0.0,0.0,0.0,0.0,0.0,0.0,0.9,0.0,0.0,0.0,0.0,0.0,0.0,0.0,0.0,0.0,0.0,0.0,0.0,27.0,400.0,4.0,1,0.01,0.01,28000.0,150.0,20.0,4.0,60.0,0.12
6967af435220ac46b0141275,6967af435220ac46b0141275,6967af4338e7cc6db0ba745c,0.0,0.0,0.0,0.0,0.0,0.0,0.1,0.0,0.0,0.0,0.0,0.0,0.0,0.0,0.0,0.0,0.0,0.9,0.0,0.0,0.0,0.0,0.0,0.0,0.0,0.0,0.0,0.0,0.0,0.0,27.0,400.0,4.0,1,0.01,0.01,28000.0,150.0,20.0,4.0,80.0,0.18
6967af435220ac46b0141275,6967af435220ac46b0141275,6967af4338e7cc6db0ba745c,0.0,0.0,0.0,0.0,0.0,0.0,0.1,0.0,0.0,0.0,0.0,0.0,0.0,0.0,0.0,0.0,0.0,0.9,0.0,0.0,0.0,0.0,0.0,0.0,0.0,0.0,0.0,0.0,0.0,0.0,27.0,400.0,4.0,1,0.01,0.01,28000.0,150.0,20.0,4.0,100.0,0.21
6967af435220ac46b0141275,6967af435220ac46b0141275,6967af4338e7cc6db0ba745c,0.0,0.0,0.0,0.0,0.0,0.0,0.1,0.0,0.0,0.0,0.0,0.0,0.0,0.0,0.0,0.0,0.0,0.9,0.0,0.0,0.0,0.0,0.0,0.0,0.0,0.0,0.0,0.0,0.0,0.0,27.0,400.0,4.0,1,0.01,0.01,28000.0,150.0,20.0,4.0,120.0,0.26
6967af435220ac46b0141275,6967af435220ac46b0141275,6967af4338e7cc6db0ba745c,0.0,0.0,0.0,0.0,0.0,0.0,0.1,0.0,0.0,0.0,0.0,0.0,0.0,0.0,0.0,0.0,0.0,0.9,0.0,0.0,0.0,0.0,0.0,0.0,0.0,0.0,0.0,0.0,0.0,0.0,27.0,400.0,4.0,1,0.01,0.01,28000.0,150.0,20.0,4.0,150.0,0.52
6967af435220ac46b0141275,6967af435220ac46b0141275,6967af4338e7cc6db0ba745c,0.0,0.0,0.0,0.0,0.0,0.0,0.1,0.0,0.0,0.0,0.0,0.0,0.0,0.0,0.0,0.0,0.0,0.9,0.0,0.0,0.0,0.0,0.0,0.0,0.0,0.0,0.0,0.0,0.0,0.0,27.0,400.0,4.0,1,0.01,0.01,28000.0,150.0,20.0,4.0,180.0,0.9
6967af435220ac46b0141275,6967af435220ac46b0141275,6967af4338e7cc6db0ba745c,0.0,0.0,0.0,0.0,0.0,0.0,0.1,0.0,0.0,0.0,0.0,0.0,0.0,0.0,0.0,0.0,0.0,0.9,0.0,0.0,0.0,0.0,0.0,0.0,0.0,0.0,0.0,0.0,0.0,0.0,27.0,400.0,4.0,1,0.01,0.01,28000.0,150.0,20.0,4.0,200.0,0.98
6967af445220ac46b0141276,6967af445220ac46b0141276,6967af4438e7cc6db0ba745d,0.0,0.0,0.0,0.0,0.0,0.0,0.1,0.0,0.05,0.0,0.0,0.0,0.0,0.0,0.0,0.0,0.0,0.85,0.0,0.0,0.0,0.0,0.0,0.0,0.0,0.0,0.0,0.0,0.0,0.0,27.0,400.0,4.0,0,0.01,0.01,28000.0,150.0,20.0,4.0,60.0,0.04
6967af445220ac46b0141276,6967af445220ac46b0141276,6967af4438e7cc6db0ba745d,0.0,0.0,0.0,0.0,0.0,0.0,0.1,0.0,0.05,0.0,0.0,0.0,0.0,0.0,0.0,0.0,0.0,0.85,0.0,0.0,0.0,0.0,0.0,0.0,0.0,0.0,0.0,0.0,0.0,0.0,27.0,400.0,4.0,0,0.01,0.01,28000.0,150.0,20.0,4.0,80.0,0.13
6967af445220ac46b0141276,6967af445220ac46b0141276,6967af4438e7cc6db0ba745d,0.0,0.0,0.0,0.0,0.0,0.0,0.1,0.0,0.05,0.0,0.0,0.0,0.0,0.0,0.0,0.0,0.0,0.85,0.0,0.0,0.0,0.0,0.0,0.0,0.0,0.0,0.0,0.0,0.0,0.0,27.0,400.0,4.0,0,0.01,0.01,28000.0,150.0,20.0,4.0,100.0,0.35
6967af445220ac46b0141276,6967af445220ac46b0141276,6967af4438e7cc6db0ba745d,0.0,0.0,0.0,0.0,0.0,0.0,0.1,0.0,0.05,0.0,0.0,0.0,0.0,0.0,0.0,0.0,0.0,0.85,0.0,0.0,0.0,0.0,0.0,0.0,0.0,0.0,0.0,0.0,0.0,0.0,27.0,400.0,4.0,0,0.01,0.01,28000.0,150.0,20.0,4.0,120.0,0.65
6967af445220ac46b0141276,6967af445220ac46b0141276,6967af4438e7cc6db0ba745d,0.0,0.0,0.0,0.0,0.0,0.0,0.1,0.0,0.05,0.0,0.0,0.0,0.0,0.0,0.0,0.0,0.0,0.85,0.0,0.0,0.0,0.0,0.0,0.0,0.0,0.0,0.0,0.0,0.0,0.0,27.0,400.0,4.0,0,0.01,0.01,28000.0,150.0,20.0,4.0,150.0,0.94
6967af445220ac46b0141276,6967af445220ac46b0141276,6967af4438e7cc6db0ba745d,0.0,0.0,0.0,0.0,0.0,0.0,0.1,0.0,0.05,0.0,0.0,0.0,0.0,0.0,0.0,0.0,0.0,0.85,0.0,0.0,0.0,0.0,0.0,0.0,0.0,0.0,0.0,0.0,0.0,0.0,27.0,400.0,4.0,0,0.01,0.01,28000.0,150.0,20.0,4.0,180.0,1.0
6967af445c48023e106c0477,6967af445c48023e106c0477,6967af4438e7cc6db0ba745e,0.0,0.0,0.0,0.0,0.0,0.0,0.0,0.0,0.05,0.0,0.0,0.0,0.0,0.0,0.0,0.0,0.0,0.95,0.0,0.0,0.0,0.0,0.0,0.0,0.0,0.0,0.0,0.0,0.0,0.0,21.0,400.0,4.0,1,0.01,0.01,28000.0,150.0,20.0,4.0,40.0,0.02
6967af445c48023e106c0477,6967af445c48023e106c0477,6967af4438e7cc6db0ba745e,0.0,0.0,0.0,0.0,0.0,0.0,0.0,0.0,0.05,0.0,0.0,0.0,0.0,0.0,0.0,0.0,0.0,0.95,0.0,0.0,0.0,0.0,0.0,0.0,0.0,0.0,0.0,0.0,0.0,0.0,21.0,400.0,4.0,1,0.01,0.01,28000.0,150.0,20.0,4.0,60.0,0.06
6967af445c48023e106c0477,6967af445c48023e106c0477,6967af4438e7cc6db0ba745e,0.0,0.0,0.0,0.0,0.0,0.0,0.0,0.0,0.05,0.0,0.0,0.0,0.0,0.0,0.0,0.0,0.0,0.95,0.0,0.0,0.0,0.0,0.0,0.0,0.0,0.0,0.0,0.0,0.0,0.0,21.0,400.0,4.0,1,0.01,0.01,28000.0,150.0,20.0,4.0,80.0,0.23
6967af445c48023e106c0477,6967af445c48023e106c0477,6967af4438e7cc6db0ba745e,0.0,0.0,0.0,0.0,0.0,0.0,0.0,0.0,0.05,0.0,0.0,0.0,0.0,0.0,0.0,0.0,0.0,0.95,0.0,0.0,0.0,0.0,0.0,0.0,0.0,0.0,0.0,0.0,0.0,0.0,21.0,400.0,4.0,1,0.01,0.01,28000.0,150.0,20.0,4.0,100.0,0.6
6967af445c48023e106c0477,6967af445c48023e106c0477,6967af4438e7cc6db0ba745e,0.0,0.0,0.0,0.0,0.0,0.0,0.0,0.0,0.05,0.0,0.0,0.0,0.0,0.0,0.0,0.0,0.0,0.95,0.0,0.0,0.0,0.0,0.0,0.0,0.0,0.0,0.0,0.0,0.0,0.0,21.0,400.0,4.0,1,0.01,0.01,28000.0,150.0,20.0,4.0,120.0,0.85
6967af445c48023e106c0477,6967af445c48023e106c0477,6967af4438e7cc6db0ba745e,0.0,0.0,0.0,0.0,0.0,0.0,0.0,0.0,0.05,0.0,0.0,0.0,0.0,0.0,0.0,0.0,0.0,0.95,0.0,0.0,0.0,0.0,0.0,0.0,0.0,0.0,0.0,0.0,0.0,0.0,21.0,400.0,4.0,1,0.01,0.01,28000.0,150.0,20.0,4.0,150.0,0.95
6967af445c48023e106c0478,6967af445c48023e106c0478,6967af4438e7cc6db0ba745f,0.0,0.0,0.0,0.0,0.0,0.0,0.1,0.0,0.03,0.0,0.0,0.0,0.0,0.0,0.0,0.0,0.0,0.87,0.0,0.0,0.0,0.0,0.0,0.0,0.0,0.0,0.0,0.0,0.0,0.0,22.0,400.0,4.0,0,0.01,0.01,28000.0,150.0,20.0,4.0,80.0,0.02
6967af445c48023e106c0478,6967af445c48023e106c0478,6967af4438e7cc6db0ba745f,0.0,0.0,0.0,0.0,0.0,0.0,0.1,0.0,0.03,0.0,0.0,0.0,0.0,0.0,0.0,0.0,0.0,0.87,0.0,0.0,0.0,0.0,0.0,0.0,0.0,0.0,0.0,0.0,0.0,0.0,22.0,400.0,4.0,0,0.01,0.01,28000.0,150.0,20.0,4.0,100.0,0.08
6967af445c48023e106c0478,6967af445c48023e106c0478,6967af4438e7cc6db0ba745f,0.0,0.0,0.0,0.0,0.0,0.0,0.1,0.0,0.03,0.0,0.0,0.0,0.0,0.0,0.0,0.0,0.0,0.87,0.0,0.0,0.0,0.0,0.0,0.0,0.0,0.0,0.0,0.0,0.0,0.0,22.0,400.0,4.0,0,0.01,0.01,28000.0,150.0,20.0,4.0,120.0,0.2
6967af445c48023e106c0478,6967af445c48023e106c0478,6967af4438e7cc6db0ba745f,0.0,0.0,0.0,0.0,0.0,0.0,0.1,0.0,0.03,0.0,0.0,0.0,0.0,0.0,0.0,0.0,0.0,0.87,0.0,0.0,0.0,0.0,0.0,0.0,0.0,0.0,0.0,0.0,0.0,0.0,22.0,400.0,4.0,0,0.01,0.01,28000.0,150.0,20.0,4.0,150.0,0.48
6967af445c48023e106c0478,6967af445c48023e106c0478,6967af4438e7cc6db0ba745f,0.0,0.0,0.0,0.0,0.0,0.0,0.1,0.0,0.03,0.0,0.0,0.0,0.0,0.0,0.0,0.0,0.0,0.87,0.0,0.0,0.0,0.0,0.0,0.0,0.0,0.0,0.0,0.0,0.0,0.0,22.0,400.0,4.0,0,0.01,0.01,28000.0,150.0,20.0,4.0,180.0,0.83
6967af445c48023e106c0478,6967af445c48023e106c0478,6967af4438e7cc6db0ba745f,0.0,0.0,0.0,0.0,0.0,0.0,0.1,0.0,0.03,0.0,0.0,0.0,0.0,0.0,0.0,0.0,0.0,0.87,0.0,0.0,0.0,0.0,0.0,0.0,0.0,0.0,0.0,0.0,0.0,0.0,22.0,400.0,4.0,0,0.01,0.01,28000.0,150.0,20.0,4.0,200.0,0.94
6967af455c48023e106c0479,6967af455c48023e106c0479,6967af4538e7cc6db0ba7460,0.0,0.0,0.0,0.0,0.0,0.0,0.1,0.0,0.01,0.0,0.0,0.0,0.0,0.0,0.0,0.0,0.0,0.89,0.0,0.0,0.0,0.0,0.0,0.0,0.0,0.0,0.0,0.0,0.0,0.0,14.0,400.0,4.0,1,0.01,0.01,28000.0,150.0,20.0,4.0,100.0,0.05
6967af455c48023e106c0479,6967af455c48023e106c0479,6967af4538e7cc6db0ba7460,0.0,0.0,0.0,0.0,0.0,0.0,0.1,0.0,0.01,0.0,0.0,0.0,0.0,0.0,0.0,0.0,0.0,0.89,0.0,0.0,0.0,0.0,0.0,0.0,0.0,0.0,0.0,0.0,0.0,0.0,14.0,400.0,4.0,1,0.01,0.01,28000.0,150.0,20.0,4.0,120.0,0.095
6967af455c48023e106c0479,6967af455c48023e106c0479,6967af4538e7cc6db0ba7460,0.0,0.0,0.0,0.0,0.0,0.0,0.1,0.0,0.01,0.0,0.0,0.0,0.0,0.0,0.0,0.0,0.0,0.89,0.0,0.0,0.0,0.0,0.0,0.0,0.0,0.0,0.0,0.0,0.0,0.0,14.0,400.0,4.0,1,0.01,0.01,28000.0,150.0,20.0,4.0,150.0,0.3
6967af455c48023e106c0479,6967af455c48023e106c0479,6967af4538e7cc6db0ba7460,0.0,0.0,0.0,0.0,0.0,0.0,0.1,0.0,0.01,0.0,0.0,0.0,0.0,0.0,0.0,0.0,0.0,0.89,0.0,0.0,0.0,0.0,0.0,0.0,0.0,0.0,0.0,0.0,0.0,0.0,14.0,400.0,4.0,1,0.01,0.01,28000.0,150.0,20.0,4.0,180.0,0.76
6967af455c48023e106c0479,6967af455c48023e106c0479,6967af4538e7cc6db0ba7460,0.0,0.0,0.0,0.0,0.0,0.0,0.1,0.0,0.01,0.0,0.0,0.0,0.0,0.0,0.0,0.0,0.0,0.89,0.0,0.0,0.0,0.0,0.0,0.0,0.0,0.0,0.0,0.0,0.0,0.0,14.0,400.0,4.0,1,0.01,0.01,28000.0,150.0,20.0,4.0,200.0,0.94
6967af475c48023e106c047c,6967af475c48023e106c047c,6967af4738e7cc6db0ba7468,0.0,0.0,0.0,0.0,0.0,0.0,0.0,0.0,0.1,0.0,0.0,0.0,0.0,0.0,0.0,0.0,0.0,0.9,0.0,0.0,0.0,0.0,0.0,0.0,0.0,0.0,0.0,0.0,0.0,0.0,58.6,450.0,4.0,1,0.01,0.025,18000.0,200.0,0.0,1.0,51.869839728023315,0.11496428490952929
6967af475c48023e106c047c,6967af475c48023e106c047c,6967af4738e7cc6db0ba7468,0.0,0.0,0.0,0.0,0.0,0.0,0.0,0.0,0.1,0.0,0.0,0.0,0.0,0.0,0.0,0.0,0.0,0.9,0.0,0.0,0.0,0.0,0.0,0.0,0.0,0.0,0.0,0.0,0.0,0.0,58.6,450.0,4.0,1,0.01,0.025,18000.0,200.0,0.0,1.0,63.669661648049214,0.1921291601883774
6967af475c48023e106c047c,6967af475c48023e106c047c,6967af4738e7cc6db0ba7468,0.0,0.0,0.0,0.0,0.0,0.0,0.0,0.0,0.1,0.0,0.0,0.0,0.0,0.0,0.0,0.0,0.0,0.9,0.0,0.0,0.0,0.0,0.0,0.0,0.0,0.0,0.0,0.0,0.0,0.0,58.6,450.0,4.0,1,0.01,0.025,18000.0,200.0,0.0,1.0,76.59664885866925,0.3105072218842245
6967af475c48023e106c047c,6967af475c48023e106c047c,6967af4738e7cc6db0ba7468,0.0,0.0,0.0,0.0,0.0,0.0,0.0,0.0,0.1,0.0,0.0,0.0,0.0,0.0,0.0,0.0,0.0,0.9,0.0,0.0,0.0,0.0,0.0,0.0,0.0,0.0,0.0,0.0,0.0,0.0,58.6,450.0,4.0,1,0.01,0.025,18000.0,200.0,0.0,1.0,89.7684960336733,0.48122986097027876
6967af475c48023e106c047c,6967af475c48023e106c047c,6967af4738e7cc6db0ba7468,0.0,0.0,0.0,0.0,0.0,0.0,0.0,0.0,0.1,0.0,0.0,0.0,0.0,0.0,0.0,0.0,0.0,0.9,0.0,0.0,0.0,0.0,0.0,0.0,0.0,0.0,0.0,0.0,0.0,0.0,58.6,450.0,4.0,1,0.01,0.025,18000.0,200.0,0.0,1.0,103.17306135664563,0.638105860880146
6967af475c48023e106c047c,6967af475c48023e106c047c,6967af4738e7cc6db0ba7468,0.0,0.0,0.0,0.0,0.0,0.0,0.0,0.0,0.1,0.0,0.0,0.0,0.0,0.0,0.0,0.0,0.0,0.9,0.0,0.0,0.0,0.0,0.0,0.0,0.0,0.0,0.0,0.0,0.0,0.0,58.6,450.0,4.0,1,0.01,0.025,18000.0,200.0,0.0,1.0,116.82855755220982,0.819441627796931
6967af475c48023e106c047c,6967af475c48023e106c047c,6967af4738e7cc6db0ba7468,0.0,0.0,0.0,0.0,0.0,0.0,0.0,0.0,0.1,0.0,0.0,0.0,0.0,0.0,0.0,0.0,0.0,0.9,0.0,0.0,0.0,0.0,0.0,0.0,0.0,0.0,0.0,0.0,0.0,0.0,58.6,450.0,4.0,1,0.01,0.025,18000.0,200.0,0.0,1.0,130.06313744536183,0.9364676986863156
6967af475c48023e106c047c,6967af475c48023e106c047c,6967af4738e7cc6db0ba7468,0.0,0.0,0.0,0.0,0.0,0.0,0.0,0.0,0.1,0.0,0.0,0.0,0.0,0.0,0.0,0.0,0.0,0.9,0.0,0.0,0.0,0.0,0.0,0.0,0.0,0.0,0.0,0.0,0.0,0.0,58.6,450.0,4.0,1,0.01,0.025,18000.0,200.0,0.0,1.0,143.46567913226488,0.9813875932310328
6967af475c48023e106c047d,6967af475c48023e106c047d,6967af4738e7cc6db0ba7469,0.0,0.0,0.0,0.0,0.0,0.0,0.0,0.0,0.2,0.0,0.0,0.0,0.0,0.0,0.0,0.0,0.0,0.8,0.0,0.0,0.0,0.0,0.0,0.0,0.0,0.0,0.0,0.0,0.0,0.0,61.3,450.0,4.0,0,0.01,0.025,18000.0,200.0,0.0,1.0,53.27424316011009,0.16025597692602356
6967af475c48023e106c047d,6967af475c48023e106c047d,6967af4738e7cc6db0ba7469,0.0,0.0,0.0,0.0,0.0,0.0,0.0,0.0,0.2,0.0,0.0,0.0,0.0,0.0,0.0,0.0,0.0,0.8,0.0,0.0,0.0,0.0,0.0,0.0,0.0,0.0,0.0,0.0,0.0,0.0,61.3,450.0,4.0,0,0.01,0.025,18000.0,200.0,0.0,1.0,64.52768334142787,0.3503120845444918
6967af475c48023e106c047d,6967af475c48023e106c047d,6967af4738e7cc6db0ba7469,0.0,0.0,0.0,0.0,0.0,0.0,0.0,0.0,0.2,0.0,0.0,0.0,0.0,0.0,0.0,0.0,0.0,0.8,0.0,0.0,0.0,0.0,0.0,0.0,0.0,0.0,0.0,0.0,0.0,0.0,61.3,450.0,4.0,0,0.01,0.025,18000.0,200.0,0.0,1.0,78.1973449894771,0.5778296040920256
6967af475c48023e106c047d,6967af475c48023e106c047d,6967af4738e7cc6db0ba7469,0.0,0.0,0.0,0.0,0.0,0.0,0.0,0.0,0.2,0.0,0.0,0.0,0.0,0.0,0.0,0.0,0.0,0.8,0.0,0.0,0.0,0.0,0.0,0.0,0.0,0.0,0.0,0.0,0.0,0.0,61.3,450.0,4.0,0,0.01,0.025,18000.0,200.0,0.0,1.0,89.77659057795046,0.8220104103292099
6967af475c48023e106c047d,6967af475c48023e106c047d,6967af4738e7cc6db0ba7469,0.0,0.0,0.0,0.0,0.0,0.0,0.0,0.0,0.2,0.0,0.0,0.0,0.0,0.0,0.0,0.0,0.0,0.8,0.0,0.0,0.0,0.0,0.0,0.0,0.0,0.0,0.0,0.0,0.0,0.0,61.3,450.0,4.0,0,0.01,0.025,18000.0,200.0,0.0,1.0,103.05366682855757,0.9575474886770771
6967af489890fdd35aa2c57a,6967af489890fdd35aa2c57a,6967af4838e7cc6db0ba746a,0.0,0.0,0.0,0.0,0.0,0.0,0.0,0.0,0.3,0.0,0.0,0.0,0.0,0.0,0.0,0.0,0.0,0.7,0.0,0.0,0.0,0.0,0.0,0.0,0.0,0.0,0.0,0.0,0.0,0.0,59.3,450.0,4.0,0,0.01,0.025,18000.0,200.0,0.0,1.0,52.7238141492634,0.16703846413844384
6967af489890fdd35aa2c57a,6967af489890fdd35aa2c57a,6967af4838e7cc6db0ba746a,0.0,0.0,0.0,0.0,0.0,0.0,0.0,0.0,0.3,0.0,0.0,0.0,0.0,0.0,0.0,0.0,0.0,0.7,0.0,0.0,0.0,0.0,0.0,0.0,0.0,0.0,0.0,0.0,0.0,0.0,59.3,450.0,4.0,0,0.01,0.025,18000.0,200.0,0.0,1.0,63.69596891694998,0.2669505847360238
6967af489890fdd35aa2c57a,6967af489890fdd35aa2c57a,6967af4838e7cc6db0ba746a,0.0,0.0,0.0,0.0,0.0,0.0,0.0,0.0,0.3,0.0,0.0,0.0,0.0,0.0,0.0,0.0,0.0,0.7,0.0,0.0,0.0,0.0,0.0,0.0,0.0,0.0,0.0,0.0,0.0,0.0,59.3,450.0,4.0,0,0.01,0.025,18000.0,200.0,0.0,1.0,77.03577788570504,0.48438450618535794
6967af489890fdd35aa2c57a,6967af489890fdd35aa2c57a,6967af4838e7cc6db0ba746a,0.0,0.0,0.0,0.0,0.0,0.0,0.0,0.0,0.3,0.0,0.0,0.0,0.0,0.0,0.0,0.0,0.0,0.7,0.0,0.0,0.0,0.0,0.0,0.0,0.0,0.0,0.0,0.0,0.0,0.0,59.3,450.0,4.0,0,0.01,0.025,18000.0,200.0,0.0,1.0,89.99311963736443,0.744901868000631
6967af489890fdd35aa2c57a,6967af489890fdd35aa2c57a,6967af4838e7cc6db0ba746a,0.0,0.0,0.0,0.0,0.0,0.0,0.0,0.0,0.3,0.0,0.0,0.0,0.0,0.0,0.0,0.0,0.0,0.7,0.0,0.0,0.0,0.0,0.0,0.0,0.0,0.0,0.0,0.0,0.0,0.0,59.3,450.0,4.0,0,0.01,0.025,18000.0,200.0,0.0,1.0,103.25805407155578,0.8862187070461255
6967af489890fdd35aa2c57a,6967af489890fdd35aa2c57a,6967af4838e7cc6db0ba746a,0.0,0.0,0.0,0.0,0.0,0.0,0.0,0.0,0.3,0.0,0.0,0.0,0.0,0.0,0.0,0.0,0.0,0.7,0.0,0.0,0.0,0.0,0.0,0.0,0.0,0.0,0.0,0.0,0.0,0.0,59.3,450.0,4.0,0,0.01,0.025,18000.0,200.0,0.0,1.0,116.68487939129028,0.9898375357714234
6967af489890fdd35aa2c57b,6967af489890fdd35aa2c57b,6967af4838e7cc6db0ba746b,0.0,0.0,0.0,0.0,0.0,0.0,0.0,0.0,0.0,0.0,0.0,0.0,0.0,0.0,0.0,0.0,0.0,1.0,0.0,0.0,0.0,0.0,0.0,0.0,0.0,0.0,0.0,0.0,0.0,0.0,129.2,450.0,4.0,1,0.01,0.025,18000.0,200.0,0.0,1.0,210.04403883907253,0.16404155118411862
6967af489890fdd35aa2c57b,6967af489890fdd35aa2c57b,6967af4838e7cc6db0ba746b,0.0,0.0,0.0,0.0,0.0,0.0,0.0,0.0,0.0,0.0,0.0,0.0,0.0,0.0,0.0,0.0,0.0,1.0,0.0,0.0,0.0,0.0,0.0,0.0,0.0,0.0,0.0,0.0,0.0,0.0,129.2,450.0,4.0,1,0.01,0.025,18000.0,200.0,0.0,1.0,230.02599883270548,0.3122760765226797
6967af489890fdd35aa2c57b,6967af489890fdd35aa2c57b,6967af4838e7cc6db0ba746b,0.0,0.0,0.0,0.0,0.0,0.0,0.0,0.0,0.0,0.0,0.0,0.0,0.0,0.0,0.0,0.0,0.0,1.0,0.0,0.0,0.0,0.0,0.0,0.0,0.0,0.0,0.0,0.0,0.0,0.0,129.2,450.0,4.0,1,0.01,0.025,18000.0,200.0,0.0,1.0,249.85939406802143,0.5013181910363009
6967af489890fdd35aa2c57b,6967af489890fdd35aa2c57b,6967af4838e7cc6db0ba746b,0.0,0.0,0.0,0.0,0.0,0.0,0.0,0.0,0.0,0.0,0.0,0.0,0.0,0.0,0.0,0.0,0.0,1.0,0.0,0.0,0.0,0.0,0.0,0.0,0.0,0.0,0.0,0.0,0.0,0.0,129.2,450.0,4.0,1,0.01,0.025,18000.0,200.0,0.0,1.0,269.5946304451637,0.7020099596656076
6967af489890fdd35aa2c57b,6967af489890fdd35aa2c57b,6967af4838e7cc6db0ba746b,0.0,0.0,0.0,0.0,0.0,0.0,0.0,0.0,0.0,0.0,0.0,0.0,0.0,0.0,0.0,0.0,0.0,1.0,0.0,0.0,0.0,0.0,0.0,0.0,0.0,0.0,0.0,0.0,0.0,0.0,129.2,450.0,4.0,1,0.01,0.025,18000.0,200.0,0.0,1.0,290.0673847296652,0.8664345749115573
6967af489890fdd35aa2c57b,6967af489890fdd35aa2c57b,6967af4838e7cc6db0ba746b,0.0,0.0,0.0,0.0,0.0,0.0,0.0,0.0,0.0,0.0,0.0,0.0,0.0,0.0,0.0,0.0,0.0,1.0,0.0,0.0,0.0,0.0,0.0,0.0,0.0,0.0,0.0,0.0,0.0,0.0,129.2,450.0,4.0,1,0.01,0.025,18000.0,200.0,0.0,1.0,309.88220937019156,0.943171319768359
6967af489890fdd35aa2c57b,6967af489890fdd35aa2c57b,6967af4838e7cc6db0ba746b,0.0,0.0,0.0,0.0,0.0,0.0,0.0,0.0,0.0,0.0,0.0,0.0,0.0,0.0,0.0,0.0,0.0,1.0,0.0,0.0,0.0,0.0,0.0,0.0,0.0,0.0,0.0,0.0,0.0,0.0,129.2,450.0,4.0,1,0.01,0.025,18000.0,200.0,0.0,1.0,330.0843635591871,0.9855674981410126
6967af4a5220ac46b0141278,6967af4a5220ac46b0141278,6967af4a38e7cc6db0ba7471,0.0,0.0,0.0,0.0,0.0,0.0,0.0,0.0,0.0,0.0,0.0,0.0,0.0,0.0,0.0,0.0,0.2,0.8,0.0,0.0,0.0,0.0,0.0,0.0,0.0,0.0,0.0,0.0,0.0,0.0,66.0,500.0,5.0,1,0.0998,0.102,33000.0,500.0,10.2,1.0,362.0,0.5
6967af4a5220ac46b0141278,6967af4a5220ac46b0141278,6967af4a38e7cc6db0ba7471,0.0,0.0,0.0,0.0,0.0,0.0,0.0,0.0,0.0,0.0,0.0,0.0,0.0,0.0,0.0,0.0,0.2,0.8,0.0,0.0,0.0,0.0,0.0,0.0,0.0,0.0,0.0,0.0,0.0,0.0,66.0,500.0,5.0,1,0.0998,0.102,33000.0,500.0,10.2,1.0,252.4,0.044000000000000004
6967af4a5220ac46b0141278,6967af4a5220ac46b0141278,6967af4a38e7cc6db0ba7471,0.0,0.0,0.0,0.0,0.0,0.0,0.0,0.0,0.0,0.0,0.0,0.0,0.0,0.0,0.0,0.0,0.2,0.8,0.0,0.0,0.0,0.0,0.0,0.0,0.0,0.0,0.0,0.0,0.0,0.0,66.0,500.0,5.0,1,0.0998,0.102,33000.0,500.0,10.2,1.0,296.5,0.107
6967af4a5220ac46b0141278,6967af4a5220ac46b0141278,6967af4a38e7cc6db0ba7471,0.0,0.0,0.0,0.0,0.0,0.0,0.0,0.0,0.0,0.0,0.0,0.0,0.0,0.0,0.0,0.0,0.2,0.8,0.0,0.0,0.0,0.0,0.0,0.0,0.0,0.0,0.0,0.0,0.0,0.0,66.0,500.0,5.0,1,0.0998,0.102,33000.0,500.0,10.2,1.0,324.0,0.198
6967af4a5220ac46b0141278,6967af4a5220ac46b0141278,6967af4a38e7cc6db0ba7471,0.0,0.0,0.0,0.0,0.0,0.0,0.0,0.0,0.0,0.0,0.0,0.0,0.0,0.0,0.0,0.0,0.2,0.8,0.0,0.0,0.0,0.0,0.0,0.0,0.0,0.0,0.0,0.0,0.0,0.0,66.0,500.0,5.0,1,0.0998,0.102,33000.0,500.0,10.2,1.0,339.0,0.305
6967af4a5220ac46b0141278,6967af4a5220ac46b0141278,6967af4a38e7cc6db0ba7471,0.0,0.0,0.0,0.0,0.0,0.0,0.0,0.0,0.0,0.0,0.0,0.0,0.0,0.0,0.0,0.0,0.2,0.8,0.0,0.0,0.0,0.0,0.0,0.0,0.0,0.0,0.0,0.0,0.0,0.0,66.0,500.0,5.0,1,0.0998,0.102,33000.0,500.0,10.2,1.0,385.4,0.6559999999999999
6967af4a5220ac46b0141278,6967af4a5220ac46b0141278,6967af4a38e7cc6db0ba7471,0.0,0.0,0.0,0.0,0.0,0.0,0.0,0.0,0.0,0.0,0.0,0.0,0.0,0.0,0.0,0.0,0.2,0.8,0.0,0.0,0.0,0.0,0.0,0.0,0.0,0.0,0.0,0.0,0.0,0.0,66.0,500.0,5.0,1,0.0998,0.102,33000.0,500.0,10.2,1.0,405.0,0.805
6967af4a5220ac46b0141278,6967af4a5220ac46b0141278,6967af4a38e7cc6db0ba7471,0.0,0.0,0.0,0.0,0.0,0.0,0.0,0.0,0.0,0.0,0.0,0.0,0.0,0.0,0.0,0.0,0.2,0.8,0.0,0.0,0.0,0.0,0.0,0.0,0.0,0.0,0.0,0.0,0.0,0.0,66.0,500.0,5.0,1,0.0998,0.102,33000.0,500.0,10.2,1.0,428.6,0.9209999999999999
6967af4a5220ac46b0141278,6967af4a5220ac46b0141278,6967af4a38e7cc6db0ba7471,0.0,0.0,0.0,0.0,0.0,0.0,0.0,0.0,0.0,0.0,0.0,0.0,0.0,0.0,0.0,0.0,0.2,0.8,0.0,0.0,0.0,0.0,0.0,0.0,0.0,0.0,0.0,0.0,0.0,0.0,66.0,500.0,5.0,1,0.0998,0.102,33000.0,500.0,10.2,1.0,480.6,0.965
6967af4a5220ac46b0141279,6967af4a5220ac46b0141279,6967af4a38e7cc6db0ba7472,0.0,0.0,0.0,0.0,0.0,0.0,0.0,0.0,0.0,0.0,0.0,0.0,0.0,0.0,0.0,0.0,0.2,0.8,0.0,0.0,0.0,0.0,0.0,0.0,0.0,0.0,0.0,0.0,0.0,0.0,40.0,800.0,5.0,1,0.0998,0.102,33000.0,500.0,10.2,1.0,396.0,0.5
6967af4a5220ac46b0141279,6967af4a5220ac46b0141279,6967af4a38e7cc6db0ba7472,0.0,0.0,0.0,0.0,0.0,0.0,0.0,0.0,0.0,0.0,0.0,0.0,0.0,0.0,0.0,0.0,0.2,0.8,0.0,0.0,0.0,0.0,0.0,0.0,0.0,0.0,0.0,0.0,0.0,0.0,40.0,800.0,5.0,1,0.0998,0.102,33000.0,500.0,10.2,1.0,269.7,0.0333
6967af4a5220ac46b0141279,6967af4a5220ac46b0141279,6967af4a38e7cc6db0ba7472,0.0,0.0,0.0,0.0,0.0,0.0,0.0,0.0,0.0,0.0,0.0,0.0,0.0,0.0,0.0,0.0,0.2,0.8,0.0,0.0,0.0,0.0,0.0,0.0,0.0,0.0,0.0,0.0,0.0,0.0,40.0,800.0,5.0,1,0.0998,0.102,33000.0,500.0,10.2,1.0,319.5,0.096
6967af4a5220ac46b0141279,6967af4a5220ac46b0141279,6967af4a38e7cc6db0ba7472,0.0,0.0,0.0,0.0,0.0,0.0,0.0,0.0,0.0,0.0,0.0,0.0,0.0,0.0,0.0,0.0,0.2,0.8,0.0,0.0,0.0,0.0,0.0,0.0,0.0,0.0,0.0,0.0,0.0,0.0,40.0,800.0,5.0,1,0.0998,0.102,33000.0,500.0,10.2,1.0,350.4,0.215
6967af4a5220ac46b0141279,6967af4a5220ac46b0141279,6967af4a38e7cc6db0ba7472,0.0,0.0,0.0,0.0,0.0,0.0,0.0,0.0,0.0,0.0,0.0,0.0,0.0,0.0,0.0,0.0,0.2,0.8,0.0,0.0,0.0,0.0,0.0,0.0,0.0,0.0,0.0,0.0,0.0,0.0,40.0,800.0,5.0,1,0.0998,0.102,33000.0,500.0,10.2,1.0,379.7,0.373
6967af4a5220ac46b0141279,6967af4a5220ac46b0141279,6967af4a38e7cc6db0ba7472,0.0,0.0,0.0,0.0,0.0,0.0,0.0,0.0,0.0,0.0,0.0,0.0,0.0,0.0,0.0,0.0,0.2,0.8,0.0,0.0,0.0,0.0,0.0,0.0,0.0,0.0,0.0,0.0,0.0,0.0,40.0,800.0,5.0,1,0.0998,0.102,33000.0,500.0,10.2,1.0,424.6,0.6729999999999999
6967af4a5220ac46b0141279,6967af4a5220ac46b0141279,6967af4a38e7cc6db0ba7472,0.0,0.0,0.0,0.0,0.0,0.0,0.0,0.0,0.0,0.0,0.0,0.0,0.0,0.0,0.0,0.0,0.2,0.8,0.0,0.0,0.0,0.0,0.0,0.0,0.0,0.0,0.0,0.0,0.0,0.0,40.0,800.0,5.0,1,0.0998,0.102,33000.0,500.0,10.2,1.0,459.6,0.833
6967af4a5220ac46b0141279,6967af4a5220ac46b0141279,6967af4a38e7cc6db0ba7472,0.0,0.0,0.0,0.0,0.0,0.0,0.0,0.0,0.0,0.0,0.0,0.0,0.0,0.0,0.0,0.0,0.2,0.8,0.0,0.0,0.0,0.0,0.0,0.0,0.0,0.0,0.0,0.0,0.0,0.0,40.0,800.0,5.0,1,0.0998,0.102,33000.0,500.0,10.2,1.0,493.5,0.9
69b7d4e19605ebc57c753049,69b7d4e19605ebc57c753049,69b7d4e19605ebc57c75304a,0.0,0.0,0.0,0.0,0.0,0.0,0.0,0.0,0.0,0.0,0.0,0.0,0.0,0.0,0.0,0.0,0.0,1.0,0.0,0.0,0.0,0.0,0.0,0.0,0.0,0.0,0.0,0.0,0.0,0.0,66.0,500.0,2.0,1,0.034,0.21,18000,300.0,21.0,1.0,203.75477340414517,0.043081779388554405
69b7d4e19605ebc57c753049,69b7d4e19605ebc57c753049,69b7d4e19605ebc57c75304a,0.0,0.0,0.0,0.0,0.0,0.0,0.0,0.0,0.0,0.0,0.0,0.0,0.0,0.0,0.0,0.0,0.0,1.0,0.0,0.0,0.0,0.0,0.0,0.0,0.0,0.0,0.0,0.0,0.0,0.0,66.0,500.0,2.0,1,0.034,0.21,18000,300.0,21.0,1.0,209.8492000170533,0.047360729525925065
69b7d4e19605ebc57c753049,69b7d4e19605ebc57c753049,69b7d4e19605ebc57c75304a,0.0,0.0,0.0,0.0,0.0,0.0,0.0,0.0,0.0,0.0,0.0,0.0,0.0,0.0,0.0,0.0,0.0,1.0,0.0,0.0,0.0,0.0,0.0,0.0,0.0,0.0,0.0,0.0,0.0,0.0,66.0,500.0,2.0,1,0.034,0.21,18000,300.0,21.0,1.0,217.83654402494656,0.05001071686054441
69b7d4e19605ebc57c753049,69b7d4e19605ebc57c753049,69b7d4e19605ebc57c75304a,0.0,0.0,0.0,0.0,0.0,0.0,0.0,0.0,0.0,0.0,0.0,0.0,0.0,0.0,0.0,0.0,0.0,1.0,0.0,0.0,0.0,0.0,0.0,0.0,0.0,0.0,0.0,0.0,0.0,0.0,66.0,500.0,2.0,1,0.034,0.21,18000,300.0,21.0,1.0,226.01360610508493,0.0512577697238947
69b7d4e19605ebc57c753049,69b7d4e19605ebc57c753049,69b7d4e19605ebc57c75304a,0.0,0.0,0.0,0.0,0.0,0.0,0.0,0.0,0.0,0.0,0.0,0.0,0.0,0.0,0.0,0.0,0.0,1.0,0.0,0.0,0.0,0.0,0.0,0.0,0.0,0.0,0.0,0.0,0.0,0.0,66.0,500.0,2.0,1,0.034,0.21,18000,300.0,21.0,1.0,232.35104238356547,0.05610568773016894
69b7d4e19605ebc57c753049,69b7d4e19605ebc57c753049,69b7d4e19605ebc57c75304a,0.0,0.0,0.0,0.0,0.0,0.0,0.0,0.0,0.0,0.0,0.0,0.0,0.0,0.0,0.0,0.0,0.0,1.0,0.0,0.0,0.0,0.0,0.0,0.0,0.0,0.0,0.0,0.0,0.0,0.0,66.0,500.0,2.0,1,0.034,0.21,18000,300.0,21.0,1.0,238.8952500441559,0.0630034488805752
69b7d4e19605ebc57c753049,69b7d4e19605ebc57c753049,69b7d4e19605ebc57c75304a,0.0,0.0,0.0,0.0,0.0,0.0,0.0,0.0,0.0,0.0,0.0,0.0,0.0,0.0,0.0,0.0,0.0,1.0,0.0,0.0,0.0,0.0,0.0,0.0,0.0,0.0,0.0,0.0,0.0,0.0,66.0,500.0,2.0,1,0.034,0.21,18000,300.0,21.0,1.0,245.08560152505314,0.06695504764131643
69b7d4e19605ebc57c753049,69b7d4e19605ebc57c753049,69b7d4e19605ebc57c75304a,0.0,0.0,0.0,0.0,0.0,0.0,0.0,0.0,0.0,0.0,0.0,0.0,0.0,0.0,0.0,0.0,0.0,1.0,0.0,0.0,0.0,0.0,0.0,0.0,0.0,0.0,0.0,0.0,0.0,0.0,66.0,500.0,2.0,1,0.034,0.21,18000,300.0,21.0,1.0,255.02768117619115,0.07875528536076849
69b7d4e19605ebc57c753049,69b7d4e19605ebc57c753049,69b7d4e19605ebc57c75304a,0.0,0.0,0.0,0.0,0.0,0.0,0.0,0.0,0.0,0.0,0.0,0.0,0.0,0.0,0.0,0.0,0.0,1.0,0.0,0.0,0.0,0.0,0.0,0.0,0.0,0.0,0.0,0.0,0.0,0.0,66.0,500.0,2.0,1,0.034,0.21,18000,300.0,21.0,1.0,265.14668891717577,0.08789774166520528
69b7d4e19605ebc57c753049,69b7d4e19605ebc57c753049,69b7d4e19605ebc57c75304a,0.0,0.0,0.0,0.0,0.0,0.0,0.0,0.0,0.0,0.0,0.0,0.0,0.0,0.0,0.0,0.0,0.0,1.0,0.0,0.0,0.0,0.0,0.0,0.0,0.0,0.0,0.0,0.0,0.0,0.0,66.0,500.0,2.0,1,0.034,0.21,18000,300.0,21.0,1.0,274.7114640875566,0.10484986652637324
69b7d4e19605ebc57c753049,69b7d4e19605ebc57c753049,69b7d4e19605ebc57c75304a,0.0,0.0,0.0,0.0,0.0,0.0,0.0,0.0,0.0,0.0,0.0,0.0,0.0,0.0,0.0,0.0,0.0,1.0,0.0,0.0,0.0,0.0,0.0,0.0,0.0,0.0,0.0,0.0,0.0,0.0,66.0,500.0,2.0,1,0.034,0.21,18000,300.0,21.0,1.0,285.93254197854935,0.12204360787981529
69b7d4e19605ebc57c753049,69b7d4e19605ebc57c753049,69b7d4e19605ebc57c75304a,0.0,0.0,0.0,0.0,0.0,0.0,0.0,0.0,0.0,0.0,0.0,0.0,0.0,0.0,0.0,0.0,0.0,1.0,0.0,0.0,0.0,0.0,0.0,0.0,0.0,0.0,0.0,0.0,0.0,0.0,66.0,500.0,2.0,1,0.034,0.21,18000,300.0,21.0,1.0,295.61882198171645,0.14782642582958241
69b7d4e19605ebc57c753049,69b7d4e19605ebc57c753049,69b7d4e19605ebc57c75304a,0.0,0.0,0.0,0.0,0.0,0.0,0.0,0.0,0.0,0.0,0.0,0.0,0.0,0.0,0.0,0.0,0.0,1.0,0.0,0.0,0.0,0.0,0.0,0.0,0.0,0.0,0.0,0.0,0.0,0.0,66.0,500.0,2.0,1,0.034,0.21,18000,300.0,21.0,1.0,307.7543836142054,0.17883127764462892
69b7d4e19605ebc57c753049,69b7d4e19605ebc57c753049,69b7d4e19605ebc57c75304a,0.0,0.0,0.0,0.0,0.0,0.0,0.0,0.0,0.0,0.0,0.0,0.0,0.0,0.0,0.0,0.0,0.0,1.0,0.0,0.0,0.0,0.0,0.0,0.0,0.0,0.0,0.0,0.0,0.0,0.0,66.0,500.0,2.0,1,0.034,0.21,18000,300.0,21.0,1.0,318.6045520156403,0.21792638491066035
69b7d4e19605ebc57c753049,69b7d4e19605ebc57c753049,69b7d4e19605ebc57c75304a,0.0,0.0,0.0,0.0,0.0,0.0,0.0,0.0,0.0,0.0,0.0,0.0,0.0,0.0,0.0,0.0,0.0,1.0,0.0,0.0,0.0,0.0,0.0,0.0,0.0,0.0,0.0,0.0,0.0,0.0,66.0,500.0,2.0,1,0.034,0.21,18000,300.0,21.0,1.0,329.17547246804025,0.2761091950663471
69b7d4e19605ebc57c753049,69b7d4e19605ebc57c753049,69b7d4e19605ebc57c75304a,0.0,0.0,0.0,0.0,0.0,0.0,0.0,0.0,0.0,0.0,0.0,0.0,0.0,0.0,0.0,0.0,0.0,1.0,0.0,0.0,0.0,0.0,0.0,0.0,0.0,0.0,0.0,0.0,0.0,0.0,66.0,500.0,2.0,1,0.034,0.21,18000,300.0,21.0,1.0,341.26626916213434,0.34281872917519146
69b7d4e19605ebc57c753049,69b7d4e19605ebc57c753049,69b7d4e19605ebc57c75304a,0.0,0.0,0.0,0.0,0.0,0.0,0.0,0.0,0.0,0.0,0.0,0.0,0.0,0.0,0.0,0.0,0.0,1.0,0.0,0.0,0.0,0.0,0.0,0.0,0.0,0.0,0.0,0.0,0.0,0.0,66.0,500.0,2.0,1,0.034,0.21,18000,300.0,21.0,1.0,351.20195382207305,0.43379123555659477
69b7d4e19605ebc57c753049,69b7d4e19605ebc57c753049,69b7d4e19605ebc57c75304a,0.0,0.0,0.0,0.0,0.0,0.0,0.0,0.0,0.0,0.0,0.0,0.0,0.0,0.0,0.0,0.0,0.0,1.0,0.0,0.0,0.0,0.0,0.0,0.0,0.0,0.0,0.0,0.0,0.0,0.0,66.0,500.0,2.0,1,0.034,0.21,18000,300.0,21.0,1.0,363.1456657185838,0.5306950371193079
69b7d4e19605ebc57c753049,69b7d4e19605ebc57c753049,69b7d4e19605ebc57c75304a,0.0,0.0,0.0,0.0,0.0,0.0,0.0,0.0,0.0,0.0,0.0,0.0,0.0,0.0,0.0,0.0,0.0,1.0,0.0,0.0,0.0,0.0,0.0,0.0,0.0,0.0,0.0,0.0,0.0,0.0,66.0,500.0,2.0,1,0.034,0.21,18000,300.0,21.0,1.0,373.40109993848625,0.6275442801192495
69b7d4e19605ebc57c753049,69b7d4e19605ebc57c753049,69b7d4e19605ebc57c75304a,0.0,0.0,0.0,0.0,0.0,0.0,0.0,0.0,0.0,0.0,0.0,0.0,0.0,0.0,0.0,0.0,0.0,1.0,0.0,0.0,0.0,0.0,0.0,0.0,0.0,0.0,0.0,0.0,0.0,0.0,66.0,500.0,2.0,1,0.034,0.21,18000,300.0,21.0,1.0,384.6221778294791,0.7237076440443482
69b7d4e19605ebc57c753049,69b7d4e19605ebc57c753049,69b7d4e19605ebc57c75304a,0.0,0.0,0.0,0.0,0.0,0.0,0.0,0.0,0.0,0.0,0.0,0.0,0.0,0.0,0.0,0.0,0.0,1.0,0.0,0.0,0.0,0.0,0.0,0.0,0.0,0.0,0.0,0.0,0.0,0.0,66.0,500.0,2.0,1,0.034,0.21,18000,300.0,21.0,1.0,394.9010603504455,0.795382007365406
69b7d4e19605ebc57c753049,69b7d4e19605ebc57c753049,69b7d4e19605ebc57c75304a,0.0,0.0,0.0,0.0,0.0,0.0,0.0,0.0,0.0,0.0,0.0,0.0,0.0,0.0,0.0,0.0,0.0,1.0,0.0,0.0,0.0,0.0,0.0,0.0,0.0,0.0,0.0,0.0,0.0,0.0,66.0,500.0,2.0,1,0.034,0.21,18000,300.0,21.0,1.0,399.86996851228145,0.8438923637497321
69b7d4e19605ebc57c75304b,69b7d4e19605ebc57c75304b,69b7d4e29605ebc57c75304c,0.0,0.0,0.0,0.0,0.0,0.058,0.0,0.0,0.0,0.0,0.0,0.0,0.0,0.0,0.0,0.0,0.0,0.942,0.0,0.0,0.0,0.0,0.0,0.0,0.0,0.0,0.0,0.0,0.0,0.0,97.0,500.0,2.0,1,0.034,0.21,18000,300.0,21.0,1.0,75.71639127601391,0.040774731591356375
69b7d4e19605ebc57c75304b,69b7d4e19605ebc57c75304b,69b7d4e29605ebc57c75304c,0.0,0.0,0.0,0.0,0.0,0.058,0.0,0.0,0.0,0.0,0.0,0.0,0.0,0.0,0.0,0.0,0.0,0.942,0.0,0.0,0.0,0.0,0.0,0.0,0.0,0.0,0.0,0.0,0.0,0.0,97.0,500.0,2.0,1,0.034,0.21,18000,300.0,21.0,1.0,99.59955174156927,0.05124997564349878
69b7d4e19605ebc57c75304b,69b7d4e19605ebc57c75304b,69b7d4e29605ebc57c75304c,0.0,0.0,0.0,0.0,0.0,0.058,0.0,0.0,0.0,0.0,0.0,0.0,0.0,0.0,0.0,0.0,0.0,0.942,0.0,0.0,0.0,0.0,0.0,0.0,0.0,0.0,0.0,0.0,0.0,0.0,97.0,500.0,2.0,1,0.034,0.21,18000,300.0,21.0,1.0,124.401459276087,0.06098478205802694
69b7d4e19605ebc57c75304b,69b7d4e19605ebc57c75304b,69b7d4e29605ebc57c75304c,0.0,0.0,0.0,0.0,0.0,0.058,0.0,0.0,0.0,0.0,0.0,0.0,0.0,0.0,0.0,0.0,0.0,0.942,0.0,0.0,0.0,0.0,0.0,0.0,0.0,0.0,0.0,0.0,0.0,0.0,97.0,500.0,2.0,1,0.034,0.21,18000,300.0,21.0,1.0,147.18468125536722,0.08827185752421035
69b7d4e19605ebc57c75304b,69b7d4e19605ebc57c75304b,69b7d4e29605ebc57c75304c,0.0,0.0,0.0,0.0,0.0,0.058,0.0,0.0,0.0,0.0,0.0,0.0,0.0,0.0,0.0,0.0,0.0,0.942,0.0,0.0,0.0,0.0,0.0,0.0,0.0,0.0,0.0,0.0,0.0,0.0,97.0,500.0,2.0,1,0.034,0.21,18000,300.0,21.0,1.0,158.49315735941678,0.11945597318836343
69b7d4e19605ebc57c75304b,69b7d4e19605ebc57c75304b,69b7d4e29605ebc57c75304c,0.0,0.0,0.0,0.0,0.0,0.058,0.0,0.0,0.0,0.0,0.0,0.0,0.0,0.0,0.0,0.0,0.0,0.942,0.0,0.0,0.0,0.0,0.0,0.0,0.0,0.0,0.0,0.0,0.0,0.0,97.0,500.0,2.0,1,0.034,0.21,18000,300.0,21.0,1.0,166.35046987959146,0.1466495196897956
69b7d4e19605ebc57c75304b,69b7d4e19605ebc57c75304b,69b7d4e29605ebc57c75304c,0.0,0.0,0.0,0.0,0.0,0.058,0.0,0.0,0.0,0.0,0.0,0.0,0.0,0.0,0.0,0.0,0.0,0.942,0.0,0.0,0.0,0.0,0.0,0.0,0.0,0.0,0.0,0.0,0.0,0.0,97.0,500.0,2.0,1,0.034,0.21,18000,300.0,21.0,1.0,177.21555992715798,0.18870637750628397
69b7d4e19605ebc57c75304b,69b7d4e19605ebc57c75304b,69b7d4e29605ebc57c75304c,0.0,0.0,0.0,0.0,0.0,0.058,0.0,0.0,0.0,0.0,0.0,0.0,0.0,0.0,0.0,0.0,0.0,0.942,0.0,0.0,0.0,0.0,0.0,0.0,0.0,0.0,0.0,0.0,0.0,0.0,97.0,500.0,2.0,1,0.034,0.21,18000,300.0,21.0,1.0,181.76453033357492,0.21760682761442685
69b7d4e19605ebc57c75304b,69b7d4e19605ebc57c75304b,69b7d4e29605ebc57c75304c,0.0,0.0,0.0,0.0,0.0,0.058,0.0,0.0,0.0,0.0,0.0,0.0,0.0,0.0,0.0,0.0,0.0,0.942,0.0,0.0,0.0,0.0,0.0,0.0,0.0,0.0,0.0,0.0,0.0,0.0,97.0,500.0,2.0,1,0.034,0.21,18000,300.0,21.0,1.0,187.96767179687072,0.2513707838896358
69b7d4e19605ebc57c75304b,69b7d4e19605ebc57c75304b,69b7d4e29605ebc57c75304c,0.0,0.0,0.0,0.0,0.0,0.058,0.0,0.0,0.0,0.0,0.0,0.0,0.0,0.0,0.0,0.0,0.0,0.942,0.0,0.0,0.0,0.0,0.0,0.0,0.0,0.0,0.0,0.0,0.0,0.0,97.0,500.0,2.0,1,0.034,0.21,18000,300.0,21.0,1.0,193.0879280837561,0.2891019270863779
69b7d4e19605ebc57c75304b,69b7d4e19605ebc57c75304b,69b7d4e29605ebc57c75304c,0.0,0.0,0.0,0.0,0.0,0.058,0.0,0.0,0.0,0.0,0.0,0.0,0.0,0.0,0.0,0.0,0.0,0.942,0.0,0.0,0.0,0.0,0.0,0.0,0.0,0.0,0.0,0.0,0.0,0.0,97.0,500.0,2.0,1,0.034,0.21,18000,300.0,21.0,1.0,198.51088062074047,0.332600689776115
69b7d4e19605ebc57c75304b,69b7d4e19605ebc57c75304b,69b7d4e29605ebc57c75304c,0.0,0.0,0.0,0.0,0.0,0.058,0.0,0.0,0.0,0.0,0.0,0.0,0.0,0.0,0.0,0.0,0.0,0.942,0.0,0.0,0.0,0.0,0.0,0.0,0.0,0.0,0.0,0.0,0.0,0.0,97.0,500.0,2.0,1,0.034,0.21,18000,300.0,21.0,1.0,205.66048078152883,0.3861927865785935
69b7d4e19605ebc57c75304b,69b7d4e19605ebc57c75304b,69b7d4e29605ebc57c75304c,0.0,0.0,0.0,0.0,0.0,0.058,0.0,0.0,0.0,0.0,0.0,0.0,0.0,0.0,0.0,0.0,0.0,0.942,0.0,0.0,0.0,0.0,0.0,0.0,0.0,0.0,0.0,0.0,0.0,0.0,97.0,500.0,2.0,1,0.034,0.21,18000,300.0,21.0,1.0,210.33521934819814,0.44308177938855436
69b7d4e19605ebc57c75304b,69b7d4e19605ebc57c75304b,69b7d4e29605ebc57c75304c,0.0,0.0,0.0,0.0,0.0,0.058,0.0,0.0,0.0,0.0,0.0,0.0,0.0,0.0,0.0,0.0,0.0,0.942,0.0,0.0,0.0,0.0,0.0,0.0,0.0,0.0,0.0,0.0,0.0,0.0,97.0,500.0,2.0,1,0.034,0.21,18000,300.0,21.0,1.0,215.63027206119702,0.4934549209875099
69b7d4e19605ebc57c75304b,69b7d4e19605ebc57c75304b,69b7d4e29605ebc57c75304c,0.0,0.0,0.0,0.0,0.0,0.058,0.0,0.0,0.0,0.0,0.0,0.0,0.0,0.0,0.0,0.0,0.0,0.942,0.0,0.0,0.0,0.0,0.0,0.0,0.0,0.0,0.0,0.0,0.0,0.0,97.0,500.0,2.0,1,0.034,0.21,18000,300.0,21.0,1.0,222.40896273242748,0.548909803004618
69b7d4e19605ebc57c75304b,69b7d4e19605ebc57c75304b,69b7d4e29605ebc57c75304c,0.0,0.0,0.0,0.0,0.0,0.058,0.0,0.0,0.0,0.0,0.0,0.0,0.0,0.0,0.0,0.0,0.0,0.942,0.0,0.0,0.0,0.0,0.0,0.0,0.0,0.0,0.0,0.0,0.0,0.0,97.0,500.0,2.0,1,0.034,0.21,18000,300.0,21.0,1.0,227.57398395770778,0.6056585023674519
69b7d4e19605ebc57c75304b,69b7d4e19605ebc57c75304b,69b7d4e29605ebc57c75304c,0.0,0.0,0.0,0.0,0.0,0.058,0.0,0.0,0.0,0.0,0.0,0.0,0.0,0.0,0.0,0.0,0.0,0.942,0.0,0.0,0.0,0.0,0.0,0.0,0.0,0.0,0.0,0.0,0.0,0.0,97.0,500.0,2.0,1,0.034,0.21,18000,300.0,21.0,1.0,233.3337393645206,0.6530309230139708
69b7d4e19605ebc57c75304b,69b7d4e19605ebc57c75304b,69b7d4e29605ebc57c75304c,0.0,0.0,0.0,0.0,0.0,0.058,0.0,0.0,0.0,0.0,0.0,0.0,0.0,0.0,0.0,0.0,0.0,0.942,0.0,0.0,0.0,0.0,0.0,0.0,0.0,0.0,0.0,0.0,0.0,0.0,97.0,500.0,2.0,1,0.034,0.21,18000,300.0,21.0,1.0,239.05725648787083,0.694986457785312
69b7d4e19605ebc57c75304b,69b7d4e19605ebc57c75304b,69b7d4e29605ebc57c75304c,0.0,0.0,0.0,0.0,0.0,0.058,0.0,0.0,0.0,0.0,0.0,0.0,0.0,0.0,0.0,0.0,0.0,0.942,0.0,0.0,0.0,0.0,0.0,0.0,0.0,0.0,0.0,0.0,0.0,0.0,97.0,500.0,2.0,1,0.034,0.21,18000,300.0,21.0,1.0,245.07494320638767,0.7412209426940239
69b7d4e19605ebc57c75304b,69b7d4e19605ebc57c75304b,69b7d4e29605ebc57c75304c,0.0,0.0,0.0,0.0,0.0,0.058,0.0,0.0,0.0,0.0,0.0,0.0,0.0,0.0,0.0,0.0,0.0,0.942,0.0,0.0,0.0,0.0,0.0,0.0,0.0,0.0,0.0,0.0,0.0,0.0,97.0,500.0,2.0,1,0.034,0.21,18000,300.0,21.0,1.0,249.9436631727683,0.7775647395802888
69b7d4e19605ebc57c75304b,69b7d4e19605ebc57c75304b,69b7d4e29605ebc57c75304c,0.0,0.0,0.0,0.0,0.0,0.058,0.0,0.0,0.0,0.0,0.0,0.0,0.0,0.0,0.0,0.0,0.0,0.942,0.0,0.0,0.0,0.0,0.0,0.0,0.0,0.0,0.0,0.0,0.0,0.0,97.0,500.0,2.0,1,0.034,0.21,18000,300.0,21.0,1.0,255.98692985608224,0.8096607626507668
69b7d4e19605ebc57c75304b,69b7d4e19605ebc57c75304b,69b7d4e29605ebc57c75304c,0.0,0.0,0.0,0.0,0.0,0.058,0.0,0.0,0.0,0.0,0.0,0.0,0.0,0.0,0.0,0.0,0.0,0.942,0.0,0.0,0.0,0.0,0.0,0.0,0.0,0.0,0.0,0.0,0.0,0.0,97.0,500.0,2.0,1,0.034,0.21,18000,300.0,21.0,1.0,261.71257864316556,0.8391223865474171
69b7d4e19605ebc57c75304b,69b7d4e19605ebc57c75304b,69b7d4e29605ebc57c75304c,0.0,0.0,0.0,0.0,0.0,0.058,0.0,0.0,0.0,0.0,0.0,0.0,0.0,0.0,0.0,0.0,0.0,0.942,0.0,0.0,0.0,0.0,0.0,0.0,0.0,0.0,0.0,0.0,0.0,0.0,97.0,500.0,2.0,1,0.034,0.21,18000,300.0,21.0,1.0,272.1790475726441,0.8822937978605249
69b7d4e19605ebc57c75304b,69b7d4e19605ebc57c75304b,69b7d4e29605ebc57c75304c,0.0,0.0,0.0,0.0,0.0,0.058,0.0,0.0,0.0,0.0,0.0,0.0,0.0,0.0,0.0,0.0,0.0,0.942,0.0,0.0,0.0,0.0,0.0,0.0,0.0,0.0,0.0,0.0,0.0,0.0,97.0,500.0,2.0,1,0.034,0.21,18000,300.0,21.0,1.0,281.89090754060817,0.9150289355234699
69b7d4e19605ebc57c75304b,69b7d4e19605ebc57c75304b,69b7d4e29605ebc57c75304c,0.0,0.0,0.0,0.0,0.0,0.058,0.0,0.0,0.0,0.0,0.0,0.0,0.0,0.0,0.0,0.0,0.0,0.942,0.0,0.0,0.0,0.0,0.0,0.0,0.0,0.0,0.0,0.0,0.0,0.0,97.0,500.0,2.0,1,0.034,0.21,18000,300.0,21.0,1.0,292.87963408469403,0.9363535394867598
69b7d4e19605ebc57c75304b,69b7d4e19605ebc57c75304b,69b7d4e29605ebc57c75304c,0.0,0.0,0.0,0.0,0.0,0.058,0.0,0.0,0.0,0.0,0.0,0.0,0.0,0.0,0.0,0.0,0.0,0.942,0.0,0.0,0.0,0.0,0.0,0.0,0.0,0.0,0.0,0.0,0.0,0.0,97.0,500.0,2.0,1,0.034,0.21,18000,300.0,21.0,1.0,303.16277993312667,0.9520819937257653
69b7d4e29605ebc57c75304d,69b7d4e29605ebc57c75304d,69b7d4e29605ebc57c75304e,0.0,0.0,0.0,0.0,0.0,0.108,0.0,0.0,0.0,0.0,0.0,0.0,0.0,0.0,0.0,0.0,0.0,0.892,0.0,0.0,0.0,0.0,0.0,0.0,0.0,0.0,0.0,0.0,0.0,0.0,81.0,500.0,2.0,1,0.034,0.21,18000,300.0,21.0,1.0,144.36875346395357,0.06268389158434169
69b7d4e29605ebc57c75304d,69b7d4e29605ebc57c75304d,69b7d4e29605ebc57c75304e,0.0,0.0,0.0,0.0,0.0,0.108,0.0,0.0,0.0,0.0,0.0,0.0,0.0,0.0,0.0,0.0,0.0,0.892,0.0,0.0,0.0,0.0,0.0,0.0,0.0,0.0,0.0,0.0,0.0,0.0,81.0,500.0,2.0,1,0.034,0.21,18000,300.0,21.0,1.0,161.83986942037018,0.1034001675727285
69b7d4e29605ebc57c75304d,69b7d4e29605ebc57c75304d,69b7d4e29605ebc57c75304e,0.0,0.0,0.0,0.0,0.0,0.108,0.0,0.0,0.0,0.0,0.0,0.0,0.0,0.0,0.0,0.0,0.0,0.892,0.0,0.0,0.0,0.0,0.0,0.0,0.0,0.0,0.0,0.0,0.0,0.0,81.0,500.0,2.0,1,0.034,0.21,18000,300.0,21.0,1.0,174.2589423293603,0.16834044543169463
69b7d4e29605ebc57c75304d,69b7d4e29605ebc57c75304d,69b7d4e29605ebc57c75304e,0.0,0.0,0.0,0.0,0.0,0.108,0.0,0.0,0.0,0.0,0.0,0.0,0.0,0.0,0.0,0.0,0.0,0.892,0.0,0.0,0.0,0.0,0.0,0.0,0.0,0.0,0.0,0.0,0.0,0.0,81.0,500.0,2.0,1,0.034,0.21,18000,300.0,21.0,1.0,186.16002095120925,0.2526490130745699
69b7d4e29605ebc57c75304d,69b7d4e29605ebc57c75304d,69b7d4e29605ebc57c75304e,0.0,0.0,0.0,0.0,0.0,0.108,0.0,0.0,0.0,0.0,0.0,0.0,0.0,0.0,0.0,0.0,0.0,0.892,0.0,0.0,0.0,0.0,0.0,0.0,0.0,0.0,0.0,0.0,0.0,0.0,81.0,500.0,2.0,1,0.034,0.21,18000,300.0,21.0,1.0,194.98937213367358,0.34551548099218643
69b7d4e29605ebc57c75304d,69b7d4e29605ebc57c75304d,69b7d4e29605ebc57c75304e,0.0,0.0,0.0,0.0,0.0,0.108,0.0,0.0,0.0,0.0,0.0,0.0,0.0,0.0,0.0,0.0,0.0,0.892,0.0,0.0,0.0,0.0,0.0,0.0,0.0,0.0,0.0,0.0,0.0,0.0,81.0,500.0,2.0,1,0.034,0.21,18000,300.0,21.0,1.0,206.73697096673996,0.4615693380877224
69b7d4e29605ebc57c75304d,69b7d4e29605ebc57c75304d,69b7d4e29605ebc57c75304e,0.0,0.0,0.0,0.0,0.0,0.108,0.0,0.0,0.0,0.0,0.0,0.0,0.0,0.0,0.0,0.0,0.0,0.892,0.0,0.0,0.0,0.0,0.0,0.0,0.0,0.0,0.0,0.0,0.0,0.0,81.0,500.0,2.0,1,0.034,0.21,18000,300.0,21.0,1.0,217.99215547746223,0.576500847606243
69b7d4e29605ebc57c75304d,69b7d4e29605ebc57c75304d,69b7d4e29605ebc57c75304e,0.0,0.0,0.0,0.0,0.0,0.108,0.0,0.0,0.0,0.0,0.0,0.0,0.0,0.0,0.0,0.0,0.0,0.892,0.0,0.0,0.0,0.0,0.0,0.0,0.0,0.0,0.0,0.0,0.0,0.0,81.0,500.0,2.0,1,0.034,0.21,18000,300.0,21.0,1.0,228.36909453015085,0.6863506167066113
69b7d4e29605ebc57c75304d,69b7d4e29605ebc57c75304d,69b7d4e29605ebc57c75304e,0.0,0.0,0.0,0.0,0.0,0.108,0.0,0.0,0.0,0.0,0.0,0.0,0.0,0.0,0.0,0.0,0.0,0.892,0.0,0.0,0.0,0.0,0.0,0.0,0.0,0.0,0.0,0.0,0.0,0.0,81.0,500.0,2.0,1,0.034,0.21,18000,300.0,21.0,1.0,234.62126425930776,0.7283451218799323
69b7d4e29605ebc57c75304d,69b7d4e29605ebc57c75304d,69b7d4e29605ebc57c75304e,0.0,0.0,0.0,0.0,0.0,0.108,0.0,0.0,0.0,0.0,0.0,0.0,0.0,0.0,0.0,0.0,0.0,0.892,0.0,0.0,0.0,0.0,0.0,0.0,0.0,0.0,0.0,0.0,0.0,0.0,81.0,500.0,2.0,1,0.034,0.21,18000,300.0,21.0,1.0,239.66904397926805,0.7659593538707352
69b7d4e29605ebc57c75304d,69b7d4e29605ebc57c75304d,69b7d4e29605ebc57c75304e,0.0,0.0,0.0,0.0,0.0,0.108,0.0,0.0,0.0,0.0,0.0,0.0,0.0,0.0,0.0,0.0,0.0,0.892,0.0,0.0,0.0,0.0,0.0,0.0,0.0,0.0,0.0,0.0,0.0,0.0,81.0,500.0,2.0,1,0.034,0.21,18000,300.0,21.0,1.0,211.3733395862136,0.5234231601098965
69b7d4e29605ebc57c75304d,69b7d4e29605ebc57c75304d,69b7d4e29605ebc57c75304e,0.0,0.0,0.0,0.0,0.0,0.108,0.0,0.0,0.0,0.0,0.0,0.0,0.0,0.0,0.0,0.0,0.0,0.892,0.0,0.0,0.0,0.0,0.0,0.0,0.0,0.0,0.0,0.0,0.0,0.0,81.0,500.0,2.0,1,0.034,0.21,18000,300.0,21.0,1.0,200.56580445944053,0.3992400771613959
69b7d4e29605ebc57c75304d,69b7d4e29605ebc57c75304d,69b7d4e29605ebc57c75304e,0.0,0.0,0.0,0.0,0.0,0.108,0.0,0.0,0.0,0.0,0.0,0.0,0.0,0.0,0.0,0.0,0.0,0.892,0.0,0.0,0.0,0.0,0.0,0.0,0.0,0.0,0.0,0.0,0.0,0.0,81.0,500.0,2.0,1,0.034,0.21,18000,300.0,21.0,1.0,223.51742787363497,0.632992342316011
69b7d4e29605ebc57c75304d,69b7d4e29605ebc57c75304d,69b7d4e29605ebc57c75304e,0.0,0.0,0.0,0.0,0.0,0.108,0.0,0.0,0.0,0.0,0.0,0.0,0.0,0.0,0.0,0.0,0.0,0.892,0.0,0.0,0.0,0.0,0.0,0.0,0.0,0.0,0.0,0.0,0.0,0.0,81.0,500.0,2.0,1,0.034,0.21,18000,300.0,21.0,1.0,245.16234141944443,0.805896221819528
69b7d4e29605ebc57c75304d,69b7d4e29605ebc57c75304d,69b7d4e29605ebc57c75304e,0.0,0.0,0.0,0.0,0.0,0.108,0.0,0.0,0.0,0.0,0.0,0.0,0.0,0.0,0.0,0.0,0.0,0.892,0.0,0.0,0.0,0.0,0.0,0.0,0.0,0.0,0.0,0.0,0.0,0.0,81.0,500.0,2.0,1,0.034,0.21,18000,300.0,21.0,1.0,256.0210364758117,0.8602287562596209
69b7d4e29605ebc57c75304d,69b7d4e29605ebc57c75304d,69b7d4e29605ebc57c75304e,0.0,0.0,0.0,0.0,0.0,0.108,0.0,0.0,0.0,0.0,0.0,0.0,0.0,0.0,0.0,0.0,0.0,0.892,0.0,0.0,0.0,0.0,0.0,0.0,0.0,0.0,0.0,0.0,0.0,0.0,81.0,500.0,2.0,1,0.034,0.21,18000,300.0,21.0,1.0,266.2381007485185,0.9041328111299468
69b7d4e29605ebc57c75304d,69b7d4e29605ebc57c75304d,69b7d4e29605ebc57c75304e,0.0,0.0,0.0,0.0,0.0,0.108,0.0,0.0,0.0,0.0,0.0,0.0,0.0,0.0,0.0,0.0,0.0,0.892,0.0,0.0,0.0,0.0,0.0,0.0,0.0,0.0,0.0,0.0,0.0,0.0,81.0,500.0,2.0,1,0.034,0.21,18000,300.0,21.0,1.0,277.22895895633746,0.9361119229944856
69b7d4e39605ebc57c75304f,69b7d4e39605ebc57c75304f,69b7d4e39605ebc57c753050,0.0,0.0,0.0,0.0,0.0,0.266,0.0,0.0,0.0,0.0,0.0,0.0,0.0,0.0,0.0,0.0,0.0,0.734,0.0,0.0,0.0,0.0,0.0,0.0,0.0,0.0,0.0,0.0,0.0,0.0,84.0,500.0,2.0,1,0.034,0.21,18000,300.0,21.0,1.0,144.191825374107,0.06162389665049396
69b7d4e39605ebc57c75304f,69b7d4e39605ebc57c75304f,69b7d4e39605ebc57c753050,0.0,0.0,0.0,0.0,0.0,0.266,0.0,0.0,0.0,0.0,0.0,0.0,0.0,0.0,0.0,0.0,0.0,0.734,0.0,0.0,0.0,0.0,0.0,0.0,0.0,0.0,0.0,0.0,0.0,0.0,84.0,500.0,2.0,1,0.034,0.21,18000,300.0,21.0,1.0,159.62933412915447,0.0920286042750531
69b7d4e39605ebc57c75304f,69b7d4e39605ebc57c75304f,69b7d4e39605ebc57c753050,0.0,0.0,0.0,0.0,0.0,0.266,0.0,0.0,0.0,0.0,0.0,0.0,0.0,0.0,0.0,0.0,0.0,0.734,0.0,0.0,0.0,0.0,0.0,0.0,0.0,0.0,0.0,0.0,0.0,0.0,84.0,500.0,2.0,1,0.034,0.21,18000,300.0,21.0,1.0,170.71824886869558,0.12634594025837376
69b7d4e39605ebc57c75304f,69b7d4e39605ebc57c75304f,69b7d4e39605ebc57c753050,0.0,0.0,0.0,0.0,0.0,0.266,0.0,0.0,0.0,0.0,0.0,0.0,0.0,0.0,0.0,0.0,0.0,0.734,0.0,0.0,0.0,0.0,0.0,0.0,0.0,0.0,0.0,0.0,0.0,0.0,84.0,500.0,2.0,1,0.034,0.21,18000,300.0,21.0,1.0,181.03976466432385,0.16869897312990784
69b7d4e39605ebc57c75304f,69b7d4e39605ebc57c75304f,69b7d4e39605ebc57c753050,0.0,0.0,0.0,0.0,0.0,0.266,0.0,0.0,0.0,0.0,0.0,0.0,0.0,0.0,0.0,0.0,0.0,0.734,0.0,0.0,0.0,0.0,0.0,0.0,0.0,0.0,0.0,0.0,0.0,0.0,84.0,500.0,2.0,1,0.034,0.21,18000,300.0,21.0,1.0,191.80040318896894,0.2206309308080513
69b7d4e39605ebc57c75304f,69b7d4e39605ebc57c75304f,69b7d4e39605ebc57c753050,0.0,0.0,0.0,0.0,0.0,0.266,0.0,0.0,0.0,0.0,0.0,0.0,0.0,0.0,0.0,0.0,0.0,0.734,0.0,0.0,0.0,0.0,0.0,0.0,0.0,0.0,0.0,0.0,0.0,0.0,84.0,500.0,2.0,1,0.034,0.21,18000,300.0,21.0,1.0,202.467248509358,0.2808947604294538
69b7d4e39605ebc57c75304f,69b7d4e39605ebc57c75304f,69b7d4e39605ebc57c753050,0.0,0.0,0.0,0.0,0.0,0.266,0.0,0.0,0.0,0.0,0.0,0.0,0.0,0.0,0.0,0.0,0.0,0.734,0.0,0.0,0.0,0.0,0.0,0.0,0.0,0.0,0.0,0.0,0.0,0.0,84.0,500.0,2.0,1,0.034,0.21,18000,300.0,21.0,1.0,213.53271494783513,0.3444243097367549
69b7d4e39605ebc57c75304f,69b7d4e39605ebc57c75304f,69b7d4e39605ebc57c753050,0.0,0.0,0.0,0.0,0.0,0.266,0.0,0.0,0.0,0.0,0.0,0.0,0.0,0.0,0.0,0.0,0.0,0.734,0.0,0.0,0.0,0.0,0.0,0.0,0.0,0.0,0.0,0.0,0.0,0.0,84.0,500.0,2.0,1,0.034,0.21,18000,300.0,21.0,1.0,224.95630089347162,0.41769645953898016
69b7d4e39605ebc57c75304f,69b7d4e39605ebc57c75304f,69b7d4e39605ebc57c753050,0.0,0.0,0.0,0.0,0.0,0.266,0.0,0.0,0.0,0.0,0.0,0.0,0.0,0.0,0.0,0.0,0.0,0.734,0.0,0.0,0.0,0.0,0.0,0.0,0.0,0.0,0.0,0.0,0.0,0.0,84.0,500.0,2.0,1,0.034,0.21,18000,300.0,21.0,1.0,219.33510362930977,0.37920149646343604
69b7d4e39605ebc57c75304f,69b7d4e39605ebc57c75304f,69b7d4e39605ebc57c753050,0.0,0.0,0.0,0.0,0.0,0.266,0.0,0.0,0.0,0.0,0.0,0.0,0.0,0.0,0.0,0.0,0.0,0.734,0.0,0.0,0.0,0.0,0.0,0.0,0.0,0.0,0.0,0.0,0.0,0.0,84.0,500.0,2.0,1,0.034,0.21,18000,300.0,21.0,1.0,207.83904111674818,0.3149938621616882
69b7d4e39605ebc57c75304f,69b7d4e39605ebc57c75304f,69b7d4e39605ebc57c753050,0.0,0.0,0.0,0.0,0.0,0.266,0.0,0.0,0.0,0.0,0.0,0.0,0.0,0.0,0.0,0.0,0.0,0.734,0.0,0.0,0.0,0.0,0.0,0.0,0.0,0.0,0.0,0.0,0.0,0.0,84.0,500.0,2.0,1,0.034,0.21,18000,300.0,21.0,1.0,197.14235250409584,0.24724771536018395
69b7d4e39605ebc57c75304f,69b7d4e39605ebc57c75304f,69b7d4e39605ebc57c753050,0.0,0.0,0.0,0.0,0.0,0.266,0.0,0.0,0.0,0.0,0.0,0.0,0.0,0.0,0.0,0.0,0.0,0.734,0.0,0.0,0.0,0.0,0.0,0.0,0.0,0.0,0.0,0.0,0.0,0.0,84.0,500.0,2.0,1,0.034,0.21,18000,300.0,21.0,1.0,230.43680835124945,0.4501821866292551
69b7d4e39605ebc57c75304f,69b7d4e39605ebc57c75304f,69b7d4e39605ebc57c753050,0.0,0.0,0.0,0.0,0.0,0.266,0.0,0.0,0.0,0.0,0.0,0.0,0.0,0.0,0.0,0.0,0.0,0.734,0.0,0.0,0.0,0.0,0.0,0.0,0.0,0.0,0.0,0.0,0.0,0.0,84.0,500.0,2.0,1,0.034,0.21,18000,300.0,21.0,1.0,236.13048218233644,0.4834784980807077
69b7d4e39605ebc57c75304f,69b7d4e39605ebc57c75304f,69b7d4e39605ebc57c753050,0.0,0.0,0.0,0.0,0.0,0.266,0.0,0.0,0.0,0.0,0.0,0.0,0.0,0.0,0.0,0.0,0.0,0.734,0.0,0.0,0.0,0.0,0.0,0.0,0.0,0.0,0.0,0.0,0.0,0.0,84.0,500.0,2.0,1,0.034,0.21,18000,300.0,21.0,1.0,241.3829016206735,0.5195183258315309
69b7d4e39605ebc57c75304f,69b7d4e39605ebc57c75304f,69b7d4e39605ebc57c753050,0.0,0.0,0.0,0.0,0.0,0.266,0.0,0.0,0.0,0.0,0.0,0.0,0.0,0.0,0.0,0.0,0.0,0.734,0.0,0.0,0.0,0.0,0.0,0.0,0.0,0.0,0.0,0.0,0.0,0.0,84.0,500.0,2.0,1,0.034,0.21,18000,300.0,21.0,1.0,246.49676291635961,0.5535550749205977
69b7d4e39605ebc57c75304f,69b7d4e39605ebc57c75304f,69b7d4e39605ebc57c753050,0.0,0.0,0.0,0.0,0.0,0.266,0.0,0.0,0.0,0.0,0.0,0.0,0.0,0.0,0.0,0.0,0.0,0.734,0.0,0.0,0.0,0.0,0.0,0.0,0.0,0.0,0.0,0.0,0.0,0.0,84.0,500.0,2.0,1,0.034,0.21,18000,300.0,21.0,1.0,251.93037377200943,0.5844975740924767
69b7d4e39605ebc57c75304f,69b7d4e39605ebc57c75304f,69b7d4e39605ebc57c753050,0.0,0.0,0.0,0.0,0.0,0.266,0.0,0.0,0.0,0.0,0.0,0.0,0.0,0.0,0.0,0.0,0.0,0.734,0.0,0.0,0.0,0.0,0.0,0.0,0.0,0.0,0.0,0.0,0.0,0.0,84.0,500.0,2.0,1,0.034,0.21,18000,300.0,21.0,1.0,257.2979030519334,0.6220260711989244
69b7d4e39605ebc57c75304f,69b7d4e39605ebc57c75304f,69b7d4e39605ebc57c753050,0.0,0.0,0.0,0.0,0.0,0.266,0.0,0.0,0.0,0.0,0.0,0.0,0.0,0.0,0.0,0.0,0.0,0.734,0.0,0.0,0.0,0.0,0.0,0.0,0.0,0.0,0.0,0.0,0.0,0.0,84.0,500.0,2.0,1,0.034,0.21,18000,300.0,21.0,1.0,262.4948992332101,0.6542623877165292
69b7d4e39605ebc57c75304f,69b7d4e39605ebc57c75304f,69b7d4e39605ebc57c753050,0.0,0.0,0.0,0.0,0.0,0.266,0.0,0.0,0.0,0.0,0.0,0.0,0.0,0.0,0.0,0.0,0.0,0.734,0.0,0.0,0.0,0.0,0.0,0.0,0.0,0.0,0.0,0.0,0.0,0.0,84.0,500.0,2.0,1,0.034,0.21,18000,300.0,21.0,1.0,267.3955941555871,0.6826172521969565
69b7d4e39605ebc57c75304f,69b7d4e39605ebc57c75304f,69b7d4e39605ebc57c753050,0.0,0.0,0.0,0.0,0.0,0.266,0.0,0.0,0.0,0.0,0.0,0.0,0.0,0.0,0.0,0.0,0.0,0.734,0.0,0.0,0.0,0.0,0.0,0.0,0.0,0.0,0.0,0.0,0.0,0.0,84.0,500.0,2.0,1,0.034,0.21,18000,300.0,21.0,1.0,273.391964236773,0.7160304748543481
69b7d4e39605ebc57c75304f,69b7d4e39605ebc57c75304f,69b7d4e39605ebc57c753050,0.0,0.0,0.0,0.0,0.0,0.266,0.0,0.0,0.0,0.0,0.0,0.0,0.0,0.0,0.0,0.0,0.0,0.734,0.0,0.0,0.0,0.0,0.0,0.0,0.0,0.0,0.0,0.0,0.0,0.0,84.0,500.0,2.0,1,0.034,0.21,18000,300.0,21.0,1.0,283.4853920129605,0.7692250735566337
69b7d4e39605ebc57c75304f,69b7d4e39605ebc57c75304f,69b7d4e39605ebc57c753050,0.0,0.0,0.0,0.0,0.0,0.266,0.0,0.0,0.0,0.0,0.0,0.0,0.0,0.0,0.0,0.0,0.0,0.734,0.0,0.0,0.0,0.0,0.0,0.0,0.0,0.0,0.0,0.0,0.0,0.0,84.0,500.0,2.0,1,0.034,0.21,18000,300.0,21.0,1.0,294.67662661169004,0.8183043978098634
69b7d4e39605ebc57c75304f,69b7d4e39605ebc57c75304f,69b7d4e39605ebc57c753050,0.0,0.0,0.0,0.0,0.0,0.266,0.0,0.0,0.0,0.0,0.0,0.0,0.0,0.0,0.0,0.0,0.0,0.734,0.0,0.0,0.0,0.0,0.0,0.0,0.0,0.0,0.0,0.0,0.0,0.0,84.0,500.0,2.0,1,0.034,0.21,18000,300.0,21.0,1.0,305.0663556467772,0.857103330020849
69b7d4e39605ebc57c75304f,69b7d4e39605ebc57c75304f,69b7d4e39605ebc57c753050,0.0,0.0,0.0,0.0,0.0,0.266,0.0,0.0,0.0,0.0,0.0,0.0,0.0,0.0,0.0,0.0,0.0,0.734,0.0,0.0,0.0,0.0,0.0,0.0,0.0,0.0,0.0,0.0,0.0,0.0,84.0,500.0,2.0,1,0.034,0.21,18000,300.0,21.0,1.0,315.86536411861795,0.8914284600845658
69b7d4e39605ebc57c75304f,69b7d4e39605ebc57c75304f,69b7d4e39605ebc57c753050,0.0,0.0,0.0,0.0,0.0,0.266,0.0,0.0,0.0,0.0,0.0,0.0,0.0,0.0,0.0,0.0,0.0,0.734,0.0,0.0,0.0,0.0,0.0,0.0,0.0,0.0,0.0,0.0,0.0,0.0,84.0,500.0,2.0,1,0.034,0.21,18000,300.0,21.0,1.0,327.43177153437153,0.9206017030065665
69b7d4e79605ebc57c75305d,69b7d4e79605ebc57c75305d,69b7d4e89605ebc57c75305e,0.0,0.0,0.0,0.0,0.0,0.0,0.0,0.0,0.0,0.0,0.0,0.0,0.0,0.0,0.0,0.0,0.198,0.802,0.0,0.0,0.0,0.0,0.0,0.0,0.0,0.0,0.0,0.0,0.0,0.0,197.6,300.0,4.0,1,0.005,0.2,12000,0.0,0.0,0.0,109.95131742672638,0.019263961259396806
69b7d4e79605ebc57c75305d,69b7d4e79605ebc57c75305d,69b7d4e89605ebc57c75305e,0.0,0.0,0.0,0.0,0.0,0.0,0.0,0.0,0.0,0.0,0.0,0.0,0.0,0.0,0.0,0.0,0.198,0.802,0.0,0.0,0.0,0.0,0.0,0.0,0.0,0.0,0.0,0.0,0.0,0.0,197.6,300.0,4.0,1,0.005,0.2,12000,0.0,0.0,0.0,120.02752018601103,0.06030315176402261
69b7d4e79605ebc57c75305d,69b7d4e79605ebc57c75305d,69b7d4e89605ebc57c75305e,0.0,0.0,0.0,0.0,0.0,0.0,0.0,0.0,0.0,0.0,0.0,0.0,0.0,0.0,0.0,0.0,0.198,0.802,0.0,0.0,0.0,0.0,0.0,0.0,0.0,0.0,0.0,0.0,0.0,0.0,197.6,300.0,4.0,1,0.005,0.2,12000,0.0,0.0,0.0,129.97838348425537,0.09906011501116574
69b7d4e79605ebc57c75305d,69b7d4e79605ebc57c75305d,69b7d4e89605ebc57c75305e,0.0,0.0,0.0,0.0,0.0,0.0,0.0,0.0,0.0,0.0,0.0,0.0,0.0,0.0,0.0,0.0,0.198,0.802,0.0,0.0,0.0,0.0,0.0,0.0,0.0,0.0,0.0,0.0,0.0,0.0,197.6,300.0,4.0,1,0.005,0.2,12000,0.0,0.0,0.0,140.0255220206901,0.15968228778967516
69b7d4e79605ebc57c75305d,69b7d4e79605ebc57c75305d,69b7d4e89605ebc57c75305e,0.0,0.0,0.0,0.0,0.0,0.0,0.0,0.0,0.0,0.0,0.0,0.0,0.0,0.0,0.0,0.0,0.198,0.802,0.0,0.0,0.0,0.0,0.0,0.0,0.0,0.0,0.0,0.0,0.0,0.0,197.6,300.0,4.0,1,0.005,0.2,12000,0.0,0.0,0.0,150.1253394610403,0.23973202234783106
69b7d4e79605ebc57c75305d,69b7d4e79605ebc57c75305d,69b7d4e89605ebc57c75305e,0.0,0.0,0.0,0.0,0.0,0.0,0.0,0.0,0.0,0.0,0.0,0.0,0.0,0.0,0.0,0.0,0.198,0.802,0.0,0.0,0.0,0.0,0.0,0.0,0.0,0.0,0.0,0.0,0.0,0.0,197.6,300.0,4.0,1,0.005,0.2,12000,0.0,0.0,0.0,159.99445963251924,0.35117669674189567
69b7d4e79605ebc57c75305d,69b7d4e79605ebc57c75305d,69b7d4e89605ebc57c75305e,0.0,0.0,0.0,0.0,0.0,0.0,0.0,0.0,0.0,0.0,0.0,0.0,0.0,0.0,0.0,0.0,0.198,0.802,0.0,0.0,0.0,0.0,0.0,0.0,0.0,0.0,0.0,0.0,0.0,0.0,197.6,300.0,4.0,1,0.005,0.2,12000,0.0,0.0,0.0,170.0888275310851,0.5002658508454058
69b7d4e79605ebc57c75305d,69b7d4e79605ebc57c75305d,69b7d4e89605ebc57c75305e,0.0,0.0,0.0,0.0,0.0,0.0,0.0,0.0,0.0,0.0,0.0,0.0,0.0,0.0,0.0,0.0,0.198,0.802,0.0,0.0,0.0,0.0,0.0,0.0,0.0,0.0,0.0,0.0,0.0,0.0,197.6,300.0,4.0,1,0.005,0.2,12000,0.0,0.0,0.0,180.00517706469515,0.6091910772276256
69b7d4e79605ebc57c75305d,69b7d4e79605ebc57c75305d,69b7d4e89605ebc57c75305e,0.0,0.0,0.0,0.0,0.0,0.0,0.0,0.0,0.0,0.0,0.0,0.0,0.0,0.0,0.0,0.0,0.198,0.802,0.0,0.0,0.0,0.0,0.0,0.0,0.0,0.0,0.0,0.0,0.0,0.0,197.6,300.0,4.0,1,0.005,0.2,12000,0.0,0.0,0.0,189.93787522365827,0.7101325982216623
69b7d4e79605ebc57c75305d,69b7d4e79605ebc57c75305d,69b7d4e89605ebc57c75305e,0.0,0.0,0.0,0.0,0.0,0.0,0.0,0.0,0.0,0.0,0.0,0.0,0.0,0.0,0.0,0.0,0.198,0.802,0.0,0.0,0.0,0.0,0.0,0.0,0.0,0.0,0.0,0.0,0.0,0.0,197.6,300.0,4.0,1,0.005,0.2,12000,0.0,0.0,0.0,200.05040826150534,0.8092172533108655
69b7d4e79605ebc57c75305d,69b7d4e79605ebc57c75305d,69b7d4e89605ebc57c75305e,0.0,0.0,0.0,0.0,0.0,0.0,0.0,0.0,0.0,0.0,0.0,0.0,0.0,0.0,0.0,0.0,0.198,0.802,0.0,0.0,0.0,0.0,0.0,0.0,0.0,0.0,0.0,0.0,0.0,0.0,197.6,300.0,4.0,1,0.005,0.2,12000,0.0,0.0,0.0,209.87229907085313,0.8799499382408036
69b7d4e79605ebc57c75305d,69b7d4e79605ebc57c75305d,69b7d4e89605ebc57c75305e,0.0,0.0,0.0,0.0,0.0,0.0,0.0,0.0,0.0,0.0,0.0,0.0,0.0,0.0,0.0,0.0,0.198,0.802,0.0,0.0,0.0,0.0,0.0,0.0,0.0,0.0,0.0,0.0,0.0,0.0,197.6,300.0,4.0,1,0.005,0.2,12000,0.0,0.0,0.0,219.96303394156274,0.9099379136025653
69b7d4e79605ebc57c75305d,69b7d4e79605ebc57c75305d,69b7d4e89605ebc57c75305e,0.0,0.0,0.0,0.0,0.0,0.0,0.0,0.0,0.0,0.0,0.0,0.0,0.0,0.0,0.0,0.0,0.198,0.802,0.0,0.0,0.0,0.0,0.0,0.0,0.0,0.0,0.0,0.0,0.0,0.0,197.6,300.0,4.0,1,0.005,0.2,12000,0.0,0.0,0.0,230.00653945014125,0.9294963557984114
69b7d4e79605ebc57c75305d,69b7d4e79605ebc57c75305d,69b7d4e89605ebc57c75305e,0.0,0.0,0.0,0.0,0.0,0.0,0.0,0.0,0.0,0.0,0.0,0.0,0.0,0.0,0.0,0.0,0.198,0.802,0.0,0.0,0.0,0.0,0.0,0.0,0.0,0.0,0.0,0.0,0.0,0.0,197.6,300.0,4.0,1,0.005,0.2,12000,0.0,0.0,0.0,250.22070644226665,0.9603841340215462
69b7d4e89605ebc57c75305f,69b7d4e89605ebc57c75305f,69b7d4e89605ebc57c753060,0.0,0.0,0.0,0.0,0.0,0.0,0.0,0.0,0.0,0.0,0.0,0.0,0.0,0.0,0.0,0.0,0.0,0.801,0.199,0.0,0.0,0.0,0.0,0.0,0.0,0.0,0.0,0.0,0.0,0.0,193.8,300.0,4.0,1,0.005,0.2,12000,0.0,0.0,0.0,129.93478714998048,0.02840105031534
69b7d4e89605ebc57c75305f,69b7d4e89605ebc57c75305f,69b7d4e89605ebc57c753060,0.0,0.0,0.0,0.0,0.0,0.0,0.0,0.0,0.0,0.0,0.0,0.0,0.0,0.0,0.0,0.0,0.0,0.801,0.199,0.0,0.0,0.0,0.0,0.0,0.0,0.0,0.0,0.0,0.0,0.0,193.8,300.0,4.0,1,0.005,0.2,12000,0.0,0.0,0.0,140.06548532710875,0.07907631146267045
69b7d4e89605ebc57c75305f,69b7d4e89605ebc57c75305f,69b7d4e89605ebc57c753060,0.0,0.0,0.0,0.0,0.0,0.0,0.0,0.0,0.0,0.0,0.0,0.0,0.0,0.0,0.0,0.0,0.0,0.801,0.199,0.0,0.0,0.0,0.0,0.0,0.0,0.0,0.0,0.0,0.0,0.0,193.8,300.0,4.0,1,0.005,0.2,12000,0.0,0.0,0.0,149.96366972143758,0.13877414130176935
69b7d4e89605ebc57c75305f,69b7d4e89605ebc57c75305f,69b7d4e89605ebc57c753060,0.0,0.0,0.0,0.0,0.0,0.0,0.0,0.0,0.0,0.0,0.0,0.0,0.0,0.0,0.0,0.0,0.0,0.801,0.199,0.0,0.0,0.0,0.0,0.0,0.0,0.0,0.0,0.0,0.0,0.0,193.8,300.0,4.0,1,0.005,0.2,12000,0.0,0.0,0.0,160.0634871617878,0.24994887483742198
69b7d4e89605ebc57c75305f,69b7d4e89605ebc57c75305f,69b7d4e89605ebc57c753060,0.0,0.0,0.0,0.0,0.0,0.0,0.0,0.0,0.0,0.0,0.0,0.0,0.0,0.0,0.0,0.0,0.0,0.801,0.199,0.0,0.0,0.0,0.0,0.0,0.0,0.0,0.0,0.0,0.0,0.0,193.8,300.0,4.0,1,0.005,0.2,12000,0.0,0.0,0.0,169.92352476362612,0.35997840473132703
69b7d4e89605ebc57c75305f,69b7d4e89605ebc57c75305f,69b7d4e89605ebc57c753060,0.0,0.0,0.0,0.0,0.0,0.0,0.0,0.0,0.0,0.0,0.0,0.0,0.0,0.0,0.0,0.0,0.0,0.801,0.199,0.0,0.0,0.0,0.0,0.0,0.0,0.0,0.0,0.0,0.0,0.0,193.8,300.0,4.0,1,0.005,0.2,12000,0.0,0.0,0.0,180.01244312040762,0.4995378285302947
69b7d4e89605ebc57c75305f,69b7d4e89605ebc57c75305f,69b7d4e89605ebc57c753060,0.0,0.0,0.0,0.0,0.0,0.0,0.0,0.0,0.0,0.0,0.0,0.0,0.0,0.0,0.0,0.0,0.0,0.801,0.199,0.0,0.0,0.0,0.0,0.0,0.0,0.0,0.0,0.0,0.0,0.0,193.8,300.0,4.0,1,0.005,0.2,12000,0.0,0.0,0.0,190.08864587969228,0.5694443308329721
69b7d4e89605ebc57c75305f,69b7d4e89605ebc57c75305f,69b7d4e89605ebc57c753060,0.0,0.0,0.0,0.0,0.0,0.0,0.0,0.0,0.0,0.0,0.0,0.0,0.0,0.0,0.0,0.0,0.0,0.801,0.199,0.0,0.0,0.0,0.0,0.0,0.0,0.0,0.0,0.0,0.0,0.0,193.8,300.0,4.0,1,0.005,0.2,12000,0.0,0.0,0.0,200.12125230470204,0.6497640062495398
69b7d4e89605ebc57c75305f,69b7d4e89605ebc57c75305f,69b7d4e89605ebc57c753060,0.0,0.0,0.0,0.0,0.0,0.0,0.0,0.0,0.0,0.0,0.0,0.0,0.0,0.0,0.0,0.0,0.0,0.801,0.199,0.0,0.0,0.0,0.0,0.0,0.0,0.0,0.0,0.0,0.0,0.0,193.8,300.0,4.0,1,0.005,0.2,12000,0.0,0.0,0.0,209.94495962797794,0.7794664987034658
69b7d4e89605ebc57c75305f,69b7d4e89605ebc57c75305f,69b7d4e89605ebc57c753060,0.0,0.0,0.0,0.0,0.0,0.0,0.0,0.0,0.0,0.0,0.0,0.0,0.0,0.0,0.0,0.0,0.0,0.801,0.199,0.0,0.0,0.0,0.0,0.0,0.0,0.0,0.0,0.0,0.0,0.0,193.8,300.0,4.0,1,0.005,0.2,12000,0.0,0.0,0.0,219.95395137192213,0.8594671531055468
69b7d4e89605ebc57c75305f,69b7d4e89605ebc57c75305f,69b7d4e89605ebc57c753060,0.0,0.0,0.0,0.0,0.0,0.0,0.0,0.0,0.0,0.0,0.0,0.0,0.0,0.0,0.0,0.0,0.0,0.801,0.199,0.0,0.0,0.0,0.0,0.0,0.0,0.0,0.0,0.0,0.0,0.0,193.8,300.0,4.0,1,0.005,0.2,12000,0.0,0.0,0.0,239.88655870518886,0.8991648193441254
69b7d4e89605ebc57c75305f,69b7d4e89605ebc57c75305f,69b7d4e89605ebc57c753060,0.0,0.0,0.0,0.0,0.0,0.0,0.0,0.0,0.0,0.0,0.0,0.0,0.0,0.0,0.0,0.0,0.0,0.801,0.199,0.0,0.0,0.0,0.0,0.0,0.0,0.0,0.0,0.0,0.0,0.0,193.8,300.0,4.0,1,0.005,0.2,12000,0.0,0.0,0.0,260.02988165411756,0.9399995091984392
69b7d4ea9605ebc57c753065,69b7d4ea9605ebc57c753065,69b7d4ea9605ebc57c753066,0.0,0.0,0.0,0.0,0.0,0.0,0.0,0.0,0.0,0.0,0.0,0.0,0.0,0.0,0.0,0.0,0.0,1.0,0.0,0.0,0.0,0.0,0.0,0.0,0.0,0.0,0.0,0.0,0.0,0.0,184.3,300.0,4.0,1,0.005,0.2,12000,0.0,0.0,0.0,170.03433211324148,0.05923974838239985
69b7d4ea9605ebc57c753065,69b7d4ea9605ebc57c753065,69b7d4ea9605ebc57c753066,0.0,0.0,0.0,0.0,0.0,0.0,0.0,0.0,0.0,0.0,0.0,0.0,0.0,0.0,0.0,0.0,0.0,1.0,0.0,0.0,0.0,0.0,0.0,0.0,0.0,0.0,0.0,0.0,0.0,0.0,184.3,300.0,4.0,1,0.005,0.2,12000,0.0,0.0,0.0,179.97247981398897,0.1384142201572201
69b7d4ea9605ebc57c753065,69b7d4ea9605ebc57c753065,69b7d4ea9605ebc57c753066,0.0,0.0,0.0,0.0,0.0,0.0,0.0,0.0,0.0,0.0,0.0,0.0,0.0,0.0,0.0,0.0,0.0,1.0,0.0,0.0,0.0,0.0,0.0,0.0,0.0,0.0,0.0,0.0,0.0,0.0,184.3,300.0,4.0,1,0.005,0.2,12000,0.0,0.0,0.0,190.07956331005167,0.18841871917152694
69b7d4ea9605ebc57c753065,69b7d4ea9605ebc57c753065,69b7d4ea9605ebc57c753066,0.0,0.0,0.0,0.0,0.0,0.0,0.0,0.0,0.0,0.0,0.0,0.0,0.0,0.0,0.0,0.0,0.0,1.0,0.0,0.0,0.0,0.0,0.0,0.0,0.0,0.0,0.0,0.0,0.0,0.0,184.3,300.0,4.0,1,0.005,0.2,12000,0.0,0.0,0.0,199.94323393974622,0.24882003124769939
69b7d4ea9605ebc57c753065,69b7d4ea9605ebc57c753065,69b7d4ea9605ebc57c753066,0.0,0.0,0.0,0.0,0.0,0.0,0.0,0.0,0.0,0.0,0.0,0.0,0.0,0.0,0.0,0.0,0.0,1.0,0.0,0.0,0.0,0.0,0.0,0.0,0.0,0.0,0.0,0.0,0.0,0.0,184.3,300.0,4.0,1,0.005,0.2,12000,0.0,0.0,0.0,210.0285192686715,0.36905823360518286
69b7d4ea9605ebc57c753065,69b7d4ea9605ebc57c753065,69b7d4ea9605ebc57c753066,0.0,0.0,0.0,0.0,0.0,0.0,0.0,0.0,0.0,0.0,0.0,0.0,0.0,0.0,0.0,0.0,0.0,1.0,0.0,0.0,0.0,0.0,0.0,0.0,0.0,0.0,0.0,0.0,0.0,0.0,184.3,300.0,4.0,1,0.005,0.2,12000,0.0,0.0,0.0,220.0992724861718,0.49871982592904646
69b7d4ea9605ebc57c753065,69b7d4ea9605ebc57c753065,69b7d4ea9605ebc57c753066,0.0,0.0,0.0,0.0,0.0,0.0,0.0,0.0,0.0,0.0,0.0,0.0,0.0,0.0,0.0,0.0,0.0,1.0,0.0,0.0,0.0,0.0,0.0,0.0,0.0,0.0,0.0,0.0,0.0,0.0,184.3,300.0,4.0,1,0.005,0.2,12000,0.0,0.0,0.0,230.00653945014125,0.579121301605739
69b7d4ea9605ebc57c753065,69b7d4ea9605ebc57c753065,69b7d4ea9605ebc57c753066,0.0,0.0,0.0,0.0,0.0,0.0,0.0,0.0,0.0,0.0,0.0,0.0,0.0,0.0,0.0,0.0,0.0,1.0,0.0,0.0,0.0,0.0,0.0,0.0,0.0,0.0,0.0,0.0,0.0,0.0,184.3,300.0,4.0,1,0.005,0.2,12000,0.0,0.0,0.0,240.05004495871972,0.6491177841945537
69b7d4ea9605ebc57c753065,69b7d4ea9605ebc57c753065,69b7d4ea9605ebc57c753066,0.0,0.0,0.0,0.0,0.0,0.0,0.0,0.0,0.0,0.0,0.0,0.0,0.0,0.0,0.0,0.0,0.0,1.0,0.0,0.0,0.0,0.0,0.0,0.0,0.0,0.0,0.0,0.0,0.0,0.0,184.3,300.0,4.0,1,0.005,0.2,12000,0.0,0.0,0.0,250.10626606479505,0.748660520740456
69b7d4ea9605ebc57c753065,69b7d4ea9605ebc57c753065,69b7d4ea9605ebc57c753066,0.0,0.0,0.0,0.0,0.0,0.0,0.0,0.0,0.0,0.0,0.0,0.0,0.0,0.0,0.0,0.0,0.0,1.0,0.0,0.0,0.0,0.0,0.0,0.0,0.0,0.0,0.0,0.0,0.0,0.0,184.3,300.0,4.0,1,0.005,0.2,12000,0.0,0.0,0.0,260.0135330287645,0.8196713265548184
69b7d4ea9605ebc57c753065,69b7d4ea9605ebc57c753065,69b7d4ea9605ebc57c753066,0.0,0.0,0.0,0.0,0.0,0.0,0.0,0.0,0.0,0.0,0.0,0.0,0.0,0.0,0.0,0.0,0.0,1.0,0.0,0.0,0.0,0.0,0.0,0.0,0.0,0.0,0.0,0.0,0.0,0.0,184.3,300.0,4.0,1,0.005,0.2,12000,0.0,0.0,0.0,269.9153504509496,0.8698557861413999
69b7d4ea9605ebc57c753065,69b7d4ea9605ebc57c753065,69b7d4ea9605ebc57c753066,0.0,0.0,0.0,0.0,0.0,0.0,0.0,0.0,0.0,0.0,0.0,0.0,0.0,0.0,0.0,0.0,0.0,1.0,0.0,0.0,0.0,0.0,0.0,0.0,0.0,0.0,0.0,0.0,0.0,0.0,184.3,300.0,4.0,1,0.005,0.2,12000,0.0,0.0,0.0,290.1549486380687,0.9087681698827802
69b7d4ea9605ebc57c753065,69b7d4ea9605ebc57c753065,69b7d4ea9605ebc57c753066,0.0,0.0,0.0,0.0,0.0,0.0,0.0,0.0,0.0,0.0,0.0,0.0,0.0,0.0,0.0,0.0,0.0,1.0,0.0,0.0,0.0,0.0,0.0,0.0,0.0,0.0,0.0,0.0,0.0,0.0,184.3,300.0,4.0,1,0.005,0.2,12000,0.0,0.0,0.0,309.9349688013733,0.9596561117064353
69b7d4ed9605ebc57c75306f,69b7d4ed9605ebc57c75306f,69b7d4ee9605ebc57c753070,0.0,0.0,0.0,0.0,0.0,0.0,0.0,0.0,0.0,0.0,0.0,0.0,0.0,0.0,0.0,0.0,0.0,0.8,0.2,0.0,0.0,0.0,0.0,0.0,0.0,0.0,0.0,0.0,0.0,0.0,50.5,750.0,3.0,1,0.005,0.2,24000,0.0,0.0,0.0,230.129488218343,0.03532629196529611
69b7d4ed9605ebc57c75306f,69b7d4ed9605ebc57c75306f,69b7d4ee9605ebc57c753070,0.0,0.0,0.0,0.0,0.0,0.0,0.0,0.0,0.0,0.0,0.0,0.0,0.0,0.0,0.0,0.0,0.0,0.8,0.2,0.0,0.0,0.0,0.0,0.0,0.0,0.0,0.0,0.0,0.0,0.0,50.5,750.0,3.0,1,0.005,0.2,24000,0.0,0.0,0.0,240.16656917933557,0.05291399471897397
69b7d4ed9605ebc57c75306f,69b7d4ed9605ebc57c75306f,69b7d4ee9605ebc57c753070,0.0,0.0,0.0,0.0,0.0,0.0,0.0,0.0,0.0,0.0,0.0,0.0,0.0,0.0,0.0,0.0,0.0,0.8,0.2,0.0,0.0,0.0,0.0,0.0,0.0,0.0,0.0,0.0,0.0,0.0,50.5,750.0,3.0,1,0.005,0.2,24000,0.0,0.0,0.0,250.18003852985527,0.07766880422482082
69b7d4ed9605ebc57c75306f,69b7d4ed9605ebc57c75306f,69b7d4ee9605ebc57c753070,0.0,0.0,0.0,0.0,0.0,0.0,0.0,0.0,0.0,0.0,0.0,0.0,0.0,0.0,0.0,0.0,0.0,0.8,0.2,0.0,0.0,0.0,0.0,0.0,0.0,0.0,0.0,0.0,0.0,0.0,50.5,750.0,3.0,1,0.005,0.2,24000,0.0,0.0,0.0,260.00998127169987,0.11057148245944927
69b7d4ed9605ebc57c75306f,69b7d4ed9605ebc57c75306f,69b7d4ee9605ebc57c753070,0.0,0.0,0.0,0.0,0.0,0.0,0.0,0.0,0.0,0.0,0.0,0.0,0.0,0.0,0.0,0.0,0.0,0.8,0.2,0.0,0.0,0.0,0.0,0.0,0.0,0.0,0.0,0.0,0.0,0.0,50.5,750.0,3.0,1,0.005,0.2,24000,0.0,0.0,0.0,280.04550601291123,0.21233496793662765
69b7d4ed9605ebc57c75306f,69b7d4ed9605ebc57c75306f,69b7d4ee9605ebc57c753070,0.0,0.0,0.0,0.0,0.0,0.0,0.0,0.0,0.0,0.0,0.0,0.0,0.0,0.0,0.0,0.0,0.0,0.8,0.2,0.0,0.0,0.0,0.0,0.0,0.0,0.0,0.0,0.0,0.0,0.0,50.5,750.0,3.0,1,0.005,0.2,24000,0.0,0.0,0.0,300.1067888746385,0.37804602036967183
69b7d4ed9605ebc57c75306f,69b7d4ed9605ebc57c75306f,69b7d4ee9605ebc57c753070,0.0,0.0,0.0,0.0,0.0,0.0,0.0,0.0,0.0,0.0,0.0,0.0,0.0,0.0,0.0,0.0,0.0,0.8,0.2,0.0,0.0,0.0,0.0,0.0,0.0,0.0,0.0,0.0,0.0,0.0,50.5,750.0,3.0,1,0.005,0.2,24000,0.0,0.0,0.0,320.0779183145603,0.5817333081855903
69b7d4ed9605ebc57c75306f,69b7d4ed9605ebc57c75306f,69b7d4ee9605ebc57c753070,0.0,0.0,0.0,0.0,0.0,0.0,0.0,0.0,0.0,0.0,0.0,0.0,0.0,0.0,0.0,0.0,0.0,0.8,0.2,0.0,0.0,0.0,0.0,0.0,0.0,0.0,0.0,0.0,0.0,0.0,50.5,750.0,3.0,1,0.005,0.2,24000,0.0,0.0,0.0,340.0973442304493,0.8016503206337231
69b7d4ed9605ebc57c75306f,69b7d4ed9605ebc57c75306f,69b7d4ee9605ebc57c753070,0.0,0.0,0.0,0.0,0.0,0.0,0.0,0.0,0.0,0.0,0.0,0.0,0.0,0.0,0.0,0.0,0.0,0.8,0.2,0.0,0.0,0.0,0.0,0.0,0.0,0.0,0.0,0.0,0.0,0.0,50.5,750.0,3.0,1,0.005,0.2,24000,0.0,0.0,0.0,360.19619101792875,0.9218596755941154
69b7d4ed9605ebc57c75306f,69b7d4ed9605ebc57c75306f,69b7d4ee9605ebc57c753070,0.0,0.0,0.0,0.0,0.0,0.0,0.0,0.0,0.0,0.0,0.0,0.0,0.0,0.0,0.0,0.0,0.0,0.8,0.2,0.0,0.0,0.0,0.0,0.0,0.0,0.0,0.0,0.0,0.0,0.0,50.5,750.0,3.0,1,0.005,0.2,24000,0.0,0.0,0.0,380.2553273696129,0.9704922670690306
69b7d4ef9605ebc57c753073,69b7d4ef9605ebc57c753073,69b7d4ef9605ebc57c753074,0.0,0.0,0.0,0.0,0.0,0.0,0.0,0.0,0.0,0.0,0.0,0.0,0.0,0.0,0.0,0.0,0.0,0.8,0.0,0.0,0.2,0.0,0.0,0.0,0.0,0.0,0.0,0.0,0.0,0.0,46.1,750.0,3.0,1,0.005,0.2,24000,0.0,0.0,0.0,260.10550096861266,0.042936627687665034
69b7d4ef9605ebc57c753073,69b7d4ef9605ebc57c753073,69b7d4ef9605ebc57c753074,0.0,0.0,0.0,0.0,0.0,0.0,0.0,0.0,0.0,0.0,0.0,0.0,0.0,0.0,0.0,0.0,0.0,0.8,0.0,0.0,0.2,0.0,0.0,0.0,0.0,0.0,0.0,0.0,0.0,0.0,46.1,750.0,3.0,1,0.005,0.2,24000,0.0,0.0,0.0,280.11526758930825,0.1020369671821954
69b7d4ef9605ebc57c753073,69b7d4ef9605ebc57c753073,69b7d4ef9605ebc57c753074,0.0,0.0,0.0,0.0,0.0,0.0,0.0,0.0,0.0,0.0,0.0,0.0,0.0,0.0,0.0,0.0,0.0,0.8,0.0,0.0,0.2,0.0,0.0,0.0,0.0,0.0,0.0,0.0,0.0,0.0,46.1,750.0,3.0,1,0.005,0.2,24000,0.0,0.0,0.0,300.13362025017574,0.2296774801961524
69b7d4ef9605ebc57c753073,69b7d4ef9605ebc57c753073,69b7d4ef9605ebc57c753074,0.0,0.0,0.0,0.0,0.0,0.0,0.0,0.0,0.0,0.0,0.0,0.0,0.0,0.0,0.0,0.0,0.0,0.8,0.0,0.0,0.2,0.0,0.0,0.0,0.0,0.0,0.0,0.0,0.0,0.0,46.1,750.0,3.0,1,0.005,0.2,24000,0.0,0.0,0.0,319.97917885258306,0.40703508110147113
69b7d4ef9605ebc57c753073,69b7d4ef9605ebc57c753073,69b7d4ef9605ebc57c753074,0.0,0.0,0.0,0.0,0.0,0.0,0.0,0.0,0.0,0.0,0.0,0.0,0.0,0.0,0.0,0.0,0.0,0.8,0.0,0.0,0.2,0.0,0.0,0.0,0.0,0.0,0.0,0.0,0.0,0.0,46.1,750.0,3.0,1,0.005,0.2,24000,0.0,0.0,0.0,340.1273953710511,0.6302998868351566
69b7d4ef9605ebc57c753073,69b7d4ef9605ebc57c753073,69b7d4ef9605ebc57c753074,0.0,0.0,0.0,0.0,0.0,0.0,0.0,0.0,0.0,0.0,0.0,0.0,0.0,0.0,0.0,0.0,0.0,0.8,0.0,0.0,0.2,0.0,0.0,0.0,0.0,0.0,0.0,0.0,0.0,0.0,46.1,750.0,3.0,1,0.005,0.2,24000,0.0,0.0,0.0,359.99871209397423,0.8556488117691436
69b7d4ef9605ebc57c753073,69b7d4ef9605ebc57c753073,69b7d4ef9605ebc57c753074,0.0,0.0,0.0,0.0,0.0,0.0,0.0,0.0,0.0,0.0,0.0,0.0,0.0,0.0,0.0,0.0,0.0,0.8,0.0,0.0,0.2,0.0,0.0,0.0,0.0,0.0,0.0,0.0,0.0,0.0,46.1,750.0,3.0,1,0.005,0.2,24000,0.0,0.0,0.0,380.050335660508,0.950688419464353
69b7d4ef9605ebc57c753073,69b7d4ef9605ebc57c753073,69b7d4ef9605ebc57c753074,0.0,0.0,0.0,0.0,0.0,0.0,0.0,0.0,0.0,0.0,0.0,0.0,0.0,0.0,0.0,0.0,0.0,0.8,0.0,0.0,0.2,0.0,0.0,0.0,0.0,0.0,0.0,0.0,0.0,0.0,46.1,750.0,3.0,1,0.005,0.2,24000,0.0,0.0,0.0,249.9900723910512,0.027942285929837798
69b7d4ef9605ebc57c753075,69b7d4ef9605ebc57c753075,69b7d4f09605ebc57c753076,0.0,0.0,0.0,0.0,0.3,0.0,0.0,0.0,0.0,0.0,0.0,0.0,0.0,0.0,0.0,0.0,0.0,0.7,0.0,0.0,0.0,0.0,0.0,0.0,0.0,0.0,0.0,0.0,0.0,0.0,58.0,500.0,5.0,1,0.0998,0.102,33000,500.0,10.2,1.0,61.831101727873765,0.03370010440928439
69b7d4ef9605ebc57c753075,69b7d4ef9605ebc57c753075,69b7d4f09605ebc57c753076,0.0,0.0,0.0,0.0,0.3,0.0,0.0,0.0,0.0,0.0,0.0,0.0,0.0,0.0,0.0,0.0,0.0,0.7,0.0,0.0,0.0,0.0,0.0,0.0,0.0,0.0,0.0,0.0,0.0,0.0,58.0,500.0,5.0,1,0.0998,0.102,33000,500.0,10.2,1.0,73.00434151103633,0.08936631595855754
69b7d4ef9605ebc57c753075,69b7d4ef9605ebc57c753075,69b7d4f09605ebc57c753076,0.0,0.0,0.0,0.0,0.3,0.0,0.0,0.0,0.0,0.0,0.0,0.0,0.0,0.0,0.0,0.0,0.0,0.7,0.0,0.0,0.0,0.0,0.0,0.0,0.0,0.0,0.0,0.0,0.0,0.0,58.0,500.0,5.0,1,0.0998,0.102,33000,500.0,10.2,1.0,81.93936171057122,0.1456911091478596
69b7d4ef9605ebc57c753075,69b7d4ef9605ebc57c753075,69b7d4f09605ebc57c753076,0.0,0.0,0.0,0.0,0.3,0.0,0.0,0.0,0.0,0.0,0.0,0.0,0.0,0.0,0.0,0.0,0.0,0.7,0.0,0.0,0.0,0.0,0.0,0.0,0.0,0.0,0.0,0.0,0.0,0.0,58.0,500.0,5.0,1,0.0998,0.102,33000,500.0,10.2,1.0,92.80901319914598,0.2353706529596016
69b7d4ef9605ebc57c753075,69b7d4ef9605ebc57c753075,69b7d4f09605ebc57c753076,0.0,0.0,0.0,0.0,0.3,0.0,0.0,0.0,0.0,0.0,0.0,0.0,0.0,0.0,0.0,0.0,0.0,0.7,0.0,0.0,0.0,0.0,0.0,0.0,0.0,0.0,0.0,0.0,0.0,0.0,58.0,500.0,5.0,1,0.0998,0.102,33000,500.0,10.2,1.0,102.06250347241513,0.32449602441570957
69b7d4ef9605ebc57c753075,69b7d4ef9605ebc57c753075,69b7d4f09605ebc57c753076,0.0,0.0,0.0,0.0,0.3,0.0,0.0,0.0,0.0,0.0,0.0,0.0,0.0,0.0,0.0,0.0,0.0,0.7,0.0,0.0,0.0,0.0,0.0,0.0,0.0,0.0,0.0,0.0,0.0,0.0,58.0,500.0,5.0,1,0.0998,0.102,33000,500.0,10.2,1.0,108.7087060392244,0.3955023692876074
69b7d4ef9605ebc57c753075,69b7d4ef9605ebc57c753075,69b7d4f09605ebc57c753076,0.0,0.0,0.0,0.0,0.3,0.0,0.0,0.0,0.0,0.0,0.0,0.0,0.0,0.0,0.0,0.0,0.0,0.7,0.0,0.0,0.0,0.0,0.0,0.0,0.0,0.0,0.0,0.0,0.0,0.0,58.0,500.0,5.0,1,0.0998,0.102,33000,500.0,10.2,1.0,113.44111180779885,0.44828527829090026
69b7d4ef9605ebc57c753075,69b7d4ef9605ebc57c753075,69b7d4f09605ebc57c753076,0.0,0.0,0.0,0.0,0.3,0.0,0.0,0.0,0.0,0.0,0.0,0.0,0.0,0.0,0.0,0.0,0.0,0.7,0.0,0.0,0.0,0.0,0.0,0.0,0.0,0.0,0.0,0.0,0.0,0.0,58.0,500.0,5.0,1,0.0998,0.102,33000,500.0,10.2,1.0,118.81641043550039,0.5067464460685889
69b7d4ef9605ebc57c753075,69b7d4ef9605ebc57c753075,69b7d4f09605ebc57c753076,0.0,0.0,0.0,0.0,0.3,0.0,0.0,0.0,0.0,0.0,0.0,0.0,0.0,0.0,0.0,0.0,0.0,0.7,0.0,0.0,0.0,0.0,0.0,0.0,0.0,0.0,0.0,0.0,0.0,0.0,58.0,500.0,5.0,1,0.0998,0.102,33000,500.0,10.2,1.0,124.06670211837167,0.5655449361497068
69b7d4ef9605ebc57c753075,69b7d4ef9605ebc57c753075,69b7d4f09605ebc57c753076,0.0,0.0,0.0,0.0,0.3,0.0,0.0,0.0,0.0,0.0,0.0,0.0,0.0,0.0,0.0,0.0,0.0,0.7,0.0,0.0,0.0,0.0,0.0,0.0,0.0,0.0,0.0,0.0,0.0,0.0,58.0,500.0,5.0,1,0.0998,0.102,33000,500.0,10.2,1.0,127.20675751827483,0.6033892860011244
69b7d4ef9605ebc57c753075,69b7d4ef9605ebc57c753075,69b7d4f09605ebc57c753076,0.0,0.0,0.0,0.0,0.3,0.0,0.0,0.0,0.0,0.0,0.0,0.0,0.0,0.0,0.0,0.0,0.0,0.7,0.0,0.0,0.0,0.0,0.0,0.0,0.0,0.0,0.0,0.0,0.0,0.0,58.0,500.0,5.0,1,0.0998,0.102,33000,500.0,10.2,1.0,133.80831474764472,0.679351056140069
69b7d4ef9605ebc57c753075,69b7d4ef9605ebc57c753075,69b7d4f09605ebc57c753076,0.0,0.0,0.0,0.0,0.3,0.0,0.0,0.0,0.0,0.0,0.0,0.0,0.0,0.0,0.0,0.0,0.0,0.7,0.0,0.0,0.0,0.0,0.0,0.0,0.0,0.0,0.0,0.0,0.0,0.0,58.0,500.0,5.0,1,0.0998,0.102,33000,500.0,10.2,1.0,138.5645313628535,0.7332262468878001
69b7d4ef9605ebc57c753075,69b7d4ef9605ebc57c753075,69b7d4f09605ebc57c753076,0.0,0.0,0.0,0.0,0.3,0.0,0.0,0.0,0.0,0.0,0.0,0.0,0.0,0.0,0.0,0.0,0.0,0.7,0.0,0.0,0.0,0.0,0.0,0.0,0.0,0.0,0.0,0.0,0.0,0.0,58.0,500.0,5.0,1,0.0998,0.102,33000,500.0,10.2,1.0,147.06202725548246,0.8119347843546703
69b7d4ef9605ebc57c753075,69b7d4ef9605ebc57c753075,69b7d4f09605ebc57c753076,0.0,0.0,0.0,0.0,0.3,0.0,0.0,0.0,0.0,0.0,0.0,0.0,0.0,0.0,0.0,0.0,0.0,0.7,0.0,0.0,0.0,0.0,0.0,0.0,0.0,0.0,0.0,0.0,0.0,0.0,58.0,500.0,5.0,1,0.0998,0.102,33000,500.0,10.2,1.0,156.2024160072385,0.8884587583326641
69b7d4ef9605ebc57c753075,69b7d4ef9605ebc57c753075,69b7d4f09605ebc57c753076,0.0,0.0,0.0,0.0,0.3,0.0,0.0,0.0,0.0,0.0,0.0,0.0,0.0,0.0,0.0,0.0,0.0,0.7,0.0,0.0,0.0,0.0,0.0,0.0,0.0,0.0,0.0,0.0,0.0,0.0,58.0,500.0,5.0,1,0.0998,0.102,33000,500.0,10.2,1.0,168.92633717746224,0.9515059031403099
69b7d4ef9605ebc57c753075,69b7d4ef9605ebc57c753075,69b7d4f09605ebc57c753076,0.0,0.0,0.0,0.0,0.3,0.0,0.0,0.0,0.0,0.0,0.0,0.0,0.0,0.0,0.0,0.0,0.0,0.7,0.0,0.0,0.0,0.0,0.0,0.0,0.0,0.0,0.0,0.0,0.0,0.0,58.0,500.0,5.0,1,0.0998,0.102,33000,500.0,10.2,1.0,187.45117585897628,0.9898883623805317
69b7d4ef9605ebc57c753075,69b7d4ef9605ebc57c753075,69b7d4f09605ebc57c753076,0.0,0.0,0.0,0.0,0.3,0.0,0.0,0.0,0.0,0.0,0.0,0.0,0.0,0.0,0.0,0.0,0.0,0.7,0.0,0.0,0.0,0.0,0.0,0.0,0.0,0.0,0.0,0.0,0.0,0.0,58.0,500.0,5.0,1,0.0998,0.102,33000,500.0,10.2,1.0,97.10687101664378,0.2771343667175327
69b7d4f09605ebc57c753077,69b7d4f09605ebc57c753077,69b7d4f09605ebc57c753078,0.0,0.0,0.0,0.0,0.3,0.0,0.0,0.0,0.0,0.0,0.0,0.0,0.0,0.0,0.0,0.0,0.0,0.7,0.0,0.0,0.0,0.0,0.0,0.0,0.0,0.0,0.0,0.0,0.0,0.0,11.0,800.0,5.0,0,0.005,0.2,24000,500.0,10.2,1.0,111.14634146341463,0.04160308408963135
69b7d4f09605ebc57c753077,69b7d4f09605ebc57c753077,69b7d4f09605ebc57c753078,0.0,0.0,0.0,0.0,0.3,0.0,0.0,0.0,0.0,0.0,0.0,0.0,0.0,0.0,0.0,0.0,0.0,0.7,0.0,0.0,0.0,0.0,0.0,0.0,0.0,0.0,0.0,0.0,0.0,0.0,11.0,800.0,5.0,0,0.005,0.2,24000,500.0,10.2,1.0,132.66837046502584,0.07453216609107702
69b7d4f09605ebc57c753077,69b7d4f09605ebc57c753077,69b7d4f09605ebc57c753078,0.0,0.0,0.0,0.0,0.3,0.0,0.0,0.0,0.0,0.0,0.0,0.0,0.0,0.0,0.0,0.0,0.0,0.7,0.0,0.0,0.0,0.0,0.0,0.0,0.0,0.0,0.0,0.0,0.0,0.0,11.0,800.0,5.0,0,0.005,0.2,24000,500.0,10.2,1.0,151.72597683998316,0.11696249297245201
69b7d4f09605ebc57c753077,69b7d4f09605ebc57c753077,69b7d4f09605ebc57c753078,0.0,0.0,0.0,0.0,0.3,0.0,0.0,0.0,0.0,0.0,0.0,0.0,0.0,0.0,0.0,0.0,0.0,0.7,0.0,0.0,0.0,0.0,0.0,0.0,0.0,0.0,0.0,0.0,0.0,0.0,11.0,800.0,5.0,0,0.005,0.2,24000,500.0,10.2,1.0,171.4681450556777,0.17687735924825315
69b7d4f09605ebc57c753077,69b7d4f09605ebc57c753077,69b7d4f09605ebc57c753078,0.0,0.0,0.0,0.0,0.3,0.0,0.0,0.0,0.0,0.0,0.0,0.0,0.0,0.0,0.0,0.0,0.0,0.7,0.0,0.0,0.0,0.0,0.0,0.0,0.0,0.0,0.0,0.0,0.0,0.0,11.0,800.0,5.0,0,0.005,0.2,24000,500.0,10.2,1.0,190.83529243688142,0.25632479318930207
69b7d4f09605ebc57c753077,69b7d4f09605ebc57c753077,69b7d4f09605ebc57c753078,0.0,0.0,0.0,0.0,0.3,0.0,0.0,0.0,0.0,0.0,0.0,0.0,0.0,0.0,0.0,0.0,0.0,0.7,0.0,0.0,0.0,0.0,0.0,0.0,0.0,0.0,0.0,0.0,0.0,0.0,11.0,800.0,5.0,0,0.005,0.2,24000,500.0,10.2,1.0,208.36305191558262,0.34900811179824914
69b7d4f09605ebc57c753077,69b7d4f09605ebc57c753077,69b7d4f09605ebc57c753078,0.0,0.0,0.0,0.0,0.3,0.0,0.0,0.0,0.0,0.0,0.0,0.0,0.0,0.0,0.0,0.0,0.0,0.7,0.0,0.0,0.0,0.0,0.0,0.0,0.0,0.0,0.0,0.0,0.0,0.0,11.0,800.0,5.0,0,0.005,0.2,24000,500.0,10.2,1.0,227.82544268332367,0.47566460525259013
69b7d4f09605ebc57c753077,69b7d4f09605ebc57c753077,69b7d4f09605ebc57c753078,0.0,0.0,0.0,0.0,0.3,0.0,0.0,0.0,0.0,0.0,0.0,0.0,0.0,0.0,0.0,0.0,0.0,0.7,0.0,0.0,0.0,0.0,0.0,0.0,0.0,0.0,0.0,0.0,0.0,0.0,11.0,800.0,5.0,0,0.005,0.2,24000,500.0,10.2,1.0,238.9391553499004,0.5669906031644044
69b7d4f09605ebc57c753077,69b7d4f09605ebc57c753077,69b7d4f09605ebc57c753078,0.0,0.0,0.0,0.0,0.3,0.0,0.0,0.0,0.0,0.0,0.0,0.0,0.0,0.0,0.0,0.0,0.0,0.7,0.0,0.0,0.0,0.0,0.0,0.0,0.0,0.0,0.0,0.0,0.0,0.0,11.0,800.0,5.0,0,0.005,0.2,24000,500.0,10.2,1.0,253.49651171096806,0.7027628302947554
69b7d4f09605ebc57c753077,69b7d4f09605ebc57c753077,69b7d4f09605ebc57c753078,0.0,0.0,0.0,0.0,0.3,0.0,0.0,0.0,0.0,0.0,0.0,0.0,0.0,0.0,0.0,0.0,0.0,0.7,0.0,0.0,0.0,0.0,0.0,0.0,0.0,0.0,0.0,0.0,0.0,0.0,11.0,800.0,5.0,0,0.005,0.2,24000,500.0,10.2,1.0,262.0416292968657,0.8116777768853908
69b7d4f09605ebc57c753077,69b7d4f09605ebc57c753077,69b7d4f09605ebc57c753078,0.0,0.0,0.0,0.0,0.3,0.0,0.0,0.0,0.0,0.0,0.0,0.0,0.0,0.0,0.0,0.0,0.0,0.7,0.0,0.0,0.0,0.0,0.0,0.0,0.0,0.0,0.0,0.0,0.0,0.0,11.0,800.0,5.0,0,0.005,0.2,24000,500.0,10.2,1.0,266.2621018628019,0.9176853264798008
69b7d4f09605ebc57c753077,69b7d4f09605ebc57c753077,69b7d4f09605ebc57c753078,0.0,0.0,0.0,0.0,0.3,0.0,0.0,0.0,0.0,0.0,0.0,0.0,0.0,0.0,0.0,0.0,0.0,0.7,0.0,0.0,0.0,0.0,0.0,0.0,0.0,0.0,0.0,0.0,0.0,0.0,11.0,800.0,5.0,0,0.005,0.2,24000,500.0,10.2,1.0,218.7416046923242,0.40889888362380533
69b7d4f09605ebc57c753077,69b7d4f09605ebc57c753077,69b7d4f09605ebc57c753078,0.0,0.0,0.0,0.0,0.3,0.0,0.0,0.0,0.0,0.0,0.0,0.0,0.0,0.0,0.0,0.0,0.0,0.7,0.0,0.0,0.0,0.0,0.0,0.0,0.0,0.0,0.0,0.0,0.0,0.0,11.0,800.0,5.0,0,0.005,0.2,24000,500.0,10.2,1.0,199.68995102902542,0.3041844028592081
69b7d4f19605ebc57c753079,69b7d4f19605ebc57c753079,69b7d4f19605ebc57c75307a,0.0,0.0,0.0,0.0,0.0,0.0,0.0,0.0,0.05,0.0,0.0,0.0,0.0,0.0,0.0,0.0,0.0,0.95,0.0,0.0,0.0,0.0,0.0,0.0,0.0,0.0,0.0,0.0,0.0,0.0,65.8,500.0,3.0,1,0.01,0.01,120000,120.0,0.0,1.0,40.190182194974525,0.012807526567891907
69b7d4f19605ebc57c753079,69b7d4f19605ebc57c753079,69b7d4f19605ebc57c75307a,0.0,0.0,0.0,0.0,0.0,0.0,0.0,0.0,0.05,0.0,0.0,0.0,0.0,0.0,0.0,0.0,0.0,0.95,0.0,0.0,0.0,0.0,0.0,0.0,0.0,0.0,0.0,0.0,0.0,0.0,65.8,500.0,3.0,1,0.01,0.01,120000,120.0,0.0,1.0,50.156290475779294,0.037126375607327414
69b7d4f19605ebc57c753079,69b7d4f19605ebc57c753079,69b7d4f19605ebc57c75307a,0.0,0.0,0.0,0.0,0.0,0.0,0.0,0.0,0.05,0.0,0.0,0.0,0.0,0.0,0.0,0.0,0.0,0.95,0.0,0.0,0.0,0.0,0.0,0.0,0.0,0.0,0.0,0.0,0.0,0.0,65.8,500.0,3.0,1,0.01,0.01,120000,120.0,0.0,1.0,60.060227959588985,0.07907703401033529
69b7d4f19605ebc57c753079,69b7d4f19605ebc57c753079,69b7d4f19605ebc57c75307a,0.0,0.0,0.0,0.0,0.0,0.0,0.0,0.0,0.05,0.0,0.0,0.0,0.0,0.0,0.0,0.0,0.0,0.95,0.0,0.0,0.0,0.0,0.0,0.0,0.0,0.0,0.0,0.0,0.0,0.0,65.8,500.0,3.0,1,0.01,0.01,120000,120.0,0.0,1.0,70.01726966583196,0.7734132229986094
69b7d4f19605ebc57c753079,69b7d4f19605ebc57c753079,69b7d4f19605ebc57c75307a,0.0,0.0,0.0,0.0,0.0,0.0,0.0,0.0,0.05,0.0,0.0,0.0,0.0,0.0,0.0,0.0,0.0,0.95,0.0,0.0,0.0,0.0,0.0,0.0,0.0,0.0,0.0,0.0,0.0,0.0,65.8,500.0,3.0,1,0.01,0.01,120000,120.0,0.0,1.0,80.00151109576029,0.8567222346215256
69b7d4f19605ebc57c753079,69b7d4f19605ebc57c753079,69b7d4f19605ebc57c75307a,0.0,0.0,0.0,0.0,0.0,0.0,0.0,0.0,0.05,0.0,0.0,0.0,0.0,0.0,0.0,0.0,0.0,0.95,0.0,0.0,0.0,0.0,0.0,0.0,0.0,0.0,0.0,0.0,0.0,0.0,65.8,500.0,3.0,1,0.01,0.01,120000,120.0,0.0,1.0,89.98704775062602,0.9223135955499854
69b7d4f19605ebc57c753079,69b7d4f19605ebc57c753079,69b7d4f19605ebc57c75307a,0.0,0.0,0.0,0.0,0.0,0.0,0.0,0.0,0.05,0.0,0.0,0.0,0.0,0.0,0.0,0.0,0.0,0.95,0.0,0.0,0.0,0.0,0.0,0.0,0.0,0.0,0.0,0.0,0.0,0.0,65.8,500.0,3.0,1,0.01,0.01,120000,120.0,0.0,1.0,99.94408945686901,0.9671313544045187
69b7d4f59605ebc57c753087,69b7d4f59605ebc57c753087,69b7d4f69605ebc57c753088,0.0,0.0,0.0,0.0,0.08,0.0,0.0,0.0,0.0,0.0,0.0,0.0,0.0,0.0,0.0,0.0,0.0,0.92,0.0,0.0,0.0,0.0,0.0,0.0,0.0,0.0,0.0,0.0,0.0,0.0,149.0,300.0,3.0,1,0.018000000000000002,0.023,396000,350.0,20.0,0.5,135.38584167787576,0.07273717934747075
69b7d4f59605ebc57c753087,69b7d4f59605ebc57c753087,69b7d4f69605ebc57c753088,0.0,0.0,0.0,0.0,0.08,0.0,0.0,0.0,0.0,0.0,0.0,0.0,0.0,0.0,0.0,0.0,0.0,0.92,0.0,0.0,0.0,0.0,0.0,0.0,0.0,0.0,0.0,0.0,0.0,0.0,149.0,300.0,3.0,1,0.018000000000000002,0.023,396000,350.0,20.0,0.5,145.16016539630348,0.1080705272105137
69b7d4f59605ebc57c753087,69b7d4f59605ebc57c753087,69b7d4f69605ebc57c753088,0.0,0.0,0.0,0.0,0.08,0.0,0.0,0.0,0.0,0.0,0.0,0.0,0.0,0.0,0.0,0.0,0.0,0.92,0.0,0.0,0.0,0.0,0.0,0.0,0.0,0.0,0.0,0.0,0.0,0.0,149.0,300.0,3.0,1,0.018000000000000002,0.023,396000,350.0,20.0,0.5,154.78503462362377,0.15647189590916025
69b7d4f59605ebc57c753087,69b7d4f59605ebc57c753087,69b7d4f69605ebc57c753088,0.0,0.0,0.0,0.0,0.08,0.0,0.0,0.0,0.0,0.0,0.0,0.0,0.0,0.0,0.0,0.0,0.0,0.92,0.0,0.0,0.0,0.0,0.0,0.0,0.0,0.0,0.0,0.0,0.0,0.0,149.0,300.0,3.0,1,0.018000000000000002,0.023,396000,350.0,20.0,0.5,164.9977581826334,0.22101867794172134
69b7d4f59605ebc57c753087,69b7d4f59605ebc57c753087,69b7d4f69605ebc57c753088,0.0,0.0,0.0,0.0,0.08,0.0,0.0,0.0,0.0,0.0,0.0,0.0,0.0,0.0,0.0,0.0,0.0,0.92,0.0,0.0,0.0,0.0,0.0,0.0,0.0,0.0,0.0,0.0,0.0,0.0,149.0,300.0,3.0,1,0.018000000000000002,0.023,396000,350.0,20.0,0.5,175.46953619289593,0.3072554105006211
69b7d4f59605ebc57c753087,69b7d4f59605ebc57c753087,69b7d4f69605ebc57c753088,0.0,0.0,0.0,0.0,0.08,0.0,0.0,0.0,0.0,0.0,0.0,0.0,0.0,0.0,0.0,0.0,0.0,0.92,0.0,0.0,0.0,0.0,0.0,0.0,0.0,0.0,0.0,0.0,0.0,0.0,149.0,300.0,3.0,1,0.018000000000000002,0.023,396000,350.0,20.0,0.5,184.54640561948887,0.41107599764618696
69b7d4f59605ebc57c753087,69b7d4f59605ebc57c753087,69b7d4f69605ebc57c753088,0.0,0.0,0.0,0.0,0.08,0.0,0.0,0.0,0.0,0.0,0.0,0.0,0.0,0.0,0.0,0.0,0.0,0.92,0.0,0.0,0.0,0.0,0.0,0.0,0.0,0.0,0.0,0.0,0.0,0.0,149.0,300.0,3.0,1,0.018000000000000002,0.023,396000,350.0,20.0,0.5,195.2622926318936,0.5205283002419197
69b7d4f59605ebc57c753087,69b7d4f59605ebc57c753087,69b7d4f69605ebc57c753088,0.0,0.0,0.0,0.0,0.08,0.0,0.0,0.0,0.0,0.0,0.0,0.0,0.0,0.0,0.0,0.0,0.0,0.92,0.0,0.0,0.0,0.0,0.0,0.0,0.0,0.0,0.0,0.0,0.0,0.0,149.0,300.0,3.0,1,0.018000000000000002,0.023,396000,350.0,20.0,0.5,204.91705275743536,0.6271647451125689
69b7d4f59605ebc57c753087,69b7d4f59605ebc57c753087,69b7d4f69605ebc57c753088,0.0,0.0,0.0,0.0,0.08,0.0,0.0,0.0,0.0,0.0,0.0,0.0,0.0,0.0,0.0,0.0,0.0,0.92,0.0,0.0,0.0,0.0,0.0,0.0,0.0,0.0,0.0,0.0,0.0,0.0,149.0,300.0,3.0,1,0.018000000000000002,0.023,396000,350.0,20.0,0.5,214.92552184526477,0.7187716583484078
69b7d4f59605ebc57c753087,69b7d4f59605ebc57c753087,69b7d4f69605ebc57c753088,0.0,0.0,0.0,0.0,0.08,0.0,0.0,0.0,0.0,0.0,0.0,0.0,0.0,0.0,0.0,0.0,0.0,0.92,0.0,0.0,0.0,0.0,0.0,0.0,0.0,0.0,0.0,0.0,0.0,0.0,149.0,300.0,3.0,1,0.018000000000000002,0.023,396000,350.0,20.0,0.5,225.11333632242315,0.7965956890351547
69b7d4f59605ebc57c753087,69b7d4f59605ebc57c753087,69b7d4f69605ebc57c753088,0.0,0.0,0.0,0.0,0.08,0.0,0.0,0.0,0.0,0.0,0.0,0.0,0.0,0.0,0.0,0.0,0.0,0.92,0.0,0.0,0.0,0.0,0.0,0.0,0.0,0.0,0.0,0.0,0.0,0.0,149.0,300.0,3.0,1,0.018000000000000002,0.023,396000,350.0,20.0,0.5,235.24136900313854,0.8540810321905716
69b7d4f59605ebc57c753087,69b7d4f59605ebc57c753087,69b7d4f69605ebc57c753088,0.0,0.0,0.0,0.0,0.08,0.0,0.0,0.0,0.0,0.0,0.0,0.0,0.0,0.0,0.0,0.0,0.0,0.92,0.0,0.0,0.0,0.0,0.0,0.0,0.0,0.0,0.0,0.0,0.0,0.0,149.0,300.0,3.0,1,0.018000000000000002,0.023,396000,350.0,20.0,0.5,245.16514721267373,0.8977486214937994
69b7d4f59605ebc57c753087,69b7d4f59605ebc57c753087,69b7d4f69605ebc57c753088,0.0,0.0,0.0,0.0,0.08,0.0,0.0,0.0,0.0,0.0,0.0,0.0,0.0,0.0,0.0,0.0,0.0,0.92,0.0,0.0,0.0,0.0,0.0,0.0,0.0,0.0,0.0,0.0,0.0,0.0,149.0,300.0,3.0,1,0.018000000000000002,0.023,396000,350.0,20.0,0.5,255.40277985353458,0.928470239522263
69b7d4f69605ebc57c753089,69b7d4f69605ebc57c753089,69b7d4f69605ebc57c75308a,0.0,0.0,0.0,0.0,0.18,0.0,0.0,0.0,0.0,0.0,0.0,0.0,0.0,0.0,0.0,0.0,0.0,0.82,0.0,0.0,0.0,0.0,0.0,0.0,0.0,0.0,0.0,0.0,0.0,0.0,127.0,300.0,3.0,1,0.018000000000000002,0.023,396000,350.0,20.0,0.5,145.01071090519602,0.031188021707386184
69b7d4f69605ebc57c753089,69b7d4f69605ebc57c753089,69b7d4f69605ebc57c75308a,0.0,0.0,0.0,0.0,0.18,0.0,0.0,0.0,0.0,0.0,0.0,0.0,0.0,0.0,0.0,0.0,0.0,0.82,0.0,0.0,0.0,0.0,0.0,0.0,0.0,0.0,0.0,0.0,0.0,0.0,127.0,300.0,3.0,1,0.018000000000000002,0.023,396000,350.0,20.0,0.5,165.06252179544663,0.058160974652921575
69b7d4f69605ebc57c753089,69b7d4f69605ebc57c753089,69b7d4f69605ebc57c75308a,0.0,0.0,0.0,0.0,0.18,0.0,0.0,0.0,0.0,0.0,0.0,0.0,0.0,0.0,0.0,0.0,0.0,0.82,0.0,0.0,0.0,0.0,0.0,0.0,0.0,0.0,0.0,0.0,0.0,0.0,127.0,300.0,3.0,1,0.018000000000000002,0.023,396000,350.0,20.0,0.5,175.18557265979177,0.08404419937667545
69b7d4f69605ebc57c753089,69b7d4f69605ebc57c753089,69b7d4f69605ebc57c75308a,0.0,0.0,0.0,0.0,0.18,0.0,0.0,0.0,0.0,0.0,0.0,0.0,0.0,0.0,0.0,0.0,0.0,0.82,0.0,0.0,0.0,0.0,0.0,0.0,0.0,0.0,0.0,0.0,0.0,0.0,127.0,300.0,3.0,1,0.018000000000000002,0.023,396000,350.0,20.0,0.5,185.05455088925422,0.12068522110585621
69b7d4f69605ebc57c753089,69b7d4f69605ebc57c753089,69b7d4f69605ebc57c75308a,0.0,0.0,0.0,0.0,0.18,0.0,0.0,0.0,0.0,0.0,0.0,0.0,0.0,0.0,0.0,0.0,0.0,0.82,0.0,0.0,0.0,0.0,0.0,0.0,0.0,0.0,0.0,0.0,0.0,0.0,127.0,300.0,3.0,1,0.018000000000000002,0.023,396000,350.0,20.0,0.5,194.67942011657448,0.1768716082209097
69b7d4f69605ebc57c753089,69b7d4f69605ebc57c753089,69b7d4f69605ebc57c75308a,0.0,0.0,0.0,0.0,0.18,0.0,0.0,0.0,0.0,0.0,0.0,0.0,0.0,0.0,0.0,0.0,0.0,0.82,0.0,0.0,0.0,0.0,0.0,0.0,0.0,0.0,0.0,0.0,0.0,0.0,127.0,300.0,3.0,1,0.018000000000000002,0.023,396000,350.0,20.0,0.5,205.04159816669159,0.2581653335658087
69b7d4f69605ebc57c753089,69b7d4f69605ebc57c753089,69b7d4f69605ebc57c75308a,0.0,0.0,0.0,0.0,0.18,0.0,0.0,0.0,0.0,0.0,0.0,0.0,0.0,0.0,0.0,0.0,0.0,0.82,0.0,0.0,0.0,0.0,0.0,0.0,0.0,0.0,0.0,0.0,0.0,0.0,127.0,300.0,3.0,1,0.018000000000000002,0.023,396000,350.0,20.0,0.5,214.6614855776416,0.36942222609681147
69b7d4f69605ebc57c753089,69b7d4f69605ebc57c753089,69b7d4f69605ebc57c75308a,0.0,0.0,0.0,0.0,0.18,0.0,0.0,0.0,0.0,0.0,0.0,0.0,0.0,0.0,0.0,0.0,0.0,0.82,0.0,0.0,0.0,0.0,0.0,0.0,0.0,0.0,0.0,0.0,0.0,0.0,127.0,300.0,3.0,1,0.018000000000000002,0.023,396000,350.0,20.0,0.5,225.1731181188661,0.5098838349715581
69b7d4f69605ebc57c753089,69b7d4f69605ebc57c753089,69b7d4f69605ebc57c75308a,0.0,0.0,0.0,0.0,0.18,0.0,0.0,0.0,0.0,0.0,0.0,0.0,0.0,0.0,0.0,0.0,0.0,0.82,0.0,0.0,0.0,0.0,0.0,0.0,0.0,0.0,0.0,0.0,0.0,0.0,127.0,300.0,3.0,1,0.018000000000000002,0.023,396000,350.0,20.0,0.5,234.65849648781943,0.6466839570211189
69b7d4f69605ebc57c753089,69b7d4f69605ebc57c753089,69b7d4f69605ebc57c75308a,0.0,0.0,0.0,0.0,0.18,0.0,0.0,0.0,0.0,0.0,0.0,0.0,0.0,0.0,0.0,0.0,0.0,0.82,0.0,0.0,0.0,0.0,0.0,0.0,0.0,0.0,0.0,0.0,0.0,0.0,127.0,300.0,3.0,1,0.018000000000000002,0.023,396000,350.0,20.0,0.5,244.9060927614208,0.7687335178606455
69b7d4f69605ebc57c753089,69b7d4f69605ebc57c753089,69b7d4f69605ebc57c75308a,0.0,0.0,0.0,0.0,0.18,0.0,0.0,0.0,0.0,0.0,0.0,0.0,0.0,0.0,0.0,0.0,0.0,0.82,0.0,0.0,0.0,0.0,0.0,0.0,0.0,0.0,0.0,0.0,0.0,0.0,127.0,300.0,3.0,1,0.018000000000000002,0.023,396000,350.0,20.0,0.5,254.9344891147312,0.8588932720179586
69b7d4f69605ebc57c753089,69b7d4f69605ebc57c753089,69b7d4f69605ebc57c75308a,0.0,0.0,0.0,0.0,0.18,0.0,0.0,0.0,0.0,0.0,0.0,0.0,0.0,0.0,0.0,0.0,0.0,0.82,0.0,0.0,0.0,0.0,0.0,0.0,0.0,0.0,0.0,0.0,0.0,0.0,127.0,300.0,3.0,1,0.018000000000000002,0.023,396000,350.0,20.0,0.5,265.41124894136397,0.9176601355621908
69b7d4f69605ebc57c753089,69b7d4f69605ebc57c753089,69b7d4f69605ebc57c75308a,0.0,0.0,0.0,0.0,0.18,0.0,0.0,0.0,0.0,0.0,0.0,0.0,0.0,0.0,0.0,0.0,0.0,0.82,0.0,0.0,0.0,0.0,0.0,0.0,0.0,0.0,0.0,0.0,0.0,0.0,127.0,300.0,3.0,1,0.018000000000000002,0.023,396000,350.0,20.0,0.5,274.268918447666,0.9556088311575093
69b7d4f79605ebc57c75308b,69b7d4f79605ebc57c75308b,69b7d4f79605ebc57c75308c,0.0,0.0,0.0,0.0,0.0,0.0,0.0,0.0,0.0,0.0,0.0,0.0,0.0,0.0,0.0,0.0,0.0,1.0,0.0,0.0,0.0,0.0,0.0,0.0,0.0,0.0,0.0,0.0,0.0,0.0,125.0,300.0,3.0,1,0.018000000000000002,0.023,396000,350.0,20.0,0.5,166.1037214168286,0.03546847416254387
69b7d4f79605ebc57c75308b,69b7d4f79605ebc57c75308b,69b7d4f79605ebc57c75308c,0.0,0.0,0.0,0.0,0.0,0.0,0.0,0.0,0.0,0.0,0.0,0.0,0.0,0.0,0.0,0.0,0.0,1.0,0.0,0.0,0.0,0.0,0.0,0.0,0.0,0.0,0.0,0.0,0.0,0.0,125.0,300.0,3.0,1,0.018000000000000002,0.023,396000,350.0,20.0,0.5,185.21895082947242,0.06839570211189329
69b7d4f79605ebc57c75308b,69b7d4f79605ebc57c75308b,69b7d4f79605ebc57c75308c,0.0,0.0,0.0,0.0,0.0,0.0,0.0,0.0,0.0,0.0,0.0,0.0,0.0,0.0,0.0,0.0,0.0,1.0,0.0,0.0,0.0,0.0,0.0,0.0,0.0,0.0,0.0,0.0,0.0,0.0,125.0,300.0,3.0,1,0.018000000000000002,0.023,396000,350.0,20.0,0.5,205.0465799830618,0.11652681821153804
69b7d4f79605ebc57c75308b,69b7d4f79605ebc57c75308b,69b7d4f79605ebc57c75308c,0.0,0.0,0.0,0.0,0.0,0.0,0.0,0.0,0.0,0.0,0.0,0.0,0.0,0.0,0.0,0.0,0.0,1.0,0.0,0.0,0.0,0.0,0.0,0.0,0.0,0.0,0.0,0.0,0.0,0.0,125.0,300.0,3.0,1,0.018000000000000002,0.023,396000,350.0,20.0,0.5,224.74468191102477,0.1876032517490138
69b7d4f79605ebc57c75308b,69b7d4f79605ebc57c75308b,69b7d4f79605ebc57c75308c,0.0,0.0,0.0,0.0,0.0,0.0,0.0,0.0,0.0,0.0,0.0,0.0,0.0,0.0,0.0,0.0,0.0,1.0,0.0,0.0,0.0,0.0,0.0,0.0,0.0,0.0,0.0,0.0,0.0,0.0,125.0,300.0,3.0,1,0.018000000000000002,0.023,396000,350.0,20.0,0.5,235.35595077965425,0.23334568358651353
69b7d4f79605ebc57c75308b,69b7d4f79605ebc57c75308b,69b7d4f79605ebc57c75308c,0.0,0.0,0.0,0.0,0.0,0.0,0.0,0.0,0.0,0.0,0.0,0.0,0.0,0.0,0.0,0.0,0.0,1.0,0.0,0.0,0.0,0.0,0.0,0.0,0.0,0.0,0.0,0.0,0.0,0.0,125.0,300.0,3.0,1,0.018000000000000002,0.023,396000,350.0,20.0,0.5,245.4192198475564,0.28493777651853625
69b7d4f79605ebc57c75308b,69b7d4f79605ebc57c75308b,69b7d4f79605ebc57c75308c,0.0,0.0,0.0,0.0,0.0,0.0,0.0,0.0,0.0,0.0,0.0,0.0,0.0,0.0,0.0,0.0,0.0,1.0,0.0,0.0,0.0,0.0,0.0,0.0,0.0,0.0,0.0,0.0,0.0,0.0,125.0,300.0,3.0,1,0.018000000000000002,0.023,396000,350.0,20.0,0.5,254.74019827629152,0.3391452171828346
69b7d4f79605ebc57c75308b,69b7d4f79605ebc57c75308b,69b7d4f79605ebc57c75308c,0.0,0.0,0.0,0.0,0.0,0.0,0.0,0.0,0.0,0.0,0.0,0.0,0.0,0.0,0.0,0.0,0.0,1.0,0.0,0.0,0.0,0.0,0.0,0.0,0.0,0.0,0.0,0.0,0.0,0.0,125.0,300.0,3.0,1,0.018000000000000002,0.023,396000,350.0,20.0,0.5,265.3066307975888,0.3968397881568337
69b7d4f79605ebc57c75308b,69b7d4f79605ebc57c75308b,69b7d4f79605ebc57c75308c,0.0,0.0,0.0,0.0,0.0,0.0,0.0,0.0,0.0,0.0,0.0,0.0,0.0,0.0,0.0,0.0,0.0,1.0,0.0,0.0,0.0,0.0,0.0,0.0,0.0,0.0,0.0,0.0,0.0,0.0,125.0,300.0,3.0,1,0.018000000000000002,0.023,396000,350.0,20.0,0.5,274.9613909231306,0.4544471808730903
69b7d4f79605ebc57c75308b,69b7d4f79605ebc57c75308b,69b7d4f79605ebc57c75308c,0.0,0.0,0.0,0.0,0.0,0.0,0.0,0.0,0.0,0.0,0.0,0.0,0.0,0.0,0.0,0.0,0.0,1.0,0.0,0.0,0.0,0.0,0.0,0.0,0.0,0.0,0.0,0.0,0.0,0.0,125.0,300.0,3.0,1,0.018000000000000002,0.023,396000,350.0,20.0,0.5,285.07945997110545,0.5062310659721466
69b7d4f79605ebc57c75308b,69b7d4f79605ebc57c75308b,69b7d4f79605ebc57c75308c,0.0,0.0,0.0,0.0,0.0,0.0,0.0,0.0,0.0,0.0,0.0,0.0,0.0,0.0,0.0,0.0,0.0,1.0,0.0,0.0,0.0,0.0,0.0,0.0,0.0,0.0,0.0,0.0,0.0,0.0,125.0,300.0,3.0,1,0.018000000000000002,0.023,396000,350.0,20.0,0.5,294.5399292582075,0.5572913715319399
69b7d4f79605ebc57c75308b,69b7d4f79605ebc57c75308b,69b7d4f79605ebc57c75308c,0.0,0.0,0.0,0.0,0.0,0.0,0.0,0.0,0.0,0.0,0.0,0.0,0.0,0.0,0.0,0.0,0.0,1.0,0.0,0.0,0.0,0.0,0.0,0.0,0.0,0.0,0.0,0.0,0.0,0.0,125.0,300.0,3.0,1,0.018000000000000002,0.023,396000,350.0,20.0,0.5,155.3728889553131,0.024327092823049946
69b7d4f79605ebc57c75308b,69b7d4f79605ebc57c75308b,69b7d4f79605ebc57c75308c,0.0,0.0,0.0,0.0,0.0,0.0,0.0,0.0,0.0,0.0,0.0,0.0,0.0,0.0,0.0,0.0,0.0,1.0,0.0,0.0,0.0,0.0,0.0,0.0,0.0,0.0,0.0,0.0,0.0,0.0,125.0,300.0,3.0,1,0.018000000000000002,0.023,396000,350.0,20.0,0.5,304.9867981866188,0.6055096658893272
69b7d4f79605ebc57c75308b,69b7d4f79605ebc57c75308b,69b7d4f79605ebc57c75308c,0.0,0.0,0.0,0.0,0.0,0.0,0.0,0.0,0.0,0.0,0.0,0.0,0.0,0.0,0.0,0.0,0.0,1.0,0.0,0.0,0.0,0.0,0.0,0.0,0.0,0.0,0.0,0.0,0.0,0.0,125.0,300.0,3.0,1,0.018000000000000002,0.023,396000,350.0,20.0,0.5,314.9952672744482,0.651670553363991
69b7d4f79605ebc57c75308b,69b7d4f79605ebc57c75308b,69b7d4f79605ebc57c75308c,0.0,0.0,0.0,0.0,0.0,0.0,0.0,0.0,0.0,0.0,0.0,0.0,0.0,0.0,0.0,0.0,0.0,1.0,0.0,0.0,0.0,0.0,0.0,0.0,0.0,0.0,0.0,0.0,0.0,0.0,125.0,300.0,3.0,1,0.018000000000000002,0.023,396000,350.0,20.0,0.5,335.1666417575848,0.7308981540003923
69b7d4f79605ebc57c75308b,69b7d4f79605ebc57c75308b,69b7d4f79605ebc57c75308c,0.0,0.0,0.0,0.0,0.0,0.0,0.0,0.0,0.0,0.0,0.0,0.0,0.0,0.0,0.0,0.0,0.0,1.0,0.0,0.0,0.0,0.0,0.0,0.0,0.0,0.0,0.0,0.0,0.0,0.0,125.0,300.0,3.0,1,0.018000000000000002,0.023,396000,350.0,20.0,0.5,355.0789617894684,0.7947998169256587
69b7d4f79605ebc57c75308b,69b7d4f79605ebc57c75308b,69b7d4f79605ebc57c75308c,0.0,0.0,0.0,0.0,0.0,0.0,0.0,0.0,0.0,0.0,0.0,0.0,0.0,0.0,0.0,0.0,0.0,1.0,0.0,0.0,0.0,0.0,0.0,0.0,0.0,0.0,0.0,0.0,0.0,0.0,125.0,300.0,3.0,1,0.018000000000000002,0.023,396000,350.0,20.0,0.5,375.1208090469785,0.8494431488786697
69b7d4f79605ebc57c75308b,69b7d4f79605ebc57c75308b,69b7d4f79605ebc57c75308c,0.0,0.0,0.0,0.0,0.0,0.0,0.0,0.0,0.0,0.0,0.0,0.0,0.0,0.0,0.0,0.0,0.0,1.0,0.0,0.0,0.0,0.0,0.0,0.0,0.0,0.0,0.0,0.0,0.0,0.0,125.0,300.0,3.0,1,0.018000000000000002,0.023,396000,350.0,20.0,0.5,395.07796542619434,0.8895364296144541
69b7d4f79605ebc57c75308b,69b7d4f79605ebc57c75308b,69b7d4f79605ebc57c75308c,0.0,0.0,0.0,0.0,0.0,0.0,0.0,0.0,0.0,0.0,0.0,0.0,0.0,0.0,0.0,0.0,0.0,1.0,0.0,0.0,0.0,0.0,0.0,0.0,0.0,0.0,0.0,0.0,0.0,0.0,125.0,300.0,3.0,1,0.018000000000000002,0.023,396000,350.0,20.0,0.5,414.970358192597,0.9183052546694854
69b7d4f79605ebc57c75308b,69b7d4f79605ebc57c75308b,69b7d4f79605ebc57c75308c,0.0,0.0,0.0,0.0,0.0,0.0,0.0,0.0,0.0,0.0,0.0,0.0,0.0,0.0,0.0,0.0,0.0,1.0,0.0,0.0,0.0,0.0,0.0,0.0,0.0,0.0,0.0,0.0,0.0,0.0,125.0,300.0,3.0,1,0.018000000000000002,0.023,396000,350.0,20.0,0.5,435.231405370398,0.9357147527406664
69b7d4f79605ebc57c75308b,69b7d4f79605ebc57c75308b,69b7d4f79605ebc57c75308c,0.0,0.0,0.0,0.0,0.0,0.0,0.0,0.0,0.0,0.0,0.0,0.0,0.0,0.0,0.0,0.0,0.0,1.0,0.0,0.0,0.0,0.0,0.0,0.0,0.0,0.0,0.0,0.0,0.0,0.0,125.0,300.0,3.0,1,0.018000000000000002,0.023,396000,350.0,20.0,0.5,325.3126089772331,0.6921997253884881
69b7d4f79605ebc57c75308b,69b7d4f79605ebc57c75308b,69b7d4f79605ebc57c75308c,0.0,0.0,0.0,0.0,0.0,0.0,0.0,0.0,0.0,0.0,0.0,0.0,0.0,0.0,0.0,0.0,0.0,1.0,0.0,0.0,0.0,0.0,0.0,0.0,0.0,0.0,0.0,0.0,0.0,0.0,125.0,300.0,3.0,1,0.018000000000000002,0.023,396000,350.0,20.0,0.5,344.8811836795695,0.7651940805962992
69b7d4f79605ebc57c75308d,69b7d4f79605ebc57c75308d,69b7d4f89605ebc57c75308e,0.0,0.0,0.0,0.0,0.43,0.0,0.0,0.0,0.0,0.0,0.0,0.0,0.0,0.0,0.0,0.0,0.0,0.57,0.0,0.0,0.0,0.0,0.0,0.0,0.0,0.0,0.0,0.0,0.0,0.0,68.0,300.0,3.0,0,0.018000000000000002,0.023,396000,350.0,20.0,0.5,114.92054002889454,0.045833969008129374
69b7d4f79605ebc57c75308d,69b7d4f79605ebc57c75308d,69b7d4f89605ebc57c75308e,0.0,0.0,0.0,0.0,0.43,0.0,0.0,0.0,0.0,0.0,0.0,0.0,0.0,0.0,0.0,0.0,0.0,0.57,0.0,0.0,0.0,0.0,0.0,0.0,0.0,0.0,0.0,0.0,0.0,0.0,68.0,300.0,3.0,0,0.018000000000000002,0.023,396000,350.0,20.0,0.5,125.22791809893887,0.06761981561798487
69b7d4f79605ebc57c75308d,69b7d4f79605ebc57c75308d,69b7d4f89605ebc57c75308e,0.0,0.0,0.0,0.0,0.43,0.0,0.0,0.0,0.0,0.0,0.0,0.0,0.0,0.0,0.0,0.0,0.0,0.57,0.0,0.0,0.0,0.0,0.0,0.0,0.0,0.0,0.0,0.0,0.0,0.0,68.0,300.0,3.0,0,0.018000000000000002,0.023,396000,350.0,20.0,0.5,134.90260548996164,0.09829784451757732
69b7d4f79605ebc57c75308d,69b7d4f79605ebc57c75308d,69b7d4f89605ebc57c75308e,0.0,0.0,0.0,0.0,0.43,0.0,0.0,0.0,0.0,0.0,0.0,0.0,0.0,0.0,0.0,0.0,0.0,0.57,0.0,0.0,0.0,0.0,0.0,0.0,0.0,0.0,0.0,0.0,0.0,0.0,68.0,300.0,3.0,0,0.018000000000000002,0.023,396000,350.0,20.0,0.5,104.21461664923031,0.0305167491227688
69b7d4f79605ebc57c75308d,69b7d4f79605ebc57c75308d,69b7d4f89605ebc57c75308e,0.0,0.0,0.0,0.0,0.43,0.0,0.0,0.0,0.0,0.0,0.0,0.0,0.0,0.0,0.0,0.0,0.0,0.57,0.0,0.0,0.0,0.0,0.0,0.0,0.0,0.0,0.0,0.0,0.0,0.0,68.0,300.0,3.0,0,0.018000000000000002,0.023,396000,350.0,20.0,0.5,144.99576545608528,0.14061417082579605
69b7d4f79605ebc57c75308d,69b7d4f79605ebc57c75308d,69b7d4f89605ebc57c75308e,0.0,0.0,0.0,0.0,0.43,0.0,0.0,0.0,0.0,0.0,0.0,0.0,0.0,0.0,0.0,0.0,0.0,0.57,0.0,0.0,0.0,0.0,0.0,0.0,0.0,0.0,0.0,0.0,0.0,0.0,68.0,300.0,3.0,0,0.018000000000000002,0.023,396000,350.0,20.0,0.5,154.93448911473124,0.19251138765991763
69b7d4f79605ebc57c75308d,69b7d4f79605ebc57c75308d,69b7d4f89605ebc57c75308e,0.0,0.0,0.0,0.0,0.43,0.0,0.0,0.0,0.0,0.0,0.0,0.0,0.0,0.0,0.0,0.0,0.0,0.57,0.0,0.0,0.0,0.0,0.0,0.0,0.0,0.0,0.0,0.0,0.0,0.0,68.0,300.0,3.0,0,0.018000000000000002,0.023,396000,350.0,20.0,0.5,164.6390674039755,0.25213259813002636
69b7d4f79605ebc57c75308d,69b7d4f79605ebc57c75308d,69b7d4f89605ebc57c75308e,0.0,0.0,0.0,0.0,0.43,0.0,0.0,0.0,0.0,0.0,0.0,0.0,0.0,0.0,0.0,0.0,0.0,0.57,0.0,0.0,0.0,0.0,0.0,0.0,0.0,0.0,0.0,0.0,0.0,0.0,68.0,300.0,3.0,0,0.018000000000000002,0.023,396000,350.0,20.0,0.5,174.9763363722413,0.32507464638319206
69b7d4f79605ebc57c75308d,69b7d4f79605ebc57c75308d,69b7d4f89605ebc57c75308e,0.0,0.0,0.0,0.0,0.43,0.0,0.0,0.0,0.0,0.0,0.0,0.0,0.0,0.0,0.0,0.0,0.0,0.57,0.0,0.0,0.0,0.0,0.0,0.0,0.0,0.0,0.0,0.0,0.0,0.0,68.0,300.0,3.0,0,0.018000000000000002,0.023,396000,350.0,20.0,0.5,184.81542370348228,0.4132816075670728
69b7d4f79605ebc57c75308d,69b7d4f79605ebc57c75308d,69b7d4f89605ebc57c75308e,0.0,0.0,0.0,0.0,0.43,0.0,0.0,0.0,0.0,0.0,0.0,0.0,0.0,0.0,0.0,0.0,0.0,0.57,0.0,0.0,0.0,0.0,0.0,0.0,0.0,0.0,0.0,0.0,0.0,0.0,68.0,300.0,3.0,0,0.018000000000000002,0.023,396000,350.0,20.0,0.5,195.03312907886215,0.5156201643310159
69b7d4f79605ebc57c75308d,69b7d4f79605ebc57c75308d,69b7d4f89605ebc57c75308e,0.0,0.0,0.0,0.0,0.43,0.0,0.0,0.0,0.0,0.0,0.0,0.0,0.0,0.0,0.0,0.0,0.0,0.57,0.0,0.0,0.0,0.0,0.0,0.0,0.0,0.0,0.0,0.0,0.0,0.0,68.0,300.0,3.0,0,0.018000000000000002,0.023,396000,350.0,20.0,0.5,205.61450704927017,0.6138874964583833
69b7d4f79605ebc57c75308d,69b7d4f79605ebc57c75308d,69b7d4f89605ebc57c75308e,0.0,0.0,0.0,0.0,0.43,0.0,0.0,0.0,0.0,0.0,0.0,0.0,0.0,0.0,0.0,0.0,0.0,0.57,0.0,0.0,0.0,0.0,0.0,0.0,0.0,0.0,0.0,0.0,0.0,0.0,68.0,300.0,3.0,0,0.018000000000000002,0.023,396000,350.0,20.0,0.5,215.05006725452097,0.7042128893054073
69b7d4f79605ebc57c75308d,69b7d4f79605ebc57c75308d,69b7d4f89605ebc57c75308e,0.0,0.0,0.0,0.0,0.43,0.0,0.0,0.0,0.0,0.0,0.0,0.0,0.0,0.0,0.0,0.0,0.0,0.57,0.0,0.0,0.0,0.0,0.0,0.0,0.0,0.0,0.0,0.0,0.0,0.0,68.0,300.0,3.0,0,0.018000000000000002,0.023,396000,350.0,20.0,0.5,225.03860907686942,0.7761349519429853
69b7d4f79605ebc57c75308d,69b7d4f79605ebc57c75308d,69b7d4f89605ebc57c75308e,0.0,0.0,0.0,0.0,0.43,0.0,0.0,0.0,0.0,0.0,0.0,0.0,0.0,0.0,0.0,0.0,0.0,0.57,0.0,0.0,0.0,0.0,0.0,0.0,0.0,0.0,0.0,0.0,0.0,0.0,68.0,300.0,3.0,0,0.018000000000000002,0.023,396000,350.0,20.0,0.5,234.8577691426294,0.8290085652638232
69b7d4f79605ebc57c75308d,69b7d4f79605ebc57c75308d,69b7d4f89605ebc57c75308e,0.0,0.0,0.0,0.0,0.43,0.0,0.0,0.0,0.0,0.0,0.0,0.0,0.0,0.0,0.0,0.0,0.0,0.57,0.0,0.0,0.0,0.0,0.0,0.0,0.0,0.0,0.0,0.0,0.0,0.0,68.0,300.0,3.0,0,0.018000000000000002,0.023,396000,350.0,20.0,0.5,245.27972898918944,0.8723448771876293
69b7d4f79605ebc57c75308d,69b7d4f79605ebc57c75308d,69b7d4f89605ebc57c75308e,0.0,0.0,0.0,0.0,0.43,0.0,0.0,0.0,0.0,0.0,0.0,0.0,0.0,0.0,0.0,0.0,0.0,0.57,0.0,0.0,0.0,0.0,0.0,0.0,0.0,0.0,0.0,0.0,0.0,0.0,68.0,300.0,3.0,0,0.018000000000000002,0.023,396000,350.0,20.0,0.5,255.2632889951676,0.9013926726674367
69b7d4f79605ebc57c75308d,69b7d4f79605ebc57c75308d,69b7d4f89605ebc57c75308e,0.0,0.0,0.0,0.0,0.43,0.0,0.0,0.0,0.0,0.0,0.0,0.0,0.0,0.0,0.0,0.0,0.0,0.57,0.0,0.0,0.0,0.0,0.0,0.0,0.0,0.0,0.0,0.0,0.0,0.0,68.0,300.0,3.0,0,0.018000000000000002,0.023,396000,350.0,20.0,0.5,265.26179445025656,0.9239805592485234
69b7d4f79605ebc57c75308d,69b7d4f79605ebc57c75308d,69b7d4f89605ebc57c75308e,0.0,0.0,0.0,0.0,0.43,0.0,0.0,0.0,0.0,0.0,0.0,0.0,0.0,0.0,0.0,0.0,0.0,0.57,0.0,0.0,0.0,0.0,0.0,0.0,0.0,0.0,0.0,0.0,0.0,0.0,68.0,300.0,3.0,0,0.018000000000000002,0.023,396000,350.0,20.0,0.5,275.10586359786777,0.9411372403722511
69b7d4f79605ebc57c75308d,69b7d4f79605ebc57c75308d,69b7d4f89605ebc57c75308e,0.0,0.0,0.0,0.0,0.43,0.0,0.0,0.0,0.0,0.0,0.0,0.0,0.0,0.0,0.0,0.0,0.0,0.57,0.0,0.0,0.0,0.0,0.0,0.0,0.0,0.0,0.0,0.0,0.0,0.0,68.0,300.0,3.0,0,0.018000000000000002,0.023,396000,350.0,20.0,0.5,295.1028745080456,0.9601769718632173
69b7d4f89605ebc57c75308f,69b7d4f89605ebc57c75308f,69b7d4f89605ebc57c753090,0.0,0.0,0.0,0.0,0.0,0.0,0.0,0.0,0.0,0.0,0.0,0.0,0.0,0.5,0.0,0.0,0.0,0.5,0.0,0.0,0.0,0.0,0.0,0.0,0.0,0.0,0.0,0.0,0.0,0.0,84.0,500.0,5.0,0,0.01,0.01,33000,500.0,10.2,1.0,259.10981927777107,0.03927051059220635
69b7d4f89605ebc57c75308f,69b7d4f89605ebc57c75308f,69b7d4f89605ebc57c753090,0.0,0.0,0.0,0.0,0.0,0.0,0.0,0.0,0.0,0.0,0.0,0.0,0.0,0.5,0.0,0.0,0.0,0.5,0.0,0.0,0.0,0.0,0.0,0.0,0.0,0.0,0.0,0.0,0.0,0.0,84.0,500.0,5.0,0,0.01,0.01,33000,500.0,10.2,1.0,290.83905492063843,0.0649050773739053
69b7d4f89605ebc57c75308f,69b7d4f89605ebc57c75308f,69b7d4f89605ebc57c753090,0.0,0.0,0.0,0.0,0.0,0.0,0.0,0.0,0.0,0.0,0.0,0.0,0.0,0.5,0.0,0.0,0.0,0.5,0.0,0.0,0.0,0.0,0.0,0.0,0.0,0.0,0.0,0.0,0.0,0.0,84.0,500.0,5.0,0,0.01,0.01,33000,500.0,10.2,1.0,307.6793307887761,0.08607269704526561
69b7d4f89605ebc57c75308f,69b7d4f89605ebc57c75308f,69b7d4f89605ebc57c753090,0.0,0.0,0.0,0.0,0.0,0.0,0.0,0.0,0.0,0.0,0.0,0.0,0.0,0.5,0.0,0.0,0.0,0.5,0.0,0.0,0.0,0.0,0.0,0.0,0.0,0.0,0.0,0.0,0.0,0.0,84.0,500.0,5.0,0,0.01,0.01,33000,500.0,10.2,1.0,324.24901829221346,0.11828173673560206
69b7d4f89605ebc57c75308f,69b7d4f89605ebc57c75308f,69b7d4f89605ebc57c753090,0.0,0.0,0.0,0.0,0.0,0.0,0.0,0.0,0.0,0.0,0.0,0.0,0.0,0.5,0.0,0.0,0.0,0.5,0.0,0.0,0.0,0.0,0.0,0.0,0.0,0.0,0.0,0.0,0.0,0.0,84.0,500.0,5.0,0,0.01,0.01,33000,500.0,10.2,1.0,340.2885285932705,0.1517754435460171
69b7d4f89605ebc57c75308f,69b7d4f89605ebc57c75308f,69b7d4f89605ebc57c753090,0.0,0.0,0.0,0.0,0.0,0.0,0.0,0.0,0.0,0.0,0.0,0.0,0.0,0.5,0.0,0.0,0.0,0.5,0.0,0.0,0.0,0.0,0.0,0.0,0.0,0.0,0.0,0.0,0.0,0.0,84.0,500.0,5.0,0,0.01,0.01,33000,500.0,10.2,1.0,357.4697897990386,0.20614289192842808
69b7d4f89605ebc57c75308f,69b7d4f89605ebc57c75308f,69b7d4f89605ebc57c753090,0.0,0.0,0.0,0.0,0.0,0.0,0.0,0.0,0.0,0.0,0.0,0.0,0.0,0.5,0.0,0.0,0.0,0.5,0.0,0.0,0.0,0.0,0.0,0.0,0.0,0.0,0.0,0.0,0.0,0.0,84.0,500.0,5.0,0,0.01,0.01,33000,500.0,10.2,1.0,374.44205999142036,0.27145100212431883
69b7d4f89605ebc57c75308f,69b7d4f89605ebc57c75308f,69b7d4f89605ebc57c753090,0.0,0.0,0.0,0.0,0.0,0.0,0.0,0.0,0.0,0.0,0.0,0.0,0.0,0.5,0.0,0.0,0.0,0.5,0.0,0.0,0.0,0.0,0.0,0.0,0.0,0.0,0.0,0.0,0.0,0.0,84.0,500.0,5.0,0,0.01,0.01,33000,500.0,10.2,1.0,390.88195307601774,0.3587160046012914
69b7d4f89605ebc57c75308f,69b7d4f89605ebc57c75308f,69b7d4f89605ebc57c753090,0.0,0.0,0.0,0.0,0.0,0.0,0.0,0.0,0.0,0.0,0.0,0.0,0.0,0.5,0.0,0.0,0.0,0.5,0.0,0.0,0.0,0.0,0.0,0.0,0.0,0.0,0.0,0.0,0.0,0.0,84.0,500.0,5.0,0,0.01,0.01,33000,500.0,10.2,1.0,407.32404606601915,0.42041361243356257
69b7d4f89605ebc57c75308f,69b7d4f89605ebc57c75308f,69b7d4f89605ebc57c753090,0.0,0.0,0.0,0.0,0.0,0.0,0.0,0.0,0.0,0.0,0.0,0.0,0.0,0.5,0.0,0.0,0.0,0.5,0.0,0.0,0.0,0.0,0.0,0.0,0.0,0.0,0.0,0.0,0.0,0.0,84.0,500.0,5.0,0,0.01,0.01,33000,500.0,10.2,1.0,423.68914236687823,0.5226328119096199
69b7d4f89605ebc57c75308f,69b7d4f89605ebc57c75308f,69b7d4f89605ebc57c753090,0.0,0.0,0.0,0.0,0.0,0.0,0.0,0.0,0.0,0.0,0.0,0.0,0.0,0.5,0.0,0.0,0.0,0.5,0.0,0.0,0.0,0.0,0.0,0.0,0.0,0.0,0.0,0.0,0.0,0.0,84.0,500.0,5.0,0,0.01,0.01,33000,500.0,10.2,1.0,440.0322396136966,0.5938856562297958
69b7d4f89605ebc57c75308f,69b7d4f89605ebc57c75308f,69b7d4f89605ebc57c753090,0.0,0.0,0.0,0.0,0.0,0.0,0.0,0.0,0.0,0.0,0.0,0.0,0.0,0.5,0.0,0.0,0.0,0.5,0.0,0.0,0.0,0.0,0.0,0.0,0.0,0.0,0.0,0.0,0.0,0.0,84.0,500.0,5.0,0,0.01,0.01,33000,500.0,10.2,1.0,457.057307535776,0.6646682955909888
69b7d4f89605ebc57c75308f,69b7d4f89605ebc57c75308f,69b7d4f89605ebc57c753090,0.0,0.0,0.0,0.0,0.0,0.0,0.0,0.0,0.0,0.0,0.0,0.0,0.0,0.5,0.0,0.0,0.0,0.5,0.0,0.0,0.0,0.0,0.0,0.0,0.0,0.0,0.0,0.0,0.0,0.0,84.0,500.0,5.0,0,0.01,0.01,33000,500.0,10.2,1.0,473.0352204855191,0.7340823026608563
69b7d4f89605ebc57c75308f,69b7d4f89605ebc57c75308f,69b7d4f89605ebc57c753090,0.0,0.0,0.0,0.0,0.0,0.0,0.0,0.0,0.0,0.0,0.0,0.0,0.0,0.5,0.0,0.0,0.0,0.5,0.0,0.0,0.0,0.0,0.0,0.0,0.0,0.0,0.0,0.0,0.0,0.0,84.0,500.0,5.0,0,0.01,0.01,33000,500.0,10.2,1.0,489.0593314487477,0.8005743217713293
69b7d4f89605ebc57c75308f,69b7d4f89605ebc57c75308f,69b7d4f89605ebc57c753090,0.0,0.0,0.0,0.0,0.0,0.0,0.0,0.0,0.0,0.0,0.0,0.0,0.0,0.5,0.0,0.0,0.0,0.5,0.0,0.0,0.0,0.0,0.0,0.0,0.0,0.0,0.0,0.0,0.0,0.0,84.0,500.0,5.0,0,0.01,0.01,33000,500.0,10.2,1.0,499.9092649016092,0.8437492128265195
69b7d4f99605ebc57c753091,69b7d4f99605ebc57c753091,69b7d4f99605ebc57c753092,0.0,0.0,0.0,0.0,0.0,0.0,0.0,0.0,0.0,0.0,0.0,0.0,0.0,0.0,0.0,0.0,0.2,0.8,0.0,0.0,0.0,0.0,0.0,0.0,0.0,0.0,0.0,0.0,0.0,0.0,66.0,500.0,5.0,1,0.01,0.01,33000,500.0,10.2,1.0,267.1328742864057,0.05235228427248377
69b7d4f99605ebc57c753091,69b7d4f99605ebc57c753091,69b7d4f99605ebc57c753092,0.0,0.0,0.0,0.0,0.0,0.0,0.0,0.0,0.0,0.0,0.0,0.0,0.0,0.0,0.0,0.0,0.2,0.8,0.0,0.0,0.0,0.0,0.0,0.0,0.0,0.0,0.0,0.0,0.0,0.0,66.0,500.0,5.0,1,0.01,0.01,33000,500.0,10.2,1.0,287.050817814834,0.07784411026306287
69b7d4f99605ebc57c753091,69b7d4f99605ebc57c753091,69b7d4f99605ebc57c753092,0.0,0.0,0.0,0.0,0.0,0.0,0.0,0.0,0.0,0.0,0.0,0.0,0.0,0.0,0.0,0.0,0.2,0.8,0.0,0.0,0.0,0.0,0.0,0.0,0.0,0.0,0.0,0.0,0.0,0.0,66.0,500.0,5.0,1,0.01,0.01,33000,500.0,10.2,1.0,297.42117188960873,0.11243776081681318
69b7d4f99605ebc57c753091,69b7d4f99605ebc57c753091,69b7d4f99605ebc57c753092,0.0,0.0,0.0,0.0,0.0,0.0,0.0,0.0,0.0,0.0,0.0,0.0,0.0,0.0,0.0,0.0,0.2,0.8,0.0,0.0,0.0,0.0,0.0,0.0,0.0,0.0,0.0,0.0,0.0,0.0,66.0,500.0,5.0,1,0.01,0.01,33000,500.0,10.2,1.0,307.0061597351314,0.14836645759339026
69b7d4f99605ebc57c753091,69b7d4f99605ebc57c753091,69b7d4f99605ebc57c753092,0.0,0.0,0.0,0.0,0.0,0.0,0.0,0.0,0.0,0.0,0.0,0.0,0.0,0.0,0.0,0.0,0.2,0.8,0.0,0.0,0.0,0.0,0.0,0.0,0.0,0.0,0.0,0.0,0.0,0.0,66.0,500.0,5.0,1,0.01,0.01,33000,500.0,10.2,1.0,317.2709183505109,0.16803110069942984
69b7d4f99605ebc57c753091,69b7d4f99605ebc57c753091,69b7d4f99605ebc57c753092,0.0,0.0,0.0,0.0,0.0,0.0,0.0,0.0,0.0,0.0,0.0,0.0,0.0,0.0,0.0,0.0,0.2,0.8,0.0,0.0,0.0,0.0,0.0,0.0,0.0,0.0,0.0,0.0,0.0,0.0,66.0,500.0,5.0,1,0.01,0.01,33000,500.0,10.2,1.0,327.3442851957366,0.22020705811229502
69b7d4f99605ebc57c753091,69b7d4f99605ebc57c753091,69b7d4f99605ebc57c753092,0.0,0.0,0.0,0.0,0.0,0.0,0.0,0.0,0.0,0.0,0.0,0.0,0.0,0.0,0.0,0.0,0.2,0.8,0.0,0.0,0.0,0.0,0.0,0.0,0.0,0.0,0.0,0.0,0.0,0.0,66.0,500.0,5.0,1,0.01,0.01,33000,500.0,10.2,1.0,337.39345308151746,0.2736340965767399
69b7d4f99605ebc57c753091,69b7d4f99605ebc57c753091,69b7d4f99605ebc57c753092,0.0,0.0,0.0,0.0,0.0,0.0,0.0,0.0,0.0,0.0,0.0,0.0,0.0,0.0,0.0,0.0,0.2,0.8,0.0,0.0,0.0,0.0,0.0,0.0,0.0,0.0,0.0,0.0,0.0,0.0,66.0,500.0,5.0,1,0.01,0.01,33000,500.0,10.2,1.0,347.13243430532486,0.36803613860970463
69b7d4f99605ebc57c753091,69b7d4f99605ebc57c753091,69b7d4f99605ebc57c753092,0.0,0.0,0.0,0.0,0.0,0.0,0.0,0.0,0.0,0.0,0.0,0.0,0.0,0.0,0.0,0.0,0.2,0.8,0.0,0.0,0.0,0.0,0.0,0.0,0.0,0.0,0.0,0.0,0.0,0.0,66.0,500.0,5.0,1,0.01,0.01,33000,500.0,10.2,1.0,357.1926017181261,0.4503052133974827
69b7d4f99605ebc57c753091,69b7d4f99605ebc57c753091,69b7d4f99605ebc57c753092,0.0,0.0,0.0,0.0,0.0,0.0,0.0,0.0,0.0,0.0,0.0,0.0,0.0,0.0,0.0,0.0,0.2,0.8,0.0,0.0,0.0,0.0,0.0,0.0,0.0,0.0,0.0,0.0,0.0,0.0,66.0,500.0,5.0,1,0.01,0.01,33000,500.0,10.2,1.0,367.13837404991585,0.5292072848182573
69b7d4f99605ebc57c753091,69b7d4f99605ebc57c753091,69b7d4f99605ebc57c753092,0.0,0.0,0.0,0.0,0.0,0.0,0.0,0.0,0.0,0.0,0.0,0.0,0.0,0.0,0.0,0.0,0.2,0.8,0.0,0.0,0.0,0.0,0.0,0.0,0.0,0.0,0.0,0.0,0.0,0.0,66.0,500.0,5.0,1,0.01,0.01,33000,500.0,10.2,1.0,377.1765424086764,0.6033401345122043
69b7d4f99605ebc57c753091,69b7d4f99605ebc57c753091,69b7d4f99605ebc57c753092,0.0,0.0,0.0,0.0,0.0,0.0,0.0,0.0,0.0,0.0,0.0,0.0,0.0,0.0,0.0,0.0,0.2,0.8,0.0,0.0,0.0,0.0,0.0,0.0,0.0,0.0,0.0,0.0,0.0,0.0,66.0,500.0,5.0,1,0.01,0.01,33000,500.0,10.2,1.0,387.2895075511753,0.682930720337204
69b7d4f99605ebc57c753091,69b7d4f99605ebc57c753091,69b7d4f99605ebc57c753092,0.0,0.0,0.0,0.0,0.0,0.0,0.0,0.0,0.0,0.0,0.0,0.0,0.0,0.0,0.0,0.0,0.2,0.8,0.0,0.0,0.0,0.0,0.0,0.0,0.0,0.0,0.0,0.0,0.0,0.0,66.0,500.0,5.0,1,0.01,0.01,33000,500.0,10.2,1.0,397.1076853695291,0.7401110019563885
69b7d4f99605ebc57c753091,69b7d4f99605ebc57c753091,69b7d4f99605ebc57c753092,0.0,0.0,0.0,0.0,0.0,0.0,0.0,0.0,0.0,0.0,0.0,0.0,0.0,0.0,0.0,0.0,0.2,0.8,0.0,0.0,0.0,0.0,0.0,0.0,0.0,0.0,0.0,0.0,0.0,0.0,66.0,500.0,5.0,1,0.01,0.01,33000,500.0,10.2,1.0,407.2998471065744,0.8318681410950737
69b7d4f99605ebc57c753091,69b7d4f99605ebc57c753091,69b7d4f99605ebc57c753092,0.0,0.0,0.0,0.0,0.0,0.0,0.0,0.0,0.0,0.0,0.0,0.0,0.0,0.0,0.0,0.0,0.2,0.8,0.0,0.0,0.0,0.0,0.0,0.0,0.0,0.0,0.0,0.0,0.0,0.0,66.0,500.0,5.0,1,0.01,0.01,33000,500.0,10.2,1.0,417.27861801942515,0.877923037524035
69b7d4f99605ebc57c753091,69b7d4f99605ebc57c753091,69b7d4f99605ebc57c753092,0.0,0.0,0.0,0.0,0.0,0.0,0.0,0.0,0.0,0.0,0.0,0.0,0.0,0.0,0.0,0.0,0.2,0.8,0.0,0.0,0.0,0.0,0.0,0.0,0.0,0.0,0.0,0.0,0.0,0.0,66.0,500.0,5.0,1,0.01,0.01,33000,500.0,10.2,1.0,427.2837877971247,0.9223909922164286
69b7d4f99605ebc57c753091,69b7d4f99605ebc57c753091,69b7d4f99605ebc57c753092,0.0,0.0,0.0,0.0,0.0,0.0,0.0,0.0,0.0,0.0,0.0,0.0,0.0,0.0,0.0,0.0,0.2,0.8,0.0,0.0,0.0,0.0,0.0,0.0,0.0,0.0,0.0,0.0,0.0,0.0,66.0,500.0,5.0,1,0.01,0.01,33000,500.0,10.2,1.0,437.181162210025,0.9478660251727582
69b7d4f99605ebc57c753091,69b7d4f99605ebc57c753091,69b7d4f99605ebc57c753092,0.0,0.0,0.0,0.0,0.0,0.0,0.0,0.0,0.0,0.0,0.0,0.0,0.0,0.0,0.0,0.0,0.2,0.8,0.0,0.0,0.0,0.0,0.0,0.0,0.0,0.0,0.0,0.0,0.0,0.0,66.0,500.0,5.0,1,0.01,0.01,33000,500.0,10.2,1.0,447.28312782550347,0.9567915228763109
69b7d4f99605ebc57c753091,69b7d4f99605ebc57c753091,69b7d4f99605ebc57c753092,0.0,0.0,0.0,0.0,0.0,0.0,0.0,0.0,0.0,0.0,0.0,0.0,0.0,0.0,0.0,0.0,0.2,0.8,0.0,0.0,0.0,0.0,0.0,0.0,0.0,0.0,0.0,0.0,0.0,0.0,66.0,500.0,5.0,1,0.01,0.01,33000,500.0,10.2,1.0,457.40269268421457,0.9671192389396878
69b7d4fa9605ebc57c753095,69b7d4fa9605ebc57c753095,69b7d4fa9605ebc57c753096,0.0,0.0,0.0,0.0,0.0,0.0,0.0,0.0,0.0,0.0,0.0,0.0,0.0,0.0,0.0,0.0,0.0,0.8,0.0,0.0,0.2,0.0,0.0,0.0,0.0,0.0,0.0,0.0,0.0,0.0,84.0,500.0,5.0,1,0.01,0.01,33000,500.0,10.2,1.0,205.4189279860966,0.040320075232793434
69b7d4fa9605ebc57c753095,69b7d4fa9605ebc57c753095,69b7d4fa9605ebc57c753096,0.0,0.0,0.0,0.0,0.0,0.0,0.0,0.0,0.0,0.0,0.0,0.0,0.0,0.0,0.0,0.0,0.0,0.8,0.0,0.0,0.2,0.0,0.0,0.0,0.0,0.0,0.0,0.0,0.0,0.0,84.0,500.0,5.0,1,0.01,0.01,33000,500.0,10.2,1.0,221.40344065205196,0.06063125015743469
69b7d4fa9605ebc57c753095,69b7d4fa9605ebc57c753095,69b7d4fa9605ebc57c753096,0.0,0.0,0.0,0.0,0.0,0.0,0.0,0.0,0.0,0.0,0.0,0.0,0.0,0.0,0.0,0.0,0.0,0.8,0.0,0.0,0.2,0.0,0.0,0.0,0.0,0.0,0.0,0.0,0.0,0.0,84.0,500.0,5.0,1,0.01,0.01,33000,500.0,10.2,1.0,237.49574868280664,0.08895270241903658
69b7d4fa9605ebc57c753095,69b7d4fa9605ebc57c753095,69b7d4fa9605ebc57c753096,0.0,0.0,0.0,0.0,0.0,0.0,0.0,0.0,0.0,0.0,0.0,0.0,0.0,0.0,0.0,0.0,0.0,0.8,0.0,0.0,0.2,0.0,0.0,0.0,0.0,0.0,0.0,0.0,0.0,0.0,84.0,500.0,5.0,1,0.01,0.01,33000,500.0,10.2,1.0,244.83903292158436,0.10702200727138383
69b7d4fa9605ebc57c753095,69b7d4fa9605ebc57c753095,69b7d4fa9605ebc57c753096,0.0,0.0,0.0,0.0,0.0,0.0,0.0,0.0,0.0,0.0,0.0,0.0,0.0,0.0,0.0,0.0,0.0,0.8,0.0,0.0,0.2,0.0,0.0,0.0,0.0,0.0,0.0,0.0,0.0,0.0,84.0,500.0,5.0,1,0.01,0.01,33000,500.0,10.2,1.0,252.49690363314377,0.12920560551483246
69b7d4fa9605ebc57c753095,69b7d4fa9605ebc57c753095,69b7d4fa9605ebc57c753096,0.0,0.0,0.0,0.0,0.0,0.0,0.0,0.0,0.0,0.0,0.0,0.0,0.0,0.0,0.0,0.0,0.0,0.8,0.0,0.0,0.2,0.0,0.0,0.0,0.0,0.0,0.0,0.0,0.0,0.0,84.0,500.0,5.0,1,0.01,0.01,33000,500.0,10.2,1.0,229.28130190401814,0.07304969898486108
69b7d4fa9605ebc57c753095,69b7d4fa9605ebc57c753095,69b7d4fa9605ebc57c753096,0.0,0.0,0.0,0.0,0.0,0.0,0.0,0.0,0.0,0.0,0.0,0.0,0.0,0.0,0.0,0.0,0.0,0.8,0.0,0.0,0.2,0.0,0.0,0.0,0.0,0.0,0.0,0.0,0.0,0.0,84.0,500.0,5.0,1,0.01,0.01,33000,500.0,10.2,1.0,260.73994918218517,0.15669580258108934
69b7d4fa9605ebc57c753095,69b7d4fa9605ebc57c753095,69b7d4fa9605ebc57c753096,0.0,0.0,0.0,0.0,0.0,0.0,0.0,0.0,0.0,0.0,0.0,0.0,0.0,0.0,0.0,0.0,0.0,0.8,0.0,0.0,0.2,0.0,0.0,0.0,0.0,0.0,0.0,0.0,0.0,0.0,84.0,500.0,5.0,1,0.01,0.01,33000,500.0,10.2,1.0,268.8510004069825,0.1889468248570493
69b7d4fa9605ebc57c753095,69b7d4fa9605ebc57c753095,69b7d4fa9605ebc57c753096,0.0,0.0,0.0,0.0,0.0,0.0,0.0,0.0,0.0,0.0,0.0,0.0,0.0,0.0,0.0,0.0,0.0,0.8,0.0,0.0,0.2,0.0,0.0,0.0,0.0,0.0,0.0,0.0,0.0,0.0,84.0,500.0,5.0,1,0.01,0.01,33000,500.0,10.2,1.0,276.73546137516087,0.2290234010932265
69b7d4fa9605ebc57c753095,69b7d4fa9605ebc57c753095,69b7d4fa9605ebc57c753096,0.0,0.0,0.0,0.0,0.0,0.0,0.0,0.0,0.0,0.0,0.0,0.0,0.0,0.0,0.0,0.0,0.0,0.8,0.0,0.0,0.2,0.0,0.0,0.0,0.0,0.0,0.0,0.0,0.0,0.0,84.0,500.0,5.0,1,0.01,0.01,33000,500.0,10.2,1.0,285.0181052214755,0.27912541877629155
69b7d4fa9605ebc57c753095,69b7d4fa9605ebc57c753095,69b7d4fa9605ebc57c753096,0.0,0.0,0.0,0.0,0.0,0.0,0.0,0.0,0.0,0.0,0.0,0.0,0.0,0.0,0.0,0.0,0.0,0.8,0.0,0.0,0.2,0.0,0.0,0.0,0.0,0.0,0.0,0.0,0.0,0.0,84.0,500.0,5.0,1,0.01,0.01,33000,500.0,10.2,1.0,293.29854916238605,0.3402016843413352
69b7d4fa9605ebc57c753095,69b7d4fa9605ebc57c753095,69b7d4fa9605ebc57c753096,0.0,0.0,0.0,0.0,0.0,0.0,0.0,0.0,0.0,0.0,0.0,0.0,0.0,0.0,0.0,0.0,0.0,0.8,0.0,0.0,0.2,0.0,0.0,0.0,0.0,0.0,0.0,0.0,0.0,0.0,84.0,500.0,5.0,1,0.01,0.01,33000,500.0,10.2,1.0,300.29424834732106,0.4176763478509114
69b7d4fa9605ebc57c753095,69b7d4fa9605ebc57c753095,69b7d4fa9605ebc57c753096,0.0,0.0,0.0,0.0,0.0,0.0,0.0,0.0,0.0,0.0,0.0,0.0,0.0,0.0,0.0,0.0,0.0,0.8,0.0,0.0,0.2,0.0,0.0,0.0,0.0,0.0,0.0,0.0,0.0,0.0,84.0,500.0,5.0,1,0.01,0.01,33000,500.0,10.2,1.0,308.7990826394465,0.5203909418373258
69b7d4fa9605ebc57c753095,69b7d4fa9605ebc57c753095,69b7d4fa9605ebc57c753096,0.0,0.0,0.0,0.0,0.0,0.0,0.0,0.0,0.0,0.0,0.0,0.0,0.0,0.0,0.0,0.0,0.0,0.8,0.0,0.0,0.2,0.0,0.0,0.0,0.0,0.0,0.0,0.0,0.0,0.0,84.0,500.0,5.0,1,0.01,0.01,33000,500.0,10.2,1.0,316.8199377426771,0.6729640545101891
69b7d4fa9605ebc57c753095,69b7d4fa9605ebc57c753095,69b7d4fa9605ebc57c753096,0.0,0.0,0.0,0.0,0.0,0.0,0.0,0.0,0.0,0.0,0.0,0.0,0.0,0.0,0.0,0.0,0.0,0.8,0.0,0.0,0.2,0.0,0.0,0.0,0.0,0.0,0.0,0.0,0.0,0.0,84.0,500.0,5.0,1,0.01,0.01,33000,500.0,10.2,1.0,325.22137648081133,0.9991267622190315
69b7d4fa9605ebc57c753097,69b7d4fa9605ebc57c753097,69b7d4fb9605ebc57c753098,0.0,0.0,0.0,0.0,0.0,0.0,0.0,0.0,0.0,0.0,0.0,0.0,0.0,0.5,0.0,0.0,0.0,0.5,0.0,0.0,0.0,0.0,0.0,0.0,0.0,0.0,0.0,0.0,0.0,0.0,36.0,800.0,5.0,0,0.01,0.01,33000,500.0,10.2,1.0,287.1889656202969,0.039383993940924004
69b7d4fa9605ebc57c753097,69b7d4fa9605ebc57c753097,69b7d4fb9605ebc57c753098,0.0,0.0,0.0,0.0,0.0,0.0,0.0,0.0,0.0,0.0,0.0,0.0,0.0,0.5,0.0,0.0,0.0,0.5,0.0,0.0,0.0,0.0,0.0,0.0,0.0,0.0,0.0,0.0,0.0,0.0,36.0,800.0,5.0,0,0.01,0.01,33000,500.0,10.2,1.0,304.2155108924207,0.056966715801646695
69b7d4fa9605ebc57c753097,69b7d4fa9605ebc57c753097,69b7d4fb9605ebc57c753098,0.0,0.0,0.0,0.0,0.0,0.0,0.0,0.0,0.0,0.0,0.0,0.0,0.0,0.5,0.0,0.0,0.0,0.5,0.0,0.0,0.0,0.0,0.0,0.0,0.0,0.0,0.0,0.0,0.0,0.0,36.0,800.0,5.0,0,0.01,0.01,33000,500.0,10.2,1.0,320.4351311253189,0.08769372348136263
69b7d4fa9605ebc57c753097,69b7d4fa9605ebc57c753097,69b7d4fb9605ebc57c753098,0.0,0.0,0.0,0.0,0.0,0.0,0.0,0.0,0.0,0.0,0.0,0.0,0.0,0.5,0.0,0.0,0.0,0.5,0.0,0.0,0.0,0.0,0.0,0.0,0.0,0.0,0.0,0.0,0.0,0.0,36.0,800.0,5.0,0,0.01,0.01,33000,500.0,10.2,1.0,336.996306930376,0.12612487885919976
69b7d4fa9605ebc57c753097,69b7d4fa9605ebc57c753097,69b7d4fb9605ebc57c753098,0.0,0.0,0.0,0.0,0.0,0.0,0.0,0.0,0.0,0.0,0.0,0.0,0.0,0.5,0.0,0.0,0.0,0.5,0.0,0.0,0.0,0.0,0.0,0.0,0.0,0.0,0.0,0.0,0.0,0.0,36.0,800.0,5.0,0,0.01,0.01,33000,500.0,10.2,1.0,353.92678969783003,0.17177969069394336
69b7d4fa9605ebc57c753097,69b7d4fa9605ebc57c753097,69b7d4fb9605ebc57c753098,0.0,0.0,0.0,0.0,0.0,0.0,0.0,0.0,0.0,0.0,0.0,0.0,0.0,0.5,0.0,0.0,0.0,0.5,0.0,0.0,0.0,0.0,0.0,0.0,0.0,0.0,0.0,0.0,0.0,0.0,36.0,800.0,5.0,0,0.01,0.01,33000,500.0,10.2,1.0,370.80390440713427,0.22696288815955565
69b7d4fa9605ebc57c753097,69b7d4fa9605ebc57c753097,69b7d4fb9605ebc57c753098,0.0,0.0,0.0,0.0,0.0,0.0,0.0,0.0,0.0,0.0,0.0,0.0,0.0,0.5,0.0,0.0,0.0,0.5,0.0,0.0,0.0,0.0,0.0,0.0,0.0,0.0,0.0,0.0,0.0,0.0,36.0,800.0,5.0,0,0.01,0.01,33000,500.0,10.2,1.0,387.6916927280684,0.2807697632562647
69b7d4fa9605ebc57c753097,69b7d4fa9605ebc57c753097,69b7d4fb9605ebc57c753098,0.0,0.0,0.0,0.0,0.0,0.0,0.0,0.0,0.0,0.0,0.0,0.0,0.0,0.5,0.0,0.0,0.0,0.5,0.0,0.0,0.0,0.0,0.0,0.0,0.0,0.0,0.0,0.0,0.0,0.0,36.0,800.0,5.0,0,0.01,0.01,33000,500.0,10.2,1.0,403.787499066059,0.3496754648141965
69b7d4fa9605ebc57c753097,69b7d4fa9605ebc57c753097,69b7d4fb9605ebc57c753098,0.0,0.0,0.0,0.0,0.0,0.0,0.0,0.0,0.0,0.0,0.0,0.0,0.0,0.5,0.0,0.0,0.0,0.5,0.0,0.0,0.0,0.0,0.0,0.0,0.0,0.0,0.0,0.0,0.0,0.0,36.0,800.0,5.0,0,0.01,0.01,33000,500.0,10.2,1.0,420.2419387548165,0.4145662141362152
69b7d4fa9605ebc57c753097,69b7d4fa9605ebc57c753097,69b7d4fb9605ebc57c753098,0.0,0.0,0.0,0.0,0.0,0.0,0.0,0.0,0.0,0.0,0.0,0.0,0.0,0.5,0.0,0.0,0.0,0.5,0.0,0.0,0.0,0.0,0.0,0.0,0.0,0.0,0.0,0.0,0.0,0.0,36.0,800.0,5.0,0,0.01,0.01,33000,500.0,10.2,1.0,437.06568540597084,0.48462835224079936
69b7d4fa9605ebc57c753097,69b7d4fa9605ebc57c753097,69b7d4fb9605ebc57c753098,0.0,0.0,0.0,0.0,0.0,0.0,0.0,0.0,0.0,0.0,0.0,0.0,0.0,0.5,0.0,0.0,0.0,0.5,0.0,0.0,0.0,0.0,0.0,0.0,0.0,0.0,0.0,0.0,0.0,0.0,36.0,800.0,5.0,0,0.01,0.01,33000,500.0,10.2,1.0,452.8199361718025,0.5557736316179525
69b7d4fa9605ebc57c753097,69b7d4fa9605ebc57c753097,69b7d4fb9605ebc57c753098,0.0,0.0,0.0,0.0,0.0,0.0,0.0,0.0,0.0,0.0,0.0,0.0,0.0,0.5,0.0,0.0,0.0,0.5,0.0,0.0,0.0,0.0,0.0,0.0,0.0,0.0,0.0,0.0,0.0,0.0,36.0,800.0,5.0,0,0.01,0.01,33000,500.0,10.2,1.0,469.34695641964373,0.625265695368553
69b7d4fa9605ebc57c753097,69b7d4fa9605ebc57c753097,69b7d4fb9605ebc57c753098,0.0,0.0,0.0,0.0,0.0,0.0,0.0,0.0,0.0,0.0,0.0,0.0,0.0,0.5,0.0,0.0,0.0,0.5,0.0,0.0,0.0,0.0,0.0,0.0,0.0,0.0,0.0,0.0,0.0,0.0,36.0,800.0,5.0,0,0.01,0.01,33000,500.0,10.2,1.0,484.8023460598363,0.6852130856495997
69b7d4fa9605ebc57c753097,69b7d4fa9605ebc57c753097,69b7d4fb9605ebc57c753098,0.0,0.0,0.0,0.0,0.0,0.0,0.0,0.0,0.0,0.0,0.0,0.0,0.0,0.5,0.0,0.0,0.0,0.5,0.0,0.0,0.0,0.0,0.0,0.0,0.0,0.0,0.0,0.0,0.0,0.0,36.0,800.0,5.0,0,0.01,0.01,33000,500.0,10.2,1.0,494.8312715473535,0.730615435984722
69b7d4fb9605ebc57c753099,69b7d4fb9605ebc57c753099,69b7d4fb9605ebc57c75309a,0.0,0.0,0.0,0.0,0.0,0.0,0.0,0.0,0.0,0.0,0.0,0.0,0.0,0.0,0.0,0.0,0.2,0.8,0.0,0.0,0.0,0.0,0.0,0.0,0.0,0.0,0.0,0.0,0.0,0.0,40.0,800.0,5.0,1,0.01,0.01,33000,500.0,10.2,1.0,293.2046131349465,0.05325308858141069
69b7d4fb9605ebc57c753099,69b7d4fb9605ebc57c753099,69b7d4fb9605ebc57c75309a,0.0,0.0,0.0,0.0,0.0,0.0,0.0,0.0,0.0,0.0,0.0,0.0,0.0,0.0,0.0,0.0,0.2,0.8,0.0,0.0,0.0,0.0,0.0,0.0,0.0,0.0,0.0,0.0,0.0,0.0,40.0,800.0,5.0,1,0.01,0.01,33000,500.0,10.2,1.0,303.17376639733584,0.06962236646008257
69b7d4fb9605ebc57c753099,69b7d4fb9605ebc57c753099,69b7d4fb9605ebc57c75309a,0.0,0.0,0.0,0.0,0.0,0.0,0.0,0.0,0.0,0.0,0.0,0.0,0.0,0.0,0.0,0.0,0.2,0.8,0.0,0.0,0.0,0.0,0.0,0.0,0.0,0.0,0.0,0.0,0.0,0.0,40.0,800.0,5.0,1,0.01,0.01,33000,500.0,10.2,1.0,313.00416270853566,0.08904561409223803
69b7d4fb9605ebc57c753099,69b7d4fb9605ebc57c753099,69b7d4fb9605ebc57c75309a,0.0,0.0,0.0,0.0,0.0,0.0,0.0,0.0,0.0,0.0,0.0,0.0,0.0,0.0,0.0,0.0,0.2,0.8,0.0,0.0,0.0,0.0,0.0,0.0,0.0,0.0,0.0,0.0,0.0,0.0,40.0,800.0,5.0,1,0.01,0.01,33000,500.0,10.2,1.0,323.0416270853569,0.12443094363593422
69b7d4fb9605ebc57c753099,69b7d4fb9605ebc57c753099,69b7d4fb9605ebc57c75309a,0.0,0.0,0.0,0.0,0.0,0.0,0.0,0.0,0.0,0.0,0.0,0.0,0.0,0.0,0.0,0.0,0.2,0.8,0.0,0.0,0.0,0.0,0.0,0.0,0.0,0.0,0.0,0.0,0.0,0.0,40.0,800.0,5.0,1,0.01,0.01,33000,500.0,10.2,1.0,333.07482201752606,0.16133104217735827
69b7d4fb9605ebc57c753099,69b7d4fb9605ebc57c753099,69b7d4fb9605ebc57c75309a,0.0,0.0,0.0,0.0,0.0,0.0,0.0,0.0,0.0,0.0,0.0,0.0,0.0,0.0,0.0,0.0,0.2,0.8,0.0,0.0,0.0,0.0,0.0,0.0,0.0,0.0,0.0,0.0,0.0,0.0,40.0,800.0,5.0,1,0.01,0.01,33000,500.0,10.2,1.0,343.534961414894,0.20095120977921835
69b7d4fb9605ebc57c753099,69b7d4fb9605ebc57c753099,69b7d4fb9605ebc57c75309a,0.0,0.0,0.0,0.0,0.0,0.0,0.0,0.0,0.0,0.0,0.0,0.0,0.0,0.0,0.0,0.0,0.2,0.8,0.0,0.0,0.0,0.0,0.0,0.0,0.0,0.0,0.0,0.0,0.0,0.0,40.0,800.0,5.0,1,0.01,0.01,33000,500.0,10.2,1.0,354.26194110301105,0.2596281486428158
69b7d4fb9605ebc57c753099,69b7d4fb9605ebc57c753099,69b7d4fb9605ebc57c75309a,0.0,0.0,0.0,0.0,0.0,0.0,0.0,0.0,0.0,0.0,0.0,0.0,0.0,0.0,0.0,0.0,0.2,0.8,0.0,0.0,0.0,0.0,0.0,0.0,0.0,0.0,0.0,0.0,0.0,0.0,40.0,800.0,5.0,1,0.01,0.01,33000,500.0,10.2,1.0,363.2064276489236,0.29101481378928423
69b7d4fb9605ebc57c753099,69b7d4fb9605ebc57c753099,69b7d4fb9605ebc57c75309a,0.0,0.0,0.0,0.0,0.0,0.0,0.0,0.0,0.0,0.0,0.0,0.0,0.0,0.0,0.0,0.0,0.2,0.8,0.0,0.0,0.0,0.0,0.0,0.0,0.0,0.0,0.0,0.0,0.0,0.0,40.0,800.0,5.0,1,0.01,0.01,33000,500.0,10.2,1.0,373.2353531364408,0.3559299948693308
69b7d4fb9605ebc57c753099,69b7d4fb9605ebc57c753099,69b7d4fb9605ebc57c75309a,0.0,0.0,0.0,0.0,0.0,0.0,0.0,0.0,0.0,0.0,0.0,0.0,0.0,0.0,0.0,0.0,0.2,0.8,0.0,0.0,0.0,0.0,0.0,0.0,0.0,0.0,0.0,0.0,0.0,0.0,40.0,800.0,5.0,1,0.01,0.01,33000,500.0,10.2,1.0,382.99743833320883,0.4236629720419248
69b7d4fb9605ebc57c753099,69b7d4fb9605ebc57c753099,69b7d4fb9605ebc57c75309a,0.0,0.0,0.0,0.0,0.0,0.0,0.0,0.0,0.0,0.0,0.0,0.0,0.0,0.0,0.0,0.0,0.2,0.8,0.0,0.0,0.0,0.0,0.0,0.0,0.0,0.0,0.0,0.0,0.0,0.0,40.0,800.0,5.0,1,0.01,0.01,33000,500.0,10.2,1.0,395.9402597957071,0.5097604873321334
69b7d4fb9605ebc57c753099,69b7d4fb9605ebc57c753099,69b7d4fb9605ebc57c75309a,0.0,0.0,0.0,0.0,0.0,0.0,0.0,0.0,0.0,0.0,0.0,0.0,0.0,0.0,0.0,0.0,0.2,0.8,0.0,0.0,0.0,0.0,0.0,0.0,0.0,0.0,0.0,0.0,0.0,0.0,40.0,800.0,5.0,1,0.01,0.01,33000,500.0,10.2,1.0,402.8396823533179,0.5457566108265264
69b7d4fb9605ebc57c753099,69b7d4fb9605ebc57c753099,69b7d4fb9605ebc57c75309a,0.0,0.0,0.0,0.0,0.0,0.0,0.0,0.0,0.0,0.0,0.0,0.0,0.0,0.0,0.0,0.0,0.2,0.8,0.0,0.0,0.0,0.0,0.0,0.0,0.0,0.0,0.0,0.0,0.0,0.0,40.0,800.0,5.0,1,0.01,0.01,33000,500.0,10.2,1.0,413.03298145993665,0.618595825426945
69b7d4fb9605ebc57c753099,69b7d4fb9605ebc57c753099,69b7d4fb9605ebc57c75309a,0.0,0.0,0.0,0.0,0.0,0.0,0.0,0.0,0.0,0.0,0.0,0.0,0.0,0.0,0.0,0.0,0.2,0.8,0.0,0.0,0.0,0.0,0.0,0.0,0.0,0.0,0.0,0.0,0.0,0.0,40.0,800.0,5.0,1,0.01,0.01,33000,500.0,10.2,1.0,423.01067361162995,0.6976407065664421
69b7d4fb9605ebc57c753099,69b7d4fb9605ebc57c753099,69b7d4fb9605ebc57c75309a,0.0,0.0,0.0,0.0,0.0,0.0,0.0,0.0,0.0,0.0,0.0,0.0,0.0,0.0,0.0,0.0,0.2,0.8,0.0,0.0,0.0,0.0,0.0,0.0,0.0,0.0,0.0,0.0,0.0,0.0,40.0,800.0,5.0,1,0.01,0.01,33000,500.0,10.2,1.0,433.1377963261429,0.740461434469953
69b7d4fb9605ebc57c753099,69b7d4fb9605ebc57c753099,69b7d4fb9605ebc57c75309a,0.0,0.0,0.0,0.0,0.0,0.0,0.0,0.0,0.0,0.0,0.0,0.0,0.0,0.0,0.0,0.0,0.2,0.8,0.0,0.0,0.0,0.0,0.0,0.0,0.0,0.0,0.0,0.0,0.0,0.0,40.0,800.0,5.0,1,0.01,0.01,33000,500.0,10.2,1.0,442.8208967968492,0.7995292814619964
69b7d4fb9605ebc57c753099,69b7d4fb9605ebc57c753099,69b7d4fb9605ebc57c75309a,0.0,0.0,0.0,0.0,0.0,0.0,0.0,0.0,0.0,0.0,0.0,0.0,0.0,0.0,0.0,0.0,0.2,0.8,0.0,0.0,0.0,0.0,0.0,0.0,0.0,0.0,0.0,0.0,0.0,0.0,40.0,800.0,5.0,1,0.01,0.01,33000,500.0,10.2,1.0,453.33867369701886,0.8320072318003762
69b7d4fb9605ebc57c753099,69b7d4fb9605ebc57c753099,69b7d4fb9605ebc57c75309a,0.0,0.0,0.0,0.0,0.0,0.0,0.0,0.0,0.0,0.0,0.0,0.0,0.0,0.0,0.0,0.0,0.2,0.8,0.0,0.0,0.0,0.0,0.0,0.0,0.0,0.0,0.0,0.0,0.0,0.0,40.0,800.0,5.0,1,0.01,0.01,33000,500.0,10.2,1.0,463.073007503549,0.8556816053293808
69b7d4fb9605ebc57c753099,69b7d4fb9605ebc57c753099,69b7d4fb9605ebc57c75309a,0.0,0.0,0.0,0.0,0.0,0.0,0.0,0.0,0.0,0.0,0.0,0.0,0.0,0.0,0.0,0.0,0.2,0.8,0.0,0.0,0.0,0.0,0.0,0.0,0.0,0.0,0.0,0.0,0.0,0.0,40.0,800.0,5.0,1,0.01,0.01,33000,500.0,10.2,1.0,473.3687732818154,0.8753491705418149
69b7d4fb9605ebc57c753099,69b7d4fb9605ebc57c753099,69b7d4fb9605ebc57c75309a,0.0,0.0,0.0,0.0,0.0,0.0,0.0,0.0,0.0,0.0,0.0,0.0,0.0,0.0,0.0,0.0,0.2,0.8,0.0,0.0,0.0,0.0,0.0,0.0,0.0,0.0,0.0,0.0,0.0,0.0,40.0,800.0,5.0,1,0.01,0.01,33000,500.0,10.2,1.0,483.20770848231916,0.8951307506250457
69b7d4fb9605ebc57c753099,69b7d4fb9605ebc57c753099,69b7d4fb9605ebc57c75309a,0.0,0.0,0.0,0.0,0.0,0.0,0.0,0.0,0.0,0.0,0.0,0.0,0.0,0.0,0.0,0.0,0.2,0.8,0.0,0.0,0.0,0.0,0.0,0.0,0.0,0.0,0.0,0.0,0.0,0.0,40.0,800.0,5.0,1,0.01,0.01,33000,500.0,10.2,1.0,492.92282978791536,0.9069231458331636
69b7d4fc9605ebc57c75309d,69b7d4fc9605ebc57c75309d,69b7d4fd9605ebc57c75309e,0.0,0.0,0.0,0.0,0.0,0.0,0.0,0.0,0.0,0.0,0.0,0.0,0.0,0.0,0.0,0.0,0.0,0.8,0.0,0.0,0.2,0.0,0.0,0.0,0.0,0.0,0.0,0.0,0.0,0.0,55.0,800.0,5.0,1,0.01,0.01,33000,500.0,10.2,1.0,233.57754912529754,0.053008771001132
69b7d4fc9605ebc57c75309d,69b7d4fc9605ebc57c75309d,69b7d4fd9605ebc57c75309e,0.0,0.0,0.0,0.0,0.0,0.0,0.0,0.0,0.0,0.0,0.0,0.0,0.0,0.0,0.0,0.0,0.0,0.8,0.0,0.0,0.2,0.0,0.0,0.0,0.0,0.0,0.0,0.0,0.0,0.0,55.0,800.0,5.0,1,0.01,0.01,33000,500.0,10.2,1.0,249.72672352143795,0.08192782858678567
69b7d4fc9605ebc57c75309d,69b7d4fc9605ebc57c75309d,69b7d4fd9605ebc57c75309e,0.0,0.0,0.0,0.0,0.0,0.0,0.0,0.0,0.0,0.0,0.0,0.0,0.0,0.0,0.0,0.0,0.0,0.8,0.0,0.0,0.2,0.0,0.0,0.0,0.0,0.0,0.0,0.0,0.0,0.0,55.0,800.0,5.0,1,0.01,0.01,33000,500.0,10.2,1.0,267.34672160018783,0.12404817942683095
69b7d4fc9605ebc57c75309d,69b7d4fc9605ebc57c75309d,69b7d4fd9605ebc57c75309e,0.0,0.0,0.0,0.0,0.0,0.0,0.0,0.0,0.0,0.0,0.0,0.0,0.0,0.0,0.0,0.0,0.0,0.8,0.0,0.0,0.2,0.0,0.0,0.0,0.0,0.0,0.0,0.0,0.0,0.0,55.0,800.0,5.0,1,0.01,0.01,33000,500.0,10.2,1.0,241.19637310676814,0.06612048114275476
69b7d4fc9605ebc57c75309d,69b7d4fc9605ebc57c75309d,69b7d4fd9605ebc57c75309e,0.0,0.0,0.0,0.0,0.0,0.0,0.0,0.0,0.0,0.0,0.0,0.0,0.0,0.0,0.0,0.0,0.0,0.8,0.0,0.0,0.2,0.0,0.0,0.0,0.0,0.0,0.0,0.0,0.0,0.0,55.0,800.0,5.0,1,0.01,0.01,33000,500.0,10.2,1.0,258.9252420241437,0.1000969126401772
69b7d4fc9605ebc57c75309d,69b7d4fc9605ebc57c75309d,69b7d4fd9605ebc57c75309e,0.0,0.0,0.0,0.0,0.0,0.0,0.0,0.0,0.0,0.0,0.0,0.0,0.0,0.0,0.0,0.0,0.0,0.8,0.0,0.0,0.2,0.0,0.0,0.0,0.0,0.0,0.0,0.0,0.0,0.0,55.0,800.0,5.0,1,0.01,0.01,33000,500.0,10.2,1.0,274.97194974863646,0.1523157234650748
69b7d4fc9605ebc57c75309d,69b7d4fc9605ebc57c75309d,69b7d4fd9605ebc57c75309e,0.0,0.0,0.0,0.0,0.0,0.0,0.0,0.0,0.0,0.0,0.0,0.0,0.0,0.0,0.0,0.0,0.0,0.8,0.0,0.0,0.2,0.0,0.0,0.0,0.0,0.0,0.0,0.0,0.0,0.0,55.0,800.0,5.0,1,0.01,0.01,33000,500.0,10.2,1.0,283.63678766984384,0.18574651236654152
69b7d4fc9605ebc57c75309d,69b7d4fc9605ebc57c75309d,69b7d4fd9605ebc57c75309e,0.0,0.0,0.0,0.0,0.0,0.0,0.0,0.0,0.0,0.0,0.0,0.0,0.0,0.0,0.0,0.0,0.0,0.8,0.0,0.0,0.2,0.0,0.0,0.0,0.0,0.0,0.0,0.0,0.0,0.0,55.0,800.0,5.0,1,0.01,0.01,33000,500.0,10.2,1.0,291.6718825048832,0.2277935679325032
69b7d4fc9605ebc57c75309d,69b7d4fc9605ebc57c75309d,69b7d4fd9605ebc57c75309e,0.0,0.0,0.0,0.0,0.0,0.0,0.0,0.0,0.0,0.0,0.0,0.0,0.0,0.0,0.0,0.0,0.0,0.8,0.0,0.0,0.2,0.0,0.0,0.0,0.0,0.0,0.0,0.0,0.0,0.0,55.0,800.0,5.0,1,0.01,0.01,33000,500.0,10.2,1.0,299.5917023343189,0.2780985577118844
69b7d4fc9605ebc57c75309d,69b7d4fc9605ebc57c75309d,69b7d4fd9605ebc57c75309e,0.0,0.0,0.0,0.0,0.0,0.0,0.0,0.0,0.0,0.0,0.0,0.0,0.0,0.0,0.0,0.0,0.0,0.8,0.0,0.0,0.2,0.0,0.0,0.0,0.0,0.0,0.0,0.0,0.0,0.0,55.0,800.0,5.0,1,0.01,0.01,33000,500.0,10.2,1.0,308.5084374899935,0.3399271933610769
69b7d4fc9605ebc57c75309d,69b7d4fc9605ebc57c75309d,69b7d4fd9605ebc57c75309e,0.0,0.0,0.0,0.0,0.0,0.0,0.0,0.0,0.0,0.0,0.0,0.0,0.0,0.0,0.0,0.0,0.0,0.8,0.0,0.0,0.2,0.0,0.0,0.0,0.0,0.0,0.0,0.0,0.0,0.0,55.0,800.0,5.0,1,0.01,0.01,33000,500.0,10.2,1.0,317.5041573717299,0.4130840208158578
69b7d4fc9605ebc57c75309d,69b7d4fc9605ebc57c75309d,69b7d4fd9605ebc57c75309e,0.0,0.0,0.0,0.0,0.0,0.0,0.0,0.0,0.0,0.0,0.0,0.0,0.0,0.0,0.0,0.0,0.0,0.8,0.0,0.0,0.2,0.0,0.0,0.0,0.0,0.0,0.0,0.0,0.0,0.0,55.0,800.0,5.0,1,0.01,0.01,33000,500.0,10.2,1.0,324.8241202275614,0.5040760316309827
69b7d4fc9605ebc57c75309d,69b7d4fc9605ebc57c75309d,69b7d4fd9605ebc57c75309e,0.0,0.0,0.0,0.0,0.0,0.0,0.0,0.0,0.0,0.0,0.0,0.0,0.0,0.0,0.0,0.0,0.0,0.8,0.0,0.0,0.2,0.0,0.0,0.0,0.0,0.0,0.0,0.0,0.0,0.0,55.0,800.0,5.0,1,0.01,0.01,33000,500.0,10.2,1.0,333.49963176039876,0.6240848270638728
69b7d4fc9605ebc57c75309d,69b7d4fc9605ebc57c75309d,69b7d4fd9605ebc57c75309e,0.0,0.0,0.0,0.0,0.0,0.0,0.0,0.0,0.0,0.0,0.0,0.0,0.0,0.0,0.0,0.0,0.0,0.8,0.0,0.0,0.2,0.0,0.0,0.0,0.0,0.0,0.0,0.0,0.0,0.0,55.0,800.0,5.0,1,0.01,0.01,33000,500.0,10.2,1.0,342.0897544001964,0.9343925857758305
69b7d4fc9605ebc57c75309d,69b7d4fc9605ebc57c75309d,69b7d4fd9605ebc57c75309e,0.0,0.0,0.0,0.0,0.0,0.0,0.0,0.0,0.0,0.0,0.0,0.0,0.0,0.0,0.0,0.0,0.0,0.8,0.0,0.0,0.2,0.0,0.0,0.0,0.0,0.0,0.0,0.0,0.0,0.0,55.0,800.0,5.0,1,0.01,0.01,33000,500.0,10.2,1.0,348.98063806850325,1.0
69b7d5029605ebc57c7530af,69b7d5029605ebc57c7530af,69b7d5039605ebc57c7530b0,0.0,0.0,0.0,0.0,0.02,0.0,0.0,0.0,0.08,0.0,0.0,0.0,0.0,0.0,0.0,0.0,0.0,0.9,0.0,0.0,0.0,0.0,0.0,0.0,0.0,0.0,0.0,0.0,0.0,0.0,79.0,500.0,1.0,1,0.01,0.02,12000,0.0,0.0,0.0,49.760067752330784,0.01977202211201526
69b7d5029605ebc57c7530af,69b7d5029605ebc57c7530af,69b7d5039605ebc57c7530b0,0.0,0.0,0.0,0.0,0.02,0.0,0.0,0.0,0.08,0.0,0.0,0.0,0.0,0.0,0.0,0.0,0.0,0.9,0.0,0.0,0.0,0.0,0.0,0.0,0.0,0.0,0.0,0.0,0.0,0.0,79.0,500.0,1.0,1,0.01,0.02,12000,0.0,0.0,0.0,69.84956685877515,0.21044801083856726
69b7d5029605ebc57c7530af,69b7d5029605ebc57c7530af,69b7d5039605ebc57c7530b0,0.0,0.0,0.0,0.0,0.02,0.0,0.0,0.0,0.08,0.0,0.0,0.0,0.0,0.0,0.0,0.0,0.0,0.9,0.0,0.0,0.0,0.0,0.0,0.0,0.0,0.0,0.0,0.0,0.0,0.0,79.0,500.0,1.0,1,0.01,0.02,12000,0.0,0.0,0.0,89.03603648864933,0.3903230662440517
69b7d5029605ebc57c7530af,69b7d5029605ebc57c7530af,69b7d5039605ebc57c7530b0,0.0,0.0,0.0,0.0,0.02,0.0,0.0,0.0,0.08,0.0,0.0,0.0,0.0,0.0,0.0,0.0,0.0,0.9,0.0,0.0,0.0,0.0,0.0,0.0,0.0,0.0,0.0,0.0,0.0,0.0,79.0,500.0,1.0,1,0.01,0.02,12000,0.0,0.0,0.0,118.94840344216291,0.6405057998043037
69b7d5029605ebc57c7530af,69b7d5029605ebc57c7530af,69b7d5039605ebc57c7530b0,0.0,0.0,0.0,0.0,0.02,0.0,0.0,0.0,0.08,0.0,0.0,0.0,0.0,0.0,0.0,0.0,0.0,0.9,0.0,0.0,0.0,0.0,0.0,0.0,0.0,0.0,0.0,0.0,0.0,0.0,79.0,500.0,1.0,1,0.01,0.02,12000,0.0,0.0,0.0,146.9481307103229,0.8006682110509898
69b7d5029605ebc57c7530af,69b7d5029605ebc57c7530af,69b7d5039605ebc57c7530b0,0.0,0.0,0.0,0.0,0.02,0.0,0.0,0.0,0.08,0.0,0.0,0.0,0.0,0.0,0.0,0.0,0.0,0.9,0.0,0.0,0.0,0.0,0.0,0.0,0.0,0.0,0.0,0.0,0.0,0.0,79.0,500.0,1.0,1,0.01,0.02,12000,0.0,0.0,0.0,157.76316828272246,0.8209077300059379
69b7d5029605ebc57c7530af,69b7d5029605ebc57c7530af,69b7d5039605ebc57c7530b0,0.0,0.0,0.0,0.0,0.02,0.0,0.0,0.0,0.08,0.0,0.0,0.0,0.0,0.0,0.0,0.0,0.0,0.9,0.0,0.0,0.0,0.0,0.0,0.0,0.0,0.0,0.0,0.0,0.0,0.0,79.0,500.0,1.0,1,0.01,0.02,12000,0.0,0.0,0.0,171.58378250353476,0.8506309952915793
69b7d5029605ebc57c7530af,69b7d5029605ebc57c7530af,69b7d5039605ebc57c7530b0,0.0,0.0,0.0,0.0,0.02,0.0,0.0,0.0,0.08,0.0,0.0,0.0,0.0,0.0,0.0,0.0,0.0,0.9,0.0,0.0,0.0,0.0,0.0,0.0,0.0,0.0,0.0,0.0,0.0,0.0,79.0,500.0,1.0,1,0.01,0.02,12000,0.0,0.0,0.0,192.28951202532102,0.9101527936908833
69b7d5029605ebc57c7530af,69b7d5029605ebc57c7530af,69b7d5039605ebc57c7530b0,0.0,0.0,0.0,0.0,0.02,0.0,0.0,0.0,0.08,0.0,0.0,0.0,0.0,0.0,0.0,0.0,0.0,0.9,0.0,0.0,0.0,0.0,0.0,0.0,0.0,0.0,0.0,0.0,0.0,0.0,79.0,500.0,1.0,1,0.01,0.02,12000,0.0,0.0,0.0,200.11835126425564,0.9511888135281376
69b7d5029605ebc57c7530af,69b7d5029605ebc57c7530af,69b7d5039605ebc57c7530b0,0.0,0.0,0.0,0.0,0.02,0.0,0.0,0.0,0.08,0.0,0.0,0.0,0.0,0.0,0.0,0.0,0.0,0.9,0.0,0.0,0.0,0.0,0.0,0.0,0.0,0.0,0.0,0.0,0.0,0.0,79.0,500.0,1.0,1,0.01,0.02,12000,0.0,0.0,0.0,206.7651132913709,0.9697573867010111
69b7d5039605ebc57c7530b1,69b7d5039605ebc57c7530b1,69b7d5039605ebc57c7530b2,0.0,0.0,0.0,0.0,0.02,0.05,0.0,0.0,0.08,0.0,0.0,0.0,0.0,0.0,0.0,0.0,0.0,0.85,0.0,0.0,0.0,0.0,0.0,0.0,0.0,0.0,0.0,0.0,0.0,0.0,108.0,500.0,1.0,1,0.01,0.02,12000,0.0,0.0,0.0,42.97184402609613,0.1523563011716692
69b7d5039605ebc57c7530b1,69b7d5039605ebc57c7530b1,69b7d5039605ebc57c7530b2,0.0,0.0,0.0,0.0,0.02,0.05,0.0,0.0,0.08,0.0,0.0,0.0,0.0,0.0,0.0,0.0,0.0,0.85,0.0,0.0,0.0,0.0,0.0,0.0,0.0,0.0,0.0,0.0,0.0,0.0,108.0,500.0,1.0,1,0.01,0.02,12000,0.0,0.0,0.0,72.8861488111045,0.39317571692606196
69b7d5039605ebc57c7530b1,69b7d5039605ebc57c7530b1,69b7d5039605ebc57c7530b2,0.0,0.0,0.0,0.0,0.02,0.05,0.0,0.0,0.08,0.0,0.0,0.0,0.0,0.0,0.0,0.0,0.0,0.85,0.0,0.0,0.0,0.0,0.0,0.0,0.0,0.0,0.0,0.0,0.0,0.0,108.0,500.0,1.0,1,0.01,0.02,12000,0.0,0.0,0.0,107.05011806417811,0.484799243976483
69b7d5039605ebc57c7530b1,69b7d5039605ebc57c7530b1,69b7d5039605ebc57c7530b2,0.0,0.0,0.0,0.0,0.02,0.05,0.0,0.0,0.08,0.0,0.0,0.0,0.0,0.0,0.0,0.0,0.0,0.85,0.0,0.0,0.0,0.0,0.0,0.0,0.0,0.0,0.0,0.0,0.0,0.0,108.0,500.0,1.0,1,0.01,0.02,12000,0.0,0.0,0.0,134.80567856399512,0.7687245448387178
69b7d5039605ebc57c7530b1,69b7d5039605ebc57c7530b1,69b7d5039605ebc57c7530b2,0.0,0.0,0.0,0.0,0.02,0.05,0.0,0.0,0.08,0.0,0.0,0.0,0.0,0.0,0.0,0.0,0.0,0.85,0.0,0.0,0.0,0.0,0.0,0.0,0.0,0.0,0.0,0.0,0.0,0.0,108.0,500.0,1.0,1,0.01,0.02,12000,0.0,0.0,0.0,163.16390465869046,0.848049308790446
69b7d5039605ebc57c7530b1,69b7d5039605ebc57c7530b1,69b7d5039605ebc57c7530b2,0.0,0.0,0.0,0.0,0.02,0.05,0.0,0.0,0.08,0.0,0.0,0.0,0.0,0.0,0.0,0.0,0.0,0.85,0.0,0.0,0.0,0.0,0.0,0.0,0.0,0.0,0.0,0.0,0.0,0.0,108.0,500.0,1.0,1,0.01,0.02,12000,0.0,0.0,0.0,183.79987224666442,0.9563672400960083
69b7d5039605ebc57c7530b1,69b7d5039605ebc57c7530b1,69b7d5039605ebc57c7530b2,0.0,0.0,0.0,0.0,0.02,0.05,0.0,0.0,0.08,0.0,0.0,0.0,0.0,0.0,0.0,0.0,0.0,0.85,0.0,0.0,0.0,0.0,0.0,0.0,0.0,0.0,0.0,0.0,0.0,0.0,108.0,500.0,1.0,1,0.01,0.02,12000,0.0,0.0,0.0,202.31391434784794,0.973912170807791
69b7d5049605ebc57c7530b3,69b7d5049605ebc57c7530b3,69b7d5049605ebc57c7530b4,0.0,0.0,0.0,0.0,0.02,0.1,0.0,0.0,0.08,0.0,0.0,0.0,0.0,0.0,0.0,0.0,0.0,0.8,0.0,0.0,0.0,0.0,0.0,0.0,0.0,0.0,0.0,0.0,0.0,0.0,94.0,500.0,1.0,1,0.01,0.02,12000,0.0,0.0,0.0,57.790441466723124,0.04999205506259775
69b7d5049605ebc57c7530b3,69b7d5049605ebc57c7530b3,69b7d5049605ebc57c7530b4,0.0,0.0,0.0,0.0,0.02,0.1,0.0,0.0,0.08,0.0,0.0,0.0,0.0,0.0,0.0,0.0,0.0,0.8,0.0,0.0,0.0,0.0,0.0,0.0,0.0,0.0,0.0,0.0,0.0,0.0,94.0,500.0,1.0,1,0.01,0.02,12000,0.0,0.0,0.0,72.953972913422,0.1054870246627583
69b7d5049605ebc57c7530b3,69b7d5049605ebc57c7530b3,69b7d5049605ebc57c7530b4,0.0,0.0,0.0,0.0,0.02,0.1,0.0,0.0,0.08,0.0,0.0,0.0,0.0,0.0,0.0,0.0,0.0,0.8,0.0,0.0,0.0,0.0,0.0,0.0,0.0,0.0,0.0,0.0,0.0,0.0,94.0,500.0,1.0,1,0.01,0.02,12000,0.0,0.0,0.0,95.987038060446,0.21992423038645847
69b7d5049605ebc57c7530b3,69b7d5049605ebc57c7530b3,69b7d5049605ebc57c7530b4,0.0,0.0,0.0,0.0,0.02,0.1,0.0,0.0,0.08,0.0,0.0,0.0,0.0,0.0,0.0,0.0,0.0,0.8,0.0,0.0,0.0,0.0,0.0,0.0,0.0,0.0,0.0,0.0,0.0,0.0,94.0,500.0,1.0,1,0.01,0.02,12000,0.0,0.0,0.0,116.94662350804919,0.5997557977135306
69b7d5049605ebc57c7530b3,69b7d5049605ebc57c7530b3,69b7d5049605ebc57c7530b4,0.0,0.0,0.0,0.0,0.02,0.1,0.0,0.0,0.08,0.0,0.0,0.0,0.0,0.0,0.0,0.0,0.0,0.8,0.0,0.0,0.0,0.0,0.0,0.0,0.0,0.0,0.0,0.0,0.0,0.0,94.0,500.0,1.0,1,0.01,0.02,12000,0.0,0.0,0.0,141.92139581284854,0.8384376071521163
69b7d5049605ebc57c7530b3,69b7d5049605ebc57c7530b3,69b7d5049605ebc57c7530b4,0.0,0.0,0.0,0.0,0.02,0.1,0.0,0.0,0.08,0.0,0.0,0.0,0.0,0.0,0.0,0.0,0.0,0.8,0.0,0.0,0.0,0.0,0.0,0.0,0.0,0.0,0.0,0.0,0.0,0.0,94.0,500.0,1.0,1,0.01,0.02,12000,0.0,0.0,0.0,158.89292404418256,0.9524909469529074
69b7d5049605ebc57c7530b3,69b7d5049605ebc57c7530b3,69b7d5049605ebc57c7530b4,0.0,0.0,0.0,0.0,0.02,0.1,0.0,0.0,0.08,0.0,0.0,0.0,0.0,0.0,0.0,0.0,0.0,0.8,0.0,0.0,0.0,0.0,0.0,0.0,0.0,0.0,0.0,0.0,0.0,0.0,94.0,500.0,1.0,1,0.01,0.02,12000,0.0,0.0,0.0,174.99436593435775,0.9911033427278733
69b7d5049605ebc57c7530b5,69b7d5049605ebc57c7530b5,69b7d5059605ebc57c7530b6,0.0,0.0,0.0,0.0,0.02,0.15,0.0,0.0,0.08,0.0,0.0,0.0,0.0,0.0,0.0,0.0,0.0,0.75,0.0,0.0,0.0,0.0,0.0,0.0,0.0,0.0,0.0,0.0,0.0,0.0,121.0,500.0,1.0,1,0.01,0.02,12000,0.0,0.0,0.0,64.14265310663097,0.13457804019302017
69b7d5049605ebc57c7530b5,69b7d5049605ebc57c7530b5,69b7d5059605ebc57c7530b6,0.0,0.0,0.0,0.0,0.02,0.15,0.0,0.0,0.08,0.0,0.0,0.0,0.0,0.0,0.0,0.0,0.0,0.75,0.0,0.0,0.0,0.0,0.0,0.0,0.0,0.0,0.0,0.0,0.0,0.0,121.0,500.0,1.0,1,0.01,0.02,12000,0.0,0.0,0.0,93.01246671594978,0.3481730825520812
69b7d5049605ebc57c7530b5,69b7d5049605ebc57c7530b5,69b7d5059605ebc57c7530b6,0.0,0.0,0.0,0.0,0.02,0.15,0.0,0.0,0.08,0.0,0.0,0.0,0.0,0.0,0.0,0.0,0.0,0.75,0.0,0.0,0.0,0.0,0.0,0.0,0.0,0.0,0.0,0.0,0.0,0.0,121.0,500.0,1.0,1,0.01,0.02,12000,0.0,0.0,0.0,114.77819006538387,0.5475876661119149
69b7d5049605ebc57c7530b5,69b7d5049605ebc57c7530b5,69b7d5059605ebc57c7530b6,0.0,0.0,0.0,0.0,0.02,0.15,0.0,0.0,0.08,0.0,0.0,0.0,0.0,0.0,0.0,0.0,0.0,0.75,0.0,0.0,0.0,0.0,0.0,0.0,0.0,0.0,0.0,0.0,0.0,0.0,121.0,500.0,1.0,1,0.01,0.02,12000,0.0,0.0,0.0,126.66097279141039,0.5086666722420613
69b7d5049605ebc57c7530b5,69b7d5049605ebc57c7530b5,69b7d5059605ebc57c7530b6,0.0,0.0,0.0,0.0,0.02,0.15,0.0,0.0,0.08,0.0,0.0,0.0,0.0,0.0,0.0,0.0,0.0,0.75,0.0,0.0,0.0,0.0,0.0,0.0,0.0,0.0,0.0,0.0,0.0,0.0,121.0,500.0,1.0,1,0.01,0.02,12000,0.0,0.0,0.0,147.83371970344,0.5943515676615959
69b7d5049605ebc57c7530b5,69b7d5049605ebc57c7530b5,69b7d5059605ebc57c7530b6,0.0,0.0,0.0,0.0,0.02,0.15,0.0,0.0,0.08,0.0,0.0,0.0,0.0,0.0,0.0,0.0,0.0,0.75,0.0,0.0,0.0,0.0,0.0,0.0,0.0,0.0,0.0,0.0,0.0,0.0,121.0,500.0,1.0,1,0.01,0.02,12000,0.0,0.0,0.0,168.03755086807675,0.6545959372099053
69b7d5049605ebc57c7530b5,69b7d5049605ebc57c7530b5,69b7d5059605ebc57c7530b6,0.0,0.0,0.0,0.0,0.02,0.15,0.0,0.0,0.08,0.0,0.0,0.0,0.0,0.0,0.0,0.0,0.0,0.75,0.0,0.0,0.0,0.0,0.0,0.0,0.0,0.0,0.0,0.0,0.0,0.0,121.0,500.0,1.0,1,0.01,0.02,12000,0.0,0.0,0.0,189.8207147009639,0.7302626847197945
69b7d5049605ebc57c7530b5,69b7d5049605ebc57c7530b5,69b7d5059605ebc57c7530b6,0.0,0.0,0.0,0.0,0.02,0.15,0.0,0.0,0.08,0.0,0.0,0.0,0.0,0.0,0.0,0.0,0.0,0.75,0.0,0.0,0.0,0.0,0.0,0.0,0.0,0.0,0.0,0.0,0.0,0.0,121.0,500.0,1.0,1,0.01,0.02,12000,0.0,0.0,0.0,209.04206529774422,0.7694621695533272
69b7d5049605ebc57c7530b5,69b7d5049605ebc57c7530b5,69b7d5059605ebc57c7530b6,0.0,0.0,0.0,0.0,0.02,0.15,0.0,0.0,0.08,0.0,0.0,0.0,0.0,0.0,0.0,0.0,0.0,0.75,0.0,0.0,0.0,0.0,0.0,0.0,0.0,0.0,0.0,0.0,0.0,0.0,121.0,500.0,1.0,1,0.01,0.02,12000,0.0,0.0,0.0,228.72655762177837,0.8214647119332961
69b7d5049605ebc57c7530b5,69b7d5049605ebc57c7530b5,69b7d5059605ebc57c7530b6,0.0,0.0,0.0,0.0,0.02,0.15,0.0,0.0,0.08,0.0,0.0,0.0,0.0,0.0,0.0,0.0,0.0,0.75,0.0,0.0,0.0,0.0,0.0,0.0,0.0,0.0,0.0,0.0,0.0,0.0,121.0,500.0,1.0,1,0.01,0.02,12000,0.0,0.0,0.0,251.0716925881534,0.8824993936758299
69b7d5049605ebc57c7530b5,69b7d5049605ebc57c7530b5,69b7d5059605ebc57c7530b6,0.0,0.0,0.0,0.0,0.02,0.15,0.0,0.0,0.08,0.0,0.0,0.0,0.0,0.0,0.0,0.0,0.0,0.75,0.0,0.0,0.0,0.0,0.0,0.0,0.0,0.0,0.0,0.0,0.0,0.0,121.0,500.0,1.0,1,0.01,0.02,12000,0.0,0.0,0.0,270.2969188479233,0.9328008831425154
69b7d5049605ebc57c7530b5,69b7d5049605ebc57c7530b5,69b7d5059605ebc57c7530b6,0.0,0.0,0.0,0.0,0.02,0.15,0.0,0.0,0.08,0.0,0.0,0.0,0.0,0.0,0.0,0.0,0.0,0.75,0.0,0.0,0.0,0.0,0.0,0.0,0.0,0.0,0.0,0.0,0.0,0.0,121.0,500.0,1.0,1,0.01,0.02,12000,0.0,0.0,0.0,289.9058357436608,0.9685455746698669
69b7d5059605ebc57c7530b7,69b7d5059605ebc57c7530b7,69b7d5059605ebc57c7530b8,0.0,0.0,0.0,0.0,0.02,0.2,0.0,0.0,0.08,0.0,0.0,0.0,0.0,0.0,0.0,0.0,0.0,0.7,0.0,0.0,0.0,0.0,0.0,0.0,0.0,0.0,0.0,0.0,0.0,0.0,114.0,500.0,1.0,0,0.01,0.02,12000,0.0,0.0,0.0,62.98964336723343,0.05404146421014778
69b7d5059605ebc57c7530b7,69b7d5059605ebc57c7530b7,69b7d5059605ebc57c7530b8,0.0,0.0,0.0,0.0,0.02,0.2,0.0,0.0,0.08,0.0,0.0,0.0,0.0,0.0,0.0,0.0,0.0,0.7,0.0,0.0,0.0,0.0,0.0,0.0,0.0,0.0,0.0,0.0,0.0,0.0,114.0,500.0,1.0,0,0.01,0.02,12000,0.0,0.0,0.0,90.71613639462862,0.20669214622030055
69b7d5059605ebc57c7530b7,69b7d5059605ebc57c7530b7,69b7d5059605ebc57c7530b8,0.0,0.0,0.0,0.0,0.02,0.2,0.0,0.0,0.08,0.0,0.0,0.0,0.0,0.0,0.0,0.0,0.0,0.7,0.0,0.0,0.0,0.0,0.0,0.0,0.0,0.0,0.0,0.0,0.0,0.0,114.0,500.0,1.0,0,0.01,0.02,12000,0.0,0.0,0.0,118.81663090051748,0.5265578349627424
69b7d5059605ebc57c7530b7,69b7d5059605ebc57c7530b7,69b7d5059605ebc57c7530b8,0.0,0.0,0.0,0.0,0.02,0.2,0.0,0.0,0.08,0.0,0.0,0.0,0.0,0.0,0.0,0.0,0.0,0.7,0.0,0.0,0.0,0.0,0.0,0.0,0.0,0.0,0.0,0.0,0.0,0.0,114.0,500.0,1.0,0,0.01,0.02,12000,0.0,0.0,0.0,147.9732435710646,0.7263562844454852
69b7d5059605ebc57c7530b7,69b7d5059605ebc57c7530b7,69b7d5059605ebc57c7530b8,0.0,0.0,0.0,0.0,0.02,0.2,0.0,0.0,0.08,0.0,0.0,0.0,0.0,0.0,0.0,0.0,0.0,0.7,0.0,0.0,0.0,0.0,0.0,0.0,0.0,0.0,0.0,0.0,0.0,0.0,114.0,500.0,1.0,0,0.01,0.02,12000,0.0,0.0,0.0,180.74391197938724,0.8580900370484976
69b7d5059605ebc57c7530b7,69b7d5059605ebc57c7530b7,69b7d5059605ebc57c7530b8,0.0,0.0,0.0,0.0,0.02,0.2,0.0,0.0,0.08,0.0,0.0,0.0,0.0,0.0,0.0,0.0,0.0,0.7,0.0,0.0,0.0,0.0,0.0,0.0,0.0,0.0,0.0,0.0,0.0,0.0,114.0,500.0,1.0,0,0.01,0.02,12000,0.0,0.0,0.0,199.11455454995658,0.908218410510734
69b7d5059605ebc57c7530b7,69b7d5059605ebc57c7530b7,69b7d5059605ebc57c7530b8,0.0,0.0,0.0,0.0,0.02,0.2,0.0,0.0,0.08,0.0,0.0,0.0,0.0,0.0,0.0,0.0,0.0,0.7,0.0,0.0,0.0,0.0,0.0,0.0,0.0,0.0,0.0,0.0,0.0,0.0,114.0,500.0,1.0,0,0.01,0.02,12000,0.0,0.0,0.0,216.1946013449986,0.9286310454701312
69b7d5059605ebc57c7530b7,69b7d5059605ebc57c7530b7,69b7d5059605ebc57c7530b8,0.0,0.0,0.0,0.0,0.02,0.2,0.0,0.0,0.08,0.0,0.0,0.0,0.0,0.0,0.0,0.0,0.0,0.7,0.0,0.0,0.0,0.0,0.0,0.0,0.0,0.0,0.0,0.0,0.0,0.0,114.0,500.0,1.0,0,0.01,0.02,12000,0.0,0.0,0.0,233.2106997007127,0.9602510600219112
69b7d5059605ebc57c7530b7,69b7d5059605ebc57c7530b7,69b7d5059605ebc57c7530b8,0.0,0.0,0.0,0.0,0.02,0.2,0.0,0.0,0.08,0.0,0.0,0.0,0.0,0.0,0.0,0.0,0.0,0.7,0.0,0.0,0.0,0.0,0.0,0.0,0.0,0.0,0.0,0.0,0.0,0.0,114.0,500.0,1.0,0,0.01,0.02,12000,0.0,0.0,0.0,248.9710832478056,0.9797981149590627
69b7d5069605ebc57c7530b9,69b7d5069605ebc57c7530b9,69b7d5069605ebc57c7530ba,0.0,0.0,0.0,0.0,0.02,0.0,0.0,0.1,0.08,0.0,0.0,0.0,0.0,0.0,0.0,0.0,0.0,0.8,0.0,0.0,0.0,0.0,0.0,0.0,0.0,0.0,0.0,0.0,0.0,0.0,103.0,500.0,1.0,0,0.01,0.02,12000,0.0,0.0,0.0,63.69113836834588,0.0647144422235789
69b7d5069605ebc57c7530b9,69b7d5069605ebc57c7530b9,69b7d5069605ebc57c7530ba,0.0,0.0,0.0,0.0,0.02,0.0,0.0,0.1,0.08,0.0,0.0,0.0,0.0,0.0,0.0,0.0,0.0,0.8,0.0,0.0,0.0,0.0,0.0,0.0,0.0,0.0,0.0,0.0,0.0,0.0,103.0,500.0,1.0,0,0.01,0.02,12000,0.0,0.0,0.0,83.89303170148783,0.1545014342702784
69b7d5069605ebc57c7530b9,69b7d5069605ebc57c7530b9,69b7d5069605ebc57c7530ba,0.0,0.0,0.0,0.0,0.02,0.0,0.0,0.1,0.08,0.0,0.0,0.0,0.0,0.0,0.0,0.0,0.0,0.8,0.0,0.0,0.0,0.0,0.0,0.0,0.0,0.0,0.0,0.0,0.0,0.0,103.0,500.0,1.0,0,0.01,0.02,12000,0.0,0.0,0.0,95.93859227307635,0.35211711674040125
69b7d5069605ebc57c7530b9,69b7d5069605ebc57c7530b9,69b7d5069605ebc57c7530ba,0.0,0.0,0.0,0.0,0.02,0.0,0.0,0.1,0.08,0.0,0.0,0.0,0.0,0.0,0.0,0.0,0.0,0.8,0.0,0.0,0.0,0.0,0.0,0.0,0.0,0.0,0.0,0.0,0.0,0.0,103.0,500.0,1.0,0,0.01,0.02,12000,0.0,0.0,0.0,118.0492496285823,0.6173082552081156
69b7d5069605ebc57c7530b9,69b7d5069605ebc57c7530b9,69b7d5069605ebc57c7530ba,0.0,0.0,0.0,0.0,0.02,0.0,0.0,0.1,0.08,0.0,0.0,0.0,0.0,0.0,0.0,0.0,0.0,0.8,0.0,0.0,0.0,0.0,0.0,0.0,0.0,0.0,0.0,0.0,0.0,0.0,103.0,500.0,1.0,0,0.01,0.02,12000,0.0,0.0,0.0,151.93804680939633,0.6531131609978842
69b7d5069605ebc57c7530b9,69b7d5069605ebc57c7530b9,69b7d5069605ebc57c7530ba,0.0,0.0,0.0,0.0,0.02,0.0,0.0,0.1,0.08,0.0,0.0,0.0,0.0,0.0,0.0,0.0,0.0,0.8,0.0,0.0,0.0,0.0,0.0,0.0,0.0,0.0,0.0,0.0,0.0,0.0,103.0,500.0,1.0,0,0.01,0.02,12000,0.0,0.0,0.0,183.18557966281733,0.92014083446932
69b7d5069605ebc57c7530b9,69b7d5069605ebc57c7530b9,69b7d5069605ebc57c7530ba,0.0,0.0,0.0,0.0,0.02,0.0,0.0,0.1,0.08,0.0,0.0,0.0,0.0,0.0,0.0,0.0,0.0,0.8,0.0,0.0,0.0,0.0,0.0,0.0,0.0,0.0,0.0,0.0,0.0,0.0,103.0,500.0,1.0,0,0.01,0.02,12000,0.0,0.0,0.0,211.8693614486367,0.9646918618751725
69b7d5069605ebc57c7530b9,69b7d5069605ebc57c7530b9,69b7d5069605ebc57c7530ba,0.0,0.0,0.0,0.0,0.02,0.0,0.0,0.1,0.08,0.0,0.0,0.0,0.0,0.0,0.0,0.0,0.0,0.8,0.0,0.0,0.0,0.0,0.0,0.0,0.0,0.0,0.0,0.0,0.0,0.0,103.0,500.0,1.0,0,0.01,0.02,12000,0.0,0.0,0.0,231.96661188106023,0.9865270587841737
69b7d5069605ebc57c7530bb,69b7d5069605ebc57c7530bb,69b7d5079605ebc57c7530bc,0.0,0.0,0.0,0.0,0.02,0.0,0.0,0.15,0.08,0.0,0.0,0.0,0.0,0.0,0.0,0.0,0.0,0.75,0.0,0.0,0.0,0.0,0.0,0.0,0.0,0.0,0.0,0.0,0.0,0.0,105.0,500.0,1.0,0,0.01,0.02,12000,0.0,0.0,0.0,63.24156146155558,0.0560887491323292
69b7d5069605ebc57c7530bb,69b7d5069605ebc57c7530bb,69b7d5079605ebc57c7530bc,0.0,0.0,0.0,0.0,0.02,0.0,0.0,0.15,0.08,0.0,0.0,0.0,0.0,0.0,0.0,0.0,0.0,0.75,0.0,0.0,0.0,0.0,0.0,0.0,0.0,0.0,0.0,0.0,0.0,0.0,105.0,500.0,1.0,0,0.01,0.02,12000,0.0,0.0,0.0,80.8952063790542,0.09036571801326387
69b7d5069605ebc57c7530bb,69b7d5069605ebc57c7530bb,69b7d5079605ebc57c7530bc,0.0,0.0,0.0,0.0,0.02,0.0,0.0,0.15,0.08,0.0,0.0,0.0,0.0,0.0,0.0,0.0,0.0,0.75,0.0,0.0,0.0,0.0,0.0,0.0,0.0,0.0,0.0,0.0,0.0,0.0,105.0,500.0,1.0,0,0.01,0.02,12000,0.0,0.0,0.0,111.82493486733031,0.5318115293586344
69b7d5069605ebc57c7530bb,69b7d5069605ebc57c7530bb,69b7d5079605ebc57c7530bc,0.0,0.0,0.0,0.0,0.02,0.0,0.0,0.15,0.08,0.0,0.0,0.0,0.0,0.0,0.0,0.0,0.0,0.75,0.0,0.0,0.0,0.0,0.0,0.0,0.0,0.0,0.0,0.0,0.0,0.0,105.0,500.0,1.0,0,0.01,0.02,12000,0.0,0.0,0.0,145.17307706109912,0.7450151790119842
69b7d5069605ebc57c7530bb,69b7d5069605ebc57c7530bb,69b7d5079605ebc57c7530bc,0.0,0.0,0.0,0.0,0.02,0.0,0.0,0.15,0.08,0.0,0.0,0.0,0.0,0.0,0.0,0.0,0.0,0.75,0.0,0.0,0.0,0.0,0.0,0.0,0.0,0.0,0.0,0.0,0.0,0.0,105.0,500.0,1.0,0,0.01,0.02,12000,0.0,0.0,0.0,178.04063704416103,0.8395289906584261
69b7d5069605ebc57c7530bb,69b7d5069605ebc57c7530bb,69b7d5079605ebc57c7530bc,0.0,0.0,0.0,0.0,0.02,0.0,0.0,0.15,0.08,0.0,0.0,0.0,0.0,0.0,0.0,0.0,0.0,0.75,0.0,0.0,0.0,0.0,0.0,0.0,0.0,0.0,0.0,0.0,0.0,0.0,105.0,500.0,1.0,0,0.01,0.02,12000,0.0,0.0,0.0,205.21678592703705,0.8928487200287691
69b7d5069605ebc57c7530bb,69b7d5069605ebc57c7530bb,69b7d5079605ebc57c7530bc,0.0,0.0,0.0,0.0,0.02,0.0,0.0,0.15,0.08,0.0,0.0,0.0,0.0,0.0,0.0,0.0,0.0,0.75,0.0,0.0,0.0,0.0,0.0,0.0,0.0,0.0,0.0,0.0,0.0,0.0,105.0,500.0,1.0,0,0.01,0.02,12000,0.0,0.0,0.0,229.98808592488393,0.9376255509186856
69b7d5069605ebc57c7530bb,69b7d5069605ebc57c7530bb,69b7d5079605ebc57c7530bc,0.0,0.0,0.0,0.0,0.02,0.0,0.0,0.15,0.08,0.0,0.0,0.0,0.0,0.0,0.0,0.0,0.0,0.75,0.0,0.0,0.0,0.0,0.0,0.0,0.0,0.0,0.0,0.0,0.0,0.0,105.0,500.0,1.0,0,0.01,0.02,12000,0.0,0.0,0.0,266.301110305675,0.9793314544253302
69b7d5079605ebc57c7530bd,69b7d5079605ebc57c7530bd,69b7d5079605ebc57c7530be,0.0,0.0,0.0,0.0,0.02,0.0,0.0,0.2,0.08,0.0,0.0,0.0,0.0,0.0,0.0,0.0,0.0,0.7,0.0,0.0,0.0,0.0,0.0,0.0,0.0,0.0,0.0,0.0,0.0,0.0,104.0,500.0,1.0,0,0.01,0.02,12000,0.0,0.0,0.0,89.83054740151151,0.13988442206852716
69b7d5079605ebc57c7530bd,69b7d5079605ebc57c7530bd,69b7d5079605ebc57c7530be,0.0,0.0,0.0,0.0,0.02,0.0,0.0,0.2,0.08,0.0,0.0,0.0,0.0,0.0,0.0,0.0,0.0,0.7,0.0,0.0,0.0,0.0,0.0,0.0,0.0,0.0,0.0,0.0,0.0,0.0,104.0,500.0,1.0,0,0.01,0.02,12000,0.0,0.0,0.0,109.12359776359891,0.32782818863790325
69b7d5079605ebc57c7530bd,69b7d5079605ebc57c7530bd,69b7d5079605ebc57c7530be,0.0,0.0,0.0,0.0,0.02,0.0,0.0,0.2,0.08,0.0,0.0,0.0,0.0,0.0,0.0,0.0,0.0,0.7,0.0,0.0,0.0,0.0,0.0,0.0,0.0,0.0,0.0,0.0,0.0,0.0,104.0,500.0,1.0,0,0.01,0.02,12000,0.0,0.0,0.0,130.8738184610747,0.6342510432957272
69b7d5079605ebc57c7530bd,69b7d5079605ebc57c7530bd,69b7d5079605ebc57c7530be,0.0,0.0,0.0,0.0,0.02,0.0,0.0,0.2,0.08,0.0,0.0,0.0,0.0,0.0,0.0,0.0,0.0,0.7,0.0,0.0,0.0,0.0,0.0,0.0,0.0,0.0,0.0,0.0,0.0,0.0,104.0,500.0,1.0,0,0.01,0.02,12000,0.0,0.0,0.0,155.18391456316255,0.8130572955433082
69b7d5079605ebc57c7530bd,69b7d5079605ebc57c7530bd,69b7d5079605ebc57c7530be,0.0,0.0,0.0,0.0,0.02,0.0,0.0,0.2,0.08,0.0,0.0,0.0,0.0,0.0,0.0,0.0,0.0,0.7,0.0,0.0,0.0,0.0,0.0,0.0,0.0,0.0,0.0,0.0,0.0,0.0,104.0,500.0,1.0,0,0.01,0.02,12000,0.0,0.0,0.0,177.009710688935,0.8785026720078948
69b7d5079605ebc57c7530bd,69b7d5079605ebc57c7530bd,69b7d5079605ebc57c7530be,0.0,0.0,0.0,0.0,0.02,0.0,0.0,0.2,0.08,0.0,0.0,0.0,0.0,0.0,0.0,0.0,0.0,0.7,0.0,0.0,0.0,0.0,0.0,0.0,0.0,0.0,0.0,0.0,0.0,0.0,104.0,500.0,1.0,0,0.01,0.02,12000,0.0,0.0,0.0,194.27385147598167,0.9255375377384526
69b7d5079605ebc57c7530bd,69b7d5079605ebc57c7530bd,69b7d5079605ebc57c7530be,0.0,0.0,0.0,0.0,0.02,0.0,0.0,0.2,0.08,0.0,0.0,0.0,0.0,0.0,0.0,0.0,0.0,0.7,0.0,0.0,0.0,0.0,0.0,0.0,0.0,0.0,0.0,0.0,0.0,0.0,104.0,500.0,1.0,0,0.01,0.02,12000,0.0,0.0,0.0,218.15181115473226,0.9708939309041338
69b7d5079605ebc57c7530bf,69b7d5079605ebc57c7530bf,69b7d5089605ebc57c7530c0,0.0,0.0,0.0,0.0,0.02,0.0,0.05,0.0,0.08,0.0,0.0,0.0,0.0,0.0,0.0,0.0,0.0,0.85,0.0,0.0,0.0,0.0,0.0,0.0,0.0,0.0,0.0,0.0,0.0,0.0,96.0,500.0,1.0,1,0.01,0.02,12000,0.0,0.0,0.0,62.6795903280677,0.15194985490035376
69b7d5079605ebc57c7530bf,69b7d5079605ebc57c7530bf,69b7d5089605ebc57c7530c0,0.0,0.0,0.0,0.0,0.02,0.0,0.05,0.0,0.08,0.0,0.0,0.0,0.0,0.0,0.0,0.0,0.0,0.85,0.0,0.0,0.0,0.0,0.0,0.0,0.0,0.0,0.0,0.0,0.0,0.0,96.0,500.0,1.0,1,0.01,0.02,12000,0.0,0.0,0.0,92.03386181108297,0.1741990248634725
69b7d5079605ebc57c7530bf,69b7d5079605ebc57c7530bf,69b7d5089605ebc57c7530c0,0.0,0.0,0.0,0.0,0.02,0.0,0.05,0.0,0.08,0.0,0.0,0.0,0.0,0.0,0.0,0.0,0.0,0.85,0.0,0.0,0.0,0.0,0.0,0.0,0.0,0.0,0.0,0.0,0.0,0.0,96.0,500.0,1.0,1,0.01,0.02,12000,0.0,0.0,0.0,106.38737969296137,0.2721074155536785
69b7d5079605ebc57c7530bf,69b7d5079605ebc57c7530bf,69b7d5089605ebc57c7530c0,0.0,0.0,0.0,0.0,0.02,0.0,0.05,0.0,0.08,0.0,0.0,0.0,0.0,0.0,0.0,0.0,0.0,0.85,0.0,0.0,0.0,0.0,0.0,0.0,0.0,0.0,0.0,0.0,0.0,0.0,96.0,500.0,1.0,1,0.01,0.02,12000,0.0,0.0,0.0,131.91830963676426,0.3435516379115687
69b7d5079605ebc57c7530bf,69b7d5079605ebc57c7530bf,69b7d5089605ebc57c7530c0,0.0,0.0,0.0,0.0,0.02,0.0,0.05,0.0,0.08,0.0,0.0,0.0,0.0,0.0,0.0,0.0,0.0,0.85,0.0,0.0,0.0,0.0,0.0,0.0,0.0,0.0,0.0,0.0,0.0,0.0,96.0,500.0,1.0,1,0.01,0.02,12000,0.0,0.0,0.0,155.79239365252528,0.41350555727463556
69b7d5079605ebc57c7530bf,69b7d5079605ebc57c7530bf,69b7d5089605ebc57c7530c0,0.0,0.0,0.0,0.0,0.02,0.0,0.05,0.0,0.08,0.0,0.0,0.0,0.0,0.0,0.0,0.0,0.0,0.85,0.0,0.0,0.0,0.0,0.0,0.0,0.0,0.0,0.0,0.0,0.0,0.0,96.0,500.0,1.0,1,0.01,0.02,12000,0.0,0.0,0.0,179.10838219778802,0.5031645940136987
69b7d5079605ebc57c7530bf,69b7d5079605ebc57c7530bf,69b7d5089605ebc57c7530c0,0.0,0.0,0.0,0.0,0.02,0.0,0.05,0.0,0.08,0.0,0.0,0.0,0.0,0.0,0.0,0.0,0.0,0.85,0.0,0.0,0.0,0.0,0.0,0.0,0.0,0.0,0.0,0.0,0.0,0.0,96.0,500.0,1.0,1,0.01,0.02,12000,0.0,0.0,0.0,207.11586079192713,0.5701604877355255
69b7d5079605ebc57c7530bf,69b7d5079605ebc57c7530bf,69b7d5089605ebc57c7530c0,0.0,0.0,0.0,0.0,0.02,0.0,0.05,0.0,0.08,0.0,0.0,0.0,0.0,0.0,0.0,0.0,0.0,0.85,0.0,0.0,0.0,0.0,0.0,0.0,0.0,0.0,0.0,0.0,0.0,0.0,96.0,500.0,1.0,1,0.01,0.02,12000,0.0,0.0,0.0,236.2395303270629,0.6196566114423825
69b7d5079605ebc57c7530bf,69b7d5079605ebc57c7530bf,69b7d5089605ebc57c7530c0,0.0,0.0,0.0,0.0,0.02,0.0,0.05,0.0,0.08,0.0,0.0,0.0,0.0,0.0,0.0,0.0,0.0,0.85,0.0,0.0,0.0,0.0,0.0,0.0,0.0,0.0,0.0,0.0,0.0,0.0,96.0,500.0,1.0,1,0.01,0.02,12000,0.0,0.0,0.0,264.03772311976513,0.6485218234885802
69b7d5079605ebc57c7530bf,69b7d5079605ebc57c7530bf,69b7d5089605ebc57c7530c0,0.0,0.0,0.0,0.0,0.02,0.0,0.05,0.0,0.08,0.0,0.0,0.0,0.0,0.0,0.0,0.0,0.0,0.85,0.0,0.0,0.0,0.0,0.0,0.0,0.0,0.0,0.0,0.0,0.0,0.0,96.0,500.0,1.0,1,0.01,0.02,12000,0.0,0.0,0.0,289.9523436995357,0.6949169126809565
69b7d5089605ebc57c7530c1,69b7d5089605ebc57c7530c1,69b7d5089605ebc57c7530c2,0.0,0.0,0.0,0.0,0.02,0.0,0.1,0.0,0.08,0.0,0.0,0.0,0.0,0.0,0.0,0.0,0.0,0.8,0.0,0.0,0.0,0.0,0.0,0.0,0.0,0.0,0.0,0.0,0.0,0.0,84.0,500.0,1.0,0,0.01,0.02,12000,0.0,0.0,0.0,72.05481909984138,0.05498231206041497
69b7d5089605ebc57c7530c1,69b7d5089605ebc57c7530c1,69b7d5089605ebc57c7530c2,0.0,0.0,0.0,0.0,0.02,0.0,0.1,0.0,0.08,0.0,0.0,0.0,0.0,0.0,0.0,0.0,0.0,0.8,0.0,0.0,0.0,0.0,0.0,0.0,0.0,0.0,0.0,0.0,0.0,0.0,84.0,500.0,1.0,0,0.01,0.02,12000,0.0,0.0,0.0,113.93717119664684,0.3603589439087419
69b7d5089605ebc57c7530c1,69b7d5089605ebc57c7530c1,69b7d5089605ebc57c7530c2,0.0,0.0,0.0,0.0,0.02,0.0,0.1,0.0,0.08,0.0,0.0,0.0,0.0,0.0,0.0,0.0,0.0,0.8,0.0,0.0,0.0,0.0,0.0,0.0,0.0,0.0,0.0,0.0,0.0,0.0,84.0,500.0,1.0,0,0.01,0.02,12000,0.0,0.0,0.0,150.8664259927798,0.6831149172472046
69b7d5089605ebc57c7530c1,69b7d5089605ebc57c7530c1,69b7d5089605ebc57c7530c2,0.0,0.0,0.0,0.0,0.02,0.0,0.1,0.0,0.08,0.0,0.0,0.0,0.0,0.0,0.0,0.0,0.0,0.8,0.0,0.0,0.0,0.0,0.0,0.0,0.0,0.0,0.0,0.0,0.0,0.0,84.0,500.0,1.0,0,0.01,0.02,12000,0.0,0.0,0.0,179.94746323503026,0.8015413178560377
69b7d5089605ebc57c7530c1,69b7d5089605ebc57c7530c1,69b7d5089605ebc57c7530c2,0.0,0.0,0.0,0.0,0.02,0.0,0.1,0.0,0.08,0.0,0.0,0.0,0.0,0.0,0.0,0.0,0.0,0.8,0.0,0.0,0.0,0.0,0.0,0.0,0.0,0.0,0.0,0.0,0.0,0.0,84.0,500.0,1.0,0,0.01,0.02,12000,0.0,0.0,0.0,208.06927388736176,0.8789843861072316
69b7d5089605ebc57c7530c1,69b7d5089605ebc57c7530c1,69b7d5089605ebc57c7530c2,0.0,0.0,0.0,0.0,0.02,0.0,0.1,0.0,0.08,0.0,0.0,0.0,0.0,0.0,0.0,0.0,0.0,0.8,0.0,0.0,0.0,0.0,0.0,0.0,0.0,0.0,0.0,0.0,0.0,0.0,84.0,500.0,1.0,0,0.01,0.02,12000,0.0,0.0,0.0,233.14868909287955,0.9363234174939159
69b7d5089605ebc57c7530c1,69b7d5089605ebc57c7530c1,69b7d5089605ebc57c7530c2,0.0,0.0,0.0,0.0,0.02,0.0,0.1,0.0,0.08,0.0,0.0,0.0,0.0,0.0,0.0,0.0,0.0,0.8,0.0,0.0,0.0,0.0,0.0,0.0,0.0,0.0,0.0,0.0,0.0,0.0,84.0,500.0,1.0,0,0.01,0.02,12000,0.0,0.0,0.0,249.11254494692497,0.9569166952405643
69b7d5089605ebc57c7530c1,69b7d5089605ebc57c7530c1,69b7d5089605ebc57c7530c2,0.0,0.0,0.0,0.0,0.02,0.0,0.1,0.0,0.08,0.0,0.0,0.0,0.0,0.0,0.0,0.0,0.0,0.8,0.0,0.0,0.0,0.0,0.0,0.0,0.0,0.0,0.0,0.0,0.0,0.0,84.0,500.0,1.0,0,0.01,0.02,12000,0.0,0.0,0.0,265.13066008282436,0.9729487426091175
69b7d5099605ebc57c7530c3,69b7d5099605ebc57c7530c3,69b7d5099605ebc57c7530c4,0.0,0.0,0.0,0.0,0.02,0.0,0.15,0.0,0.08,0.0,0.0,0.0,0.0,0.0,0.0,0.0,0.0,0.75,0.0,0.0,0.0,0.0,0.0,0.0,0.0,0.0,0.0,0.0,0.0,0.0,94.0,500.0,1.0,0,0.01,0.02,12000,0.0,0.0,0.0,62.966389389296,0.005817366796852142
69b7d5099605ebc57c7530c3,69b7d5099605ebc57c7530c3,69b7d5099605ebc57c7530c4,0.0,0.0,0.0,0.0,0.02,0.0,0.15,0.0,0.08,0.0,0.0,0.0,0.0,0.0,0.0,0.0,0.0,0.75,0.0,0.0,0.0,0.0,0.0,0.0,0.0,0.0,0.0,0.0,0.0,0.0,94.0,500.0,1.0,0,0.01,0.02,12000,0.0,0.0,0.0,91.98154036072376,0.13471352228345865
69b7d5099605ebc57c7530c3,69b7d5099605ebc57c7530c3,69b7d5099605ebc57c7530c4,0.0,0.0,0.0,0.0,0.02,0.0,0.15,0.0,0.08,0.0,0.0,0.0,0.0,0.0,0.0,0.0,0.0,0.75,0.0,0.0,0.0,0.0,0.0,0.0,0.0,0.0,0.0,0.0,0.0,0.0,94.0,500.0,1.0,0,0.01,0.02,12000,0.0,0.0,0.0,121.14202869426043,0.26534836459735894
69b7d5099605ebc57c7530c3,69b7d5099605ebc57c7530c3,69b7d5099605ebc57c7530c4,0.0,0.0,0.0,0.0,0.02,0.0,0.15,0.0,0.08,0.0,0.0,0.0,0.0,0.0,0.0,0.0,0.0,0.75,0.0,0.0,0.0,0.0,0.0,0.0,0.0,0.0,0.0,0.0,0.0,0.0,94.0,500.0,1.0,0,0.01,0.02,12000,0.0,0.0,0.0,145.97921496293,0.5195052394771394
69b7d5099605ebc57c7530c3,69b7d5099605ebc57c7530c3,69b7d5099605ebc57c7530c4,0.0,0.0,0.0,0.0,0.02,0.0,0.15,0.0,0.08,0.0,0.0,0.0,0.0,0.0,0.0,0.0,0.0,0.75,0.0,0.0,0.0,0.0,0.0,0.0,0.0,0.0,0.0,0.0,0.0,0.0,94.0,500.0,1.0,0,0.01,0.02,12000,0.0,0.0,0.0,180.21875964430026,0.7848393868180943
69b7d5099605ebc57c7530c3,69b7d5099605ebc57c7530c3,69b7d5099605ebc57c7530c4,0.0,0.0,0.0,0.0,0.02,0.0,0.15,0.0,0.08,0.0,0.0,0.0,0.0,0.0,0.0,0.0,0.0,0.75,0.0,0.0,0.0,0.0,0.0,0.0,0.0,0.0,0.0,0.0,0.0,0.0,94.0,500.0,1.0,0,0.01,0.02,12000,0.0,0.0,0.0,206.11593974061768,0.890108971088791
69b7d5099605ebc57c7530c3,69b7d5099605ebc57c7530c3,69b7d5099605ebc57c7530c4,0.0,0.0,0.0,0.0,0.02,0.0,0.15,0.0,0.08,0.0,0.0,0.0,0.0,0.0,0.0,0.0,0.0,0.75,0.0,0.0,0.0,0.0,0.0,0.0,0.0,0.0,0.0,0.0,0.0,0.0,94.0,500.0,1.0,0,0.01,0.02,12000,0.0,0.0,0.0,231.23604940752597,0.9599198815786173
69b7d5099605ebc57c7530c3,69b7d5099605ebc57c7530c3,69b7d5099605ebc57c7530c4,0.0,0.0,0.0,0.0,0.02,0.0,0.15,0.0,0.08,0.0,0.0,0.0,0.0,0.0,0.0,0.0,0.0,0.75,0.0,0.0,0.0,0.0,0.0,0.0,0.0,0.0,0.0,0.0,0.0,0.0,94.0,500.0,1.0,0,0.01,0.02,12000,0.0,0.0,0.0,259.27065764259214,0.9932409490436804
69b7d5099605ebc57c7530c5,69b7d5099605ebc57c7530c5,69b7d50a9605ebc57c7530c6,0.0,0.0,0.0,0.0,0.02,0.0,0.2,0.0,0.08,0.0,0.0,0.0,0.0,0.0,0.0,0.0,0.0,0.7,0.0,0.0,0.0,0.0,0.0,0.0,0.0,0.0,0.0,0.0,0.0,0.0,104.0,500.0,1.0,0,0.01,0.02,12000,0.0,0.0,0.0,65.0398690887168,0.05724787368385839
69b7d5099605ebc57c7530c5,69b7d5099605ebc57c7530c5,69b7d50a9605ebc57c7530c6,0.0,0.0,0.0,0.0,0.02,0.0,0.2,0.0,0.08,0.0,0.0,0.0,0.0,0.0,0.0,0.0,0.0,0.7,0.0,0.0,0.0,0.0,0.0,0.0,0.0,0.0,0.0,0.0,0.0,0.0,104.0,500.0,1.0,0,0.01,0.02,12000,0.0,0.0,0.0,93.9271231814887,0.24647872011239996
69b7d5099605ebc57c7530c5,69b7d5099605ebc57c7530c5,69b7d50a9605ebc57c7530c6,0.0,0.0,0.0,0.0,0.02,0.0,0.2,0.0,0.08,0.0,0.0,0.0,0.0,0.0,0.0,0.0,0.0,0.7,0.0,0.0,0.0,0.0,0.0,0.0,0.0,0.0,0.0,0.0,0.0,0.0,104.0,500.0,1.0,0,0.01,0.02,12000,0.0,0.0,0.0,118.05506312306666,0.477904710929725
69b7d5099605ebc57c7530c5,69b7d5099605ebc57c7530c5,69b7d50a9605ebc57c7530c6,0.0,0.0,0.0,0.0,0.02,0.0,0.2,0.0,0.08,0.0,0.0,0.0,0.0,0.0,0.0,0.0,0.0,0.7,0.0,0.0,0.0,0.0,0.0,0.0,0.0,0.0,0.0,0.0,0.0,0.0,104.0,500.0,1.0,0,0.01,0.02,12000,0.0,0.0,0.0,149.07005619711336,0.6939835916134913
69b7d5099605ebc57c7530c5,69b7d5099605ebc57c7530c5,69b7d50a9605ebc57c7530c6,0.0,0.0,0.0,0.0,0.02,0.0,0.2,0.0,0.08,0.0,0.0,0.0,0.0,0.0,0.0,0.0,0.0,0.7,0.0,0.0,0.0,0.0,0.0,0.0,0.0,0.0,0.0,0.0,0.0,0.0,104.0,500.0,1.0,0,0.01,0.02,12000,0.0,0.0,0.0,179.29247618979267,0.7890619119700937
69b7d5099605ebc57c7530c5,69b7d5099605ebc57c7530c5,69b7d50a9605ebc57c7530c6,0.0,0.0,0.0,0.0,0.02,0.0,0.2,0.0,0.08,0.0,0.0,0.0,0.0,0.0,0.0,0.0,0.0,0.7,0.0,0.0,0.0,0.0,0.0,0.0,0.0,0.0,0.0,0.0,0.0,0.0,104.0,500.0,1.0,0,0.01,0.02,12000,0.0,0.0,0.0,206.87944534956327,0.8618534284495664
69b7d5099605ebc57c7530c5,69b7d5099605ebc57c7530c5,69b7d50a9605ebc57c7530c6,0.0,0.0,0.0,0.0,0.02,0.0,0.2,0.0,0.08,0.0,0.0,0.0,0.0,0.0,0.0,0.0,0.0,0.7,0.0,0.0,0.0,0.0,0.0,0.0,0.0,0.0,0.0,0.0,0.0,0.0,104.0,500.0,1.0,0,0.01,0.02,12000,0.0,0.0,0.0,230.04428303823272,0.9100323651660491
69b7d5099605ebc57c7530c5,69b7d5099605ebc57c7530c5,69b7d50a9605ebc57c7530c6,0.0,0.0,0.0,0.0,0.02,0.0,0.2,0.0,0.08,0.0,0.0,0.0,0.0,0.0,0.0,0.0,0.0,0.7,0.0,0.0,0.0,0.0,0.0,0.0,0.0,0.0,0.0,0.0,0.0,0.0,104.0,500.0,1.0,0,0.01,0.02,12000,0.0,0.0,0.0,252.9281351601582,0.9554866065081582
69b7d50a9605ebc57c7530c7,69b7d50a9605ebc57c7530c7,69b7d50a9605ebc57c7530c8,0.0,0.0,0.0,0.0,0.0,0.0,0.0,0.0,0.0,0.0,0.0,0.0,0.0,0.0,0.0,0.0,0.0,0.9,0.0,0.0,0.0,0.0,0.1,0.0,0.0,0.0,0.0,0.0,0.0,0.0,58.0,500.0,5.0,1,0.01,0.01,33000,500.0,10.2,1.0,261.9922201839306,0.04206522893870179
69b7d50a9605ebc57c7530c7,69b7d50a9605ebc57c7530c7,69b7d50a9605ebc57c7530c8,0.0,0.0,0.0,0.0,0.0,0.0,0.0,0.0,0.0,0.0,0.0,0.0,0.0,0.0,0.0,0.0,0.0,0.9,0.0,0.0,0.0,0.0,0.1,0.0,0.0,0.0,0.0,0.0,0.0,0.0,58.0,500.0,5.0,1,0.01,0.01,33000,500.0,10.2,1.0,302.0936907810693,0.12644215446722618
69b7d50a9605ebc57c7530c7,69b7d50a9605ebc57c7530c7,69b7d50a9605ebc57c7530c8,0.0,0.0,0.0,0.0,0.0,0.0,0.0,0.0,0.0,0.0,0.0,0.0,0.0,0.0,0.0,0.0,0.0,0.9,0.0,0.0,0.0,0.0,0.1,0.0,0.0,0.0,0.0,0.0,0.0,0.0,58.0,500.0,5.0,1,0.01,0.01,33000,500.0,10.2,1.0,312.13177252665423,0.16473812812068417
69b7d50a9605ebc57c7530c7,69b7d50a9605ebc57c7530c7,69b7d50a9605ebc57c7530c8,0.0,0.0,0.0,0.0,0.0,0.0,0.0,0.0,0.0,0.0,0.0,0.0,0.0,0.0,0.0,0.0,0.0,0.9,0.0,0.0,0.0,0.0,0.1,0.0,0.0,0.0,0.0,0.0,0.0,0.0,58.0,500.0,5.0,1,0.01,0.01,33000,500.0,10.2,1.0,321.8816680894346,0.2107425900350579
69b7d50a9605ebc57c7530c7,69b7d50a9605ebc57c7530c7,69b7d50a9605ebc57c7530c8,0.0,0.0,0.0,0.0,0.0,0.0,0.0,0.0,0.0,0.0,0.0,0.0,0.0,0.0,0.0,0.0,0.0,0.9,0.0,0.0,0.0,0.0,0.1,0.0,0.0,0.0,0.0,0.0,0.0,0.0,58.0,500.0,5.0,1,0.01,0.01,33000,500.0,10.2,1.0,332.1522361673659,0.2853372994794433
69b7d50a9605ebc57c7530c7,69b7d50a9605ebc57c7530c7,69b7d50a9605ebc57c7530c8,0.0,0.0,0.0,0.0,0.0,0.0,0.0,0.0,0.0,0.0,0.0,0.0,0.0,0.0,0.0,0.0,0.0,0.9,0.0,0.0,0.0,0.0,0.1,0.0,0.0,0.0,0.0,0.0,0.0,0.0,58.0,500.0,5.0,1,0.01,0.01,33000,500.0,10.2,1.0,342.0982920730637,0.37222989482630403
69b7d50a9605ebc57c7530c7,69b7d50a9605ebc57c7530c7,69b7d50a9605ebc57c7530c8,0.0,0.0,0.0,0.0,0.0,0.0,0.0,0.0,0.0,0.0,0.0,0.0,0.0,0.0,0.0,0.0,0.0,0.9,0.0,0.0,0.0,0.0,0.1,0.0,0.0,0.0,0.0,0.0,0.0,0.0,58.0,500.0,5.0,1,0.01,0.01,33000,500.0,10.2,1.0,351.81670511167215,0.44339955380856266
69b7d50a9605ebc57c7530c7,69b7d50a9605ebc57c7530c7,69b7d50a9605ebc57c7530c8,0.0,0.0,0.0,0.0,0.0,0.0,0.0,0.0,0.0,0.0,0.0,0.0,0.0,0.0,0.0,0.0,0.0,0.9,0.0,0.0,0.0,0.0,0.1,0.0,0.0,0.0,0.0,0.0,0.0,0.0,58.0,500.0,5.0,1,0.01,0.01,33000,500.0,10.2,1.0,361.9468126971442,0.5043195580580049
69b7d50a9605ebc57c7530c7,69b7d50a9605ebc57c7530c7,69b7d50a9605ebc57c7530c8,0.0,0.0,0.0,0.0,0.0,0.0,0.0,0.0,0.0,0.0,0.0,0.0,0.0,0.0,0.0,0.0,0.0,0.9,0.0,0.0,0.0,0.0,0.1,0.0,0.0,0.0,0.0,0.0,0.0,0.0,58.0,500.0,5.0,1,0.01,0.01,33000,500.0,10.2,1.0,371.8880251375847,0.6198448953574843
69b7d50a9605ebc57c7530c7,69b7d50a9605ebc57c7530c7,69b7d50a9605ebc57c7530c8,0.0,0.0,0.0,0.0,0.0,0.0,0.0,0.0,0.0,0.0,0.0,0.0,0.0,0.0,0.0,0.0,0.0,0.9,0.0,0.0,0.0,0.0,0.1,0.0,0.0,0.0,0.0,0.0,0.0,0.0,58.0,500.0,5.0,1,0.01,0.01,33000,500.0,10.2,1.0,382.31842756900426,0.7342908743227451
69b7d50a9605ebc57c7530c7,69b7d50a9605ebc57c7530c7,69b7d50a9605ebc57c7530c8,0.0,0.0,0.0,0.0,0.0,0.0,0.0,0.0,0.0,0.0,0.0,0.0,0.0,0.0,0.0,0.0,0.0,0.9,0.0,0.0,0.0,0.0,0.1,0.0,0.0,0.0,0.0,0.0,0.0,0.0,58.0,500.0,5.0,1,0.01,0.01,33000,500.0,10.2,1.0,391.82372813629513,0.9100987995325613
69b7d50a9605ebc57c7530c7,69b7d50a9605ebc57c7530c7,69b7d50a9605ebc57c7530c8,0.0,0.0,0.0,0.0,0.0,0.0,0.0,0.0,0.0,0.0,0.0,0.0,0.0,0.0,0.0,0.0,0.0,0.9,0.0,0.0,0.0,0.0,0.1,0.0,0.0,0.0,0.0,0.0,0.0,0.0,58.0,500.0,5.0,1,0.01,0.01,33000,500.0,10.2,1.0,402.171791658342,0.9679167109316903
69b7d50b9605ebc57c7530c9,69b7d50b9605ebc57c7530c9,69b7d50b9605ebc57c7530ca,0.0,0.0,0.0,0.0,0.0,0.0,0.0,0.0,0.0,0.0,0.0,0.0,0.0,0.0,0.0,0.0,0.0,0.9,0.0,0.0,0.0,0.0,0.1,0.0,0.0,0.0,0.0,0.0,0.0,0.0,24.0,800.0,5.0,1,0.01,0.01,33000,500.0,10.2,1.0,261.7597338515841,0.029163922235206634
69b7d50b9605ebc57c7530c9,69b7d50b9605ebc57c7530c9,69b7d50b9605ebc57c7530ca,0.0,0.0,0.0,0.0,0.0,0.0,0.0,0.0,0.0,0.0,0.0,0.0,0.0,0.0,0.0,0.0,0.0,0.9,0.0,0.0,0.0,0.0,0.1,0.0,0.0,0.0,0.0,0.0,0.0,0.0,24.0,800.0,5.0,1,0.01,0.01,33000,500.0,10.2,1.0,302.0912690484407,0.09361946244555401
69b7d50b9605ebc57c7530c9,69b7d50b9605ebc57c7530c9,69b7d50b9605ebc57c7530ca,0.0,0.0,0.0,0.0,0.0,0.0,0.0,0.0,0.0,0.0,0.0,0.0,0.0,0.0,0.0,0.0,0.0,0.9,0.0,0.0,0.0,0.0,0.1,0.0,0.0,0.0,0.0,0.0,0.0,0.0,24.0,800.0,5.0,1,0.01,0.01,33000,500.0,10.2,1.0,312.071229210939,0.1234930415382981
69b7d50b9605ebc57c7530c9,69b7d50b9605ebc57c7530c9,69b7d50b9605ebc57c7530ca,0.0,0.0,0.0,0.0,0.0,0.0,0.0,0.0,0.0,0.0,0.0,0.0,0.0,0.0,0.0,0.0,0.0,0.9,0.0,0.0,0.0,0.0,0.1,0.0,0.0,0.0,0.0,0.0,0.0,0.0,24.0,800.0,5.0,1,0.01,0.01,33000,500.0,10.2,1.0,321.87440289154875,0.16070115797301604
69b7d50b9605ebc57c7530c9,69b7d50b9605ebc57c7530c9,69b7d50b9605ebc57c7530ca,0.0,0.0,0.0,0.0,0.0,0.0,0.0,0.0,0.0,0.0,0.0,0.0,0.0,0.0,0.0,0.0,0.0,0.9,0.0,0.0,0.0,0.0,0.1,0.0,0.0,0.0,0.0,0.0,0.0,0.0,24.0,800.0,5.0,1,0.01,0.01,33000,500.0,10.2,1.0,331.9584975570772,0.2256156379475194
69b7d50b9605ebc57c7530c9,69b7d50b9605ebc57c7530c9,69b7d50b9605ebc57c7530ca,0.0,0.0,0.0,0.0,0.0,0.0,0.0,0.0,0.0,0.0,0.0,0.0,0.0,0.0,0.0,0.0,0.0,0.9,0.0,0.0,0.0,0.0,0.1,0.0,0.0,0.0,0.0,0.0,0.0,0.0,24.0,800.0,5.0,1,0.01,0.01,33000,500.0,10.2,1.0,341.70354965460035,0.2824391798576437
69b7d50b9605ebc57c7530c9,69b7d50b9605ebc57c7530c9,69b7d50b9605ebc57c7530ca,0.0,0.0,0.0,0.0,0.0,0.0,0.0,0.0,0.0,0.0,0.0,0.0,0.0,0.0,0.0,0.0,0.0,0.9,0.0,0.0,0.0,0.0,0.1,0.0,0.0,0.0,0.0,0.0,0.0,0.0,24.0,800.0,5.0,1,0.01,0.01,33000,500.0,10.2,1.0,351.823970309558,0.37081058111122916
69b7d50b9605ebc57c7530c9,69b7d50b9605ebc57c7530c9,69b7d50b9605ebc57c7530ca,0.0,0.0,0.0,0.0,0.0,0.0,0.0,0.0,0.0,0.0,0.0,0.0,0.0,0.0,0.0,0.0,0.0,0.9,0.0,0.0,0.0,0.0,0.1,0.0,0.0,0.0,0.0,0.0,0.0,0.0,24.0,800.0,5.0,1,0.01,0.01,33000,500.0,10.2,1.0,361.7700262152557,0.451456496334856
69b7d50b9605ebc57c7530c9,69b7d50b9605ebc57c7530c9,69b7d50b9605ebc57c7530ca,0.0,0.0,0.0,0.0,0.0,0.0,0.0,0.0,0.0,0.0,0.0,0.0,0.0,0.0,0.0,0.0,0.0,0.9,0.0,0.0,0.0,0.0,0.1,0.0,0.0,0.0,0.0,0.0,0.0,0.0,24.0,800.0,5.0,1,0.01,0.01,33000,500.0,10.2,1.0,371.76451677352566,0.512937426962711
69b7d50b9605ebc57c7530c9,69b7d50b9605ebc57c7530c9,69b7d50b9605ebc57c7530ca,0.0,0.0,0.0,0.0,0.0,0.0,0.0,0.0,0.0,0.0,0.0,0.0,0.0,0.0,0.0,0.0,0.0,0.9,0.0,0.0,0.0,0.0,0.1,0.0,0.0,0.0,0.0,0.0,0.0,0.0,24.0,800.0,5.0,1,0.01,0.01,33000,500.0,10.2,1.0,382.26514945117486,0.5903027727610751
69b7d50b9605ebc57c7530c9,69b7d50b9605ebc57c7530c9,69b7d50b9605ebc57c7530ca,0.0,0.0,0.0,0.0,0.0,0.0,0.0,0.0,0.0,0.0,0.0,0.0,0.0,0.0,0.0,0.0,0.0,0.9,0.0,0.0,0.0,0.0,0.1,0.0,0.0,0.0,0.0,0.0,0.0,0.0,24.0,800.0,5.0,1,0.01,0.01,33000,500.0,10.2,1.0,391.86489759098146,0.7209986189312653
69b7d50b9605ebc57c7530c9,69b7d50b9605ebc57c7530c9,69b7d50b9605ebc57c7530ca,0.0,0.0,0.0,0.0,0.0,0.0,0.0,0.0,0.0,0.0,0.0,0.0,0.0,0.0,0.0,0.0,0.0,0.9,0.0,0.0,0.0,0.0,0.1,0.0,0.0,0.0,0.0,0.0,0.0,0.0,24.0,800.0,5.0,1,0.01,0.01,33000,500.0,10.2,1.0,402.0773440858262,0.837407840220971
69b7d50b9605ebc57c7530c9,69b7d50b9605ebc57c7530c9,69b7d50b9605ebc57c7530ca,0.0,0.0,0.0,0.0,0.0,0.0,0.0,0.0,0.0,0.0,0.0,0.0,0.0,0.0,0.0,0.0,0.0,0.9,0.0,0.0,0.0,0.0,0.1,0.0,0.0,0.0,0.0,0.0,0.0,0.0,24.0,800.0,5.0,1,0.01,0.01,33000,500.0,10.2,1.0,411.9652784084373,0.9280824391798577
69b7d50b9605ebc57c7530c9,69b7d50b9605ebc57c7530c9,69b7d50b9605ebc57c7530ca,0.0,0.0,0.0,0.0,0.0,0.0,0.0,0.0,0.0,0.0,0.0,0.0,0.0,0.0,0.0,0.0,0.0,0.9,0.0,0.0,0.0,0.0,0.1,0.0,0.0,0.0,0.0,0.0,0.0,0.0,24.0,800.0,5.0,1,0.01,0.01,33000,500.0,10.2,1.0,421.8168867416193,0.9687326038457452
69b7d50b9605ebc57c7530c9,69b7d50b9605ebc57c7530c9,69b7d50b9605ebc57c7530ca,0.0,0.0,0.0,0.0,0.0,0.0,0.0,0.0,0.0,0.0,0.0,0.0,0.0,0.0,0.0,0.0,0.0,0.9,0.0,0.0,0.0,0.0,0.1,0.0,0.0,0.0,0.0,0.0,0.0,0.0,24.0,800.0,5.0,1,0.01,0.01,33000,500.0,10.2,1.0,432.1262025416084,0.9843705513651334
69b7d50b9605ebc57c7530cb,69b7d50b9605ebc57c7530cb,69b7d50c9605ebc57c7530cc,0.0,0.0,0.0,0.0,0.0,0.0,0.0,0.0,0.0,0.0,0.0,0.0,0.0,0.0,0.0,0.0,0.0,0.8,0.0,0.0,0.0,0.0,0.2,0.0,0.0,0.0,0.0,0.0,0.0,0.0,58.0,500.0,5.0,1,0.01,0.01,33000,500.0,10.2,1.0,252.24716808640744,0.043637522575162
69b7d50b9605ebc57c7530cb,69b7d50b9605ebc57c7530cb,69b7d50c9605ebc57c7530cc,0.0,0.0,0.0,0.0,0.0,0.0,0.0,0.0,0.0,0.0,0.0,0.0,0.0,0.0,0.0,0.0,0.0,0.8,0.0,0.0,0.0,0.0,0.2,0.0,0.0,0.0,0.0,0.0,0.0,0.0,58.0,500.0,5.0,1,0.01,0.01,33000,500.0,10.2,1.0,281.4072506674901,0.09531074046531392
69b7d50b9605ebc57c7530cb,69b7d50b9605ebc57c7530cb,69b7d50c9605ebc57c7530cc,0.0,0.0,0.0,0.0,0.0,0.0,0.0,0.0,0.0,0.0,0.0,0.0,0.0,0.0,0.0,0.0,0.0,0.8,0.0,0.0,0.0,0.0,0.2,0.0,0.0,0.0,0.0,0.0,0.0,0.0,58.0,500.0,5.0,1,0.01,0.01,33000,500.0,10.2,1.0,297.0734390419626,0.15664719005630512
69b7d50b9605ebc57c7530cb,69b7d50b9605ebc57c7530cb,69b7d50c9605ebc57c7530cc,0.0,0.0,0.0,0.0,0.0,0.0,0.0,0.0,0.0,0.0,0.0,0.0,0.0,0.0,0.0,0.0,0.0,0.8,0.0,0.0,0.0,0.0,0.2,0.0,0.0,0.0,0.0,0.0,0.0,0.0,58.0,500.0,5.0,1,0.01,0.01,33000,500.0,10.2,1.0,307.1260511833191,0.20631467119940505
69b7d50b9605ebc57c7530cb,69b7d50b9605ebc57c7530cb,69b7d50c9605ebc57c7530cc,0.0,0.0,0.0,0.0,0.0,0.0,0.0,0.0,0.0,0.0,0.0,0.0,0.0,0.0,0.0,0.0,0.0,0.8,0.0,0.0,0.0,0.0,0.2,0.0,0.0,0.0,0.0,0.0,0.0,0.0,58.0,500.0,5.0,1,0.01,0.01,33000,500.0,10.2,1.0,316.46183046660735,0.28812493360246466
69b7d50b9605ebc57c7530cb,69b7d50b9605ebc57c7530cb,69b7d50c9605ebc57c7530cc,0.0,0.0,0.0,0.0,0.0,0.0,0.0,0.0,0.0,0.0,0.0,0.0,0.0,0.0,0.0,0.0,0.0,0.8,0.0,0.0,0.0,0.0,0.2,0.0,0.0,0.0,0.0,0.0,0.0,0.0,58.0,500.0,5.0,1,0.01,0.01,33000,500.0,10.2,1.0,321.81870304109077,0.40103261446935096
69b7d50b9605ebc57c7530cb,69b7d50b9605ebc57c7530cb,69b7d50c9605ebc57c7530cc,0.0,0.0,0.0,0.0,0.0,0.0,0.0,0.0,0.0,0.0,0.0,0.0,0.0,0.0,0.0,0.0,0.0,0.8,0.0,0.0,0.0,0.0,0.2,0.0,0.0,0.0,0.0,0.0,0.0,0.0,58.0,500.0,5.0,1,0.01,0.01,33000,500.0,10.2,1.0,327.42985754157814,0.4917412089663232
69b7d50b9605ebc57c7530cb,69b7d50b9605ebc57c7530cb,69b7d50c9605ebc57c7530cc,0.0,0.0,0.0,0.0,0.0,0.0,0.0,0.0,0.0,0.0,0.0,0.0,0.0,0.0,0.0,0.0,0.0,0.8,0.0,0.0,0.0,0.0,0.2,0.0,0.0,0.0,0.0,0.0,0.0,0.0,58.0,500.0,5.0,1,0.01,0.01,33000,500.0,10.2,1.0,332.0892711190221,0.5827897588441516
69b7d50b9605ebc57c7530cb,69b7d50b9605ebc57c7530cb,69b7d50c9605ebc57c7530cc,0.0,0.0,0.0,0.0,0.0,0.0,0.0,0.0,0.0,0.0,0.0,0.0,0.0,0.0,0.0,0.0,0.0,0.8,0.0,0.0,0.0,0.0,0.2,0.0,0.0,0.0,0.0,0.0,0.0,0.0,58.0,500.0,5.0,1,0.01,0.01,33000,500.0,10.2,1.0,337.02960568138474,0.6733198767661744
69b7d50b9605ebc57c7530cb,69b7d50b9605ebc57c7530cb,69b7d50c9605ebc57c7530cc,0.0,0.0,0.0,0.0,0.0,0.0,0.0,0.0,0.0,0.0,0.0,0.0,0.0,0.0,0.0,0.0,0.0,0.8,0.0,0.0,0.0,0.0,0.2,0.0,0.0,0.0,0.0,0.0,0.0,0.0,58.0,500.0,5.0,1,0.01,0.01,33000,500.0,10.2,1.0,341.87549267123165,0.7811792202273452
69b7d50b9605ebc57c7530cb,69b7d50b9605ebc57c7530cb,69b7d50c9605ebc57c7530cc,0.0,0.0,0.0,0.0,0.0,0.0,0.0,0.0,0.0,0.0,0.0,0.0,0.0,0.0,0.0,0.0,0.0,0.8,0.0,0.0,0.0,0.0,0.2,0.0,0.0,0.0,0.0,0.0,0.0,0.0,58.0,500.0,5.0,1,0.01,0.01,33000,500.0,10.2,1.0,346.96355292393946,0.8983193455858918
69b7d50b9605ebc57c7530cb,69b7d50b9605ebc57c7530cb,69b7d50c9605ebc57c7530cc,0.0,0.0,0.0,0.0,0.0,0.0,0.0,0.0,0.0,0.0,0.0,0.0,0.0,0.0,0.0,0.0,0.0,0.8,0.0,0.0,0.0,0.0,0.2,0.0,0.0,0.0,0.0,0.0,0.0,0.0,58.0,500.0,5.0,1,0.01,0.01,33000,500.0,10.2,1.0,351.81186164641497,0.9962094975034526
69b7d50c9605ebc57c7530cd,69b7d50c9605ebc57c7530cd,69b7d50c9605ebc57c7530ce,0.0,0.0,0.0,0.0,0.0,0.0,0.0,0.0,0.0,0.0,0.0,0.0,0.0,0.0,0.0,0.0,0.0,0.8,0.0,0.0,0.0,0.0,0.2,0.0,0.0,0.0,0.0,0.0,0.0,0.0,37.0,800.0,5.0,1,0.01,0.01,33000,500.0,10.2,1.0,242.16307342087896,0.06135769680229469
69b7d50c9605ebc57c7530cd,69b7d50c9605ebc57c7530cd,69b7d50c9605ebc57c7530ce,0.0,0.0,0.0,0.0,0.0,0.0,0.0,0.0,0.0,0.0,0.0,0.0,0.0,0.0,0.0,0.0,0.0,0.8,0.0,0.0,0.0,0.0,0.2,0.0,0.0,0.0,0.0,0.0,0.0,0.0,37.0,800.0,5.0,1,0.01,0.01,33000,500.0,10.2,1.0,262.2537673078204,0.08793370870073304
69b7d50c9605ebc57c7530cd,69b7d50c9605ebc57c7530cd,69b7d50c9605ebc57c7530ce,0.0,0.0,0.0,0.0,0.0,0.0,0.0,0.0,0.0,0.0,0.0,0.0,0.0,0.0,0.0,0.0,0.0,0.8,0.0,0.0,0.0,0.0,0.2,0.0,0.0,0.0,0.0,0.0,0.0,0.0,37.0,800.0,5.0,1,0.01,0.01,33000,500.0,10.2,1.0,286.33305483408105,0.13145649633485604
69b7d50c9605ebc57c7530cd,69b7d50c9605ebc57c7530cd,69b7d50c9605ebc57c7530ce,0.0,0.0,0.0,0.0,0.0,0.0,0.0,0.0,0.0,0.0,0.0,0.0,0.0,0.0,0.0,0.0,0.0,0.8,0.0,0.0,0.0,0.0,0.2,0.0,0.0,0.0,0.0,0.0,0.0,0.0,37.0,800.0,5.0,1,0.01,0.01,33000,500.0,10.2,1.0,296.95961760841794,0.16472962923616274
69b7d50c9605ebc57c7530cd,69b7d50c9605ebc57c7530cd,69b7d50c9605ebc57c7530ce,0.0,0.0,0.0,0.0,0.0,0.0,0.0,0.0,0.0,0.0,0.0,0.0,0.0,0.0,0.0,0.0,0.0,0.8,0.0,0.0,0.0,0.0,0.2,0.0,0.0,0.0,0.0,0.0,0.0,0.0,37.0,800.0,5.0,1,0.01,0.01,33000,500.0,10.2,1.0,306.6852958449123,0.21390417507702114
69b7d50c9605ebc57c7530cd,69b7d50c9605ebc57c7530cd,69b7d50c9605ebc57c7530ce,0.0,0.0,0.0,0.0,0.0,0.0,0.0,0.0,0.0,0.0,0.0,0.0,0.0,0.0,0.0,0.0,0.0,0.8,0.0,0.0,0.0,0.0,0.2,0.0,0.0,0.0,0.0,0.0,0.0,0.0,37.0,800.0,5.0,1,0.01,0.01,33000,500.0,10.2,1.0,317.1956154530759,0.2613874428981196
69b7d50c9605ebc57c7530cd,69b7d50c9605ebc57c7530cd,69b7d50c9605ebc57c7530ce,0.0,0.0,0.0,0.0,0.0,0.0,0.0,0.0,0.0,0.0,0.0,0.0,0.0,0.0,0.0,0.0,0.0,0.8,0.0,0.0,0.0,0.0,0.2,0.0,0.0,0.0,0.0,0.0,0.0,0.0,37.0,800.0,5.0,1,0.01,0.01,33000,500.0,10.2,1.0,327.12229749774474,0.3896696058642303
69b7d50c9605ebc57c7530cd,69b7d50c9605ebc57c7530cd,69b7d50c9605ebc57c7530ce,0.0,0.0,0.0,0.0,0.0,0.0,0.0,0.0,0.0,0.0,0.0,0.0,0.0,0.0,0.0,0.0,0.0,0.8,0.0,0.0,0.0,0.0,0.2,0.0,0.0,0.0,0.0,0.0,0.0,0.0,37.0,800.0,5.0,1,0.01,0.01,33000,500.0,10.2,1.0,337.33716572521814,0.48702432805694257
69b7d50c9605ebc57c7530cd,69b7d50c9605ebc57c7530cd,69b7d50c9605ebc57c7530ce,0.0,0.0,0.0,0.0,0.0,0.0,0.0,0.0,0.0,0.0,0.0,0.0,0.0,0.0,0.0,0.0,0.0,0.8,0.0,0.0,0.0,0.0,0.2,0.0,0.0,0.0,0.0,0.0,0.0,0.0,37.0,800.0,5.0,1,0.01,0.01,33000,500.0,10.2,1.0,347.0870612879985,0.6411346010836079
69b7d50c9605ebc57c7530cd,69b7d50c9605ebc57c7530cd,69b7d50c9605ebc57c7530ce,0.0,0.0,0.0,0.0,0.0,0.0,0.0,0.0,0.0,0.0,0.0,0.0,0.0,0.0,0.0,0.0,0.0,0.8,0.0,0.0,0.0,0.0,0.2,0.0,0.0,0.0,0.0,0.0,0.0,0.0,37.0,800.0,5.0,1,0.01,0.01,33000,500.0,10.2,1.0,356.97983907586683,0.7400871135663445
69b7d50c9605ebc57c7530cd,69b7d50c9605ebc57c7530cd,69b7d50c9605ebc57c7530ce,0.0,0.0,0.0,0.0,0.0,0.0,0.0,0.0,0.0,0.0,0.0,0.0,0.0,0.0,0.0,0.0,0.0,0.8,0.0,0.0,0.0,0.0,0.2,0.0,0.0,0.0,0.0,0.0,0.0,0.0,37.0,800.0,5.0,1,0.01,0.01,33000,500.0,10.2,1.0,366.768482360705,0.9122915117390842
69b7d50c9605ebc57c7530cd,69b7d50c9605ebc57c7530cd,69b7d50c9605ebc57c7530ce,0.0,0.0,0.0,0.0,0.0,0.0,0.0,0.0,0.0,0.0,0.0,0.0,0.0,0.0,0.0,0.0,0.0,0.8,0.0,0.0,0.0,0.0,0.2,0.0,0.0,0.0,0.0,0.0,0.0,0.0,37.0,800.0,5.0,1,0.01,0.01,33000,500.0,10.2,1.0,376.78476851263235,1.0
69b7d5139605ebc57c7530e1,69b7d5139605ebc57c7530e1,69b7d5139605ebc57c7530e2,0.0,0.0,0.0,0.0,0.0,0.0,0.0,0.0,0.0,0.0,0.0,0.0,0.0,0.0,0.0,0.0,0.0,0.8,0.0,0.0,0.0,0.0,0.0,0.0,0.0,0.0,0.0,0.2,0.0,0.0,78.0,500.0,5.0,1,0.01,0.01,30000,0.0,0.0,0.0,181.29546330098512,0.034233905635307295
69b7d5139605ebc57c7530e1,69b7d5139605ebc57c7530e1,69b7d5139605ebc57c7530e2,0.0,0.0,0.0,0.0,0.0,0.0,0.0,0.0,0.0,0.0,0.0,0.0,0.0,0.0,0.0,0.0,0.0,0.8,0.0,0.0,0.0,0.0,0.0,0.0,0.0,0.0,0.0,0.2,0.0,0.0,78.0,500.0,5.0,1,0.01,0.01,30000,0.0,0.0,0.0,195.64302617820258,0.04825052757731287
69b7d5139605ebc57c7530e1,69b7d5139605ebc57c7530e1,69b7d5139605ebc57c7530e2,0.0,0.0,0.0,0.0,0.0,0.0,0.0,0.0,0.0,0.0,0.0,0.0,0.0,0.0,0.0,0.0,0.0,0.8,0.0,0.0,0.0,0.0,0.0,0.0,0.0,0.0,0.0,0.2,0.0,0.0,78.0,500.0,5.0,1,0.01,0.01,30000,0.0,0.0,0.0,211.24813340426704,0.07275790497529287
69b7d5139605ebc57c7530e1,69b7d5139605ebc57c7530e1,69b7d5139605ebc57c7530e2,0.0,0.0,0.0,0.0,0.0,0.0,0.0,0.0,0.0,0.0,0.0,0.0,0.0,0.0,0.0,0.0,0.0,0.8,0.0,0.0,0.0,0.0,0.0,0.0,0.0,0.0,0.0,0.2,0.0,0.0,78.0,500.0,5.0,1,0.01,0.01,30000,0.0,0.0,0.0,226.15154739410394,0.10439517494724226
69b7d5139605ebc57c7530e1,69b7d5139605ebc57c7530e1,69b7d5139605ebc57c7530e2,0.0,0.0,0.0,0.0,0.0,0.0,0.0,0.0,0.0,0.0,0.0,0.0,0.0,0.0,0.0,0.0,0.0,0.8,0.0,0.0,0.0,0.0,0.0,0.0,0.0,0.0,0.0,0.2,0.0,0.0,78.0,500.0,5.0,1,0.01,0.01,30000,0.0,0.0,0.0,240.67522151492358,0.15511207218473455
69b7d5139605ebc57c7530e1,69b7d5139605ebc57c7530e1,69b7d5139605ebc57c7530e2,0.0,0.0,0.0,0.0,0.0,0.0,0.0,0.0,0.0,0.0,0.0,0.0,0.0,0.0,0.0,0.0,0.0,0.8,0.0,0.0,0.0,0.0,0.0,0.0,0.0,0.0,0.0,0.2,0.0,0.0,78.0,500.0,5.0,1,0.01,0.01,30000,0.0,0.0,0.0,252.8599181816514,0.20625450503260992
69b7d5139605ebc57c7530e1,69b7d5139605ebc57c7530e1,69b7d5139605ebc57c7530e2,0.0,0.0,0.0,0.0,0.0,0.0,0.0,0.0,0.0,0.0,0.0,0.0,0.0,0.0,0.0,0.0,0.0,0.8,0.0,0.0,0.0,0.0,0.0,0.0,0.0,0.0,0.0,0.2,0.0,0.0,78.0,500.0,5.0,1,0.01,0.01,30000,0.0,0.0,0.0,261.70950817266237,0.2540621281991159
69b7d5139605ebc57c7530e1,69b7d5139605ebc57c7530e1,69b7d5139605ebc57c7530e2,0.0,0.0,0.0,0.0,0.0,0.0,0.0,0.0,0.0,0.0,0.0,0.0,0.0,0.0,0.0,0.0,0.0,0.8,0.0,0.0,0.0,0.0,0.0,0.0,0.0,0.0,0.0,0.2,0.0,0.0,78.0,500.0,5.0,1,0.01,0.01,30000,0.0,0.0,0.0,273.3356019885895,0.32103622263328385
69b7d5139605ebc57c7530e1,69b7d5139605ebc57c7530e1,69b7d5139605ebc57c7530e2,0.0,0.0,0.0,0.0,0.0,0.0,0.0,0.0,0.0,0.0,0.0,0.0,0.0,0.0,0.0,0.0,0.0,0.8,0.0,0.0,0.0,0.0,0.0,0.0,0.0,0.0,0.0,0.2,0.0,0.0,78.0,500.0,5.0,1,0.01,0.01,30000,0.0,0.0,0.0,283.19507989213184,0.38083700249242286
69b7d5139605ebc57c7530e1,69b7d5139605ebc57c7530e1,69b7d5139605ebc57c7530e2,0.0,0.0,0.0,0.0,0.0,0.0,0.0,0.0,0.0,0.0,0.0,0.0,0.0,0.0,0.0,0.0,0.0,0.8,0.0,0.0,0.0,0.0,0.0,0.0,0.0,0.0,0.0,0.2,0.0,0.0,78.0,500.0,5.0,1,0.01,0.01,30000,0.0,0.0,0.0,291.40626662508487,0.43517529461827714
69b7d5139605ebc57c7530e1,69b7d5139605ebc57c7530e1,69b7d5139605ebc57c7530e2,0.0,0.0,0.0,0.0,0.0,0.0,0.0,0.0,0.0,0.0,0.0,0.0,0.0,0.0,0.0,0.0,0.0,0.8,0.0,0.0,0.0,0.0,0.0,0.0,0.0,0.0,0.0,0.2,0.0,0.0,78.0,500.0,5.0,1,0.01,0.01,30000,0.0,0.0,0.0,300.3879400487975,0.4990230049761613
69b7d5139605ebc57c7530e1,69b7d5139605ebc57c7530e1,69b7d5139605ebc57c7530e2,0.0,0.0,0.0,0.0,0.0,0.0,0.0,0.0,0.0,0.0,0.0,0.0,0.0,0.0,0.0,0.0,0.0,0.8,0.0,0.0,0.0,0.0,0.0,0.0,0.0,0.0,0.0,0.2,0.0,0.0,78.0,500.0,5.0,1,0.01,0.01,30000,0.0,0.0,0.0,309.5292142870246,0.5509730870437433
69b7d5139605ebc57c7530e1,69b7d5139605ebc57c7530e1,69b7d5139605ebc57c7530e2,0.0,0.0,0.0,0.0,0.0,0.0,0.0,0.0,0.0,0.0,0.0,0.0,0.0,0.0,0.0,0.0,0.0,0.8,0.0,0.0,0.0,0.0,0.0,0.0,0.0,0.0,0.0,0.2,0.0,0.0,78.0,500.0,5.0,1,0.01,0.01,30000,0.0,0.0,0.0,317.3909302709545,0.6079774900346507
69b7d5139605ebc57c7530e1,69b7d5139605ebc57c7530e1,69b7d5139605ebc57c7530e2,0.0,0.0,0.0,0.0,0.0,0.0,0.0,0.0,0.0,0.0,0.0,0.0,0.0,0.0,0.0,0.0,0.0,0.8,0.0,0.0,0.0,0.0,0.0,0.0,0.0,0.0,0.0,0.2,0.0,0.0,78.0,500.0,5.0,1,0.01,0.01,30000,0.0,0.0,0.0,327.18711819632733,0.6750818504719972
69b7d5139605ebc57c7530e1,69b7d5139605ebc57c7530e1,69b7d5139605ebc57c7530e2,0.0,0.0,0.0,0.0,0.0,0.0,0.0,0.0,0.0,0.0,0.0,0.0,0.0,0.0,0.0,0.0,0.0,0.8,0.0,0.0,0.0,0.0,0.0,0.0,0.0,0.0,0.0,0.2,0.0,0.0,78.0,500.0,5.0,1,0.01,0.01,30000,0.0,0.0,0.0,338.5022655977692,0.7389035076292455
69b7d5139605ebc57c7530e1,69b7d5139605ebc57c7530e1,69b7d5139605ebc57c7530e2,0.0,0.0,0.0,0.0,0.0,0.0,0.0,0.0,0.0,0.0,0.0,0.0,0.0,0.0,0.0,0.0,0.0,0.8,0.0,0.0,0.0,0.0,0.0,0.0,0.0,0.0,0.0,0.2,0.0,0.0,78.0,500.0,5.0,1,0.01,0.01,30000,0.0,0.0,0.0,355.46948322356957,0.8167591555289233
69b7d5139605ebc57c7530e1,69b7d5139605ebc57c7530e1,69b7d5139605ebc57c7530e2,0.0,0.0,0.0,0.0,0.0,0.0,0.0,0.0,0.0,0.0,0.0,0.0,0.0,0.0,0.0,0.0,0.0,0.8,0.0,0.0,0.0,0.0,0.0,0.0,0.0,0.0,0.0,0.2,0.0,0.0,78.0,500.0,5.0,1,0.01,0.01,30000,0.0,0.0,0.0,371.2259360496047,0.8705069084403685
69b7d5139605ebc57c7530e1,69b7d5139605ebc57c7530e1,69b7d5139605ebc57c7530e2,0.0,0.0,0.0,0.0,0.0,0.0,0.0,0.0,0.0,0.0,0.0,0.0,0.0,0.0,0.0,0.0,0.0,0.8,0.0,0.0,0.0,0.0,0.0,0.0,0.0,0.0,0.0,0.2,0.0,0.0,78.0,500.0,5.0,1,0.01,0.01,30000,0.0,0.0,0.0,382.12557098567265,0.9003378231682428
69b7d5139605ebc57c7530e1,69b7d5139605ebc57c7530e1,69b7d5139605ebc57c7530e2,0.0,0.0,0.0,0.0,0.0,0.0,0.0,0.0,0.0,0.0,0.0,0.0,0.0,0.0,0.0,0.0,0.0,0.8,0.0,0.0,0.0,0.0,0.0,0.0,0.0,0.0,0.0,0.2,0.0,0.0,78.0,500.0,5.0,1,0.01,0.01,30000,0.0,0.0,0.0,398.12692850984206,0.9276676306350902
69b7d5139605ebc57c7530e1,69b7d5139605ebc57c7530e1,69b7d5139605ebc57c7530e2,0.0,0.0,0.0,0.0,0.0,0.0,0.0,0.0,0.0,0.0,0.0,0.0,0.0,0.0,0.0,0.0,0.0,0.8,0.0,0.0,0.0,0.0,0.0,0.0,0.0,0.0,0.0,0.2,0.0,0.0,78.0,500.0,5.0,1,0.01,0.01,30000,0.0,0.0,0.0,416.5773330153547,0.9520881640309511
69b7d5139605ebc57c7530e3,69b7d5139605ebc57c7530e3,69b7d5139605ebc57c7530e4,0.0,0.0,0.0,0.0,0.0,0.0,0.0,0.0,0.0,0.0,0.0,0.0,0.0,0.5,0.0,0.0,0.0,0.5,0.0,0.0,0.0,0.0,0.0,0.0,0.0,0.0,0.0,0.0,0.0,0.0,78.0,500.0,5.0,0,0.01,0.01,30000,0.0,0.0,0.0,231.12393828768506,0.027121381861761718
69b7d5139605ebc57c7530e3,69b7d5139605ebc57c7530e3,69b7d5139605ebc57c7530e4,0.0,0.0,0.0,0.0,0.0,0.0,0.0,0.0,0.0,0.0,0.0,0.0,0.0,0.5,0.0,0.0,0.0,0.5,0.0,0.0,0.0,0.0,0.0,0.0,0.0,0.0,0.0,0.0,0.0,0.0,78.0,500.0,5.0,0,0.01,0.01,30000,0.0,0.0,0.0,257.3012236062446,0.04269251144169727
69b7d5139605ebc57c7530e3,69b7d5139605ebc57c7530e3,69b7d5139605ebc57c7530e4,0.0,0.0,0.0,0.0,0.0,0.0,0.0,0.0,0.0,0.0,0.0,0.0,0.0,0.5,0.0,0.0,0.0,0.5,0.0,0.0,0.0,0.0,0.0,0.0,0.0,0.0,0.0,0.0,0.0,0.0,78.0,500.0,5.0,0,0.01,0.01,30000,0.0,0.0,0.0,283.58582671387427,0.06350901874962006
69b7d5139605ebc57c7530e3,69b7d5139605ebc57c7530e3,69b7d5139605ebc57c7530e4,0.0,0.0,0.0,0.0,0.0,0.0,0.0,0.0,0.0,0.0,0.0,0.0,0.0,0.5,0.0,0.0,0.0,0.5,0.0,0.0,0.0,0.0,0.0,0.0,0.0,0.0,0.0,0.0,0.0,0.0,78.0,500.0,5.0,0,0.01,0.01,30000,0.0,0.0,0.0,310.7619929922401,0.09670079635949942
69b7d5139605ebc57c7530e3,69b7d5139605ebc57c7530e3,69b7d5139605ebc57c7530e4,0.0,0.0,0.0,0.0,0.0,0.0,0.0,0.0,0.0,0.0,0.0,0.0,0.0,0.5,0.0,0.0,0.0,0.5,0.0,0.0,0.0,0.0,0.0,0.0,0.0,0.0,0.0,0.0,0.0,0.0,78.0,500.0,5.0,0,0.01,0.01,30000,0.0,0.0,0.0,336.51275889270056,0.1437962987086297
69b7d5139605ebc57c7530e3,69b7d5139605ebc57c7530e3,69b7d5139605ebc57c7530e4,0.0,0.0,0.0,0.0,0.0,0.0,0.0,0.0,0.0,0.0,0.0,0.0,0.0,0.5,0.0,0.0,0.0,0.5,0.0,0.0,0.0,0.0,0.0,0.0,0.0,0.0,0.0,0.0,0.0,0.0,78.0,500.0,5.0,0,0.01,0.01,30000,0.0,0.0,0.0,356.12990038707784,0.20566396581820076
69b7d5139605ebc57c7530e3,69b7d5139605ebc57c7530e3,69b7d5139605ebc57c7530e4,0.0,0.0,0.0,0.0,0.0,0.0,0.0,0.0,0.0,0.0,0.0,0.0,0.0,0.5,0.0,0.0,0.0,0.5,0.0,0.0,0.0,0.0,0.0,0.0,0.0,0.0,0.0,0.0,0.0,0.0,78.0,500.0,5.0,0,0.01,0.01,30000,0.0,0.0,0.0,374.3656693144503,0.27282043265681855
69b7d5139605ebc57c7530e3,69b7d5139605ebc57c7530e3,69b7d5139605ebc57c7530e4,0.0,0.0,0.0,0.0,0.0,0.0,0.0,0.0,0.0,0.0,0.0,0.0,0.0,0.5,0.0,0.0,0.0,0.5,0.0,0.0,0.0,0.0,0.0,0.0,0.0,0.0,0.0,0.0,0.0,0.0,78.0,500.0,5.0,0,0.01,0.01,30000,0.0,0.0,0.0,390.8485810203445,0.3552701282685911
69b7d5139605ebc57c7530e3,69b7d5139605ebc57c7530e3,69b7d5139605ebc57c7530e4,0.0,0.0,0.0,0.0,0.0,0.0,0.0,0.0,0.0,0.0,0.0,0.0,0.0,0.5,0.0,0.0,0.0,0.5,0.0,0.0,0.0,0.0,0.0,0.0,0.0,0.0,0.0,0.0,0.0,0.0,78.0,500.0,5.0,0,0.01,0.01,30000,0.0,0.0,0.0,405.05855698849774,0.41984732824427484
69b7d5139605ebc57c7530e3,69b7d5139605ebc57c7530e3,69b7d5139605ebc57c7530e4,0.0,0.0,0.0,0.0,0.0,0.0,0.0,0.0,0.0,0.0,0.0,0.0,0.0,0.5,0.0,0.0,0.0,0.5,0.0,0.0,0.0,0.0,0.0,0.0,0.0,0.0,0.0,0.0,0.0,0.0,78.0,500.0,5.0,0,0.01,0.01,30000,0.0,0.0,0.0,419.76109409110086,0.496461106913651
69b7d5139605ebc57c7530e3,69b7d5139605ebc57c7530e3,69b7d5139605ebc57c7530e4,0.0,0.0,0.0,0.0,0.0,0.0,0.0,0.0,0.0,0.0,0.0,0.0,0.0,0.5,0.0,0.0,0.0,0.5,0.0,0.0,0.0,0.0,0.0,0.0,0.0,0.0,0.0,0.0,0.0,0.0,78.0,500.0,5.0,0,0.01,0.01,30000,0.0,0.0,0.0,432.85661609583383,0.5614117360984463
69b7d5139605ebc57c7530e3,69b7d5139605ebc57c7530e3,69b7d5139605ebc57c7530e4,0.0,0.0,0.0,0.0,0.0,0.0,0.0,0.0,0.0,0.0,0.0,0.0,0.0,0.5,0.0,0.0,0.0,0.5,0.0,0.0,0.0,0.0,0.0,0.0,0.0,0.0,0.0,0.0,0.0,0.0,78.0,500.0,5.0,0,0.01,0.01,30000,0.0,0.0,0.0,446.5932930968061,0.6247991732450998
69b7d5139605ebc57c7530e3,69b7d5139605ebc57c7530e3,69b7d5139605ebc57c7530e4,0.0,0.0,0.0,0.0,0.0,0.0,0.0,0.0,0.0,0.0,0.0,0.0,0.0,0.5,0.0,0.0,0.0,0.5,0.0,0.0,0.0,0.0,0.0,0.0,0.0,0.0,0.0,0.0,0.0,0.0,78.0,500.0,5.0,0,0.01,0.01,30000,0.0,0.0,0.0,461.30408541395315,0.6924419664955839
69b7d5139605ebc57c7530e3,69b7d5139605ebc57c7530e3,69b7d5139605ebc57c7530e4,0.0,0.0,0.0,0.0,0.0,0.0,0.0,0.0,0.0,0.0,0.0,0.0,0.0,0.5,0.0,0.0,0.0,0.5,0.0,0.0,0.0,0.0,0.0,0.0,0.0,0.0,0.0,0.0,0.0,0.0,78.0,500.0,5.0,0,0.01,0.01,30000,0.0,0.0,0.0,475.5223165966502,0.7541272612007052
69b7d5139605ebc57c7530e3,69b7d5139605ebc57c7530e3,69b7d5139605ebc57c7530e4,0.0,0.0,0.0,0.0,0.0,0.0,0.0,0.0,0.0,0.0,0.0,0.0,0.0,0.5,0.0,0.0,0.0,0.5,0.0,0.0,0.0,0.0,0.0,0.0,0.0,0.0,0.0,0.0,0.0,0.0,78.0,500.0,5.0,0,0.01,0.01,30000,0.0,0.0,0.0,490.34593017922987,0.8057647048606588
69b7d5149605ebc57c7530e5,69b7d5149605ebc57c7530e5,69b7d5149605ebc57c7530e6,0.0,0.0,0.0,0.0,0.0,0.0,0.0,0.0,0.0,0.0,0.0,0.0,0.0,0.2,0.0,0.0,0.0,0.8,0.0,0.0,0.0,0.0,0.0,0.0,0.0,0.0,0.0,0.0,0.0,0.0,84.0,500.0,5.0,1,0.01,0.01,33000,0.0,0.0,0.0,225.09985671773393,0.02525441908731785
69b7d5149605ebc57c7530e5,69b7d5149605ebc57c7530e5,69b7d5149605ebc57c7530e6,0.0,0.0,0.0,0.0,0.0,0.0,0.0,0.0,0.0,0.0,0.0,0.0,0.0,0.2,0.0,0.0,0.0,0.8,0.0,0.0,0.0,0.0,0.0,0.0,0.0,0.0,0.0,0.0,0.0,0.0,84.0,500.0,5.0,1,0.01,0.01,33000,0.0,0.0,0.0,248.1231125316874,0.036224743400800535
69b7d5149605ebc57c7530e5,69b7d5149605ebc57c7530e5,69b7d5149605ebc57c7530e6,0.0,0.0,0.0,0.0,0.0,0.0,0.0,0.0,0.0,0.0,0.0,0.0,0.0,0.2,0.0,0.0,0.0,0.8,0.0,0.0,0.0,0.0,0.0,0.0,0.0,0.0,0.0,0.0,0.0,0.0,84.0,500.0,5.0,1,0.01,0.01,33000,0.0,0.0,0.0,277.25019287997355,0.05785145587889041
69b7d5149605ebc57c7530e5,69b7d5149605ebc57c7530e5,69b7d5149605ebc57c7530e6,0.0,0.0,0.0,0.0,0.0,0.0,0.0,0.0,0.0,0.0,0.0,0.0,0.0,0.2,0.0,0.0,0.0,0.8,0.0,0.0,0.0,0.0,0.0,0.0,0.0,0.0,0.0,0.0,0.0,0.0,84.0,500.0,5.0,1,0.01,0.01,33000,0.0,0.0,0.0,306.4665491017304,0.08984678171845159
69b7d5149605ebc57c7530e5,69b7d5149605ebc57c7530e5,69b7d5149605ebc57c7530e6,0.0,0.0,0.0,0.0,0.0,0.0,0.0,0.0,0.0,0.0,0.0,0.0,0.0,0.2,0.0,0.0,0.0,0.8,0.0,0.0,0.0,0.0,0.0,0.0,0.0,0.0,0.0,0.0,0.0,0.0,84.0,500.0,5.0,1,0.01,0.01,33000,0.0,0.0,0.0,331.55637606083985,0.13792261473930217
69b7d5149605ebc57c7530e5,69b7d5149605ebc57c7530e5,69b7d5149605ebc57c7530e6,0.0,0.0,0.0,0.0,0.0,0.0,0.0,0.0,0.0,0.0,0.0,0.0,0.0,0.2,0.0,0.0,0.0,0.8,0.0,0.0,0.0,0.0,0.0,0.0,0.0,0.0,0.0,0.0,0.0,0.0,84.0,500.0,5.0,1,0.01,0.01,33000,0.0,0.0,0.0,355.65094235644216,0.20420674439493167
69b7d5149605ebc57c7530e5,69b7d5149605ebc57c7530e5,69b7d5149605ebc57c7530e6,0.0,0.0,0.0,0.0,0.0,0.0,0.0,0.0,0.0,0.0,0.0,0.0,0.0,0.2,0.0,0.0,0.0,0.8,0.0,0.0,0.0,0.0,0.0,0.0,0.0,0.0,0.0,0.0,0.0,0.0,84.0,500.0,5.0,1,0.01,0.01,33000,0.0,0.0,0.0,373.9987876115948,0.2707524875079574
69b7d5149605ebc57c7530e5,69b7d5149605ebc57c7530e5,69b7d5149605ebc57c7530e6,0.0,0.0,0.0,0.0,0.0,0.0,0.0,0.0,0.0,0.0,0.0,0.0,0.0,0.2,0.0,0.0,0.0,0.8,0.0,0.0,0.0,0.0,0.0,0.0,0.0,0.0,0.0,0.0,0.0,0.0,84.0,500.0,5.0,1,0.01,0.01,33000,0.0,0.0,0.0,393.8610162019178,0.36778491885622594
69b7d5149605ebc57c7530e5,69b7d5149605ebc57c7530e5,69b7d5149605ebc57c7530e6,0.0,0.0,0.0,0.0,0.0,0.0,0.0,0.0,0.0,0.0,0.0,0.0,0.0,0.2,0.0,0.0,0.0,0.8,0.0,0.0,0.0,0.0,0.0,0.0,0.0,0.0,0.0,0.0,0.0,0.0,84.0,500.0,5.0,1,0.01,0.01,33000,0.0,0.0,0.0,412.20886145707044,0.4546405867117804
69b7d5149605ebc57c7530e5,69b7d5149605ebc57c7530e5,69b7d5149605ebc57c7530e6,0.0,0.0,0.0,0.0,0.0,0.0,0.0,0.0,0.0,0.0,0.0,0.0,0.0,0.2,0.0,0.0,0.0,0.8,0.0,0.0,0.0,0.0,0.0,0.0,0.0,0.0,0.0,0.0,0.0,0.0,84.0,500.0,5.0,1,0.01,0.01,33000,0.0,0.0,0.0,428.1495646423454,0.5374586868748529
69b7d5149605ebc57c7530e5,69b7d5149605ebc57c7530e5,69b7d5149605ebc57c7530e6,0.0,0.0,0.0,0.0,0.0,0.0,0.0,0.0,0.0,0.0,0.0,0.0,0.0,0.2,0.0,0.0,0.0,0.8,0.0,0.0,0.0,0.0,0.0,0.0,0.0,0.0,0.0,0.0,0.0,0.0,84.0,500.0,5.0,1,0.01,0.01,33000,0.0,0.0,0.0,442.65854733825637,0.6098209691906551
69b7d5149605ebc57c7530e5,69b7d5149605ebc57c7530e5,69b7d5149605ebc57c7530e6,0.0,0.0,0.0,0.0,0.0,0.0,0.0,0.0,0.0,0.0,0.0,0.0,0.0,0.2,0.0,0.0,0.0,0.8,0.0,0.0,0.0,0.0,0.0,0.0,0.0,0.0,0.0,0.0,0.0,0.0,84.0,500.0,5.0,1,0.01,0.01,33000,0.0,0.0,0.0,459.3564421911165,0.6809362273595353
69b7d5149605ebc57c7530e5,69b7d5149605ebc57c7530e5,69b7d5149605ebc57c7530e6,0.0,0.0,0.0,0.0,0.0,0.0,0.0,0.0,0.0,0.0,0.0,0.0,0.0,0.2,0.0,0.0,0.0,0.8,0.0,0.0,0.0,0.0,0.0,0.0,0.0,0.0,0.0,0.0,0.0,0.0,84.0,500.0,5.0,1,0.01,0.01,33000,0.0,0.0,0.0,476.78177008707155,0.7593417805411911
69b7d5149605ebc57c7530e5,69b7d5149605ebc57c7530e5,69b7d5149605ebc57c7530e6,0.0,0.0,0.0,0.0,0.0,0.0,0.0,0.0,0.0,0.0,0.0,0.0,0.0,0.2,0.0,0.0,0.0,0.8,0.0,0.0,0.0,0.0,0.0,0.0,0.0,0.0,0.0,0.0,0.0,0.0,84.0,500.0,5.0,1,0.01,0.01,33000,0.0,0.0,0.0,496.3133472941695,0.8268031707551036
69b7d5149605ebc57c7530e5,69b7d5149605ebc57c7530e5,69b7d5149605ebc57c7530e6,0.0,0.0,0.0,0.0,0.0,0.0,0.0,0.0,0.0,0.0,0.0,0.0,0.0,0.2,0.0,0.0,0.0,0.8,0.0,0.0,0.0,0.0,0.0,0.0,0.0,0.0,0.0,0.0,0.0,0.0,84.0,500.0,5.0,1,0.01,0.01,33000,0.0,0.0,0.0,506.57676622947207,0.8890235713725113
69b7d5149605ebc57c7530e5,69b7d5149605ebc57c7530e5,69b7d5149605ebc57c7530e6,0.0,0.0,0.0,0.0,0.0,0.0,0.0,0.0,0.0,0.0,0.0,0.0,0.0,0.2,0.0,0.0,0.0,0.8,0.0,0.0,0.0,0.0,0.0,0.0,0.0,0.0,0.0,0.0,0.0,0.0,84.0,500.0,5.0,1,0.01,0.01,33000,0.0,0.0,0.0,525.1362283698886,0.938067374185728
69b7d5149605ebc57c7530e5,69b7d5149605ebc57c7530e5,69b7d5149605ebc57c7530e6,0.0,0.0,0.0,0.0,0.0,0.0,0.0,0.0,0.0,0.0,0.0,0.0,0.0,0.2,0.0,0.0,0.0,0.8,0.0,0.0,0.0,0.0,0.0,0.0,0.0,0.0,0.0,0.0,0.0,0.0,84.0,500.0,5.0,1,0.01,0.01,33000,0.0,0.0,0.0,550.7054998346744,0.9628421686011528
69b7d5149605ebc57c7530e7,69b7d5149605ebc57c7530e7,69b7d5159605ebc57c7530e8,0.0,0.0,0.0,0.0,0.0,0.0,0.0,0.0,0.0,0.0,0.0,0.0,0.0,0.0,0.0,0.0,0.2,0.8,0.0,0.0,0.0,0.0,0.0,0.0,0.0,0.0,0.0,0.0,0.0,0.0,66.0,500.0,5.0,1,0.01,0.01,33000,0.0,0.0,0.0,231.25989198721481,0.03712294960452766
69b7d5149605ebc57c7530e7,69b7d5149605ebc57c7530e7,69b7d5159605ebc57c7530e8,0.0,0.0,0.0,0.0,0.0,0.0,0.0,0.0,0.0,0.0,0.0,0.0,0.0,0.0,0.0,0.0,0.2,0.8,0.0,0.0,0.0,0.0,0.0,0.0,0.0,0.0,0.0,0.0,0.0,0.0,66.0,500.0,5.0,1,0.01,0.01,33000,0.0,0.0,0.0,263.7067122230794,0.051590173798540195
69b7d5149605ebc57c7530e7,69b7d5149605ebc57c7530e7,69b7d5159605ebc57c7530e8,0.0,0.0,0.0,0.0,0.0,0.0,0.0,0.0,0.0,0.0,0.0,0.0,0.0,0.0,0.0,0.0,0.2,0.8,0.0,0.0,0.0,0.0,0.0,0.0,0.0,0.0,0.0,0.0,0.0,0.0,66.0,500.0,5.0,1,0.01,0.01,33000,0.0,0.0,0.0,293.09831367794555,0.10272688427092688
69b7d5149605ebc57c7530e7,69b7d5149605ebc57c7530e7,69b7d5159605ebc57c7530e8,0.0,0.0,0.0,0.0,0.0,0.0,0.0,0.0,0.0,0.0,0.0,0.0,0.0,0.0,0.0,0.0,0.2,0.8,0.0,0.0,0.0,0.0,0.0,0.0,0.0,0.0,0.0,0.0,0.0,0.0,66.0,500.0,5.0,1,0.01,0.01,33000,0.0,0.0,0.0,315.29494103383666,0.16245323659449043
69b7d5149605ebc57c7530e7,69b7d5149605ebc57c7530e7,69b7d5159605ebc57c7530e8,0.0,0.0,0.0,0.0,0.0,0.0,0.0,0.0,0.0,0.0,0.0,0.0,0.0,0.0,0.0,0.0,0.2,0.8,0.0,0.0,0.0,0.0,0.0,0.0,0.0,0.0,0.0,0.0,0.0,0.0,66.0,500.0,5.0,1,0.01,0.01,33000,0.0,0.0,0.0,333.9932767552077,0.26920896810931955
69b7d5149605ebc57c7530e7,69b7d5149605ebc57c7530e7,69b7d5159605ebc57c7530e8,0.0,0.0,0.0,0.0,0.0,0.0,0.0,0.0,0.0,0.0,0.0,0.0,0.0,0.0,0.0,0.0,0.2,0.8,0.0,0.0,0.0,0.0,0.0,0.0,0.0,0.0,0.0,0.0,0.0,0.0,66.0,500.0,5.0,1,0.01,0.01,33000,0.0,0.0,0.0,348.51879202027993,0.39073713951845684
69b7d5149605ebc57c7530e7,69b7d5149605ebc57c7530e7,69b7d5159605ebc57c7530e8,0.0,0.0,0.0,0.0,0.0,0.0,0.0,0.0,0.0,0.0,0.0,0.0,0.0,0.0,0.0,0.0,0.2,0.8,0.0,0.0,0.0,0.0,0.0,0.0,0.0,0.0,0.0,0.0,0.0,0.0,66.0,500.0,5.0,1,0.01,0.01,33000,0.0,0.0,0.0,363.80480546676955,0.5028646673584889
69b7d5149605ebc57c7530e7,69b7d5149605ebc57c7530e7,69b7d5159605ebc57c7530e8,0.0,0.0,0.0,0.0,0.0,0.0,0.0,0.0,0.0,0.0,0.0,0.0,0.0,0.0,0.0,0.0,0.2,0.8,0.0,0.0,0.0,0.0,0.0,0.0,0.0,0.0,0.0,0.0,0.0,0.0,66.0,500.0,5.0,1,0.01,0.01,33000,0.0,0.0,0.0,373.1754656673647,0.5738403983500912
69b7d5149605ebc57c7530e7,69b7d5149605ebc57c7530e7,69b7d5159605ebc57c7530e8,0.0,0.0,0.0,0.0,0.0,0.0,0.0,0.0,0.0,0.0,0.0,0.0,0.0,0.0,0.0,0.0,0.2,0.8,0.0,0.0,0.0,0.0,0.0,0.0,0.0,0.0,0.0,0.0,0.0,0.0,66.0,500.0,5.0,1,0.01,0.01,33000,0.0,0.0,0.0,382.6552408244241,0.6424877695708667
69b7d5149605ebc57c7530e7,69b7d5149605ebc57c7530e7,69b7d5159605ebc57c7530e8,0.0,0.0,0.0,0.0,0.0,0.0,0.0,0.0,0.0,0.0,0.0,0.0,0.0,0.0,0.0,0.0,0.2,0.8,0.0,0.0,0.0,0.0,0.0,0.0,0.0,0.0,0.0,0.0,0.0,0.0,66.0,500.0,5.0,1,0.01,0.01,33000,0.0,0.0,0.0,391.8539623057423,0.7167685505742415
69b7d5149605ebc57c7530e7,69b7d5149605ebc57c7530e7,69b7d5159605ebc57c7530e8,0.0,0.0,0.0,0.0,0.0,0.0,0.0,0.0,0.0,0.0,0.0,0.0,0.0,0.0,0.0,0.0,0.2,0.8,0.0,0.0,0.0,0.0,0.0,0.0,0.0,0.0,0.0,0.0,0.0,0.0,66.0,500.0,5.0,1,0.01,0.01,33000,0.0,0.0,0.0,403.9095117381241,0.8032666800380212
69b7d5149605ebc57c7530e7,69b7d5149605ebc57c7530e7,69b7d5159605ebc57c7530e8,0.0,0.0,0.0,0.0,0.0,0.0,0.0,0.0,0.0,0.0,0.0,0.0,0.0,0.0,0.0,0.0,0.2,0.8,0.0,0.0,0.0,0.0,0.0,0.0,0.0,0.0,0.0,0.0,0.0,0.0,66.0,500.0,5.0,1,0.01,0.01,33000,0.0,0.0,0.0,413.83235974870496,0.8696380141794493
69b7d5149605ebc57c7530e7,69b7d5149605ebc57c7530e7,69b7d5159605ebc57c7530e8,0.0,0.0,0.0,0.0,0.0,0.0,0.0,0.0,0.0,0.0,0.0,0.0,0.0,0.0,0.0,0.0,0.2,0.8,0.0,0.0,0.0,0.0,0.0,0.0,0.0,0.0,0.0,0.0,0.0,0.0,66.0,500.0,5.0,1,0.01,0.01,33000,0.0,0.0,0.0,430.5038024909071,0.925309357913371
69b7d5149605ebc57c7530e7,69b7d5149605ebc57c7530e7,69b7d5159605ebc57c7530e8,0.0,0.0,0.0,0.0,0.0,0.0,0.0,0.0,0.0,0.0,0.0,0.0,0.0,0.0,0.0,0.0,0.2,0.8,0.0,0.0,0.0,0.0,0.0,0.0,0.0,0.0,0.0,0.0,0.0,0.0,66.0,500.0,5.0,1,0.01,0.01,33000,0.0,0.0,0.0,449.0301994930012,0.9543658925815143
69b7d5159605ebc57c7530e9,69b7d5159605ebc57c7530e9,69b7d5159605ebc57c7530ea,0.0,0.0,0.0,0.0,0.0,0.0,0.0,0.0,0.0,0.0,0.0,0.0,0.0,0.0,0.0,0.0,0.0,0.8,0.2,0.0,0.0,0.0,0.0,0.0,0.0,0.0,0.0,0.0,0.0,0.0,68.0,500.0,5.0,1,0.01,0.01,33000,0.0,0.0,0.0,283.22506337484845,0.047674692386176346
69b7d5159605ebc57c7530e9,69b7d5159605ebc57c7530e9,69b7d5159605ebc57c7530ea,0.0,0.0,0.0,0.0,0.0,0.0,0.0,0.0,0.0,0.0,0.0,0.0,0.0,0.0,0.0,0.0,0.0,0.8,0.2,0.0,0.0,0.0,0.0,0.0,0.0,0.0,0.0,0.0,0.0,0.0,68.0,500.0,5.0,1,0.01,0.01,33000,0.0,0.0,0.0,313.7276534773504,0.11234553905452897
69b7d5159605ebc57c7530e9,69b7d5159605ebc57c7530e9,69b7d5159605ebc57c7530ea,0.0,0.0,0.0,0.0,0.0,0.0,0.0,0.0,0.0,0.0,0.0,0.0,0.0,0.0,0.0,0.0,0.0,0.8,0.2,0.0,0.0,0.0,0.0,0.0,0.0,0.0,0.0,0.0,0.0,0.0,68.0,500.0,5.0,1,0.01,0.01,33000,0.0,0.0,0.0,335.3985451339138,0.19486714396588561
69b7d5159605ebc57c7530e9,69b7d5159605ebc57c7530e9,69b7d5159605ebc57c7530ea,0.0,0.0,0.0,0.0,0.0,0.0,0.0,0.0,0.0,0.0,0.0,0.0,0.0,0.0,0.0,0.0,0.0,0.8,0.2,0.0,0.0,0.0,0.0,0.0,0.0,0.0,0.0,0.0,0.0,0.0,68.0,500.0,5.0,1,0.01,0.01,33000,0.0,0.0,0.0,358.3358315882288,0.31265424293425653
69b7d5159605ebc57c7530e9,69b7d5159605ebc57c7530e9,69b7d5159605ebc57c7530ea,0.0,0.0,0.0,0.0,0.0,0.0,0.0,0.0,0.0,0.0,0.0,0.0,0.0,0.0,0.0,0.0,0.0,0.8,0.2,0.0,0.0,0.0,0.0,0.0,0.0,0.0,0.0,0.0,0.0,0.0,68.0,500.0,5.0,1,0.01,0.01,33000,0.0,0.0,0.0,373.63837760387963,0.4205785145587889
69b7d5159605ebc57c7530e9,69b7d5159605ebc57c7530e9,69b7d5159605ebc57c7530ea,0.0,0.0,0.0,0.0,0.0,0.0,0.0,0.0,0.0,0.0,0.0,0.0,0.0,0.0,0.0,0.0,0.0,0.8,0.2,0.0,0.0,0.0,0.0,0.0,0.0,0.0,0.0,0.0,0.0,0.0,68.0,500.0,5.0,1,0.01,0.01,33000,0.0,0.0,0.0,387.89937176237186,0.5348338318523105
69b7d5159605ebc57c7530e9,69b7d5159605ebc57c7530e9,69b7d5159605ebc57c7530ea,0.0,0.0,0.0,0.0,0.0,0.0,0.0,0.0,0.0,0.0,0.0,0.0,0.0,0.0,0.0,0.0,0.0,0.8,0.2,0.0,0.0,0.0,0.0,0.0,0.0,0.0,0.0,0.0,0.0,0.0,68.0,500.0,5.0,1,0.01,0.01,33000,0.0,0.0,0.0,402.02479885374186,0.6554637970577207
69b7d5159605ebc57c7530e9,69b7d5159605ebc57c7530e9,69b7d5159605ebc57c7530ea,0.0,0.0,0.0,0.0,0.0,0.0,0.0,0.0,0.0,0.0,0.0,0.0,0.0,0.0,0.0,0.0,0.0,0.8,0.2,0.0,0.0,0.0,0.0,0.0,0.0,0.0,0.0,0.0,0.0,0.0,68.0,500.0,5.0,1,0.01,0.01,33000,0.0,0.0,0.0,417.6017855174694,0.7601702231562791
69b7d5159605ebc57c7530e9,69b7d5159605ebc57c7530e9,69b7d5159605ebc57c7530ea,0.0,0.0,0.0,0.0,0.0,0.0,0.0,0.0,0.0,0.0,0.0,0.0,0.0,0.0,0.0,0.0,0.0,0.8,0.2,0.0,0.0,0.0,0.0,0.0,0.0,0.0,0.0,0.0,0.0,0.0,68.0,500.0,5.0,1,0.01,0.01,33000,0.0,0.0,0.0,434.58073404607075,0.8592083576779188
69b7d5159605ebc57c7530e9,69b7d5159605ebc57c7530e9,69b7d5159605ebc57c7530ea,0.0,0.0,0.0,0.0,0.0,0.0,0.0,0.0,0.0,0.0,0.0,0.0,0.0,0.0,0.0,0.0,0.0,0.8,0.2,0.0,0.0,0.0,0.0,0.0,0.0,0.0,0.0,0.0,0.0,0.0,68.0,500.0,5.0,1,0.01,0.01,33000,0.0,0.0,0.0,452.5681692935082,0.9249430990730163
69b7d5159605ebc57c7530e9,69b7d5159605ebc57c7530e9,69b7d5159605ebc57c7530ea,0.0,0.0,0.0,0.0,0.0,0.0,0.0,0.0,0.0,0.0,0.0,0.0,0.0,0.0,0.0,0.0,0.0,0.8,0.2,0.0,0.0,0.0,0.0,0.0,0.0,0.0,0.0,0.0,0.0,0.0,68.0,500.0,5.0,1,0.01,0.01,33000,0.0,0.0,0.0,476.4445056761821,0.977405317729544
69b7d5169605ebc57c7530eb,69b7d5169605ebc57c7530eb,69b7d5169605ebc57c7530ec,0.0,0.0,0.0,0.0,0.0,0.0,0.0,0.0,0.0,0.0,0.0,0.0,0.0,0.0,0.0,0.0,0.0,0.8,0.0,0.0,0.0,0.0,0.0,0.0,0.0,0.0,0.0,0.2,0.0,0.0,78.0,500.0,5.0,1,0.01,0.01,33000,0.0,0.0,0.0,188.22561446048715,0.04289588656440487
69b7d5169605ebc57c7530eb,69b7d5169605ebc57c7530eb,69b7d5169605ebc57c7530ec,0.0,0.0,0.0,0.0,0.0,0.0,0.0,0.0,0.0,0.0,0.0,0.0,0.0,0.0,0.0,0.0,0.0,0.8,0.0,0.0,0.0,0.0,0.0,0.0,0.0,0.0,0.0,0.2,0.0,0.0,78.0,500.0,5.0,1,0.01,0.01,33000,0.0,0.0,0.0,215.24644549763033,0.08090832192407976
69b7d5169605ebc57c7530eb,69b7d5169605ebc57c7530eb,69b7d5169605ebc57c7530ec,0.0,0.0,0.0,0.0,0.0,0.0,0.0,0.0,0.0,0.0,0.0,0.0,0.0,0.0,0.0,0.0,0.0,0.8,0.0,0.0,0.0,0.0,0.0,0.0,0.0,0.0,0.0,0.2,0.0,0.0,78.0,500.0,5.0,1,0.01,0.01,33000,0.0,0.0,0.0,238.10437561997134,0.14445423072562852
69b7d5169605ebc57c7530eb,69b7d5169605ebc57c7530eb,69b7d5169605ebc57c7530ec,0.0,0.0,0.0,0.0,0.0,0.0,0.0,0.0,0.0,0.0,0.0,0.0,0.0,0.0,0.0,0.0,0.0,0.8,0.0,0.0,0.0,0.0,0.0,0.0,0.0,0.0,0.0,0.2,0.0,0.0,78.0,500.0,5.0,1,0.01,0.01,33000,0.0,0.0,0.0,256.2736691281825,0.22656597455373104
69b7d5169605ebc57c7530eb,69b7d5169605ebc57c7530eb,69b7d5169605ebc57c7530ec,0.0,0.0,0.0,0.0,0.0,0.0,0.0,0.0,0.0,0.0,0.0,0.0,0.0,0.0,0.0,0.0,0.0,0.8,0.0,0.0,0.0,0.0,0.0,0.0,0.0,0.0,0.0,0.2,0.0,0.0,78.0,500.0,5.0,1,0.01,0.01,33000,0.0,0.0,0.0,273.90069436790475,0.3250198390205192
69b7d5169605ebc57c7530eb,69b7d5169605ebc57c7530eb,69b7d5169605ebc57c7530ec,0.0,0.0,0.0,0.0,0.0,0.0,0.0,0.0,0.0,0.0,0.0,0.0,0.0,0.0,0.0,0.0,0.0,0.8,0.0,0.0,0.0,0.0,0.0,0.0,0.0,0.0,0.0,0.2,0.0,0.0,78.0,500.0,5.0,1,0.01,0.01,33000,0.0,0.0,0.0,291.1177118924281,0.4371473668605513
69b7d5169605ebc57c7530eb,69b7d5169605ebc57c7530eb,69b7d5169605ebc57c7530ec,0.0,0.0,0.0,0.0,0.0,0.0,0.0,0.0,0.0,0.0,0.0,0.0,0.0,0.0,0.0,0.0,0.0,0.8,0.0,0.0,0.0,0.0,0.0,0.0,0.0,0.0,0.0,0.2,0.0,0.0,78.0,500.0,5.0,1,0.01,0.01,33000,0.0,0.0,0.0,308.24545354348066,0.5417927498190507
69b7d5169605ebc57c7530eb,69b7d5169605ebc57c7530eb,69b7d5169605ebc57c7530ec,0.0,0.0,0.0,0.0,0.0,0.0,0.0,0.0,0.0,0.0,0.0,0.0,0.0,0.0,0.0,0.0,0.0,0.8,0.0,0.0,0.0,0.0,0.0,0.0,0.0,0.0,0.0,0.2,0.0,0.0,78.0,500.0,5.0,1,0.01,0.01,33000,0.0,0.0,0.0,323.6835666262537,0.6535976210616273
69b7d5169605ebc57c7530eb,69b7d5169605ebc57c7530eb,69b7d5169605ebc57c7530ec,0.0,0.0,0.0,0.0,0.0,0.0,0.0,0.0,0.0,0.0,0.0,0.0,0.0,0.0,0.0,0.0,0.0,0.8,0.0,0.0,0.0,0.0,0.0,0.0,0.0,0.0,0.0,0.2,0.0,0.0,78.0,500.0,5.0,1,0.01,0.01,33000,0.0,0.0,0.0,339.1415187920203,0.7443338885352262
69b7d5169605ebc57c7530eb,69b7d5169605ebc57c7530eb,69b7d5169605ebc57c7530ec,0.0,0.0,0.0,0.0,0.0,0.0,0.0,0.0,0.0,0.0,0.0,0.0,0.0,0.0,0.0,0.0,0.0,0.8,0.0,0.0,0.0,0.0,0.0,0.0,0.0,0.0,0.0,0.2,0.0,0.0,78.0,500.0,5.0,1,0.01,0.01,33000,0.0,0.0,0.0,355.98820676733163,0.8225999145396038
69b7d5169605ebc57c7530eb,69b7d5169605ebc57c7530eb,69b7d5169605ebc57c7530ec,0.0,0.0,0.0,0.0,0.0,0.0,0.0,0.0,0.0,0.0,0.0,0.0,0.0,0.0,0.0,0.0,0.0,0.8,0.0,0.0,0.0,0.0,0.0,0.0,0.0,0.0,0.0,0.2,0.0,0.0,78.0,500.0,5.0,1,0.01,0.01,33000,0.0,0.0,0.0,376.09511738124104,0.8890410122696711
69b7d5169605ebc57c7530eb,69b7d5169605ebc57c7530eb,69b7d5169605ebc57c7530ec,0.0,0.0,0.0,0.0,0.0,0.0,0.0,0.0,0.0,0.0,0.0,0.0,0.0,0.0,0.0,0.0,0.0,0.8,0.0,0.0,0.0,0.0,0.0,0.0,0.0,0.0,0.0,0.2,0.0,0.0,78.0,500.0,5.0,1,0.01,0.01,33000,0.0,0.0,0.0,396.77074837429734,0.9261988436685182
69b7d5169605ebc57c7530eb,69b7d5169605ebc57c7530eb,69b7d5169605ebc57c7530ec,0.0,0.0,0.0,0.0,0.0,0.0,0.0,0.0,0.0,0.0,0.0,0.0,0.0,0.0,0.0,0.0,0.0,0.8,0.0,0.0,0.0,0.0,0.0,0.0,0.0,0.0,0.0,0.2,0.0,0.0,78.0,500.0,5.0,1,0.01,0.01,33000,0.0,0.0,0.0,431.0130056210735,0.9600080228126935
69b7d5169605ebc57c7530eb,69b7d5169605ebc57c7530eb,69b7d5169605ebc57c7530ec,0.0,0.0,0.0,0.0,0.0,0.0,0.0,0.0,0.0,0.0,0.0,0.0,0.0,0.0,0.0,0.0,0.0,0.8,0.0,0.0,0.0,0.0,0.0,0.0,0.0,0.0,0.0,0.2,0.0,0.0,78.0,500.0,5.0,1,0.01,0.01,33000,0.0,0.0,0.0,467.9401520996363,0.9769954566462898
69b7d5169605ebc57c7530eb,69b7d5169605ebc57c7530eb,69b7d5169605ebc57c7530ec,0.0,0.0,0.0,0.0,0.0,0.0,0.0,0.0,0.0,0.0,0.0,0.0,0.0,0.0,0.0,0.0,0.0,0.8,0.0,0.0,0.0,0.0,0.0,0.0,0.0,0.0,0.0,0.2,0.0,0.0,78.0,500.0,5.0,1,0.01,0.01,33000,0.0,0.0,0.0,162.97046180976525,0.032361584679915935
69b7d5169605ebc57c7530ed,69b7d5169605ebc57c7530ed,69b7d5179605ebc57c7530ee,0.0,0.0,0.0,0.0,0.0,0.1,0.0,0.0,0.0,0.0,0.0,0.0,0.0,0.0,0.0,0.0,0.0,0.9,0.0,0.0,0.0,0.0,0.0,0.0,0.0,0.0,0.0,0.0,0.0,0.0,68.0,500.0,5.0,1,0.01,0.01,33000,0.0,0.0,0.0,99.86233880745068,0.02777462872690171
69b7d5169605ebc57c7530ed,69b7d5169605ebc57c7530ed,69b7d5179605ebc57c7530ee,0.0,0.0,0.0,0.0,0.0,0.1,0.0,0.0,0.0,0.0,0.0,0.0,0.0,0.0,0.0,0.0,0.0,0.9,0.0,0.0,0.0,0.0,0.0,0.0,0.0,0.0,0.0,0.0,0.0,0.0,68.0,500.0,5.0,1,0.01,0.01,33000,0.0,0.0,0.0,125.53411220103604,0.06263026170066188
69b7d5169605ebc57c7530ed,69b7d5169605ebc57c7530ed,69b7d5179605ebc57c7530ee,0.0,0.0,0.0,0.0,0.0,0.1,0.0,0.0,0.0,0.0,0.0,0.0,0.0,0.0,0.0,0.0,0.0,0.9,0.0,0.0,0.0,0.0,0.0,0.0,0.0,0.0,0.0,0.0,0.0,0.0,68.0,500.0,5.0,1,0.01,0.01,33000,0.0,0.0,0.0,147.7009809324369,0.1152930506745267
69b7d5169605ebc57c7530ed,69b7d5169605ebc57c7530ed,69b7d5179605ebc57c7530ee,0.0,0.0,0.0,0.0,0.0,0.1,0.0,0.0,0.0,0.0,0.0,0.0,0.0,0.0,0.0,0.0,0.0,0.9,0.0,0.0,0.0,0.0,0.0,0.0,0.0,0.0,0.0,0.0,0.0,0.0,68.0,500.0,5.0,1,0.01,0.01,33000,0.0,0.0,0.0,166.90851978397444,0.2014162008493717
69b7d5169605ebc57c7530ed,69b7d5169605ebc57c7530ed,69b7d5179605ebc57c7530ee,0.0,0.0,0.0,0.0,0.0,0.1,0.0,0.0,0.0,0.0,0.0,0.0,0.0,0.0,0.0,0.0,0.0,0.9,0.0,0.0,0.0,0.0,0.0,0.0,0.0,0.0,0.0,0.0,0.0,0.0,68.0,500.0,5.0,1,0.01,0.01,33000,0.0,0.0,0.0,183.62625371982807,0.3045442257549728
69b7d5169605ebc57c7530ed,69b7d5169605ebc57c7530ed,69b7d5179605ebc57c7530ee,0.0,0.0,0.0,0.0,0.0,0.1,0.0,0.0,0.0,0.0,0.0,0.0,0.0,0.0,0.0,0.0,0.0,0.9,0.0,0.0,0.0,0.0,0.0,0.0,0.0,0.0,0.0,0.0,0.0,0.0,68.0,500.0,5.0,1,0.01,0.01,33000,0.0,0.0,0.0,196.56464234542048,0.4036782852109912
69b7d5169605ebc57c7530ed,69b7d5169605ebc57c7530ed,69b7d5179605ebc57c7530ee,0.0,0.0,0.0,0.0,0.0,0.1,0.0,0.0,0.0,0.0,0.0,0.0,0.0,0.0,0.0,0.0,0.0,0.9,0.0,0.0,0.0,0.0,0.0,0.0,0.0,0.0,0.0,0.0,0.0,0.0,68.0,500.0,5.0,1,0.01,0.01,33000,0.0,0.0,0.0,208.79213049707926,0.5026379356954122
69b7d5169605ebc57c7530ed,69b7d5169605ebc57c7530ed,69b7d5179605ebc57c7530ee,0.0,0.0,0.0,0.0,0.0,0.1,0.0,0.0,0.0,0.0,0.0,0.0,0.0,0.0,0.0,0.0,0.0,0.9,0.0,0.0,0.0,0.0,0.0,0.0,0.0,0.0,0.0,0.0,0.0,0.0,68.0,500.0,5.0,1,0.01,0.01,33000,0.0,0.0,0.0,220.58315882288107,0.6046584636313692
69b7d5169605ebc57c7530ed,69b7d5169605ebc57c7530ed,69b7d5179605ebc57c7530ee,0.0,0.0,0.0,0.0,0.0,0.1,0.0,0.0,0.0,0.0,0.0,0.0,0.0,0.0,0.0,0.0,0.0,0.9,0.0,0.0,0.0,0.0,0.0,0.0,0.0,0.0,0.0,0.0,0.0,0.0,68.0,500.0,5.0,1,0.01,0.01,33000,0.0,0.0,0.0,231.93111429516148,0.6926565102508873
69b7d5169605ebc57c7530ed,69b7d5169605ebc57c7530ed,69b7d5179605ebc57c7530ee,0.0,0.0,0.0,0.0,0.0,0.1,0.0,0.0,0.0,0.0,0.0,0.0,0.0,0.0,0.0,0.0,0.0,0.9,0.0,0.0,0.0,0.0,0.0,0.0,0.0,0.0,0.0,0.0,0.0,0.0,68.0,500.0,5.0,1,0.01,0.01,33000,0.0,0.0,0.0,245.8184723906095,0.7869943229879744
69b7d5169605ebc57c7530ed,69b7d5169605ebc57c7530ed,69b7d5179605ebc57c7530ee,0.0,0.0,0.0,0.0,0.0,0.1,0.0,0.0,0.0,0.0,0.0,0.0,0.0,0.0,0.0,0.0,0.0,0.9,0.0,0.0,0.0,0.0,0.0,0.0,0.0,0.0,0.0,0.0,0.0,0.0,68.0,500.0,5.0,1,0.01,0.01,33000,0.0,0.0,0.0,258.8758955141629,0.8630715163988034
69b7d5169605ebc57c7530ed,69b7d5169605ebc57c7530ed,69b7d5179605ebc57c7530ee,0.0,0.0,0.0,0.0,0.0,0.1,0.0,0.0,0.0,0.0,0.0,0.0,0.0,0.0,0.0,0.0,0.0,0.9,0.0,0.0,0.0,0.0,0.0,0.0,0.0,0.0,0.0,0.0,0.0,0.0,68.0,500.0,5.0,1,0.01,0.01,33000,0.0,0.0,0.0,273.9403725338918,0.9199114002424283
69b7d5169605ebc57c7530ed,69b7d5169605ebc57c7530ed,69b7d5179605ebc57c7530ee,0.0,0.0,0.0,0.0,0.0,0.1,0.0,0.0,0.0,0.0,0.0,0.0,0.0,0.0,0.0,0.0,0.0,0.9,0.0,0.0,0.0,0.0,0.0,0.0,0.0,0.0,0.0,0.0,0.0,0.0,68.0,500.0,5.0,1,0.01,0.01,33000,0.0,0.0,0.0,291.58723685660755,0.9712050787892528
69b7d5169605ebc57c7530ed,69b7d5169605ebc57c7530ed,69b7d5179605ebc57c7530ee,0.0,0.0,0.0,0.0,0.0,0.1,0.0,0.0,0.0,0.0,0.0,0.0,0.0,0.0,0.0,0.0,0.0,0.9,0.0,0.0,0.0,0.0,0.0,0.0,0.0,0.0,0.0,0.0,0.0,0.0,68.0,500.0,5.0,1,0.01,0.01,33000,0.0,0.0,0.0,308.5397332745508,0.9924742528755679
69b7d5179605ebc57c7530ef,69b7d5179605ebc57c7530ef,69b7d5179605ebc57c7530f0,0.0,0.0,0.0,0.0,0.2,0.0,0.0,0.0,0.0,0.0,0.0,0.0,0.0,0.0,0.0,0.0,0.0,0.8,0.0,0.0,0.0,0.0,0.0,0.0,0.0,0.0,0.0,0.0,0.0,0.0,58.0,500.0,5.0,1,0.01,0.01,33000,0.0,0.0,0.0,58.84172820456299,0.024609105892407106
69b7d5179605ebc57c7530ef,69b7d5179605ebc57c7530ef,69b7d5179605ebc57c7530f0,0.0,0.0,0.0,0.0,0.2,0.0,0.0,0.0,0.0,0.0,0.0,0.0,0.0,0.0,0.0,0.0,0.0,0.8,0.0,0.0,0.0,0.0,0.0,0.0,0.0,0.0,0.0,0.0,0.0,0.0,58.0,500.0,5.0,1,0.01,0.01,33000,0.0,0.0,0.0,71.73382563650391,0.08648068856661986
69b7d5179605ebc57c7530ef,69b7d5179605ebc57c7530ef,69b7d5179605ebc57c7530f0,0.0,0.0,0.0,0.0,0.2,0.0,0.0,0.0,0.0,0.0,0.0,0.0,0.0,0.0,0.0,0.0,0.0,0.8,0.0,0.0,0.0,0.0,0.0,0.0,0.0,0.0,0.0,0.0,0.0,0.0,58.0,500.0,5.0,1,0.01,0.01,33000,0.0,0.0,0.0,82.60894963077263,0.15806685095881332
69b7d5179605ebc57c7530ef,69b7d5179605ebc57c7530ef,69b7d5179605ebc57c7530f0,0.0,0.0,0.0,0.0,0.2,0.0,0.0,0.0,0.0,0.0,0.0,0.0,0.0,0.0,0.0,0.0,0.0,0.8,0.0,0.0,0.0,0.0,0.0,0.0,0.0,0.0,0.0,0.0,0.0,0.0,58.0,500.0,5.0,1,0.01,0.01,33000,0.0,0.0,0.0,94.48594731621294,0.25222153427572314
69b7d5179605ebc57c7530ef,69b7d5179605ebc57c7530ef,69b7d5179605ebc57c7530f0,0.0,0.0,0.0,0.0,0.2,0.0,0.0,0.0,0.0,0.0,0.0,0.0,0.0,0.0,0.0,0.0,0.0,0.8,0.0,0.0,0.0,0.0,0.0,0.0,0.0,0.0,0.0,0.0,0.0,0.0,58.0,500.0,5.0,1,0.01,0.01,33000,0.0,0.0,0.0,104.84194863881848,0.35854996381013843
69b7d5179605ebc57c7530ef,69b7d5179605ebc57c7530ef,69b7d5179605ebc57c7530f0,0.0,0.0,0.0,0.0,0.2,0.0,0.0,0.0,0.0,0.0,0.0,0.0,0.0,0.0,0.0,0.0,0.0,0.8,0.0,0.0,0.0,0.0,0.0,0.0,0.0,0.0,0.0,0.0,0.0,0.0,58.0,500.0,5.0,1,0.01,0.01,33000,0.0,0.0,0.0,115.41617987435248,0.4686456271310596
69b7d5179605ebc57c7530ef,69b7d5179605ebc57c7530ef,69b7d5179605ebc57c7530f0,0.0,0.0,0.0,0.0,0.2,0.0,0.0,0.0,0.0,0.0,0.0,0.0,0.0,0.0,0.0,0.0,0.0,0.8,0.0,0.0,0.0,0.0,0.0,0.0,0.0,0.0,0.0,0.0,0.0,0.0,58.0,500.0,5.0,1,0.01,0.01,33000,0.0,0.0,0.0,122.80954480326243,0.5566785555448972
69b7d5179605ebc57c7530ef,69b7d5179605ebc57c7530ef,69b7d5179605ebc57c7530f0,0.0,0.0,0.0,0.0,0.2,0.0,0.0,0.0,0.0,0.0,0.0,0.0,0.0,0.0,0.0,0.0,0.0,0.8,0.0,0.0,0.0,0.0,0.0,0.0,0.0,0.0,0.0,0.0,0.0,0.0,58.0,500.0,5.0,1,0.01,0.01,33000,0.0,0.0,0.0,130.60961093353907,0.6466125417491476
69b7d5179605ebc57c7530ef,69b7d5179605ebc57c7530ef,69b7d5179605ebc57c7530f0,0.0,0.0,0.0,0.0,0.2,0.0,0.0,0.0,0.0,0.0,0.0,0.0,0.0,0.0,0.0,0.0,0.0,0.8,0.0,0.0,0.0,0.0,0.0,0.0,0.0,0.0,0.0,0.0,0.0,0.0,58.0,500.0,5.0,1,0.01,0.01,33000,0.0,0.0,0.0,138.07241265292626,0.7303288481159471
69b7d5179605ebc57c7530ef,69b7d5179605ebc57c7530ef,69b7d5179605ebc57c7530f0,0.0,0.0,0.0,0.0,0.2,0.0,0.0,0.0,0.0,0.0,0.0,0.0,0.0,0.0,0.0,0.0,0.0,0.8,0.0,0.0,0.0,0.0,0.0,0.0,0.0,0.0,0.0,0.0,0.0,0.0,58.0,500.0,5.0,1,0.01,0.01,33000,0.0,0.0,0.0,144.1828502149234,0.7896976620477356
69b7d5179605ebc57c7530ef,69b7d5179605ebc57c7530ef,69b7d5179605ebc57c7530f0,0.0,0.0,0.0,0.0,0.2,0.0,0.0,0.0,0.0,0.0,0.0,0.0,0.0,0.0,0.0,0.0,0.0,0.8,0.0,0.0,0.0,0.0,0.0,0.0,0.0,0.0,0.0,0.0,0.0,0.0,58.0,500.0,5.0,1,0.01,0.01,33000,0.0,0.0,0.0,151.3050810095889,0.8579351721852572
69b7d5179605ebc57c7530ef,69b7d5179605ebc57c7530ef,69b7d5179605ebc57c7530f0,0.0,0.0,0.0,0.0,0.2,0.0,0.0,0.0,0.0,0.0,0.0,0.0,0.0,0.0,0.0,0.0,0.0,0.8,0.0,0.0,0.0,0.0,0.0,0.0,0.0,0.0,0.0,0.0,0.0,0.0,58.0,500.0,5.0,1,0.01,0.01,33000,0.0,0.0,0.0,163.57886035489915,0.9287190533081021
69b7d5179605ebc57c7530ef,69b7d5179605ebc57c7530ef,69b7d5179605ebc57c7530f0,0.0,0.0,0.0,0.0,0.2,0.0,0.0,0.0,0.0,0.0,0.0,0.0,0.0,0.0,0.0,0.0,0.0,0.8,0.0,0.0,0.0,0.0,0.0,0.0,0.0,0.0,0.0,0.0,0.0,0.0,58.0,500.0,5.0,1,0.01,0.01,33000,0.0,0.0,0.0,179.5096439986774,0.9733503091399021
69b7d5209605ebc57c75310b,69b7d5209605ebc57c75310b,69b7d5219605ebc57c75310c,0.0,0.0,0.0,0.0,0.0,0.0,0.0,0.0,0.0,0.0,0.0,0.0,0.0,0.0,0.0,0.0,0.2,0.8,0.0,0.0,0.0,0.0,0.0,0.0,0.0,0.0,0.0,0.0,0.0,0.0,66.0,500.0,5.0,1,0.01,0.01,33000,500.0,10.2,1.0,260.3505338784583,0.05207045111019504
69b7d5209605ebc57c75310b,69b7d5209605ebc57c75310b,69b7d5219605ebc57c75310c,0.0,0.0,0.0,0.0,0.0,0.0,0.0,0.0,0.0,0.0,0.0,0.0,0.0,0.0,0.0,0.0,0.2,0.8,0.0,0.0,0.0,0.0,0.0,0.0,0.0,0.0,0.0,0.0,0.0,0.0,66.0,500.0,5.0,1,0.01,0.01,33000,500.0,10.2,1.0,285.7305997697773,0.07349838744877421
69b7d5209605ebc57c75310b,69b7d5209605ebc57c75310b,69b7d5219605ebc57c75310c,0.0,0.0,0.0,0.0,0.0,0.0,0.0,0.0,0.0,0.0,0.0,0.0,0.0,0.0,0.0,0.0,0.2,0.8,0.0,0.0,0.0,0.0,0.0,0.0,0.0,0.0,0.0,0.0,0.0,0.0,66.0,500.0,5.0,1,0.01,0.01,33000,500.0,10.2,1.0,308.06749229283264,0.12723392904774605
69b7d5209605ebc57c75310b,69b7d5209605ebc57c75310b,69b7d5219605ebc57c75310c,0.0,0.0,0.0,0.0,0.0,0.0,0.0,0.0,0.0,0.0,0.0,0.0,0.0,0.0,0.0,0.0,0.2,0.8,0.0,0.0,0.0,0.0,0.0,0.0,0.0,0.0,0.0,0.0,0.0,0.0,66.0,500.0,5.0,1,0.01,0.01,33000,500.0,10.2,1.0,324.7229124492253,0.197943694075996
69b7d5209605ebc57c75310b,69b7d5209605ebc57c75310b,69b7d5219605ebc57c75310c,0.0,0.0,0.0,0.0,0.0,0.0,0.0,0.0,0.0,0.0,0.0,0.0,0.0,0.0,0.0,0.0,0.2,0.8,0.0,0.0,0.0,0.0,0.0,0.0,0.0,0.0,0.0,0.0,0.0,0.0,66.0,500.0,5.0,1,0.01,0.01,33000,500.0,10.2,1.0,335.755077468609,0.278312600531859
69b7d5209605ebc57c75310b,69b7d5209605ebc57c75310b,69b7d5219605ebc57c75310c,0.0,0.0,0.0,0.0,0.0,0.0,0.0,0.0,0.0,0.0,0.0,0.0,0.0,0.0,0.0,0.0,0.2,0.8,0.0,0.0,0.0,0.0,0.0,0.0,0.0,0.0,0.0,0.0,0.0,0.0,66.0,500.0,5.0,1,0.01,0.01,33000,500.0,10.2,1.0,351.03180777729267,0.40979816840046235
69b7d5209605ebc57c75310b,69b7d5209605ebc57c75310b,69b7d5219605ebc57c75310c,0.0,0.0,0.0,0.0,0.0,0.0,0.0,0.0,0.0,0.0,0.0,0.0,0.0,0.0,0.0,0.0,0.2,0.8,0.0,0.0,0.0,0.0,0.0,0.0,0.0,0.0,0.0,0.0,0.0,0.0,66.0,500.0,5.0,1,0.01,0.01,33000,500.0,10.2,1.0,366.78750711176383,0.5299352554620625
69b7d5209605ebc57c75310b,69b7d5209605ebc57c75310b,69b7d5219605ebc57c75310c,0.0,0.0,0.0,0.0,0.0,0.0,0.0,0.0,0.0,0.0,0.0,0.0,0.0,0.0,0.0,0.0,0.2,0.8,0.0,0.0,0.0,0.0,0.0,0.0,0.0,0.0,0.0,0.0,0.0,0.0,66.0,500.0,5.0,1,0.01,0.01,33000,500.0,10.2,1.0,383.6810886621945,0.6470654800876193
69b7d5209605ebc57c75310b,69b7d5209605ebc57c75310b,69b7d5219605ebc57c75310c,0.0,0.0,0.0,0.0,0.0,0.0,0.0,0.0,0.0,0.0,0.0,0.0,0.0,0.0,0.0,0.0,0.2,0.8,0.0,0.0,0.0,0.0,0.0,0.0,0.0,0.0,0.0,0.0,0.0,0.0,66.0,500.0,5.0,1,0.01,0.01,33000,500.0,10.2,1.0,399.31241482422365,0.7702660103300274
69b7d5209605ebc57c75310b,69b7d5209605ebc57c75310b,69b7d5219605ebc57c75310c,0.0,0.0,0.0,0.0,0.0,0.0,0.0,0.0,0.0,0.0,0.0,0.0,0.0,0.0,0.0,0.0,0.2,0.8,0.0,0.0,0.0,0.0,0.0,0.0,0.0,0.0,0.0,0.0,0.0,0.0,66.0,500.0,5.0,1,0.01,0.01,33000,500.0,10.2,1.0,413.0622659733524,0.864400203690681
69b7d5209605ebc57c75310b,69b7d5209605ebc57c75310b,69b7d5219605ebc57c75310c,0.0,0.0,0.0,0.0,0.0,0.0,0.0,0.0,0.0,0.0,0.0,0.0,0.0,0.0,0.0,0.0,0.2,0.8,0.0,0.0,0.0,0.0,0.0,0.0,0.0,0.0,0.0,0.0,0.0,0.0,66.0,500.0,5.0,1,0.01,0.01,33000,500.0,10.2,1.0,426.0685243255402,0.9139487701770977
69b7d5209605ebc57c75310b,69b7d5209605ebc57c75310b,69b7d5219605ebc57c75310c,0.0,0.0,0.0,0.0,0.0,0.0,0.0,0.0,0.0,0.0,0.0,0.0,0.0,0.0,0.0,0.0,0.2,0.8,0.0,0.0,0.0,0.0,0.0,0.0,0.0,0.0,0.0,0.0,0.0,0.0,66.0,500.0,5.0,1,0.01,0.01,33000,500.0,10.2,1.0,445.452215562524,0.9472586629161716
69b7d5209605ebc57c75310b,69b7d5209605ebc57c75310b,69b7d5219605ebc57c75310c,0.0,0.0,0.0,0.0,0.0,0.0,0.0,0.0,0.0,0.0,0.0,0.0,0.0,0.0,0.0,0.0,0.2,0.8,0.0,0.0,0.0,0.0,0.0,0.0,0.0,0.0,0.0,0.0,0.0,0.0,66.0,500.0,5.0,1,0.01,0.01,33000,500.0,10.2,1.0,236.5317482369441,0.04097254217286226
69b7d5219605ebc57c75310d,69b7d5219605ebc57c75310d,69b7d5219605ebc57c75310e,0.0,0.0,0.0,0.0,0.0,0.0,0.0,0.0,0.0,0.0,0.0,0.0,0.0,0.0,0.0,0.0,0.0,0.8,0.2,0.0,0.0,0.0,0.0,0.0,0.0,0.0,0.0,0.0,0.0,0.0,72.0,500.0,5.0,1,0.01,0.01,33000,500.0,10.2,1.0,282.9573426480901,0.04232239708366675
69b7d5219605ebc57c75310d,69b7d5219605ebc57c75310d,69b7d5219605ebc57c75310e,0.0,0.0,0.0,0.0,0.0,0.0,0.0,0.0,0.0,0.0,0.0,0.0,0.0,0.0,0.0,0.0,0.0,0.8,0.2,0.0,0.0,0.0,0.0,0.0,0.0,0.0,0.0,0.0,0.0,0.0,72.0,500.0,5.0,1,0.01,0.01,33000,500.0,10.2,1.0,309.6128951163683,0.09320465255381233
69b7d5219605ebc57c75310d,69b7d5219605ebc57c75310d,69b7d5219605ebc57c75310e,0.0,0.0,0.0,0.0,0.0,0.0,0.0,0.0,0.0,0.0,0.0,0.0,0.0,0.0,0.0,0.0,0.0,0.8,0.2,0.0,0.0,0.0,0.0,0.0,0.0,0.0,0.0,0.0,0.0,0.0,72.0,500.0,5.0,1,0.01,0.01,33000,500.0,10.2,1.0,336.16789055160825,0.18818755708593
69b7d5219605ebc57c75310d,69b7d5219605ebc57c75310d,69b7d5219605ebc57c75310e,0.0,0.0,0.0,0.0,0.0,0.0,0.0,0.0,0.0,0.0,0.0,0.0,0.0,0.0,0.0,0.0,0.0,0.8,0.2,0.0,0.0,0.0,0.0,0.0,0.0,0.0,0.0,0.0,0.0,0.0,72.0,500.0,5.0,1,0.01,0.01,33000,500.0,10.2,1.0,363.16745392238585,0.34603166905114086
69b7d5219605ebc57c75310d,69b7d5219605ebc57c75310d,69b7d5219605ebc57c75310e,0.0,0.0,0.0,0.0,0.0,0.0,0.0,0.0,0.0,0.0,0.0,0.0,0.0,0.0,0.0,0.0,0.0,0.8,0.2,0.0,0.0,0.0,0.0,0.0,0.0,0.0,0.0,0.0,0.0,0.0,72.0,500.0,5.0,1,0.01,0.01,33000,500.0,10.2,1.0,376.19752841397747,0.4436172878424145
69b7d5219605ebc57c75310d,69b7d5219605ebc57c75310d,69b7d5219605ebc57c75310e,0.0,0.0,0.0,0.0,0.0,0.0,0.0,0.0,0.0,0.0,0.0,0.0,0.0,0.0,0.0,0.0,0.0,0.8,0.2,0.0,0.0,0.0,0.0,0.0,0.0,0.0,0.0,0.0,0.0,0.0,72.0,500.0,5.0,1,0.01,0.01,33000,500.0,10.2,1.0,390.77035949139315,0.551581431816161
69b7d5219605ebc57c75310d,69b7d5219605ebc57c75310d,69b7d5219605ebc57c75310e,0.0,0.0,0.0,0.0,0.0,0.0,0.0,0.0,0.0,0.0,0.0,0.0,0.0,0.0,0.0,0.0,0.0,0.8,0.2,0.0,0.0,0.0,0.0,0.0,0.0,0.0,0.0,0.0,0.0,0.0,72.0,500.0,5.0,1,0.01,0.01,33000,500.0,10.2,1.0,404.0094867621958,0.6594889950451432
69b7d5219605ebc57c75310d,69b7d5219605ebc57c75310d,69b7d5219605ebc57c75310e,0.0,0.0,0.0,0.0,0.0,0.0,0.0,0.0,0.0,0.0,0.0,0.0,0.0,0.0,0.0,0.0,0.0,0.8,0.2,0.0,0.0,0.0,0.0,0.0,0.0,0.0,0.0,0.0,0.0,0.0,72.0,500.0,5.0,1,0.01,0.01,33000,500.0,10.2,1.0,418.13774990407387,0.7493068858766379
69b7d5219605ebc57c75310d,69b7d5219605ebc57c75310d,69b7d5219605ebc57c75310e,0.0,0.0,0.0,0.0,0.0,0.0,0.0,0.0,0.0,0.0,0.0,0.0,0.0,0.0,0.0,0.0,0.0,0.8,0.2,0.0,0.0,0.0,0.0,0.0,0.0,0.0,0.0,0.0,0.0,0.0,72.0,500.0,5.0,1,0.01,0.01,33000,500.0,10.2,1.0,431.5726987655301,0.844136214101538
69b7d5219605ebc57c75310d,69b7d5219605ebc57c75310d,69b7d5219605ebc57c75310e,0.0,0.0,0.0,0.0,0.0,0.0,0.0,0.0,0.0,0.0,0.0,0.0,0.0,0.0,0.0,0.0,0.0,0.8,0.2,0.0,0.0,0.0,0.0,0.0,0.0,0.0,0.0,0.0,0.0,0.0,72.0,500.0,5.0,1,0.01,0.01,33000,500.0,10.2,1.0,445.1267283240054,0.9072560763678394
69b7d5219605ebc57c75310d,69b7d5219605ebc57c75310d,69b7d5219605ebc57c75310e,0.0,0.0,0.0,0.0,0.0,0.0,0.0,0.0,0.0,0.0,0.0,0.0,0.0,0.0,0.0,0.0,0.0,0.8,0.2,0.0,0.0,0.0,0.0,0.0,0.0,0.0,0.0,0.0,0.0,0.0,72.0,500.0,5.0,1,0.01,0.01,33000,500.0,10.2,1.0,457.5058283385597,0.9301146972526007
69b7d5229605ebc57c753111,69b7d5229605ebc57c753111,69b7d5239605ebc57c753112,0.0,0.0,0.0,0.0,0.0,0.0,0.0,0.0,0.0,0.0,0.0,0.0,0.0,0.0,0.0,0.0,0.0,0.8,0.0,0.0,0.0,0.0,0.0,0.0,0.0,0.0,0.0,0.2,0.0,0.0,78.0,500.0,5.0,1,0.01,0.01,33000,500.0,10.2,1.0,189.53985895552998,0.03991367394941681
69b7d5229605ebc57c753111,69b7d5229605ebc57c753111,69b7d5239605ebc57c753112,0.0,0.0,0.0,0.0,0.0,0.0,0.0,0.0,0.0,0.0,0.0,0.0,0.0,0.0,0.0,0.0,0.0,0.8,0.0,0.0,0.0,0.0,0.0,0.0,0.0,0.0,0.0,0.2,0.0,0.0,78.0,500.0,5.0,1,0.01,0.01,33000,500.0,10.2,1.0,210.26254647454982,0.0688021856333406
69b7d5229605ebc57c753111,69b7d5229605ebc57c753111,69b7d5239605ebc57c753112,0.0,0.0,0.0,0.0,0.0,0.0,0.0,0.0,0.0,0.0,0.0,0.0,0.0,0.0,0.0,0.0,0.0,0.8,0.0,0.0,0.0,0.0,0.0,0.0,0.0,0.0,0.0,0.2,0.0,0.0,78.0,500.0,5.0,1,0.01,0.01,33000,500.0,10.2,1.0,230.64651556649335,0.11746970909414227
69b7d5229605ebc57c753111,69b7d5229605ebc57c753111,69b7d5239605ebc57c753112,0.0,0.0,0.0,0.0,0.0,0.0,0.0,0.0,0.0,0.0,0.0,0.0,0.0,0.0,0.0,0.0,0.0,0.8,0.0,0.0,0.0,0.0,0.0,0.0,0.0,0.0,0.0,0.2,0.0,0.0,78.0,500.0,5.0,1,0.01,0.01,33000,500.0,10.2,1.0,251.28187724103256,0.19399920786957328
69b7d5229605ebc57c753111,69b7d5229605ebc57c753111,69b7d5239605ebc57c753112,0.0,0.0,0.0,0.0,0.0,0.0,0.0,0.0,0.0,0.0,0.0,0.0,0.0,0.0,0.0,0.0,0.0,0.8,0.0,0.0,0.0,0.0,0.0,0.0,0.0,0.0,0.0,0.2,0.0,0.0,78.0,500.0,5.0,1,0.01,0.01,33000,500.0,10.2,1.0,272.23743367866734,0.3149122594307977
69b7d5229605ebc57c753111,69b7d5229605ebc57c753111,69b7d5239605ebc57c753112,0.0,0.0,0.0,0.0,0.0,0.0,0.0,0.0,0.0,0.0,0.0,0.0,0.0,0.0,0.0,0.0,0.0,0.8,0.0,0.0,0.0,0.0,0.0,0.0,0.0,0.0,0.0,0.2,0.0,0.0,78.0,500.0,5.0,1,0.01,0.01,33000,500.0,10.2,1.0,294.52140144749205,0.4534138396501693
69b7d5229605ebc57c753111,69b7d5229605ebc57c753111,69b7d5239605ebc57c753112,0.0,0.0,0.0,0.0,0.0,0.0,0.0,0.0,0.0,0.0,0.0,0.0,0.0,0.0,0.0,0.0,0.0,0.8,0.0,0.0,0.0,0.0,0.0,0.0,0.0,0.0,0.0,0.2,0.0,0.0,78.0,500.0,5.0,1,0.01,0.01,33000,500.0,10.2,1.0,315.9135871075299,0.5961508927633227
69b7d5229605ebc57c753111,69b7d5229605ebc57c753111,69b7d5239605ebc57c753112,0.0,0.0,0.0,0.0,0.0,0.0,0.0,0.0,0.0,0.0,0.0,0.0,0.0,0.0,0.0,0.0,0.0,0.8,0.0,0.0,0.0,0.0,0.0,0.0,0.0,0.0,0.0,0.2,0.0,0.0,78.0,500.0,5.0,1,0.01,0.01,33000,500.0,10.2,1.0,338.85117559110336,0.7385807932620416
69b7d5229605ebc57c753111,69b7d5229605ebc57c753111,69b7d5239605ebc57c753112,0.0,0.0,0.0,0.0,0.0,0.0,0.0,0.0,0.0,0.0,0.0,0.0,0.0,0.0,0.0,0.0,0.0,0.8,0.0,0.0,0.0,0.0,0.0,0.0,0.0,0.0,0.0,0.2,0.0,0.0,78.0,500.0,5.0,1,0.01,0.01,33000,500.0,10.2,1.0,361.02400137604366,0.8421235561806379
69b7d5229605ebc57c753111,69b7d5229605ebc57c753111,69b7d5239605ebc57c753112,0.0,0.0,0.0,0.0,0.0,0.0,0.0,0.0,0.0,0.0,0.0,0.0,0.0,0.0,0.0,0.0,0.0,0.8,0.0,0.0,0.0,0.0,0.0,0.0,0.0,0.0,0.0,0.2,0.0,0.0,78.0,500.0,5.0,1,0.01,0.01,33000,500.0,10.2,1.0,383.048637849138,0.9063831163057623
69b7d5229605ebc57c753111,69b7d5229605ebc57c753111,69b7d5239605ebc57c753112,0.0,0.0,0.0,0.0,0.0,0.0,0.0,0.0,0.0,0.0,0.0,0.0,0.0,0.0,0.0,0.0,0.0,0.8,0.0,0.0,0.0,0.0,0.0,0.0,0.0,0.0,0.0,0.2,0.0,0.0,78.0,500.0,5.0,1,0.01,0.01,33000,500.0,10.2,1.0,405.56547453657765,0.9349563924117138
69b7d5229605ebc57c753111,69b7d5229605ebc57c753111,69b7d5239605ebc57c753112,0.0,0.0,0.0,0.0,0.0,0.0,0.0,0.0,0.0,0.0,0.0,0.0,0.0,0.0,0.0,0.0,0.0,0.8,0.0,0.0,0.0,0.0,0.0,0.0,0.0,0.0,0.0,0.2,0.0,0.0,78.0,500.0,5.0,1,0.01,0.01,33000,500.0,10.2,1.0,426.86504187671176,0.9503059401699038
69b7d5229605ebc57c753111,69b7d5229605ebc57c753111,69b7d5239605ebc57c753112,0.0,0.0,0.0,0.0,0.0,0.0,0.0,0.0,0.0,0.0,0.0,0.0,0.0,0.0,0.0,0.0,0.0,0.8,0.0,0.0,0.0,0.0,0.0,0.0,0.0,0.0,0.0,0.2,0.0,0.0,78.0,500.0,5.0,1,0.01,0.01,33000,500.0,10.2,1.0,283.1161169107821,0.3816856212161627
69b7d5229605ebc57c753111,69b7d5229605ebc57c753111,69b7d5239605ebc57c753112,0.0,0.0,0.0,0.0,0.0,0.0,0.0,0.0,0.0,0.0,0.0,0.0,0.0,0.0,0.0,0.0,0.0,0.8,0.0,0.0,0.0,0.0,0.0,0.0,0.0,0.0,0.0,0.2,0.0,0.0,78.0,500.0,5.0,1,0.01,0.01,33000,500.0,10.2,1.0,305.6303073605102,0.5198800488210997
69b7d5229605ebc57c753111,69b7d5229605ebc57c753111,69b7d5239605ebc57c753112,0.0,0.0,0.0,0.0,0.0,0.0,0.0,0.0,0.0,0.0,0.0,0.0,0.0,0.0,0.0,0.0,0.0,0.8,0.0,0.0,0.0,0.0,0.0,0.0,0.0,0.0,0.0,0.2,0.0,0.0,78.0,500.0,5.0,1,0.01,0.01,33000,500.0,10.2,1.0,327.5993728416624,0.672866299700122
69b7d5229605ebc57c753111,69b7d5229605ebc57c753111,69b7d5239605ebc57c753112,0.0,0.0,0.0,0.0,0.0,0.0,0.0,0.0,0.0,0.0,0.0,0.0,0.0,0.0,0.0,0.0,0.0,0.8,0.0,0.0,0.0,0.0,0.0,0.0,0.0,0.0,0.0,0.2,0.0,0.0,78.0,500.0,5.0,1,0.01,0.01,33000,500.0,10.2,1.0,262.0864658172244,0.2475084264894881
69b7d5239605ebc57c753113,69b7d5239605ebc57c753113,69b7d5239605ebc57c753114,0.0,0.0,0.0,0.0,0.0,0.0,0.0,0.0,0.0,0.0,0.0,0.0,0.0,0.5,0.0,0.0,0.0,0.5,0.0,0.0,0.0,0.0,0.0,0.0,0.0,0.0,0.0,0.0,0.0,0.0,84.0,500.0,5.0,0,0.01,0.01,33000,500.0,10.2,1.0,240.91656412495536,0.028920843538074798
69b7d5239605ebc57c753113,69b7d5239605ebc57c753113,69b7d5239605ebc57c753114,0.0,0.0,0.0,0.0,0.0,0.0,0.0,0.0,0.0,0.0,0.0,0.0,0.0,0.5,0.0,0.0,0.0,0.5,0.0,0.0,0.0,0.0,0.0,0.0,0.0,0.0,0.0,0.0,0.0,0.0,84.0,500.0,5.0,0,0.01,0.01,33000,500.0,10.2,1.0,265.5583296947565,0.04783497821641326
69b7d5239605ebc57c753113,69b7d5239605ebc57c753113,69b7d5239605ebc57c753114,0.0,0.0,0.0,0.0,0.0,0.0,0.0,0.0,0.0,0.0,0.0,0.0,0.0,0.5,0.0,0.0,0.0,0.5,0.0,0.0,0.0,0.0,0.0,0.0,0.0,0.0,0.0,0.0,0.0,0.0,84.0,500.0,5.0,0,0.01,0.01,33000,500.0,10.2,1.0,290.742573995422,0.0636210060056419
69b7d5239605ebc57c753113,69b7d5239605ebc57c753113,69b7d5239605ebc57c753114,0.0,0.0,0.0,0.0,0.0,0.0,0.0,0.0,0.0,0.0,0.0,0.0,0.0,0.5,0.0,0.0,0.0,0.5,0.0,0.0,0.0,0.0,0.0,0.0,0.0,0.0,0.0,0.0,0.0,0.0,84.0,500.0,5.0,0,0.01,0.01,33000,500.0,10.2,1.0,316.082946321068,0.09941236855080547
69b7d5239605ebc57c753113,69b7d5239605ebc57c753113,69b7d5239605ebc57c753114,0.0,0.0,0.0,0.0,0.0,0.0,0.0,0.0,0.0,0.0,0.0,0.0,0.0,0.5,0.0,0.0,0.0,0.5,0.0,0.0,0.0,0.0,0.0,0.0,0.0,0.0,0.0,0.0,0.0,0.0,84.0,500.0,5.0,0,0.01,0.01,33000,500.0,10.2,1.0,341.6932348932905,0.16167543668210513
69b7d5239605ebc57c753113,69b7d5239605ebc57c753113,69b7d5239605ebc57c753114,0.0,0.0,0.0,0.0,0.0,0.0,0.0,0.0,0.0,0.0,0.0,0.0,0.0,0.5,0.0,0.0,0.0,0.5,0.0,0.0,0.0,0.0,0.0,0.0,0.0,0.0,0.0,0.0,0.0,0.0,84.0,500.0,5.0,0,0.01,0.01,33000,500.0,10.2,1.0,368.1026872543961,0.2447602188866526
69b7d5239605ebc57c753113,69b7d5239605ebc57c753113,69b7d5239605ebc57c753114,0.0,0.0,0.0,0.0,0.0,0.0,0.0,0.0,0.0,0.0,0.0,0.0,0.0,0.5,0.0,0.0,0.0,0.5,0.0,0.0,0.0,0.0,0.0,0.0,0.0,0.0,0.0,0.0,0.0,0.0,84.0,500.0,5.0,0,0.01,0.01,33000,500.0,10.2,1.0,393.87704256473364,0.3658753445363208
69b7d5239605ebc57c753113,69b7d5239605ebc57c753113,69b7d5239605ebc57c753114,0.0,0.0,0.0,0.0,0.0,0.0,0.0,0.0,0.0,0.0,0.0,0.0,0.0,0.5,0.0,0.0,0.0,0.5,0.0,0.0,0.0,0.0,0.0,0.0,0.0,0.0,0.0,0.0,0.0,0.0,84.0,500.0,5.0,0,0.01,0.01,33000,500.0,10.2,1.0,419.70167639159024,0.4971992531341691
69b7d5239605ebc57c753113,69b7d5239605ebc57c753113,69b7d5239605ebc57c753114,0.0,0.0,0.0,0.0,0.0,0.0,0.0,0.0,0.0,0.0,0.0,0.0,0.0,0.5,0.0,0.0,0.0,0.5,0.0,0.0,0.0,0.0,0.0,0.0,0.0,0.0,0.0,0.0,0.0,0.0,84.0,500.0,5.0,0,0.01,0.01,33000,500.0,10.2,1.0,432.7079347437781,0.5650395661065173
69b7d5239605ebc57c753113,69b7d5239605ebc57c753113,69b7d5239605ebc57c753114,0.0,0.0,0.0,0.0,0.0,0.0,0.0,0.0,0.0,0.0,0.0,0.0,0.0,0.5,0.0,0.0,0.0,0.5,0.0,0.0,0.0,0.0,0.0,0.0,0.0,0.0,0.0,0.0,0.0,0.0,84.0,500.0,5.0,0,0.01,0.01,33000,500.0,10.2,1.0,445.6877307188505,0.6246029244162079
69b7d5239605ebc57c753113,69b7d5239605ebc57c753113,69b7d5239605ebc57c753114,0.0,0.0,0.0,0.0,0.0,0.0,0.0,0.0,0.0,0.0,0.0,0.0,0.0,0.5,0.0,0.0,0.0,0.5,0.0,0.0,0.0,0.0,0.0,0.0,0.0,0.0,0.0,0.0,0.0,0.0,84.0,500.0,5.0,0,0.01,0.01,33000,500.0,10.2,1.0,458.1673877664431,0.675792332500788
69b7d5239605ebc57c753113,69b7d5239605ebc57c753113,69b7d5239605ebc57c753114,0.0,0.0,0.0,0.0,0.0,0.0,0.0,0.0,0.0,0.0,0.0,0.0,0.0,0.5,0.0,0.0,0.0,0.5,0.0,0.0,0.0,0.0,0.0,0.0,0.0,0.0,0.0,0.0,0.0,0.0,84.0,500.0,5.0,0,0.01,0.01,33000,500.0,10.2,1.0,470.3982984691515,0.7303765852712237
69b7d5239605ebc57c753113,69b7d5239605ebc57c753113,69b7d5239605ebc57c753114,0.0,0.0,0.0,0.0,0.0,0.0,0.0,0.0,0.0,0.0,0.0,0.0,0.0,0.5,0.0,0.0,0.0,0.5,0.0,0.0,0.0,0.0,0.0,0.0,0.0,0.0,0.0,0.0,0.0,0.0,84.0,500.0,5.0,0,0.01,0.01,33000,500.0,10.2,1.0,483.64271821537733,0.776425228545794
69b7d5239605ebc57c753113,69b7d5239605ebc57c753113,69b7d5239605ebc57c753114,0.0,0.0,0.0,0.0,0.0,0.0,0.0,0.0,0.0,0.0,0.0,0.0,0.0,0.5,0.0,0.0,0.0,0.5,0.0,0.0,0.0,0.0,0.0,0.0,0.0,0.0,0.0,0.0,0.0,0.0,84.0,500.0,5.0,0,0.01,0.01,33000,500.0,10.2,1.0,406.52341258815284,0.4144862872523582
69b7d5239605ebc57c753113,69b7d5239605ebc57c753113,69b7d5239605ebc57c753114,0.0,0.0,0.0,0.0,0.0,0.0,0.0,0.0,0.0,0.0,0.0,0.0,0.0,0.5,0.0,0.0,0.0,0.5,0.0,0.0,0.0,0.0,0.0,0.0,0.0,0.0,0.0,0.0,0.0,0.0,84.0,500.0,5.0,0,0.01,0.01,33000,500.0,10.2,1.0,381.1512854099684,0.30185827331732906
69b7d5239605ebc57c753113,69b7d5239605ebc57c753113,69b7d5239605ebc57c753114,0.0,0.0,0.0,0.0,0.0,0.0,0.0,0.0,0.0,0.0,0.0,0.0,0.0,0.5,0.0,0.0,0.0,0.5,0.0,0.0,0.0,0.0,0.0,0.0,0.0,0.0,0.0,0.0,0.0,0.0,84.0,500.0,5.0,0,0.01,0.01,33000,500.0,10.2,1.0,354.9879331560354,0.2037068470784128
69b7d5239605ebc57c753113,69b7d5239605ebc57c753113,69b7d5239605ebc57c753114,0.0,0.0,0.0,0.0,0.0,0.0,0.0,0.0,0.0,0.0,0.0,0.0,0.0,0.5,0.0,0.0,0.0,0.5,0.0,0.0,0.0,0.0,0.0,0.0,0.0,0.0,0.0,0.0,0.0,0.0,84.0,500.0,5.0,0,0.01,0.01,33000,500.0,10.2,1.0,328.79282604956404,0.1246958784968921
69b7d5249605ebc57c753115,69b7d5249605ebc57c753115,69b7d5249605ebc57c753116,0.0,0.0,0.0,0.0,0.0,0.0,0.0,0.0,0.0,0.0,0.0,0.0,0.0,0.0,0.0,0.0,0.0,0.8,0.0,0.0,0.0,0.0,0.05,0.0,0.0,0.0,0.0,0.0,0.15,0.0,23.0,500.0,1.0,1,0.01,0.02,10000,0.0,0.0,0.0,252.3381893168363,0.04789130381674417
69b7d5249605ebc57c753115,69b7d5249605ebc57c753115,69b7d5249605ebc57c753116,0.0,0.0,0.0,0.0,0.0,0.0,0.0,0.0,0.0,0.0,0.0,0.0,0.0,0.0,0.0,0.0,0.0,0.8,0.0,0.0,0.0,0.0,0.05,0.0,0.0,0.0,0.0,0.0,0.15,0.0,23.0,500.0,1.0,1,0.01,0.02,10000,0.0,0.0,0.0,281.1126632519568,0.26852875790913755
69b7d5249605ebc57c753115,69b7d5249605ebc57c753115,69b7d5249605ebc57c753116,0.0,0.0,0.0,0.0,0.0,0.0,0.0,0.0,0.0,0.0,0.0,0.0,0.0,0.0,0.0,0.0,0.0,0.8,0.0,0.0,0.0,0.0,0.05,0.0,0.0,0.0,0.0,0.0,0.15,0.0,23.0,500.0,1.0,1,0.01,0.02,10000,0.0,0.0,0.0,317.20437260249673,0.4793820897223964
69b7d5249605ebc57c753115,69b7d5249605ebc57c753115,69b7d5249605ebc57c753116,0.0,0.0,0.0,0.0,0.0,0.0,0.0,0.0,0.0,0.0,0.0,0.0,0.0,0.0,0.0,0.0,0.0,0.8,0.0,0.0,0.0,0.0,0.05,0.0,0.0,0.0,0.0,0.0,0.15,0.0,23.0,500.0,1.0,1,0.01,0.02,10000,0.0,0.0,0.0,346.06088826803256,0.6705938876719244
69b7d5249605ebc57c753115,69b7d5249605ebc57c753115,69b7d5249605ebc57c753116,0.0,0.0,0.0,0.0,0.0,0.0,0.0,0.0,0.0,0.0,0.0,0.0,0.0,0.0,0.0,0.0,0.0,0.8,0.0,0.0,0.0,0.0,0.05,0.0,0.0,0.0,0.0,0.0,0.15,0.0,23.0,500.0,1.0,1,0.01,0.02,10000,0.0,0.0,0.0,376.473979467394,0.8587348637226081
69b7d5249605ebc57c753115,69b7d5249605ebc57c753115,69b7d5249605ebc57c753116,0.0,0.0,0.0,0.0,0.0,0.0,0.0,0.0,0.0,0.0,0.0,0.0,0.0,0.0,0.0,0.0,0.0,0.8,0.0,0.0,0.0,0.0,0.05,0.0,0.0,0.0,0.0,0.0,0.15,0.0,23.0,500.0,1.0,1,0.01,0.02,10000,0.0,0.0,0.0,394.44777046054236,0.9496429182172784
69b7d5249605ebc57c753117,69b7d5249605ebc57c753117,69b7d5259605ebc57c753118,0.0,0.0,0.0,0.0,0.0,0.0,0.0,0.0,0.05,0.0,0.0,0.0,0.0,0.0,0.0,0.0,0.0,0.75,0.0,0.0,0.0,0.0,0.05,0.0,0.0,0.0,0.0,0.0,0.15,0.0,60.0,500.0,1.0,1,0.01,0.02,10000,0.0,0.0,0.0,121.3641100689594,0.08878673626436268
69b7d5249605ebc57c753117,69b7d5249605ebc57c753117,69b7d5259605ebc57c753118,0.0,0.0,0.0,0.0,0.0,0.0,0.0,0.0,0.05,0.0,0.0,0.0,0.0,0.0,0.0,0.0,0.0,0.75,0.0,0.0,0.0,0.0,0.05,0.0,0.0,0.0,0.0,0.0,0.15,0.0,60.0,500.0,1.0,1,0.01,0.02,10000,0.0,0.0,0.0,177.5981729084902,0.20983868209542267
69b7d5249605ebc57c753117,69b7d5249605ebc57c753117,69b7d5259605ebc57c753118,0.0,0.0,0.0,0.0,0.0,0.0,0.0,0.0,0.05,0.0,0.0,0.0,0.0,0.0,0.0,0.0,0.0,0.75,0.0,0.0,0.0,0.0,0.05,0.0,0.0,0.0,0.0,0.0,0.15,0.0,60.0,500.0,1.0,1,0.01,0.02,10000,0.0,0.0,0.0,233.4929821060334,0.349337546111188
69b7d5249605ebc57c753117,69b7d5249605ebc57c753117,69b7d5259605ebc57c753118,0.0,0.0,0.0,0.0,0.0,0.0,0.0,0.0,0.05,0.0,0.0,0.0,0.0,0.0,0.0,0.0,0.0,0.75,0.0,0.0,0.0,0.0,0.05,0.0,0.0,0.0,0.0,0.0,0.15,0.0,60.0,500.0,1.0,1,0.01,0.02,10000,0.0,0.0,0.0,259.22747732765697,0.44851996319248216
69b7d5249605ebc57c753117,69b7d5249605ebc57c753117,69b7d5259605ebc57c753118,0.0,0.0,0.0,0.0,0.0,0.0,0.0,0.0,0.05,0.0,0.0,0.0,0.0,0.0,0.0,0.0,0.0,0.75,0.0,0.0,0.0,0.0,0.05,0.0,0.0,0.0,0.0,0.0,0.15,0.0,60.0,500.0,1.0,1,0.01,0.02,10000,0.0,0.0,0.0,285.3233996319209,0.5596631949251227
69b7d5249605ebc57c753117,69b7d5249605ebc57c753117,69b7d5259605ebc57c753118,0.0,0.0,0.0,0.0,0.0,0.0,0.0,0.0,0.05,0.0,0.0,0.0,0.0,0.0,0.0,0.0,0.0,0.75,0.0,0.0,0.0,0.0,0.05,0.0,0.0,0.0,0.0,0.0,0.15,0.0,60.0,500.0,1.0,1,0.01,0.02,10000,0.0,0.0,0.0,310.38382225769976,0.6101082238743984
69b7d5249605ebc57c753117,69b7d5249605ebc57c753117,69b7d5259605ebc57c753118,0.0,0.0,0.0,0.0,0.0,0.0,0.0,0.0,0.05,0.0,0.0,0.0,0.0,0.0,0.0,0.0,0.0,0.75,0.0,0.0,0.0,0.0,0.05,0.0,0.0,0.0,0.0,0.0,0.15,0.0,60.0,500.0,1.0,1,0.01,0.02,10000,0.0,0.0,0.0,334.2624004966851,0.729833633276602
69b7d5249605ebc57c753117,69b7d5249605ebc57c753117,69b7d5259605ebc57c753118,0.0,0.0,0.0,0.0,0.0,0.0,0.0,0.0,0.05,0.0,0.0,0.0,0.0,0.0,0.0,0.0,0.0,0.75,0.0,0.0,0.0,0.0,0.05,0.0,0.0,0.0,0.0,0.0,0.15,0.0,60.0,500.0,1.0,1,0.01,0.02,10000,0.0,0.0,0.0,355.11208674249986,0.8095870554800042
69b7d5249605ebc57c753117,69b7d5249605ebc57c753117,69b7d5259605ebc57c753118,0.0,0.0,0.0,0.0,0.0,0.0,0.0,0.0,0.05,0.0,0.0,0.0,0.0,0.0,0.0,0.0,0.0,0.75,0.0,0.0,0.0,0.0,0.05,0.0,0.0,0.0,0.0,0.0,0.15,0.0,60.0,500.0,1.0,1,0.01,0.02,10000,0.0,0.0,0.0,390.35677066010334,0.919865473408197
69b7d5249605ebc57c753117,69b7d5249605ebc57c753117,69b7d5259605ebc57c753118,0.0,0.0,0.0,0.0,0.0,0.0,0.0,0.0,0.05,0.0,0.0,0.0,0.0,0.0,0.0,0.0,0.0,0.75,0.0,0.0,0.0,0.0,0.05,0.0,0.0,0.0,0.0,0.0,0.15,0.0,60.0,500.0,1.0,1,0.01,0.02,10000,0.0,0.0,0.0,400.310428169139,0.9502951930358873
69b7d5259605ebc57c753119,69b7d5259605ebc57c753119,69b7d5259605ebc57c75311a,0.0,0.0,0.0,0.0,0.0,0.0,0.0,0.0,0.0,0.0,0.0,0.0,0.0,0.05,0.0,0.0,0.0,0.75,0.0,0.0,0.0,0.0,0.05,0.0,0.0,0.0,0.0,0.0,0.15,0.0,69.0,500.0,1.0,1,0.01,0.02,10000,0.0,0.0,0.0,221.313111155458,0.07055235706549622
69b7d5259605ebc57c753119,69b7d5259605ebc57c753119,69b7d5259605ebc57c75311a,0.0,0.0,0.0,0.0,0.0,0.0,0.0,0.0,0.0,0.0,0.0,0.0,0.0,0.05,0.0,0.0,0.0,0.75,0.0,0.0,0.0,0.0,0.05,0.0,0.0,0.0,0.0,0.0,0.15,0.0,69.0,500.0,1.0,1,0.01,0.02,10000,0.0,0.0,0.0,259.47581986296814,0.07865082531901206
69b7d5259605ebc57c753119,69b7d5259605ebc57c753119,69b7d5259605ebc57c75311a,0.0,0.0,0.0,0.0,0.0,0.0,0.0,0.0,0.0,0.0,0.0,0.0,0.0,0.05,0.0,0.0,0.0,0.75,0.0,0.0,0.0,0.0,0.05,0.0,0.0,0.0,0.0,0.0,0.15,0.0,69.0,500.0,1.0,1,0.01,0.02,10000,0.0,0.0,0.0,289.534136011885,0.1493310315062581
69b7d5259605ebc57c753119,69b7d5259605ebc57c753119,69b7d5259605ebc57c75311a,0.0,0.0,0.0,0.0,0.0,0.0,0.0,0.0,0.0,0.0,0.0,0.0,0.0,0.05,0.0,0.0,0.0,0.75,0.0,0.0,0.0,0.0,0.05,0.0,0.0,0.0,0.0,0.0,0.15,0.0,69.0,500.0,1.0,1,0.01,0.02,10000,0.0,0.0,0.0,204.64755316082397,0.05914121220511234
69b7d5259605ebc57c753119,69b7d5259605ebc57c753119,69b7d5259605ebc57c75311a,0.0,0.0,0.0,0.0,0.0,0.0,0.0,0.0,0.0,0.0,0.0,0.0,0.0,0.05,0.0,0.0,0.0,0.75,0.0,0.0,0.0,0.0,0.05,0.0,0.0,0.0,0.0,0.0,0.15,0.0,69.0,500.0,1.0,1,0.01,0.02,10000,0.0,0.0,0.0,188.49863633339987,0.05043444271626453
69b7d5259605ebc57c753119,69b7d5259605ebc57c753119,69b7d5259605ebc57c75311a,0.0,0.0,0.0,0.0,0.0,0.0,0.0,0.0,0.0,0.0,0.0,0.0,0.0,0.05,0.0,0.0,0.0,0.75,0.0,0.0,0.0,0.0,0.05,0.0,0.0,0.0,0.0,0.0,0.15,0.0,69.0,500.0,1.0,1,0.01,0.02,10000,0.0,0.0,0.0,323.7898844763742,0.3390184119021832
69b7d5259605ebc57c753119,69b7d5259605ebc57c753119,69b7d5259605ebc57c75311a,0.0,0.0,0.0,0.0,0.0,0.0,0.0,0.0,0.0,0.0,0.0,0.0,0.0,0.05,0.0,0.0,0.0,0.75,0.0,0.0,0.0,0.0,0.05,0.0,0.0,0.0,0.0,0.0,0.15,0.0,69.0,500.0,1.0,1,0.01,0.02,10000,0.0,0.0,0.0,354.524490565201,0.5193540769211977
69b7d5259605ebc57c753119,69b7d5259605ebc57c753119,69b7d5259605ebc57c75311a,0.0,0.0,0.0,0.0,0.0,0.0,0.0,0.0,0.0,0.0,0.0,0.0,0.0,0.05,0.0,0.0,0.0,0.75,0.0,0.0,0.0,0.0,0.05,0.0,0.0,0.0,0.0,0.0,0.15,0.0,69.0,500.0,1.0,1,0.01,0.02,10000,0.0,0.0,0.0,378.3964167719905,0.7001954381478979
69b7d5259605ebc57c753119,69b7d5259605ebc57c753119,69b7d5259605ebc57c75311a,0.0,0.0,0.0,0.0,0.0,0.0,0.0,0.0,0.0,0.0,0.0,0.0,0.0,0.05,0.0,0.0,0.0,0.75,0.0,0.0,0.0,0.0,0.05,0.0,0.0,0.0,0.0,0.0,0.15,0.0,69.0,500.0,1.0,1,0.01,0.02,10000,0.0,0.0,0.0,407.42145058648754,0.7996270388677617
69b7d5259605ebc57c753119,69b7d5259605ebc57c753119,69b7d5259605ebc57c75311a,0.0,0.0,0.0,0.0,0.0,0.0,0.0,0.0,0.0,0.0,0.0,0.0,0.0,0.05,0.0,0.0,0.0,0.75,0.0,0.0,0.0,0.0,0.05,0.0,0.0,0.0,0.0,0.0,0.15,0.0,69.0,500.0,1.0,1,0.01,0.02,10000,0.0,0.0,0.0,432.47300383600526,0.8899634367798308
69b7d5259605ebc57c753119,69b7d5259605ebc57c753119,69b7d5259605ebc57c75311a,0.0,0.0,0.0,0.0,0.0,0.0,0.0,0.0,0.0,0.0,0.0,0.0,0.0,0.05,0.0,0.0,0.0,0.75,0.0,0.0,0.0,0.0,0.05,0.0,0.0,0.0,0.0,0.0,0.15,0.0,69.0,500.0,1.0,1,0.01,0.02,10000,0.0,0.0,0.0,448.3292312468126,0.909231195185707
69b7d5259605ebc57c753119,69b7d5259605ebc57c753119,69b7d5259605ebc57c75311a,0.0,0.0,0.0,0.0,0.0,0.0,0.0,0.0,0.0,0.0,0.0,0.0,0.0,0.05,0.0,0.0,0.0,0.75,0.0,0.0,0.0,0.0,0.05,0.0,0.0,0.0,0.0,0.0,0.15,0.0,69.0,500.0,1.0,1,0.01,0.02,10000,0.0,0.0,0.0,461.31399809308414,0.9604237750506919
69b7d5269605ebc57c75311b,69b7d5269605ebc57c75311b,69b7d5269605ebc57c75311c,0.0,0.0,0.0,0.0,0.0,0.0,0.0,0.05,0.0,0.0,0.0,0.0,0.0,0.0,0.0,0.0,0.0,0.75,0.0,0.0,0.0,0.0,0.05,0.0,0.0,0.0,0.0,0.0,0.15,0.0,72.0,500.0,1.0,1,0.01,0.02,10000,0.0,0.0,0.0,136.4487017450498,0.13959821174094675
69b7d5269605ebc57c75311b,69b7d5269605ebc57c75311b,69b7d5269605ebc57c75311c,0.0,0.0,0.0,0.0,0.0,0.0,0.0,0.05,0.0,0.0,0.0,0.0,0.0,0.0,0.0,0.0,0.0,0.75,0.0,0.0,0.0,0.0,0.05,0.0,0.0,0.0,0.0,0.0,0.15,0.0,72.0,500.0,1.0,1,0.01,0.02,10000,0.0,0.0,0.0,182.27455154216278,0.15869740474426103
69b7d5269605ebc57c75311b,69b7d5269605ebc57c75311b,69b7d5269605ebc57c75311c,0.0,0.0,0.0,0.0,0.0,0.0,0.0,0.05,0.0,0.0,0.0,0.0,0.0,0.0,0.0,0.0,0.0,0.75,0.0,0.0,0.0,0.0,0.05,0.0,0.0,0.0,0.0,0.0,0.15,0.0,72.0,500.0,1.0,1,0.01,0.02,10000,0.0,0.0,0.0,229.13368367369566,0.29878258320371986
69b7d5269605ebc57c75311b,69b7d5269605ebc57c75311b,69b7d5269605ebc57c75311c,0.0,0.0,0.0,0.0,0.0,0.0,0.0,0.05,0.0,0.0,0.0,0.0,0.0,0.0,0.0,0.0,0.0,0.75,0.0,0.0,0.0,0.0,0.05,0.0,0.0,0.0,0.0,0.0,0.15,0.0,72.0,500.0,1.0,1,0.01,0.02,10000,0.0,0.0,0.0,261.2940419964966,0.32942484181724907
69b7d5269605ebc57c75311b,69b7d5269605ebc57c75311b,69b7d5269605ebc57c75311c,0.0,0.0,0.0,0.0,0.0,0.0,0.0,0.05,0.0,0.0,0.0,0.0,0.0,0.0,0.0,0.0,0.0,0.75,0.0,0.0,0.0,0.0,0.05,0.0,0.0,0.0,0.0,0.0,0.15,0.0,72.0,500.0,1.0,1,0.01,0.02,10000,0.0,0.0,0.0,290.44102973458394,0.39924023420004723
69b7d5269605ebc57c75311b,69b7d5269605ebc57c75311b,69b7d5269605ebc57c75311c,0.0,0.0,0.0,0.0,0.0,0.0,0.0,0.05,0.0,0.0,0.0,0.0,0.0,0.0,0.0,0.0,0.0,0.75,0.0,0.0,0.0,0.0,0.05,0.0,0.0,0.0,0.0,0.0,0.15,0.0,72.0,500.0,1.0,1,0.01,0.02,10000,0.0,0.0,0.0,318.7831215769751,0.5398311088671917
69b7d5269605ebc57c75311b,69b7d5269605ebc57c75311b,69b7d5269605ebc57c75311c,0.0,0.0,0.0,0.0,0.0,0.0,0.0,0.05,0.0,0.0,0.0,0.0,0.0,0.0,0.0,0.0,0.0,0.75,0.0,0.0,0.0,0.0,0.05,0.0,0.0,0.0,0.0,0.0,0.15,0.0,72.0,500.0,1.0,1,0.01,0.02,10000,0.0,0.0,0.0,352.01002239517504,0.6791027760360256
69b7d5269605ebc57c75311b,69b7d5269605ebc57c75311b,69b7d5269605ebc57c75311c,0.0,0.0,0.0,0.0,0.0,0.0,0.0,0.05,0.0,0.0,0.0,0.0,0.0,0.0,0.0,0.0,0.0,0.75,0.0,0.0,0.0,0.0,0.05,0.0,0.0,0.0,0.0,0.0,0.15,0.0,72.0,500.0,1.0,1,0.01,0.02,10000,0.0,0.0,0.0,381.52287190403337,0.8186236268434296
69b7d5269605ebc57c75311b,69b7d5269605ebc57c75311b,69b7d5269605ebc57c75311c,0.0,0.0,0.0,0.0,0.0,0.0,0.0,0.05,0.0,0.0,0.0,0.0,0.0,0.0,0.0,0.0,0.0,0.75,0.0,0.0,0.0,0.0,0.05,0.0,0.0,0.0,0.0,0.0,0.15,0.0,72.0,500.0,1.0,1,0.01,0.02,10000,0.0,0.0,0.0,409.0778066032506,0.8992931653651028
69b7d5269605ebc57c75311b,69b7d5269605ebc57c75311b,69b7d5269605ebc57c75311c,0.0,0.0,0.0,0.0,0.0,0.0,0.0,0.05,0.0,0.0,0.0,0.0,0.0,0.0,0.0,0.0,0.0,0.75,0.0,0.0,0.0,0.0,0.05,0.0,0.0,0.0,0.0,0.0,0.15,0.0,72.0,500.0,1.0,1,0.01,0.02,10000,0.0,0.0,0.0,435.5573294308078,0.9599547234957371
69b7d5269605ebc57c75311b,69b7d5269605ebc57c75311b,69b7d5269605ebc57c75311c,0.0,0.0,0.0,0.0,0.0,0.0,0.0,0.05,0.0,0.0,0.0,0.0,0.0,0.0,0.0,0.0,0.0,0.75,0.0,0.0,0.0,0.0,0.05,0.0,0.0,0.0,0.0,0.0,0.15,0.0,72.0,500.0,1.0,1,0.01,0.02,10000,0.0,0.0,0.0,450.1984522938424,0.9788047328604815
69b7d5269605ebc57c75311d,69b7d5269605ebc57c75311d,69b7d5269605ebc57c75311e,0.0,0.0,0.0,0.0,0.0,0.0,0.05,0.0,0.0,0.0,0.0,0.0,0.0,0.0,0.0,0.0,0.0,0.75,0.0,0.0,0.0,0.0,0.05,0.0,0.0,0.0,0.0,0.0,0.15,0.0,62.0,500.0,1.0,1,0.01,0.02,10000,0.0,0.0,0.0,192.44107408146522,0.04883673585719986
69b7d5269605ebc57c75311d,69b7d5269605ebc57c75311d,69b7d5269605ebc57c75311e,0.0,0.0,0.0,0.0,0.0,0.0,0.05,0.0,0.0,0.0,0.0,0.0,0.0,0.0,0.0,0.0,0.0,0.75,0.0,0.0,0.0,0.0,0.05,0.0,0.0,0.0,0.0,0.0,0.15,0.0,62.0,500.0,1.0,1,0.01,0.02,10000,0.0,0.0,0.0,156.30058316148916,0.019279158964503544
69b7d5269605ebc57c75311d,69b7d5269605ebc57c75311d,69b7d5269605ebc57c75311e,0.0,0.0,0.0,0.0,0.0,0.0,0.05,0.0,0.0,0.0,0.0,0.0,0.0,0.0,0.0,0.0,0.0,0.75,0.0,0.0,0.0,0.0,0.05,0.0,0.0,0.0,0.0,0.0,0.15,0.0,62.0,500.0,1.0,1,0.01,0.02,10000,0.0,0.0,0.0,229.33102729550544,0.16941230120275894
69b7d5269605ebc57c75311d,69b7d5269605ebc57c75311d,69b7d5269605ebc57c75311e,0.0,0.0,0.0,0.0,0.0,0.0,0.05,0.0,0.0,0.0,0.0,0.0,0.0,0.0,0.0,0.0,0.0,0.75,0.0,0.0,0.0,0.0,0.05,0.0,0.0,0.0,0.0,0.0,0.15,0.0,62.0,500.0,1.0,1,0.01,0.02,10000,0.0,0.0,0.0,265.2253930242356,0.29912704293938974
69b7d5269605ebc57c75311d,69b7d5269605ebc57c75311d,69b7d5269605ebc57c75311e,0.0,0.0,0.0,0.0,0.0,0.0,0.05,0.0,0.0,0.0,0.0,0.0,0.0,0.0,0.0,0.0,0.0,0.75,0.0,0.0,0.0,0.0,0.05,0.0,0.0,0.0,0.0,0.0,0.15,0.0,62.0,500.0,1.0,1,0.01,0.02,10000,0.0,0.0,0.0,308.31725758886006,0.4693341259435998
69b7d5269605ebc57c75311d,69b7d5269605ebc57c75311d,69b7d5269605ebc57c75311e,0.0,0.0,0.0,0.0,0.0,0.0,0.05,0.0,0.0,0.0,0.0,0.0,0.0,0.0,0.0,0.0,0.0,0.75,0.0,0.0,0.0,0.0,0.05,0.0,0.0,0.0,0.0,0.0,0.15,0.0,62.0,500.0,1.0,1,0.01,0.02,10000,0.0,0.0,0.0,349.0986496374643,0.6788755791890947
69b7d5269605ebc57c75311d,69b7d5269605ebc57c75311d,69b7d5269605ebc57c75311e,0.0,0.0,0.0,0.0,0.0,0.0,0.05,0.0,0.0,0.0,0.0,0.0,0.0,0.0,0.0,0.0,0.0,0.75,0.0,0.0,0.0,0.0,0.05,0.0,0.0,0.0,0.0,0.0,0.15,0.0,62.0,500.0,1.0,1,0.01,0.02,10000,0.0,0.0,0.0,389.05962438191534,0.8692152344036286
69b7d5269605ebc57c75311d,69b7d5269605ebc57c75311d,69b7d5269605ebc57c75311e,0.0,0.0,0.0,0.0,0.0,0.0,0.05,0.0,0.0,0.0,0.0,0.0,0.0,0.0,0.0,0.0,0.0,0.75,0.0,0.0,0.0,0.0,0.05,0.0,0.0,0.0,0.0,0.0,0.15,0.0,62.0,500.0,1.0,1,0.01,0.02,10000,0.0,0.0,0.0,415.5280604891461,0.9501412854944178
69b7d5269605ebc57c75311d,69b7d5269605ebc57c75311d,69b7d5269605ebc57c75311e,0.0,0.0,0.0,0.0,0.0,0.0,0.05,0.0,0.0,0.0,0.0,0.0,0.0,0.0,0.0,0.0,0.0,0.75,0.0,0.0,0.0,0.0,0.05,0.0,0.0,0.0,0.0,0.0,0.15,0.0,62.0,500.0,1.0,1,0.01,0.02,10000,0.0,0.0,0.0,430.1891394487683,0.9794130340958135
69b7d5279605ebc57c75311f,69b7d5279605ebc57c75311f,69b7d5279605ebc57c753120,0.0,0.0,0.0,0.0,0.05,0.0,0.0,0.0,0.0,0.0,0.0,0.0,0.0,0.0,0.0,0.0,0.0,0.75,0.0,0.0,0.0,0.0,0.05,0.0,0.0,0.0,0.0,0.0,0.15,0.0,95.0,500.0,1.0,1,0.01,0.02,10000,0.0,0.0,0.0,143.61294041996496,0.04937174778707014
69b7d5279605ebc57c75311f,69b7d5279605ebc57c75311f,69b7d5279605ebc57c753120,0.0,0.0,0.0,0.0,0.05,0.0,0.0,0.0,0.0,0.0,0.0,0.0,0.0,0.0,0.0,0.0,0.0,0.75,0.0,0.0,0.0,0.0,0.05,0.0,0.0,0.0,0.0,0.0,0.15,0.0,95.0,500.0,1.0,1,0.01,0.02,10000,0.0,0.0,0.0,195.4389232577219,0.16929503831402024
69b7d5279605ebc57c75311f,69b7d5279605ebc57c75311f,69b7d5279605ebc57c753120,0.0,0.0,0.0,0.0,0.05,0.0,0.0,0.0,0.0,0.0,0.0,0.0,0.0,0.0,0.0,0.0,0.0,0.75,0.0,0.0,0.0,0.0,0.05,0.0,0.0,0.0,0.0,0.0,0.15,0.0,95.0,500.0,1.0,1,0.01,0.02,10000,0.0,0.0,0.0,236.29348766048028,0.3699758145291976
69b7d5279605ebc57c75311f,69b7d5279605ebc57c75311f,69b7d5279605ebc57c753120,0.0,0.0,0.0,0.0,0.05,0.0,0.0,0.0,0.0,0.0,0.0,0.0,0.0,0.0,0.0,0.0,0.0,0.75,0.0,0.0,0.0,0.0,0.05,0.0,0.0,0.0,0.0,0.0,0.15,0.0,95.0,500.0,1.0,1,0.01,0.02,10000,0.0,0.0,0.0,277.4651322645735,0.5588643414955904
69b7d5279605ebc57c75311f,69b7d5279605ebc57c75311f,69b7d5279605ebc57c753120,0.0,0.0,0.0,0.0,0.05,0.0,0.0,0.0,0.0,0.0,0.0,0.0,0.0,0.0,0.0,0.0,0.0,0.75,0.0,0.0,0.0,0.0,0.05,0.0,0.0,0.0,0.0,0.0,0.15,0.0,95.0,500.0,1.0,1,0.01,0.02,10000,0.0,0.0,0.0,306.2639969844121,0.6795644986604344
69b7d5279605ebc57c75311f,69b7d5279605ebc57c75311f,69b7d5279605ebc57c753120,0.0,0.0,0.0,0.0,0.05,0.0,0.0,0.0,0.0,0.0,0.0,0.0,0.0,0.0,0.0,0.0,0.0,0.75,0.0,0.0,0.0,0.0,0.05,0.0,0.0,0.0,0.0,0.0,0.15,0.0,95.0,500.0,1.0,1,0.01,0.02,10000,0.0,0.0,0.0,336.3067917248719,0.8000667747005318
69b7d5279605ebc57c75311f,69b7d5279605ebc57c75311f,69b7d5279605ebc57c753120,0.0,0.0,0.0,0.0,0.05,0.0,0.0,0.0,0.0,0.0,0.0,0.0,0.0,0.0,0.0,0.0,0.0,0.75,0.0,0.0,0.0,0.0,0.05,0.0,0.0,0.0,0.0,0.0,0.15,0.0,95.0,500.0,1.0,1,0.01,0.02,10000,0.0,0.0,0.0,361.40269185569525,0.8794977239599027
69b7d5279605ebc57c75311f,69b7d5279605ebc57c75311f,69b7d5279605ebc57c753120,0.0,0.0,0.0,0.0,0.05,0.0,0.0,0.0,0.0,0.0,0.0,0.0,0.0,0.0,0.0,0.0,0.0,0.75,0.0,0.0,0.0,0.0,0.05,0.0,0.0,0.0,0.0,0.0,0.15,0.0,95.0,500.0,1.0,1,0.01,0.02,10000,0.0,0.0,0.0,384.64045765981507,0.9498334704114787
69b7d5279605ebc57c753121,69b7d5279605ebc57c753121,69b7d5289605ebc57c753122,0.0,0.0,0.0,0.0,0.1,0.0,0.0,0.0,0.0,0.0,0.0,0.0,0.0,0.0,0.0,0.0,0.0,0.7,0.0,0.0,0.0,0.0,0.05,0.0,0.0,0.0,0.0,0.0,0.15,0.0,83.0,500.0,1.0,1,0.01,0.02,10000,0.0,0.0,0.0,118.26151815259665,0.1532304159847578
69b7d5279605ebc57c753121,69b7d5279605ebc57c753121,69b7d5289605ebc57c753122,0.0,0.0,0.0,0.0,0.1,0.0,0.0,0.0,0.0,0.0,0.0,0.0,0.0,0.0,0.0,0.0,0.0,0.7,0.0,0.0,0.0,0.0,0.05,0.0,0.0,0.0,0.0,0.0,0.15,0.0,83.0,500.0,1.0,1,0.01,0.02,10000,0.0,0.0,0.0,147.27785045788468,0.1807176530936271
69b7d5279605ebc57c753121,69b7d5279605ebc57c753121,69b7d5289605ebc57c753122,0.0,0.0,0.0,0.0,0.1,0.0,0.0,0.0,0.0,0.0,0.0,0.0,0.0,0.0,0.0,0.0,0.0,0.7,0.0,0.0,0.0,0.0,0.05,0.0,0.0,0.0,0.0,0.0,0.15,0.0,83.0,500.0,1.0,1,0.01,0.02,10000,0.0,0.0,0.0,182.47429393413802,0.32223552114121007
69b7d5279605ebc57c753121,69b7d5279605ebc57c753121,69b7d5289605ebc57c753122,0.0,0.0,0.0,0.0,0.1,0.0,0.0,0.0,0.0,0.0,0.0,0.0,0.0,0.0,0.0,0.0,0.0,0.7,0.0,0.0,0.0,0.0,0.05,0.0,0.0,0.0,0.0,0.0,0.15,0.0,83.0,500.0,1.0,1,0.01,0.02,10000,0.0,0.0,0.0,209.36665699791035,0.43166418329710055
69b7d5279605ebc57c753121,69b7d5279605ebc57c753121,69b7d5289605ebc57c753122,0.0,0.0,0.0,0.0,0.1,0.0,0.0,0.0,0.0,0.0,0.0,0.0,0.0,0.0,0.0,0.0,0.0,0.7,0.0,0.0,0.0,0.0,0.05,0.0,0.0,0.0,0.0,0.0,0.15,0.0,83.0,500.0,1.0,1,0.01,0.02,10000,0.0,0.0,0.0,235.75821794955277,0.5594494247539021
69b7d5279605ebc57c753121,69b7d5279605ebc57c753121,69b7d5289605ebc57c753122,0.0,0.0,0.0,0.0,0.1,0.0,0.0,0.0,0.0,0.0,0.0,0.0,0.0,0.0,0.0,0.0,0.0,0.7,0.0,0.0,0.0,0.0,0.05,0.0,0.0,0.0,0.0,0.0,0.15,0.0,83.0,500.0,1.0,1,0.01,0.02,10000,0.0,0.0,0.0,259.32433152389467,0.6714941742592637
69b7d5279605ebc57c753121,69b7d5279605ebc57c753121,69b7d5289605ebc57c753122,0.0,0.0,0.0,0.0,0.1,0.0,0.0,0.0,0.0,0.0,0.0,0.0,0.0,0.0,0.0,0.0,0.0,0.7,0.0,0.0,0.0,0.0,0.05,0.0,0.0,0.0,0.0,0.0,0.15,0.0,83.0,500.0,1.0,1,0.01,0.02,10000,0.0,0.0,0.0,289.9052264560851,0.759063484696744
69b7d5279605ebc57c753121,69b7d5279605ebc57c753121,69b7d5289605ebc57c753122,0.0,0.0,0.0,0.0,0.1,0.0,0.0,0.0,0.0,0.0,0.0,0.0,0.0,0.0,0.0,0.0,0.0,0.7,0.0,0.0,0.0,0.0,0.05,0.0,0.0,0.0,0.0,0.0,0.15,0.0,83.0,500.0,1.0,1,0.01,0.02,10000,0.0,0.0,0.0,319.5431216664989,0.8301082097755197
69b7d5279605ebc57c753121,69b7d5279605ebc57c753121,69b7d5289605ebc57c753122,0.0,0.0,0.0,0.0,0.1,0.0,0.0,0.0,0.0,0.0,0.0,0.0,0.0,0.0,0.0,0.0,0.0,0.7,0.0,0.0,0.0,0.0,0.05,0.0,0.0,0.0,0.0,0.0,0.15,0.0,83.0,500.0,1.0,1,0.01,0.02,10000,0.0,0.0,0.0,346.597091085604,0.881367400278463
69b7d5279605ebc57c753121,69b7d5279605ebc57c753121,69b7d5289605ebc57c753122,0.0,0.0,0.0,0.0,0.1,0.0,0.0,0.0,0.0,0.0,0.0,0.0,0.0,0.0,0.0,0.0,0.0,0.7,0.0,0.0,0.0,0.0,0.05,0.0,0.0,0.0,0.0,0.0,0.15,0.0,83.0,500.0,1.0,1,0.01,0.02,10000,0.0,0.0,0.0,372.38129628423775,0.9220596497227582
69b7d5279605ebc57c753121,69b7d5279605ebc57c753121,69b7d5289605ebc57c753122,0.0,0.0,0.0,0.0,0.1,0.0,0.0,0.0,0.0,0.0,0.0,0.0,0.0,0.0,0.0,0.0,0.0,0.7,0.0,0.0,0.0,0.0,0.05,0.0,0.0,0.0,0.0,0.0,0.15,0.0,83.0,500.0,1.0,1,0.01,0.02,10000,0.0,0.0,0.0,388.4478094347329,0.9494955910012457
69b7d5279605ebc57c753121,69b7d5279605ebc57c753121,69b7d5289605ebc57c753122,0.0,0.0,0.0,0.0,0.1,0.0,0.0,0.0,0.0,0.0,0.0,0.0,0.0,0.0,0.0,0.0,0.0,0.7,0.0,0.0,0.0,0.0,0.05,0.0,0.0,0.0,0.0,0.0,0.15,0.0,83.0,500.0,1.0,1,0.01,0.02,10000,0.0,0.0,0.0,401.5681144149317,0.970299714208945
69b7d5289605ebc57c753123,69b7d5289605ebc57c753123,69b7d5289605ebc57c753124,0.0,0.0,0.0,0.0,0.15,0.0,0.0,0.0,0.0,0.0,0.0,0.0,0.0,0.0,0.0,0.0,0.0,0.65,0.0,0.0,0.0,0.0,0.05,0.0,0.0,0.0,0.0,0.0,0.15,0.0,75.0,500.0,1.0,1,0.01,0.02,10000,0.0,0.0,0.0,117.43395154177199,0.13274872371088692
69b7d5289605ebc57c753123,69b7d5289605ebc57c753123,69b7d5289605ebc57c753124,0.0,0.0,0.0,0.0,0.15,0.0,0.0,0.0,0.0,0.0,0.0,0.0,0.0,0.0,0.0,0.0,0.0,0.65,0.0,0.0,0.0,0.0,0.05,0.0,0.0,0.0,0.0,0.0,0.15,0.0,75.0,500.0,1.0,1,0.01,0.02,10000,0.0,0.0,0.0,187.26210419762148,0.3119030753071643
69b7d5289605ebc57c753123,69b7d5289605ebc57c753123,69b7d5289605ebc57c753124,0.0,0.0,0.0,0.0,0.15,0.0,0.0,0.0,0.0,0.0,0.0,0.0,0.0,0.0,0.0,0.0,0.0,0.65,0.0,0.0,0.0,0.0,0.05,0.0,0.0,0.0,0.0,0.0,0.15,0.0,75.0,500.0,1.0,1,0.01,0.02,10000,0.0,0.0,0.0,213.26829614808588,0.4312904565328904
69b7d5289605ebc57c753123,69b7d5289605ebc57c753123,69b7d5289605ebc57c753124,0.0,0.0,0.0,0.0,0.15,0.0,0.0,0.0,0.0,0.0,0.0,0.0,0.0,0.0,0.0,0.0,0.0,0.65,0.0,0.0,0.0,0.0,0.05,0.0,0.0,0.0,0.0,0.0,0.15,0.0,75.0,500.0,1.0,1,0.01,0.02,10000,0.0,0.0,0.0,249.55336265531673,0.630955812306114
69b7d5289605ebc57c753123,69b7d5289605ebc57c753123,69b7d5289605ebc57c753124,0.0,0.0,0.0,0.0,0.15,0.0,0.0,0.0,0.0,0.0,0.0,0.0,0.0,0.0,0.0,0.0,0.0,0.65,0.0,0.0,0.0,0.0,0.05,0.0,0.0,0.0,0.0,0.0,0.15,0.0,75.0,500.0,1.0,1,0.01,0.02,10000,0.0,0.0,0.0,281.2228806184847,0.7907276679938445
69b7d5289605ebc57c753123,69b7d5289605ebc57c753123,69b7d5289605ebc57c753124,0.0,0.0,0.0,0.0,0.15,0.0,0.0,0.0,0.0,0.0,0.0,0.0,0.0,0.0,0.0,0.0,0.0,0.65,0.0,0.0,0.0,0.0,0.05,0.0,0.0,0.0,0.0,0.0,0.15,0.0,75.0,500.0,1.0,1,0.01,0.02,10000,0.0,0.0,0.0,310.71160073166834,0.8619775763941473
69b7d5289605ebc57c753123,69b7d5289605ebc57c753123,69b7d5289605ebc57c753124,0.0,0.0,0.0,0.0,0.15,0.0,0.0,0.0,0.0,0.0,0.0,0.0,0.0,0.0,0.0,0.0,0.0,0.65,0.0,0.0,0.0,0.0,0.05,0.0,0.0,0.0,0.0,0.0,0.15,0.0,75.0,500.0,1.0,1,0.01,0.02,10000,0.0,0.0,0.0,340.58391395201534,0.94178656049244
69b7d5289605ebc57c753123,69b7d5289605ebc57c753123,69b7d5289605ebc57c753124,0.0,0.0,0.0,0.0,0.15,0.0,0.0,0.0,0.0,0.0,0.0,0.0,0.0,0.0,0.0,0.0,0.0,0.65,0.0,0.0,0.0,0.0,0.05,0.0,0.0,0.0,0.0,0.0,0.15,0.0,75.0,500.0,1.0,1,0.01,0.02,10000,0.0,0.0,0.0,369.4155532797802,0.9806468159945284
69b7d5299605ebc57c753125,69b7d5299605ebc57c753125,69b7d5299605ebc57c753126,0.0,0.0,0.0,0.0,0.2,0.0,0.0,0.0,0.0,0.0,0.0,0.0,0.0,0.0,0.0,0.0,0.0,0.6,0.0,0.0,0.0,0.0,0.05,0.0,0.0,0.0,0.0,0.0,0.15,0.0,133.0,500.0,1.0,1,0.01,0.02,10000,0.0,0.0,0.0,102.32464526517057,0.23196218764503285
69b7d5299605ebc57c753125,69b7d5299605ebc57c753125,69b7d5299605ebc57c753126,0.0,0.0,0.0,0.0,0.2,0.0,0.0,0.0,0.0,0.0,0.0,0.0,0.0,0.0,0.0,0.0,0.0,0.6,0.0,0.0,0.0,0.0,0.05,0.0,0.0,0.0,0.0,0.0,0.15,0.0,133.0,500.0,1.0,1,0.01,0.02,10000,0.0,0.0,0.0,125.1732976575958,0.36283983487627935
69b7d5299605ebc57c753125,69b7d5299605ebc57c753125,69b7d5299605ebc57c753126,0.0,0.0,0.0,0.0,0.2,0.0,0.0,0.0,0.0,0.0,0.0,0.0,0.0,0.0,0.0,0.0,0.0,0.6,0.0,0.0,0.0,0.0,0.05,0.0,0.0,0.0,0.0,0.0,0.15,0.0,133.0,500.0,1.0,1,0.01,0.02,10000,0.0,0.0,0.0,158.3771880494172,0.48182417743471995
69b7d5299605ebc57c753125,69b7d5299605ebc57c753125,69b7d5299605ebc57c753126,0.0,0.0,0.0,0.0,0.2,0.0,0.0,0.0,0.0,0.0,0.0,0.0,0.0,0.0,0.0,0.0,0.0,0.6,0.0,0.0,0.0,0.0,0.05,0.0,0.0,0.0,0.0,0.0,0.15,0.0,133.0,500.0,1.0,1,0.01,0.02,10000,0.0,0.0,0.0,181.50643169615637,0.5706538997044384
69b7d5299605ebc57c753125,69b7d5299605ebc57c753125,69b7d5299605ebc57c753126,0.0,0.0,0.0,0.0,0.2,0.0,0.0,0.0,0.0,0.0,0.0,0.0,0.0,0.0,0.0,0.0,0.0,0.6,0.0,0.0,0.0,0.0,0.05,0.0,0.0,0.0,0.0,0.0,0.15,0.0,133.0,500.0,1.0,1,0.01,0.02,10000,0.0,0.0,0.0,201.6326385641305,0.6005080729866387
69b7d5299605ebc57c753125,69b7d5299605ebc57c753125,69b7d5299605ebc57c753126,0.0,0.0,0.0,0.0,0.2,0.0,0.0,0.0,0.0,0.0,0.0,0.0,0.0,0.0,0.0,0.0,0.0,0.6,0.0,0.0,0.0,0.0,0.05,0.0,0.0,0.0,0.0,0.0,0.15,0.0,133.0,500.0,1.0,1,0.01,0.02,10000,0.0,0.0,0.0,218.75048097129564,0.6820318034148366
69b7d5299605ebc57c753125,69b7d5299605ebc57c753125,69b7d5299605ebc57c753126,0.0,0.0,0.0,0.0,0.2,0.0,0.0,0.0,0.0,0.0,0.0,0.0,0.0,0.0,0.0,0.0,0.0,0.6,0.0,0.0,0.0,0.0,0.05,0.0,0.0,0.0,0.0,0.0,0.15,0.0,133.0,500.0,1.0,1,0.01,0.02,10000,0.0,0.0,0.0,238.1840891735581,0.850611885976697
69b7d5299605ebc57c753125,69b7d5299605ebc57c753125,69b7d5299605ebc57c753126,0.0,0.0,0.0,0.0,0.2,0.0,0.0,0.0,0.0,0.0,0.0,0.0,0.0,0.0,0.0,0.0,0.0,0.6,0.0,0.0,0.0,0.0,0.05,0.0,0.0,0.0,0.0,0.0,0.15,0.0,133.0,500.0,1.0,1,0.01,0.02,10000,0.0,0.0,0.0,259.32255562988,0.9018710764796404
69b7d5299605ebc57c753125,69b7d5299605ebc57c753125,69b7d5299605ebc57c753126,0.0,0.0,0.0,0.0,0.2,0.0,0.0,0.0,0.0,0.0,0.0,0.0,0.0,0.0,0.0,0.0,0.0,0.6,0.0,0.0,0.0,0.0,0.05,0.0,0.0,0.0,0.0,0.0,0.15,0.0,133.0,500.0,1.0,1,0.01,0.02,10000,0.0,0.0,0.0,277.3976049109389,0.9215760033220157
69b7d5299605ebc57c753125,69b7d5299605ebc57c753125,69b7d5299605ebc57c753126,0.0,0.0,0.0,0.0,0.2,0.0,0.0,0.0,0.0,0.0,0.0,0.0,0.0,0.0,0.0,0.0,0.0,0.6,0.0,0.0,0.0,0.0,0.05,0.0,0.0,0.0,0.0,0.0,0.15,0.0,133.0,500.0,1.0,1,0.01,0.02,10000,0.0,0.0,0.0,293.499635941727,0.9506534111727204
69b7d5299605ebc57c753127,69b7d5299605ebc57c753127,69b7d52a9605ebc57c753128,0.0,0.0,0.0,0.0,0.25,0.0,0.0,0.0,0.0,0.0,0.0,0.0,0.0,0.0,0.0,0.0,0.0,0.55,0.0,0.0,0.0,0.0,0.05,0.0,0.0,0.0,0.0,0.0,0.15,0.0,96.0,500.0,1.0,0,0.01,0.02,10000,0.0,0.0,0.0,137.58146913792186,0.18112069176091258
69b7d5299605ebc57c753127,69b7d5299605ebc57c753127,69b7d52a9605ebc57c753128,0.0,0.0,0.0,0.0,0.25,0.0,0.0,0.0,0.0,0.0,0.0,0.0,0.0,0.0,0.0,0.0,0.0,0.55,0.0,0.0,0.0,0.0,0.05,0.0,0.0,0.0,0.0,0.0,0.15,0.0,96.0,500.0,1.0,0,0.01,0.02,10000,0.0,0.0,0.0,154.66734545282338,0.22171767752021299
69b7d5299605ebc57c753127,69b7d5299605ebc57c753127,69b7d52a9605ebc57c753128,0.0,0.0,0.0,0.0,0.25,0.0,0.0,0.0,0.0,0.0,0.0,0.0,0.0,0.0,0.0,0.0,0.0,0.55,0.0,0.0,0.0,0.0,0.05,0.0,0.0,0.0,0.0,0.0,0.15,0.0,96.0,500.0,1.0,0,0.01,0.02,10000,0.0,0.0,0.0,171.20624641121418,0.3022374752680818
69b7d5299605ebc57c753127,69b7d5299605ebc57c753127,69b7d52a9605ebc57c753128,0.0,0.0,0.0,0.0,0.25,0.0,0.0,0.0,0.0,0.0,0.0,0.0,0.0,0.0,0.0,0.0,0.0,0.55,0.0,0.0,0.0,0.0,0.05,0.0,0.0,0.0,0.0,0.0,0.15,0.0,96.0,500.0,1.0,0,0.01,0.02,10000,0.0,0.0,0.0,193.20424557062432,0.420686875595398
69b7d5299605ebc57c753127,69b7d5299605ebc57c753127,69b7d52a9605ebc57c753128,0.0,0.0,0.0,0.0,0.25,0.0,0.0,0.0,0.0,0.0,0.0,0.0,0.0,0.0,0.0,0.0,0.0,0.55,0.0,0.0,0.0,0.0,0.05,0.0,0.0,0.0,0.0,0.0,0.15,0.0,96.0,500.0,1.0,0,0.01,0.02,10000,0.0,0.0,0.0,218.74692918326633,0.511099440631183
69b7d5299605ebc57c753127,69b7d5299605ebc57c753127,69b7d52a9605ebc57c753128,0.0,0.0,0.0,0.0,0.25,0.0,0.0,0.0,0.0,0.0,0.0,0.0,0.0,0.0,0.0,0.0,0.0,0.55,0.0,0.0,0.0,0.0,0.05,0.0,0.0,0.0,0.0,0.0,0.15,0.0,96.0,500.0,1.0,0,0.01,0.02,10000,0.0,0.0,0.0,243.71955081720722,0.6004054813258751
69b7d5299605ebc57c753127,69b7d5299605ebc57c753127,69b7d52a9605ebc57c753128,0.0,0.0,0.0,0.0,0.25,0.0,0.0,0.0,0.0,0.0,0.0,0.0,0.0,0.0,0.0,0.0,0.0,0.55,0.0,0.0,0.0,0.0,0.05,0.0,0.0,0.0,0.0,0.0,0.15,0.0,96.0,500.0,1.0,0,0.01,0.02,10000,0.0,0.0,0.0,269.6493793250419,0.7116075136178216
69b7d5299605ebc57c753127,69b7d5299605ebc57c753127,69b7d52a9605ebc57c753128,0.0,0.0,0.0,0.0,0.25,0.0,0.0,0.0,0.0,0.0,0.0,0.0,0.0,0.0,0.0,0.0,0.0,0.55,0.0,0.0,0.0,0.0,0.05,0.0,0.0,0.0,0.0,0.0,0.15,0.0,96.0,500.0,1.0,0,0.01,0.02,10000,0.0,0.0,0.0,288.68163547999455,0.7606096875839664
69b7d5299605ebc57c753127,69b7d5299605ebc57c753127,69b7d52a9605ebc57c753128,0.0,0.0,0.0,0.0,0.25,0.0,0.0,0.0,0.0,0.0,0.0,0.0,0.0,0.0,0.0,0.0,0.0,0.55,0.0,0.0,0.0,0.0,0.05,0.0,0.0,0.0,0.0,0.0,0.15,0.0,96.0,500.0,1.0,0,0.01,0.02,10000,0.0,0.0,0.0,316.5809304500707,0.8404772954884097
69b7d5299605ebc57c753127,69b7d5299605ebc57c753127,69b7d52a9605ebc57c753128,0.0,0.0,0.0,0.0,0.25,0.0,0.0,0.0,0.0,0.0,0.0,0.0,0.0,0.0,0.0,0.0,0.0,0.55,0.0,0.0,0.0,0.0,0.05,0.0,0.0,0.0,0.0,0.0,0.15,0.0,96.0,500.0,1.0,0,0.01,0.02,10000,0.0,0.0,0.0,338.3604946456795,0.8710276264686485
69b7d5299605ebc57c753127,69b7d5299605ebc57c753127,69b7d52a9605ebc57c753128,0.0,0.0,0.0,0.0,0.25,0.0,0.0,0.0,0.0,0.0,0.0,0.0,0.0,0.0,0.0,0.0,0.0,0.55,0.0,0.0,0.0,0.0,0.05,0.0,0.0,0.0,0.0,0.0,0.15,0.0,96.0,500.0,1.0,0,0.01,0.02,10000,0.0,0.0,0.0,359.8079666605497,0.912972959769413
69b7d5299605ebc57c753127,69b7d5299605ebc57c753127,69b7d52a9605ebc57c753128,0.0,0.0,0.0,0.0,0.25,0.0,0.0,0.0,0.0,0.0,0.0,0.0,0.0,0.0,0.0,0.0,0.0,0.55,0.0,0.0,0.0,0.0,0.05,0.0,0.0,0.0,0.0,0.0,0.15,0.0,96.0,500.0,1.0,0,0.01,0.02,10000,0.0,0.0,0.0,382.57492792830124,0.9496274945650847
69b7d5299605ebc57c753127,69b7d5299605ebc57c753127,69b7d52a9605ebc57c753128,0.0,0.0,0.0,0.0,0.25,0.0,0.0,0.0,0.0,0.0,0.0,0.0,0.0,0.0,0.0,0.0,0.0,0.55,0.0,0.0,0.0,0.0,0.05,0.0,0.0,0.0,0.0,0.0,0.15,0.0,96.0,500.0,1.0,0,0.01,0.02,10000,0.0,0.0,0.0,407.58661923056434,0.9809252790737439
69b7d52a9605ebc57c753129,69b7d52a9605ebc57c753129,69b7d52a9605ebc57c75312a,0.0,0.0,0.0,0.0,0.3,0.0,0.0,0.0,0.0,0.0,0.0,0.0,0.0,0.0,0.0,0.0,0.0,0.5,0.0,0.0,0.0,0.0,0.05,0.0,0.0,0.0,0.0,0.0,0.15,0.0,73.0,500.0,1.0,0,0.01,0.02,10000,0.0,0.0,0.0,119.4300564142332,0.061542783165197
69b7d52a9605ebc57c753129,69b7d52a9605ebc57c753129,69b7d52a9605ebc57c75312a,0.0,0.0,0.0,0.0,0.3,0.0,0.0,0.0,0.0,0.0,0.0,0.0,0.0,0.0,0.0,0.0,0.0,0.5,0.0,0.0,0.0,0.0,0.05,0.0,0.0,0.0,0.0,0.0,0.15,0.0,73.0,500.0,1.0,0,0.01,0.02,10000,0.0,0.0,0.0,144.29434851328074,0.10136300349300179
69b7d52a9605ebc57c753129,69b7d52a9605ebc57c753129,69b7d52a9605ebc57c75312a,0.0,0.0,0.0,0.0,0.3,0.0,0.0,0.0,0.0,0.0,0.0,0.0,0.0,0.0,0.0,0.0,0.0,0.5,0.0,0.0,0.0,0.0,0.05,0.0,0.0,0.0,0.0,0.0,0.15,0.0,73.0,500.0,1.0,0,0.01,0.02,10000,0.0,0.0,0.0,178.61350034629933,0.27178240797283765
69b7d52a9605ebc57c753129,69b7d52a9605ebc57c753129,69b7d52a9605ebc57c75312a,0.0,0.0,0.0,0.0,0.3,0.0,0.0,0.0,0.0,0.0,0.0,0.0,0.0,0.0,0.0,0.0,0.0,0.5,0.0,0.0,0.0,0.0,0.05,0.0,0.0,0.0,0.0,0.0,0.15,0.0,73.0,500.0,1.0,0,0.01,0.02,10000,0.0,0.0,0.0,217.26760946906688,0.5907838491414055
69b7d52a9605ebc57c753129,69b7d52a9605ebc57c753129,69b7d52a9605ebc57c75312a,0.0,0.0,0.0,0.0,0.3,0.0,0.0,0.0,0.0,0.0,0.0,0.0,0.0,0.0,0.0,0.0,0.0,0.5,0.0,0.0,0.0,0.0,0.05,0.0,0.0,0.0,0.0,0.0,0.15,0.0,73.0,500.0,1.0,0,0.01,0.02,10000,0.0,0.0,0.0,239.1501755175251,0.7118200249151175
69b7d52a9605ebc57c753129,69b7d52a9605ebc57c753129,69b7d52a9605ebc57c75312a,0.0,0.0,0.0,0.0,0.3,0.0,0.0,0.0,0.0,0.0,0.0,0.0,0.0,0.0,0.0,0.0,0.0,0.5,0.0,0.0,0.0,0.0,0.05,0.0,0.0,0.0,0.0,0.0,0.15,0.0,73.0,500.0,1.0,0,0.01,0.02,10000,0.0,0.0,0.0,260.27088303370056,0.840755758567625
69b7d52a9605ebc57c753129,69b7d52a9605ebc57c753129,69b7d52a9605ebc57c75312a,0.0,0.0,0.0,0.0,0.3,0.0,0.0,0.0,0.0,0.0,0.0,0.0,0.0,0.0,0.0,0.0,0.0,0.5,0.0,0.0,0.0,0.0,0.05,0.0,0.0,0.0,0.0,0.0,0.15,0.0,73.0,500.0,1.0,0,0.01,0.02,10000,0.0,0.0,0.0,280.3562443393378,0.8823493490314859
69b7d52a9605ebc57c753129,69b7d52a9605ebc57c753129,69b7d52a9605ebc57c75312a,0.0,0.0,0.0,0.0,0.3,0.0,0.0,0.0,0.0,0.0,0.0,0.0,0.0,0.0,0.0,0.0,0.0,0.5,0.0,0.0,0.0,0.0,0.05,0.0,0.0,0.0,0.0,0.0,0.15,0.0,73.0,500.0,1.0,0,0.01,0.02,10000,0.0,0.0,0.0,301.3757258966785,0.9504555558269621
69b7d52a9605ebc57c753129,69b7d52a9605ebc57c753129,69b7d52a9605ebc57c75312a,0.0,0.0,0.0,0.0,0.3,0.0,0.0,0.0,0.0,0.0,0.0,0.0,0.0,0.0,0.0,0.0,0.0,0.5,0.0,0.0,0.0,0.0,0.05,0.0,0.0,0.0,0.0,0.0,0.15,0.0,73.0,500.0,1.0,0,0.01,0.02,10000,0.0,0.0,0.0,314.65941312622465,0.9904516475732187
69b7d52e9605ebc57c753137,69b7d52e9605ebc57c753137,69b7d52f9605ebc57c753138,0.0,0.0,0.0,0.0,0.0,0.0,0.0,0.0,0.185,0.0,0.0,0.0,0.0,0.0,0.0,0.0,0.0,0.815,0.0,0.0,0.0,0.0,0.0,0.0,0.0,0.0,0.0,0.0,0.0,0.0,78.0,350.0,5.005726218097448,0,0.01,0.025,18000,200.0,0.0,1.0,52.00148505661778,0.1609858334950514
69b7d52e9605ebc57c753137,69b7d52e9605ebc57c753137,69b7d52f9605ebc57c753138,0.0,0.0,0.0,0.0,0.0,0.0,0.0,0.0,0.185,0.0,0.0,0.0,0.0,0.0,0.0,0.0,0.0,0.815,0.0,0.0,0.0,0.0,0.0,0.0,0.0,0.0,0.0,0.0,0.0,0.0,78.0,350.0,5.005726218097448,0,0.01,0.025,18000,200.0,0.0,1.0,63.531464637089286,0.2471414709877741
69b7d52e9605ebc57c753137,69b7d52e9605ebc57c753137,69b7d52f9605ebc57c753138,0.0,0.0,0.0,0.0,0.0,0.0,0.0,0.0,0.185,0.0,0.0,0.0,0.0,0.0,0.0,0.0,0.0,0.815,0.0,0.0,0.0,0.0,0.0,0.0,0.0,0.0,0.0,0.0,0.0,0.0,78.0,350.0,5.005726218097448,0,0.01,0.025,18000,200.0,0.0,1.0,70.3211434935957,0.36322918688142836
69b7d52e9605ebc57c753137,69b7d52e9605ebc57c753137,69b7d52f9605ebc57c753138,0.0,0.0,0.0,0.0,0.0,0.0,0.0,0.0,0.185,0.0,0.0,0.0,0.0,0.0,0.0,0.0,0.0,0.815,0.0,0.0,0.0,0.0,0.0,0.0,0.0,0.0,0.0,0.0,0.0,0.0,78.0,350.0,5.005726218097448,0,0.01,0.025,18000,200.0,0.0,1.0,80.01113792463337,0.6302891519503202
69b7d52e9605ebc57c753137,69b7d52e9605ebc57c753137,69b7d52f9605ebc57c753138,0.0,0.0,0.0,0.0,0.0,0.0,0.0,0.0,0.185,0.0,0.0,0.0,0.0,0.0,0.0,0.0,0.0,0.815,0.0,0.0,0.0,0.0,0.0,0.0,0.0,0.0,0.0,0.0,0.0,0.0,78.0,350.0,5.005726218097448,0,0.01,0.025,18000,200.0,0.0,1.0,89.96621496194543,0.8558121482631477
69b7d52e9605ebc57c753137,69b7d52e9605ebc57c753137,69b7d52f9605ebc57c753138,0.0,0.0,0.0,0.0,0.0,0.0,0.0,0.0,0.185,0.0,0.0,0.0,0.0,0.0,0.0,0.0,0.0,0.815,0.0,0.0,0.0,0.0,0.0,0.0,0.0,0.0,0.0,0.0,0.0,0.0,78.0,350.0,5.005726218097448,0,0.01,0.025,18000,200.0,0.0,1.0,99.97326898087991,0.9712090044634194
69b7d52f9605ebc57c753139,69b7d52f9605ebc57c753139,69b7d52f9605ebc57c75313a,0.0,0.0,0.0,0.0,0.0,0.0,0.0,0.0,0.19,0.0,0.0,0.0,0.0,0.0,0.0,0.0,0.0,0.81,0.0,0.0,0.0,0.0,0.0,0.0,0.0,0.0,0.0,0.0,0.0,0.0,62.0,550.0,5.005726218097448,0,0.01,0.025,18000,200.0,0.0,1.0,51.92945981065528,0.16153696875606444
69b7d52f9605ebc57c753139,69b7d52f9605ebc57c753139,69b7d52f9605ebc57c75313a,0.0,0.0,0.0,0.0,0.0,0.0,0.0,0.0,0.19,0.0,0.0,0.0,0.0,0.0,0.0,0.0,0.0,0.81,0.0,0.0,0.0,0.0,0.0,0.0,0.0,0.0,0.0,0.0,0.0,0.0,62.0,550.0,5.005726218097448,0,0.01,0.025,18000,200.0,0.0,1.0,60.541303137182105,0.24145158160294977
69b7d52f9605ebc57c753139,69b7d52f9605ebc57c753139,69b7d52f9605ebc57c75313a,0.0,0.0,0.0,0.0,0.0,0.0,0.0,0.0,0.19,0.0,0.0,0.0,0.0,0.0,0.0,0.0,0.0,0.81,0.0,0.0,0.0,0.0,0.0,0.0,0.0,0.0,0.0,0.0,0.0,0.0,62.0,550.0,5.005726218097448,0,0.01,0.025,18000,200.0,0.0,1.0,70.89511787636904,0.5164991267222977
69b7d52f9605ebc57c753139,69b7d52f9605ebc57c753139,69b7d52f9605ebc57c75313a,0.0,0.0,0.0,0.0,0.0,0.0,0.0,0.0,0.19,0.0,0.0,0.0,0.0,0.0,0.0,0.0,0.0,0.81,0.0,0.0,0.0,0.0,0.0,0.0,0.0,0.0,0.0,0.0,0.0,0.0,62.0,550.0,5.005726218097448,0,0.01,0.025,18000,200.0,0.0,1.0,79.93540003712641,0.7672346206093538
69b7d52f9605ebc57c753139,69b7d52f9605ebc57c753139,69b7d52f9605ebc57c75313a,0.0,0.0,0.0,0.0,0.0,0.0,0.0,0.0,0.19,0.0,0.0,0.0,0.0,0.0,0.0,0.0,0.0,0.81,0.0,0.0,0.0,0.0,0.0,0.0,0.0,0.0,0.0,0.0,0.0,0.0,62.0,550.0,5.005726218097448,0,0.01,0.025,18000,200.0,0.0,1.0,89.9684425468721,0.9330875218319425
69b7d5309605ebc57c75313b,69b7d5309605ebc57c75313b,69b7d5309605ebc57c75313c,0.0,0.0,0.0,0.0,0.0,0.0,0.0,0.0,0.197,0.0,0.0,0.0,0.0,0.0,0.0,0.0,0.0,0.803,0.0,0.0,0.0,0.0,0.0,0.0,0.0,0.0,0.0,0.0,0.0,0.0,0.7,850.0,5.005726218097448,0,0.01,0.025,18000,200.0,0.0,1.0,61.444217560794506,0.04121870754900058
69b7d5309605ebc57c75313b,69b7d5309605ebc57c75313b,69b7d5309605ebc57c75313c,0.0,0.0,0.0,0.0,0.0,0.0,0.0,0.0,0.197,0.0,0.0,0.0,0.0,0.0,0.0,0.0,0.0,0.803,0.0,0.0,0.0,0.0,0.0,0.0,0.0,0.0,0.0,0.0,0.0,0.0,0.7,850.0,5.005726218097448,0,0.01,0.025,18000,200.0,0.0,1.0,70.51494338221644,0.08900446341936735
69b7d5309605ebc57c75313b,69b7d5309605ebc57c75313b,69b7d5309605ebc57c75313c,0.0,0.0,0.0,0.0,0.0,0.0,0.0,0.0,0.197,0.0,0.0,0.0,0.0,0.0,0.0,0.0,0.0,0.803,0.0,0.0,0.0,0.0,0.0,0.0,0.0,0.0,0.0,0.0,0.0,0.0,0.7,850.0,5.005726218097448,0,0.01,0.025,18000,200.0,0.0,1.0,80.01410803786894,0.15675528818164175
69b7d5309605ebc57c75313b,69b7d5309605ebc57c75313b,69b7d5309605ebc57c75313c,0.0,0.0,0.0,0.0,0.0,0.0,0.0,0.0,0.197,0.0,0.0,0.0,0.0,0.0,0.0,0.0,0.0,0.803,0.0,0.0,0.0,0.0,0.0,0.0,0.0,0.0,0.0,0.0,0.0,0.0,0.7,850.0,5.005726218097448,0,0.01,0.025,18000,200.0,0.0,1.0,89.9773528865788,0.3704172326799922
69b7d5309605ebc57c75313b,69b7d5309605ebc57c75313b,69b7d5309605ebc57c75313c,0.0,0.0,0.0,0.0,0.0,0.0,0.0,0.0,0.197,0.0,0.0,0.0,0.0,0.0,0.0,0.0,0.0,0.803,0.0,0.0,0.0,0.0,0.0,0.0,0.0,0.0,0.0,0.0,0.0,0.0,0.7,850.0,5.005726218097448,0,0.01,0.025,18000,200.0,0.0,1.0,99.92648969741973,0.5948301960023287
69b7d5309605ebc57c75313b,69b7d5309605ebc57c75313b,69b7d5309605ebc57c75313c,0.0,0.0,0.0,0.0,0.0,0.0,0.0,0.0,0.197,0.0,0.0,0.0,0.0,0.0,0.0,0.0,0.0,0.803,0.0,0.0,0.0,0.0,0.0,0.0,0.0,0.0,0.0,0.0,0.0,0.0,0.7,850.0,5.005726218097448,0,0.01,0.025,18000,200.0,0.0,1.0,109.94022647113421,0.7746710653987968
69b7d5309605ebc57c75313b,69b7d5309605ebc57c75313b,69b7d5309605ebc57c75313c,0.0,0.0,0.0,0.0,0.0,0.0,0.0,0.0,0.197,0.0,0.0,0.0,0.0,0.0,0.0,0.0,0.0,0.803,0.0,0.0,0.0,0.0,0.0,0.0,0.0,0.0,0.0,0.0,0.0,0.0,0.7,850.0,5.005726218097448,0,0.01,0.025,18000,200.0,0.0,1.0,119.9910896602933,0.900725790801475
69b7d5309605ebc57c75313b,69b7d5309605ebc57c75313b,69b7d5309605ebc57c75313c,0.0,0.0,0.0,0.0,0.0,0.0,0.0,0.0,0.197,0.0,0.0,0.0,0.0,0.0,0.0,0.0,0.0,0.803,0.0,0.0,0.0,0.0,0.0,0.0,0.0,0.0,0.0,0.0,0.0,0.0,0.7,850.0,5.005726218097448,0,0.01,0.025,18000,200.0,0.0,1.0,130.02784481158346,0.9766815447312246
69b7d5329605ebc57c753141,69b7d5329605ebc57c753141,69b7d5329605ebc57c753142,0.0,0.0,0.0,0.0,0.0,0.0,0.0,0.0,0.0,0.0,0.0,0.0,0.0,0.0,0.0,0.0,0.1,0.9,0.0,0.0,0.0,0.0,0.0,0.0,0.0,0.0,0.0,0.0,0.0,0.0,9.0,650.0,4.0,1,0.01,0.1,30000,100.0,20.0,0.5,251.15162067438666,0.06389105665678164
69b7d5329605ebc57c753141,69b7d5329605ebc57c753141,69b7d5329605ebc57c753142,0.0,0.0,0.0,0.0,0.0,0.0,0.0,0.0,0.0,0.0,0.0,0.0,0.0,0.0,0.0,0.0,0.1,0.9,0.0,0.0,0.0,0.0,0.0,0.0,0.0,0.0,0.0,0.0,0.0,0.0,9.0,650.0,4.0,1,0.01,0.1,30000,100.0,20.0,0.5,304.33855921709306,0.23258935539253942
69b7d5329605ebc57c753141,69b7d5329605ebc57c753141,69b7d5329605ebc57c753142,0.0,0.0,0.0,0.0,0.0,0.0,0.0,0.0,0.0,0.0,0.0,0.0,0.0,0.0,0.0,0.0,0.1,0.9,0.0,0.0,0.0,0.0,0.0,0.0,0.0,0.0,0.0,0.0,0.0,0.0,9.0,650.0,4.0,1,0.01,0.1,30000,100.0,20.0,0.5,350.0731723791155,0.47830497892929613
69b7d5329605ebc57c753141,69b7d5329605ebc57c753141,69b7d5329605ebc57c753142,0.0,0.0,0.0,0.0,0.0,0.0,0.0,0.0,0.0,0.0,0.0,0.0,0.0,0.0,0.0,0.0,0.1,0.9,0.0,0.0,0.0,0.0,0.0,0.0,0.0,0.0,0.0,0.0,0.0,0.0,9.0,650.0,4.0,1,0.01,0.1,30000,100.0,20.0,0.5,400.14934670198954,0.7470501014515375
69b7d5329605ebc57c753141,69b7d5329605ebc57c753141,69b7d5329605ebc57c753142,0.0,0.0,0.0,0.0,0.0,0.0,0.0,0.0,0.0,0.0,0.0,0.0,0.0,0.0,0.0,0.0,0.1,0.9,0.0,0.0,0.0,0.0,0.0,0.0,0.0,0.0,0.0,0.0,0.0,0.0,9.0,650.0,4.0,1,0.01,0.1,30000,100.0,20.0,0.5,451.0360458396812,0.9407835180271579
69b7d5329605ebc57c753143,69b7d5329605ebc57c753143,69b7d5339605ebc57c753144,0.0,0.0,0.0,0.0,0.0,0.0,0.0,0.0,0.0,0.0,0.0,0.0,0.0,0.0,0.0,0.0,0.25,0.75,0.0,0.0,0.0,0.0,0.0,0.0,0.0,0.0,0.0,0.0,0.0,0.0,14.0,650.0,4.0,0,0.01,0.1,30000,100.0,20.0,0.5,199.16545963511373,0.018948025597003273
69b7d5329605ebc57c753143,69b7d5329605ebc57c753143,69b7d5339605ebc57c753144,0.0,0.0,0.0,0.0,0.0,0.0,0.0,0.0,0.0,0.0,0.0,0.0,0.0,0.0,0.0,0.0,0.25,0.75,0.0,0.0,0.0,0.0,0.0,0.0,0.0,0.0,0.0,0.0,0.0,0.0,14.0,650.0,4.0,0,0.01,0.1,30000,100.0,20.0,0.5,250.25854240620802,0.0880599344466989
69b7d5329605ebc57c753143,69b7d5329605ebc57c753143,69b7d5339605ebc57c753144,0.0,0.0,0.0,0.0,0.0,0.0,0.0,0.0,0.0,0.0,0.0,0.0,0.0,0.0,0.0,0.0,0.25,0.75,0.0,0.0,0.0,0.0,0.0,0.0,0.0,0.0,0.0,0.0,0.0,0.0,14.0,650.0,4.0,0,0.01,0.1,30000,100.0,20.0,0.5,302.049577101173,0.21688777899172781
69b7d5329605ebc57c753143,69b7d5329605ebc57c753143,69b7d5339605ebc57c753144,0.0,0.0,0.0,0.0,0.0,0.0,0.0,0.0,0.0,0.0,0.0,0.0,0.0,0.0,0.0,0.0,0.25,0.75,0.0,0.0,0.0,0.0,0.0,0.0,0.0,0.0,0.0,0.0,0.0,0.0,14.0,650.0,4.0,0,0.01,0.1,30000,100.0,20.0,0.5,355.38661283180863,0.456321211175277
69b7d5329605ebc57c753143,69b7d5329605ebc57c753143,69b7d5339605ebc57c753144,0.0,0.0,0.0,0.0,0.0,0.0,0.0,0.0,0.0,0.0,0.0,0.0,0.0,0.0,0.0,0.0,0.25,0.75,0.0,0.0,0.0,0.0,0.0,0.0,0.0,0.0,0.0,0.0,0.0,0.0,14.0,650.0,4.0,0,0.01,0.1,30000,100.0,20.0,0.5,401.1249784235292,0.5957468393944123
69b7d5329605ebc57c753143,69b7d5329605ebc57c753143,69b7d5339605ebc57c753144,0.0,0.0,0.0,0.0,0.0,0.0,0.0,0.0,0.0,0.0,0.0,0.0,0.0,0.0,0.0,0.0,0.25,0.75,0.0,0.0,0.0,0.0,0.0,0.0,0.0,0.0,0.0,0.0,0.0,0.0,14.0,650.0,4.0,0,0.01,0.1,30000,100.0,20.0,0.5,448.5631946685479,0.7934602778211332
69b7d5329605ebc57c753143,69b7d5329605ebc57c753143,69b7d5339605ebc57c753144,0.0,0.0,0.0,0.0,0.0,0.0,0.0,0.0,0.0,0.0,0.0,0.0,0.0,0.0,0.0,0.0,0.25,0.75,0.0,0.0,0.0,0.0,0.0,0.0,0.0,0.0,0.0,0.0,0.0,0.0,14.0,650.0,4.0,0,0.01,0.1,30000,100.0,20.0,0.5,499.1421945709847,0.9383877009520838
69b7d5329605ebc57c753143,69b7d5329605ebc57c753143,69b7d5339605ebc57c753144,0.0,0.0,0.0,0.0,0.0,0.0,0.0,0.0,0.0,0.0,0.0,0.0,0.0,0.0,0.0,0.0,0.25,0.75,0.0,0.0,0.0,0.0,0.0,0.0,0.0,0.0,0.0,0.0,0.0,0.0,14.0,650.0,4.0,0,0.01,0.1,30000,100.0,20.0,0.5,548.0138389607271,0.9850710160761668
69b7d5339605ebc57c753145,69b7d5339605ebc57c753145,69b7d5339605ebc57c753146,0.0,0.0,0.0,0.0,0.0,0.0,0.0,0.0,0.0,0.0,0.0,0.0,0.0,0.0,0.0,0.0,0.5,0.5,0.0,0.0,0.0,0.0,0.0,0.0,0.0,0.0,0.0,0.0,0.0,0.0,18.0,650.0,4.0,0,0.01,0.1,30000,100.0,20.0,0.5,249.89455672547976,0.015264554393631969
69b7d5339605ebc57c753145,69b7d5339605ebc57c753145,69b7d5339605ebc57c753146,0.0,0.0,0.0,0.0,0.0,0.0,0.0,0.0,0.0,0.0,0.0,0.0,0.0,0.0,0.0,0.0,0.5,0.5,0.0,0.0,0.0,0.0,0.0,0.0,0.0,0.0,0.0,0.0,0.0,0.0,18.0,650.0,4.0,0,0.01,0.1,30000,100.0,20.0,0.5,301.1264793954085,0.06890900577493365
69b7d5339605ebc57c753145,69b7d5339605ebc57c753145,69b7d5339605ebc57c753146,0.0,0.0,0.0,0.0,0.0,0.0,0.0,0.0,0.0,0.0,0.0,0.0,0.0,0.0,0.0,0.0,0.5,0.5,0.0,0.0,0.0,0.0,0.0,0.0,0.0,0.0,0.0,0.0,0.0,0.0,18.0,650.0,4.0,0,0.01,0.1,30000,100.0,20.0,0.5,351.1238526946198,0.16937724363976903
69b7d5339605ebc57c753145,69b7d5339605ebc57c753145,69b7d5339605ebc57c753146,0.0,0.0,0.0,0.0,0.0,0.0,0.0,0.0,0.0,0.0,0.0,0.0,0.0,0.0,0.0,0.0,0.5,0.5,0.0,0.0,0.0,0.0,0.0,0.0,0.0,0.0,0.0,0.0,0.0,0.0,18.0,650.0,4.0,0,0.01,0.1,30000,100.0,20.0,0.5,403.1700526090644,0.5292570625877946
69b7d5339605ebc57c753145,69b7d5339605ebc57c753145,69b7d5339605ebc57c753146,0.0,0.0,0.0,0.0,0.0,0.0,0.0,0.0,0.0,0.0,0.0,0.0,0.0,0.0,0.0,0.0,0.5,0.5,0.0,0.0,0.0,0.0,0.0,0.0,0.0,0.0,0.0,0.0,0.0,0.0,18.0,650.0,4.0,0,0.01,0.1,30000,100.0,20.0,0.5,451.1035895742493,0.7638442328702982
69b7d5339605ebc57c753145,69b7d5339605ebc57c753145,69b7d5339605ebc57c753146,0.0,0.0,0.0,0.0,0.0,0.0,0.0,0.0,0.0,0.0,0.0,0.0,0.0,0.0,0.0,0.0,0.5,0.5,0.0,0.0,0.0,0.0,0.0,0.0,0.0,0.0,0.0,0.0,0.0,0.0,18.0,650.0,4.0,0,0.01,0.1,30000,100.0,20.0,0.5,498.39921349073524,0.9202356797253004
69b7d5339605ebc57c753145,69b7d5339605ebc57c753145,69b7d5339605ebc57c753146,0.0,0.0,0.0,0.0,0.0,0.0,0.0,0.0,0.0,0.0,0.0,0.0,0.0,0.0,0.0,0.0,0.5,0.5,0.0,0.0,0.0,0.0,0.0,0.0,0.0,0.0,0.0,0.0,0.0,0.0,18.0,650.0,4.0,0,0.01,0.1,30000,100.0,20.0,0.5,549.2071116047641,0.9542375526767599
69b7d53b9605ebc57c753159,69b7d53b9605ebc57c753159,69b7d53b9605ebc57c75315a,0.0,0.0,0.0,0.0,0.0,0.0,0.0,0.0,0.0,0.0,0.0,0.0,0.0,0.0,0.0,0.0,0.0,1.0,0.0,0.0,0.0,0.0,0.0,0.0,0.0,0.0,0.0,0.0,0.0,0.0,9.0,550.0,4.0,1,0.01,0.1,30000,150.0,20.0,0.5,250.10398627223051,0.02137433275693557
69b7d53b9605ebc57c753159,69b7d53b9605ebc57c753159,69b7d53b9605ebc57c75315a,0.0,0.0,0.0,0.0,0.0,0.0,0.0,0.0,0.0,0.0,0.0,0.0,0.0,0.0,0.0,0.0,0.0,1.0,0.0,0.0,0.0,0.0,0.0,0.0,0.0,0.0,0.0,0.0,0.0,0.0,9.0,550.0,4.0,1,0.01,0.1,30000,150.0,20.0,0.5,275.31769190014154,0.06532591534471092
69b7d53b9605ebc57c753159,69b7d53b9605ebc57c753159,69b7d53b9605ebc57c75315a,0.0,0.0,0.0,0.0,0.0,0.0,0.0,0.0,0.0,0.0,0.0,0.0,0.0,0.0,0.0,0.0,0.0,1.0,0.0,0.0,0.0,0.0,0.0,0.0,0.0,0.0,0.0,0.0,0.0,0.0,9.0,550.0,4.0,1,0.01,0.1,30000,150.0,20.0,0.5,300.30207419005364,0.13552364483873391
69b7d53b9605ebc57c753159,69b7d53b9605ebc57c753159,69b7d53b9605ebc57c75315a,0.0,0.0,0.0,0.0,0.0,0.0,0.0,0.0,0.0,0.0,0.0,0.0,0.0,0.0,0.0,0.0,0.0,1.0,0.0,0.0,0.0,0.0,0.0,0.0,0.0,0.0,0.0,0.0,0.0,0.0,9.0,550.0,4.0,1,0.01,0.1,30000,150.0,20.0,0.5,325.2350564214488,0.21681828433952333
69b7d53b9605ebc57c753159,69b7d53b9605ebc57c753159,69b7d53b9605ebc57c75315a,0.0,0.0,0.0,0.0,0.0,0.0,0.0,0.0,0.0,0.0,0.0,0.0,0.0,0.0,0.0,0.0,0.0,1.0,0.0,0.0,0.0,0.0,0.0,0.0,0.0,0.0,0.0,0.0,0.0,0.0,9.0,550.0,4.0,1,0.01,0.1,30000,150.0,20.0,0.5,349.89126910698326,0.33945568002405835
69b7d53b9605ebc57c753159,69b7d53b9605ebc57c753159,69b7d53b9605ebc57c75315a,0.0,0.0,0.0,0.0,0.0,0.0,0.0,0.0,0.0,0.0,0.0,0.0,0.0,0.0,0.0,0.0,0.0,1.0,0.0,0.0,0.0,0.0,0.0,0.0,0.0,0.0,0.0,0.0,0.0,0.0,9.0,550.0,4.0,1,0.01,0.1,30000,150.0,20.0,0.5,375.04171312441184,0.4747763326065709
69b7d53b9605ebc57c753159,69b7d53b9605ebc57c753159,69b7d53b9605ebc57c75315a,0.0,0.0,0.0,0.0,0.0,0.0,0.0,0.0,0.0,0.0,0.0,0.0,0.0,0.0,0.0,0.0,0.0,1.0,0.0,0.0,0.0,0.0,0.0,0.0,0.0,0.0,0.0,0.0,0.0,0.0,9.0,550.0,4.0,1,0.01,0.1,30000,150.0,20.0,0.5,399.9074798946694,0.6256672430644312
69b7d53b9605ebc57c753159,69b7d53b9605ebc57c753159,69b7d53b9605ebc57c75315a,0.0,0.0,0.0,0.0,0.0,0.0,0.0,0.0,0.0,0.0,0.0,0.0,0.0,0.0,0.0,0.0,0.0,1.0,0.0,0.0,0.0,0.0,0.0,0.0,0.0,0.0,0.0,0.0,0.0,0.0,9.0,550.0,4.0,1,0.01,0.1,30000,150.0,20.0,0.5,425.3386473086139,0.7584918427185926
69b7d53b9605ebc57c753159,69b7d53b9605ebc57c753159,69b7d53b9605ebc57c75315a,0.0,0.0,0.0,0.0,0.0,0.0,0.0,0.0,0.0,0.0,0.0,0.0,0.0,0.0,0.0,0.0,0.0,1.0,0.0,0.0,0.0,0.0,0.0,0.0,0.0,0.0,0.0,0.0,0.0,0.0,9.0,550.0,4.0,1,0.01,0.1,30000,150.0,20.0,0.5,450.08975240987195,0.8672881738215171
69b7d53b9605ebc57c753159,69b7d53b9605ebc57c753159,69b7d53b9605ebc57c75315a,0.0,0.0,0.0,0.0,0.0,0.0,0.0,0.0,0.0,0.0,0.0,0.0,0.0,0.0,0.0,0.0,0.0,1.0,0.0,0.0,0.0,0.0,0.0,0.0,0.0,0.0,0.0,0.0,0.0,0.0,9.0,550.0,4.0,1,0.01,0.1,30000,150.0,20.0,0.5,474.9713345827501,0.9379294789865423
69b7d53b9605ebc57c753159,69b7d53b9605ebc57c753159,69b7d53b9605ebc57c75315a,0.0,0.0,0.0,0.0,0.0,0.0,0.0,0.0,0.0,0.0,0.0,0.0,0.0,0.0,0.0,0.0,0.0,1.0,0.0,0.0,0.0,0.0,0.0,0.0,0.0,0.0,0.0,0.0,0.0,0.0,9.0,550.0,4.0,1,0.01,0.1,30000,150.0,20.0,0.5,499.8687321582489,0.9752349447409969
69b7d53b9605ebc57c75315b,69b7d53b9605ebc57c75315b,69b7d53c9605ebc57c75315c,0.0,0.0,0.0,0.0,0.0,0.0,0.0,0.0,0.05,0.0,0.0,0.0,0.0,0.0,0.0,0.0,0.0,0.95,0.0,0.0,0.0,0.0,0.0,0.0,0.0,0.0,0.0,0.0,0.0,0.0,46.0,550.0,4.0,1,0.01,0.1,30000,150.0,20.0,0.5,75.37937197036194,0.01978046763401248
69b7d53b9605ebc57c75315b,69b7d53b9605ebc57c75315b,69b7d53c9605ebc57c75315c,0.0,0.0,0.0,0.0,0.0,0.0,0.0,0.0,0.05,0.0,0.0,0.0,0.0,0.0,0.0,0.0,0.0,0.95,0.0,0.0,0.0,0.0,0.0,0.0,0.0,0.0,0.0,0.0,0.0,0.0,46.0,550.0,4.0,1,0.01,0.1,30000,150.0,20.0,0.5,100.43096972141169,0.057131042778738435
69b7d53b9605ebc57c75315b,69b7d53b9605ebc57c75315b,69b7d53c9605ebc57c75315c,0.0,0.0,0.0,0.0,0.0,0.0,0.0,0.0,0.05,0.0,0.0,0.0,0.0,0.0,0.0,0.0,0.0,0.95,0.0,0.0,0.0,0.0,0.0,0.0,0.0,0.0,0.0,0.0,0.0,0.0,46.0,550.0,4.0,1,0.01,0.1,30000,150.0,20.0,0.5,125.28092108904862,0.19910533042628373
69b7d53b9605ebc57c75315b,69b7d53b9605ebc57c75315b,69b7d53c9605ebc57c75315c,0.0,0.0,0.0,0.0,0.0,0.0,0.0,0.0,0.05,0.0,0.0,0.0,0.0,0.0,0.0,0.0,0.0,0.95,0.0,0.0,0.0,0.0,0.0,0.0,0.0,0.0,0.0,0.0,0.0,0.0,46.0,550.0,4.0,1,0.01,0.1,30000,150.0,20.0,0.5,150.34438039206384,0.4083452372002105
69b7d53b9605ebc57c75315b,69b7d53b9605ebc57c75315b,69b7d53c9605ebc57c75315c,0.0,0.0,0.0,0.0,0.0,0.0,0.0,0.0,0.05,0.0,0.0,0.0,0.0,0.0,0.0,0.0,0.0,0.95,0.0,0.0,0.0,0.0,0.0,0.0,0.0,0.0,0.0,0.0,0.0,0.0,46.0,550.0,4.0,1,0.01,0.1,30000,150.0,20.0,0.5,175.05199313611524,0.6946846101796856
69b7d53b9605ebc57c75315b,69b7d53b9605ebc57c75315b,69b7d53c9605ebc57c75315c,0.0,0.0,0.0,0.0,0.0,0.0,0.0,0.0,0.05,0.0,0.0,0.0,0.0,0.0,0.0,0.0,0.0,0.95,0.0,0.0,0.0,0.0,0.0,0.0,0.0,0.0,0.0,0.0,0.0,0.0,46.0,550.0,4.0,1,0.01,0.1,30000,150.0,20.0,0.5,200.0877754845444,0.9274490639801519
69b7d53b9605ebc57c75315b,69b7d53b9605ebc57c75315b,69b7d53c9605ebc57c75315c,0.0,0.0,0.0,0.0,0.0,0.0,0.0,0.0,0.05,0.0,0.0,0.0,0.0,0.0,0.0,0.0,0.0,0.95,0.0,0.0,0.0,0.0,0.0,0.0,0.0,0.0,0.0,0.0,0.0,0.0,46.0,550.0,4.0,1,0.01,0.1,30000,150.0,20.0,0.5,225.28171185917967,0.9750244342530636
69b7d53c9605ebc57c75315d,69b7d53c9605ebc57c75315d,69b7d53c9605ebc57c75315e,0.0,0.0,0.0,0.0,0.05,0.0,0.0,0.0,0.0,0.0,0.0,0.0,0.0,0.0,0.0,0.0,0.0,0.95,0.0,0.0,0.0,0.0,0.0,0.0,0.0,0.0,0.0,0.0,0.0,0.0,17.0,550.0,4.0,1,0.01,0.1,30000,150.0,20.0,0.5,125.60909069342632,0.02072024659800015
69b7d53c9605ebc57c75315d,69b7d53c9605ebc57c75315d,69b7d53c9605ebc57c75315e,0.0,0.0,0.0,0.0,0.05,0.0,0.0,0.0,0.0,0.0,0.0,0.0,0.0,0.0,0.0,0.0,0.0,0.95,0.0,0.0,0.0,0.0,0.0,0.0,0.0,0.0,0.0,0.0,0.0,0.0,17.0,550.0,4.0,1,0.01,0.1,30000,150.0,20.0,0.5,150.27321108027107,0.05077813698218179
69b7d53c9605ebc57c75315d,69b7d53c9605ebc57c75315d,69b7d53c9605ebc57c75315e,0.0,0.0,0.0,0.0,0.05,0.0,0.0,0.0,0.0,0.0,0.0,0.0,0.0,0.0,0.0,0.0,0.0,0.95,0.0,0.0,0.0,0.0,0.0,0.0,0.0,0.0,0.0,0.0,0.0,0.0,17.0,550.0,4.0,1,0.01,0.1,30000,150.0,20.0,0.5,174.98477767497766,0.1005638673783926
69b7d53c9605ebc57c75315d,69b7d53c9605ebc57c75315d,69b7d53c9605ebc57c75315e,0.0,0.0,0.0,0.0,0.05,0.0,0.0,0.0,0.0,0.0,0.0,0.0,0.0,0.0,0.0,0.0,0.0,0.95,0.0,0.0,0.0,0.0,0.0,0.0,0.0,0.0,0.0,0.0,0.0,0.0,17.0,550.0,4.0,1,0.01,0.1,30000,150.0,20.0,0.5,200.27756031599174,0.4288474550785655
69b7d53c9605ebc57c75315d,69b7d53c9605ebc57c75315d,69b7d53c9605ebc57c75315e,0.0,0.0,0.0,0.0,0.05,0.0,0.0,0.0,0.0,0.0,0.0,0.0,0.0,0.0,0.0,0.0,0.0,0.95,0.0,0.0,0.0,0.0,0.0,0.0,0.0,0.0,0.0,0.0,0.0,0.0,17.0,550.0,4.0,1,0.01,0.1,30000,150.0,20.0,0.5,225.23821950197296,0.7453800466130366
69b7d53c9605ebc57c75315d,69b7d53c9605ebc57c75315d,69b7d53c9605ebc57c75315e,0.0,0.0,0.0,0.0,0.05,0.0,0.0,0.0,0.0,0.0,0.0,0.0,0.0,0.0,0.0,0.0,0.0,0.95,0.0,0.0,0.0,0.0,0.0,0.0,0.0,0.0,0.0,0.0,0.0,0.0,17.0,550.0,4.0,1,0.01,0.1,30000,150.0,20.0,0.5,250.15538633074752,0.9036463423802721
69b7d53c9605ebc57c75315d,69b7d53c9605ebc57c75315d,69b7d53c9605ebc57c75315e,0.0,0.0,0.0,0.0,0.05,0.0,0.0,0.0,0.0,0.0,0.0,0.0,0.0,0.0,0.0,0.0,0.0,0.95,0.0,0.0,0.0,0.0,0.0,0.0,0.0,0.0,0.0,0.0,0.0,0.0,17.0,550.0,4.0,1,0.01,0.1,30000,150.0,20.0,0.5,275.0804608608323,0.9797909931584091
69b7d53c9605ebc57c75315f,69b7d53c9605ebc57c75315f,69b7d53d9605ebc57c753160,0.0,0.0,0.0,0.0,0.025,0.0,0.0,0.0,0.025,0.0,0.0,0.0,0.0,0.0,0.0,0.0,0.0,0.95,0.0,0.0,0.0,0.0,0.0,0.0,0.0,0.0,0.0,0.0,0.0,0.0,52.0,550.0,4.0,1,0.01,0.1,30000,150.0,20.0,0.5,100.56935449434204,0.03692203593714758
69b7d53c9605ebc57c75315f,69b7d53c9605ebc57c75315f,69b7d53d9605ebc57c753160,0.0,0.0,0.0,0.0,0.025,0.0,0.0,0.0,0.025,0.0,0.0,0.0,0.0,0.0,0.0,0.0,0.0,0.95,0.0,0.0,0.0,0.0,0.0,0.0,0.0,0.0,0.0,0.0,0.0,0.0,52.0,550.0,4.0,1,0.01,0.1,30000,150.0,20.0,0.5,125.25324413446255,0.12695286068716638
69b7d53c9605ebc57c75315f,69b7d53c9605ebc57c75315f,69b7d53d9605ebc57c753160,0.0,0.0,0.0,0.0,0.025,0.0,0.0,0.0,0.025,0.0,0.0,0.0,0.0,0.0,0.0,0.0,0.0,0.95,0.0,0.0,0.0,0.0,0.0,0.0,0.0,0.0,0.0,0.0,0.0,0.0,52.0,550.0,4.0,1,0.01,0.1,30000,150.0,20.0,0.5,150.2376264243747,0.2955943162168258
69b7d53c9605ebc57c75315f,69b7d53c9605ebc57c75315f,69b7d53d9605ebc57c753160,0.0,0.0,0.0,0.0,0.025,0.0,0.0,0.0,0.025,0.0,0.0,0.0,0.0,0.0,0.0,0.0,0.0,0.95,0.0,0.0,0.0,0.0,0.0,0.0,0.0,0.0,0.0,0.0,0.0,0.0,52.0,550.0,4.0,1,0.01,0.1,30000,150.0,20.0,0.5,175.09153164266678,0.5855649951131494
69b7d53c9605ebc57c75315f,69b7d53c9605ebc57c75315f,69b7d53d9605ebc57c753160,0.0,0.0,0.0,0.0,0.025,0.0,0.0,0.0,0.025,0.0,0.0,0.0,0.0,0.0,0.0,0.0,0.0,0.95,0.0,0.0,0.0,0.0,0.0,0.0,0.0,0.0,0.0,0.0,0.0,0.0,52.0,550.0,4.0,1,0.01,0.1,30000,150.0,20.0,0.5,199.99683691947587,0.8100744304939478
69b7d53c9605ebc57c75315f,69b7d53c9605ebc57c75315f,69b7d53d9605ebc57c753160,0.0,0.0,0.0,0.0,0.025,0.0,0.0,0.0,0.025,0.0,0.0,0.0,0.0,0.0,0.0,0.0,0.0,0.95,0.0,0.0,0.0,0.0,0.0,0.0,0.0,0.0,0.0,0.0,0.0,0.0,52.0,550.0,4.0,1,0.01,0.1,30000,150.0,20.0,0.5,225.22240409935236,0.9183595218404631
69b7d53c9605ebc57c75315f,69b7d53c9605ebc57c75315f,69b7d53d9605ebc57c753160,0.0,0.0,0.0,0.0,0.025,0.0,0.0,0.0,0.025,0.0,0.0,0.0,0.0,0.0,0.0,0.0,0.0,0.95,0.0,0.0,0.0,0.0,0.0,0.0,0.0,0.0,0.0,0.0,0.0,0.0,52.0,550.0,4.0,1,0.01,0.1,30000,150.0,20.0,0.5,249.80744747309404,0.9717013758364033
69b7d53c9605ebc57c75315f,69b7d53c9605ebc57c75315f,69b7d53d9605ebc57c753160,0.0,0.0,0.0,0.0,0.025,0.0,0.0,0.0,0.025,0.0,0.0,0.0,0.0,0.0,0.0,0.0,0.0,0.95,0.0,0.0,0.0,0.0,0.0,0.0,0.0,0.0,0.0,0.0,0.0,0.0,52.0,550.0,4.0,1,0.01,0.1,30000,150.0,20.0,0.5,274.75229125645467,0.9875422900533795
69b7d53d9605ebc57c753161,69b7d53d9605ebc57c753161,69b7d53d9605ebc57c753162,0.0,0.0,0.0,0.0,0.3,0.0,0.0,0.0,0.0,0.0,0.0,0.0,0.0,0.0,0.0,0.0,0.0,0.7,0.0,0.0,0.0,0.0,0.0,0.0,0.0,0.0,0.0,0.0,0.0,0.0,58.0,500.0,5.0,1,0.01,0.01,33000,500.0,10.2,1.0,62.18419906085104,0.03147729914643462
69b7d53d9605ebc57c753161,69b7d53d9605ebc57c753161,69b7d53d9605ebc57c753162,0.0,0.0,0.0,0.0,0.3,0.0,0.0,0.0,0.0,0.0,0.0,0.0,0.0,0.0,0.0,0.0,0.0,0.7,0.0,0.0,0.0,0.0,0.0,0.0,0.0,0.0,0.0,0.0,0.0,0.0,58.0,500.0,5.0,1,0.01,0.01,33000,500.0,10.2,1.0,72.81497797356829,0.08968248696403068
69b7d53d9605ebc57c753161,69b7d53d9605ebc57c753161,69b7d53d9605ebc57c753162,0.0,0.0,0.0,0.0,0.3,0.0,0.0,0.0,0.0,0.0,0.0,0.0,0.0,0.0,0.0,0.0,0.0,0.7,0.0,0.0,0.0,0.0,0.0,0.0,0.0,0.0,0.0,0.0,0.0,0.0,58.0,500.0,5.0,1,0.01,0.01,33000,500.0,10.2,1.0,81.49387616788498,0.14478229100933274
69b7d53d9605ebc57c753161,69b7d53d9605ebc57c753161,69b7d53d9605ebc57c753162,0.0,0.0,0.0,0.0,0.3,0.0,0.0,0.0,0.0,0.0,0.0,0.0,0.0,0.0,0.0,0.0,0.0,0.7,0.0,0.0,0.0,0.0,0.0,0.0,0.0,0.0,0.0,0.0,0.0,0.0,58.0,500.0,5.0,1,0.01,0.01,33000,500.0,10.2,1.0,92.85273757079923,0.2333106380152114
69b7d53d9605ebc57c753161,69b7d53d9605ebc57c753161,69b7d53d9605ebc57c753162,0.0,0.0,0.0,0.0,0.3,0.0,0.0,0.0,0.0,0.0,0.0,0.0,0.0,0.0,0.0,0.0,0.0,0.7,0.0,0.0,0.0,0.0,0.0,0.0,0.0,0.0,0.0,0.0,0.0,0.0,58.0,500.0,5.0,1,0.01,0.01,33000,500.0,10.2,1.0,101.52389020670958,0.32419708392839347
69b7d53d9605ebc57c753161,69b7d53d9605ebc57c753161,69b7d53d9605ebc57c753162,0.0,0.0,0.0,0.0,0.3,0.0,0.0,0.0,0.0,0.0,0.0,0.0,0.0,0.0,0.0,0.0,0.0,0.7,0.0,0.0,0.0,0.0,0.0,0.0,0.0,0.0,0.0,0.0,0.0,0.0,58.0,500.0,5.0,1,0.01,0.01,33000,500.0,10.2,1.0,110.88827031998838,0.4181889136138696
69b7d53d9605ebc57c753161,69b7d53d9605ebc57c753161,69b7d53d9605ebc57c753162,0.0,0.0,0.0,0.0,0.3,0.0,0.0,0.0,0.0,0.0,0.0,0.0,0.0,0.0,0.0,0.0,0.0,0.7,0.0,0.0,0.0,0.0,0.0,0.0,0.0,0.0,0.0,0.0,0.0,0.0,58.0,500.0,5.0,1,0.01,0.01,33000,500.0,10.2,1.0,118.95139662100014,0.5052808130459331
69b7d53d9605ebc57c753161,69b7d53d9605ebc57c753161,69b7d53d9605ebc57c753162,0.0,0.0,0.0,0.0,0.3,0.0,0.0,0.0,0.0,0.0,0.0,0.0,0.0,0.0,0.0,0.0,0.0,0.7,0.0,0.0,0.0,0.0,0.0,0.0,0.0,0.0,0.0,0.0,0.0,0.0,58.0,500.0,5.0,1,0.01,0.01,33000,500.0,10.2,1.0,127.35532749189136,0.603498953801189
69b7d53d9605ebc57c753161,69b7d53d9605ebc57c753161,69b7d53d9605ebc57c753162,0.0,0.0,0.0,0.0,0.3,0.0,0.0,0.0,0.0,0.0,0.0,0.0,0.0,0.0,0.0,0.0,0.0,0.7,0.0,0.0,0.0,0.0,0.0,0.0,0.0,0.0,0.0,0.0,0.0,0.0,58.0,500.0,5.0,1,0.01,0.01,33000,500.0,10.2,1.0,138.76066224524374,0.732770932279385
69b7d53d9605ebc57c753161,69b7d53d9605ebc57c753161,69b7d53d9605ebc57c753162,0.0,0.0,0.0,0.0,0.3,0.0,0.0,0.0,0.0,0.0,0.0,0.0,0.0,0.0,0.0,0.0,0.0,0.7,0.0,0.0,0.0,0.0,0.0,0.0,0.0,0.0,0.0,0.0,0.0,0.0,58.0,500.0,5.0,1,0.01,0.01,33000,500.0,10.2,1.0,147.16072033693177,0.812788534989538
69b7d53d9605ebc57c753161,69b7d53d9605ebc57c753161,69b7d53d9605ebc57c753162,0.0,0.0,0.0,0.0,0.3,0.0,0.0,0.0,0.0,0.0,0.0,0.0,0.0,0.0,0.0,0.0,0.0,0.7,0.0,0.0,0.0,0.0,0.0,0.0,0.0,0.0,0.0,0.0,0.0,0.0,58.0,500.0,5.0,1,0.01,0.01,33000,500.0,10.2,1.0,156.3004792564264,0.887334351854927
69b7d53d9605ebc57c753161,69b7d53d9605ebc57c753161,69b7d53d9605ebc57c753162,0.0,0.0,0.0,0.0,0.3,0.0,0.0,0.0,0.0,0.0,0.0,0.0,0.0,0.0,0.0,0.0,0.0,0.7,0.0,0.0,0.0,0.0,0.0,0.0,0.0,0.0,0.0,0.0,0.0,0.0,58.0,500.0,5.0,1,0.01,0.01,33000,500.0,10.2,1.0,169.4989107808491,0.9522651034574379
69b7d53d9605ebc57c753161,69b7d53d9605ebc57c753161,69b7d53d9605ebc57c753162,0.0,0.0,0.0,0.0,0.3,0.0,0.0,0.0,0.0,0.0,0.0,0.0,0.0,0.0,0.0,0.0,0.0,0.7,0.0,0.0,0.0,0.0,0.0,0.0,0.0,0.0,0.0,0.0,0.0,0.0,58.0,500.0,5.0,1,0.01,0.01,33000,500.0,10.2,1.0,187.7629375030256,0.9913896177222757
69b7d53e9605ebc57c753163,69b7d53e9605ebc57c753163,69b7d53e9605ebc57c753164,0.0,0.0,0.0,0.0,0.3,0.0,0.0,0.0,0.0,0.0,0.0,0.0,0.0,0.0,0.0,0.0,0.0,0.7,0.0,0.0,0.0,0.0,0.0,0.0,0.0,0.0,0.0,0.0,0.0,0.0,49.0,500.0,5.0,1,0.01,0.01,33000,500.0,10.2,1.0,50.503896984073194,0.024170513799860505
69b7d53e9605ebc57c753163,69b7d53e9605ebc57c753163,69b7d53e9605ebc57c753164,0.0,0.0,0.0,0.0,0.3,0.0,0.0,0.0,0.0,0.0,0.0,0.0,0.0,0.0,0.0,0.0,0.0,0.7,0.0,0.0,0.0,0.0,0.0,0.0,0.0,0.0,0.0,0.0,0.0,0.0,49.0,500.0,5.0,1,0.01,0.01,33000,500.0,10.2,1.0,75.3593939100547,0.04595801919691787
69b7d53e9605ebc57c753163,69b7d53e9605ebc57c753163,69b7d53e9605ebc57c753164,0.0,0.0,0.0,0.0,0.3,0.0,0.0,0.0,0.0,0.0,0.0,0.0,0.0,0.0,0.0,0.0,0.0,0.7,0.0,0.0,0.0,0.0,0.0,0.0,0.0,0.0,0.0,0.0,0.0,0.0,49.0,500.0,5.0,1,0.01,0.01,33000,500.0,10.2,1.0,94.90918332768553,0.08867780397887674
69b7d53e9605ebc57c753163,69b7d53e9605ebc57c753163,69b7d53e9605ebc57c753164,0.0,0.0,0.0,0.0,0.3,0.0,0.0,0.0,0.0,0.0,0.0,0.0,0.0,0.0,0.0,0.0,0.0,0.7,0.0,0.0,0.0,0.0,0.0,0.0,0.0,0.0,0.0,0.0,0.0,0.0,49.0,500.0,5.0,1,0.01,0.01,33000,500.0,10.2,1.0,114.06782204579561,0.17031452389650933
69b7d53e9605ebc57c753163,69b7d53e9605ebc57c753163,69b7d53e9605ebc57c753164,0.0,0.0,0.0,0.0,0.3,0.0,0.0,0.0,0.0,0.0,0.0,0.0,0.0,0.0,0.0,0.0,0.0,0.7,0.0,0.0,0.0,0.0,0.0,0.0,0.0,0.0,0.0,0.0,0.0,0.0,49.0,500.0,5.0,1,0.01,0.01,33000,500.0,10.2,1.0,128.56750738248536,0.2969460958517387
69b7d53e9605ebc57c753163,69b7d53e9605ebc57c753163,69b7d53e9605ebc57c753164,0.0,0.0,0.0,0.0,0.3,0.0,0.0,0.0,0.0,0.0,0.0,0.0,0.0,0.0,0.0,0.0,0.0,0.7,0.0,0.0,0.0,0.0,0.0,0.0,0.0,0.0,0.0,0.0,0.0,0.0,49.0,500.0,5.0,1,0.01,0.01,33000,500.0,10.2,1.0,141.521953817108,0.43234581022285695
69b7d53e9605ebc57c753163,69b7d53e9605ebc57c753163,69b7d53e9605ebc57c753164,0.0,0.0,0.0,0.0,0.3,0.0,0.0,0.0,0.0,0.0,0.0,0.0,0.0,0.0,0.0,0.0,0.0,0.7,0.0,0.0,0.0,0.0,0.0,0.0,0.0,0.0,0.0,0.0,0.0,0.0,49.0,500.0,5.0,1,0.01,0.01,33000,500.0,10.2,1.0,152.19146052185698,0.5469128831910725
69b7d53e9605ebc57c753163,69b7d53e9605ebc57c753163,69b7d53e9605ebc57c753164,0.0,0.0,0.0,0.0,0.3,0.0,0.0,0.0,0.0,0.0,0.0,0.0,0.0,0.0,0.0,0.0,0.0,0.7,0.0,0.0,0.0,0.0,0.0,0.0,0.0,0.0,0.0,0.0,0.0,0.0,49.0,500.0,5.0,1,0.01,0.01,33000,500.0,10.2,1.0,165.21948976134,0.6586734863329902
69b7d53e9605ebc57c753163,69b7d53e9605ebc57c753163,69b7d53e9605ebc57c753164,0.0,0.0,0.0,0.0,0.3,0.0,0.0,0.0,0.0,0.0,0.0,0.0,0.0,0.0,0.0,0.0,0.0,0.7,0.0,0.0,0.0,0.0,0.0,0.0,0.0,0.0,0.0,0.0,0.0,0.0,49.0,500.0,5.0,1,0.01,0.01,33000,500.0,10.2,1.0,180.44725758822673,0.7569663555747451
69b7d53e9605ebc57c753163,69b7d53e9605ebc57c753163,69b7d53e9605ebc57c753164,0.0,0.0,0.0,0.0,0.3,0.0,0.0,0.0,0.0,0.0,0.0,0.0,0.0,0.0,0.0,0.0,0.0,0.7,0.0,0.0,0.0,0.0,0.0,0.0,0.0,0.0,0.0,0.0,0.0,0.0,49.0,500.0,5.0,1,0.01,0.01,33000,500.0,10.2,1.0,199.50520404705426,0.8498455611279019
69b7d53e9605ebc57c753163,69b7d53e9605ebc57c753163,69b7d53e9605ebc57c753164,0.0,0.0,0.0,0.0,0.3,0.0,0.0,0.0,0.0,0.0,0.0,0.0,0.0,0.0,0.0,0.0,0.0,0.7,0.0,0.0,0.0,0.0,0.0,0.0,0.0,0.0,0.0,0.0,0.0,0.0,49.0,500.0,5.0,1,0.01,0.01,33000,500.0,10.2,1.0,217.7808491068403,0.9023879903019031
69b7d53e9605ebc57c753163,69b7d53e9605ebc57c753163,69b7d53e9605ebc57c753164,0.0,0.0,0.0,0.0,0.3,0.0,0.0,0.0,0.0,0.0,0.0,0.0,0.0,0.0,0.0,0.0,0.0,0.7,0.0,0.0,0.0,0.0,0.0,0.0,0.0,0.0,0.0,0.0,0.0,0.0,49.0,500.0,5.0,1,0.01,0.01,33000,500.0,10.2,1.0,241.24601829888172,0.9505546514331263
69b7d53e9605ebc57c753163,69b7d53e9605ebc57c753163,69b7d53e9605ebc57c753164,0.0,0.0,0.0,0.0,0.3,0.0,0.0,0.0,0.0,0.0,0.0,0.0,0.0,0.0,0.0,0.0,0.0,0.7,0.0,0.0,0.0,0.0,0.0,0.0,0.0,0.0,0.0,0.0,0.0,0.0,49.0,500.0,5.0,1,0.01,0.01,33000,500.0,10.2,1.0,262.49208500750353,0.9862997774751734
69b7d53e9605ebc57c753165,69b7d53e9605ebc57c753165,69b7d53f9605ebc57c753166,0.0,0.0,0.0,0.0,0.3,0.0,0.0,0.0,0.0,0.0,0.0,0.0,0.0,0.0,0.0,0.0,0.0,0.7,0.0,0.0,0.0,0.0,0.0,0.0,0.0,0.0,0.0,0.0,0.0,0.0,69.0,500.0,5.0,1,0.01,0.01,33000,500.0,10.2,1.0,4.088638234012684,0.06508851174067554
69b7d53e9605ebc57c753165,69b7d53e9605ebc57c753165,69b7d53f9605ebc57c753166,0.0,0.0,0.0,0.0,0.3,0.0,0.0,0.0,0.0,0.0,0.0,0.0,0.0,0.0,0.0,0.0,0.0,0.7,0.0,0.0,0.0,0.0,0.0,0.0,0.0,0.0,0.0,0.0,0.0,0.0,69.0,500.0,5.0,1,0.01,0.01,33000,500.0,10.2,1.0,29.199738587403786,0.14190109269653592
69b7d53e9605ebc57c753165,69b7d53e9605ebc57c753165,69b7d53f9605ebc57c753166,0.0,0.0,0.0,0.0,0.3,0.0,0.0,0.0,0.0,0.0,0.0,0.0,0.0,0.0,0.0,0.0,0.0,0.7,0.0,0.0,0.0,0.0,0.0,0.0,0.0,0.0,0.0,0.0,0.0,0.0,69.0,500.0,5.0,1,0.01,0.01,33000,500.0,10.2,1.0,53.90032434525827,0.25994719186954063
69b7d53e9605ebc57c753165,69b7d53e9605ebc57c753165,69b7d53f9605ebc57c753166,0.0,0.0,0.0,0.0,0.3,0.0,0.0,0.0,0.0,0.0,0.0,0.0,0.0,0.0,0.0,0.0,0.0,0.7,0.0,0.0,0.0,0.0,0.0,0.0,0.0,0.0,0.0,0.0,0.0,0.0,69.0,500.0,5.0,1,0.01,0.01,33000,500.0,10.2,1.0,69.18231108098949,0.3619349696104155
69b7d53e9605ebc57c753165,69b7d53e9605ebc57c753165,69b7d53f9605ebc57c753166,0.0,0.0,0.0,0.0,0.3,0.0,0.0,0.0,0.0,0.0,0.0,0.0,0.0,0.0,0.0,0.0,0.0,0.7,0.0,0.0,0.0,0.0,0.0,0.0,0.0,0.0,0.0,0.0,0.0,0.0,69.0,500.0,5.0,1,0.01,0.01,33000,500.0,10.2,1.0,78.91460521856997,0.4594722508220134
69b7d53e9605ebc57c753165,69b7d53e9605ebc57c753165,69b7d53f9605ebc57c753166,0.0,0.0,0.0,0.0,0.3,0.0,0.0,0.0,0.0,0.0,0.0,0.0,0.0,0.0,0.0,0.0,0.0,0.7,0.0,0.0,0.0,0.0,0.0,0.0,0.0,0.0,0.0,0.0,0.0,0.0,69.0,500.0,5.0,1,0.01,0.01,33000,500.0,10.2,1.0,88.99544948443626,0.5700870171709456
69b7d53e9605ebc57c753165,69b7d53e9605ebc57c753165,69b7d53f9605ebc57c753166,0.0,0.0,0.0,0.0,0.3,0.0,0.0,0.0,0.0,0.0,0.0,0.0,0.0,0.0,0.0,0.0,0.0,0.7,0.0,0.0,0.0,0.0,0.0,0.0,0.0,0.0,0.0,0.0,0.0,0.0,69.0,500.0,5.0,1,0.01,0.01,33000,500.0,10.2,1.0,103.781720482161,0.6898767810289281
69b7d53e9605ebc57c753165,69b7d53e9605ebc57c753165,69b7d53f9605ebc57c753166,0.0,0.0,0.0,0.0,0.3,0.0,0.0,0.0,0.0,0.0,0.0,0.0,0.0,0.0,0.0,0.0,0.0,0.7,0.0,0.0,0.0,0.0,0.0,0.0,0.0,0.0,0.0,0.0,0.0,0.0,69.0,500.0,5.0,1,0.01,0.01,33000,500.0,10.2,1.0,117.92511013215858,0.8237902288352319
69b7d53e9605ebc57c753165,69b7d53e9605ebc57c753165,69b7d53f9605ebc57c753166,0.0,0.0,0.0,0.0,0.3,0.0,0.0,0.0,0.0,0.0,0.0,0.0,0.0,0.0,0.0,0.0,0.0,0.7,0.0,0.0,0.0,0.0,0.0,0.0,0.0,0.0,0.0,0.0,0.0,0.0,69.0,500.0,5.0,1,0.01,0.01,33000,500.0,10.2,1.0,126.01534588759257,0.8751536085555813
69b7d53e9605ebc57c753165,69b7d53e9605ebc57c753165,69b7d53f9605ebc57c753166,0.0,0.0,0.0,0.0,0.3,0.0,0.0,0.0,0.0,0.0,0.0,0.0,0.0,0.0,0.0,0.0,0.0,0.7,0.0,0.0,0.0,0.0,0.0,0.0,0.0,0.0,0.0,0.0,0.0,0.0,69.0,500.0,5.0,1,0.01,0.01,33000,500.0,10.2,1.0,138.81100837488503,0.9311750639343717
69b7d53e9605ebc57c753165,69b7d53e9605ebc57c753165,69b7d53f9605ebc57c753166,0.0,0.0,0.0,0.0,0.3,0.0,0.0,0.0,0.0,0.0,0.0,0.0,0.0,0.0,0.0,0.0,0.0,0.7,0.0,0.0,0.0,0.0,0.0,0.0,0.0,0.0,0.0,0.0,0.0,0.0,69.0,500.0,5.0,1,0.01,0.01,33000,500.0,10.2,1.0,165.5990221232512,0.9750655950048157
69b7d5469605ebc57c75317b,69b7d5469605ebc57c75317b,69b7d5469605ebc57c75317c,0.0,0.0,0.0,0.0,0.1,0.0,0.0,0.0,0.1,0.0,0.0,0.0,0.0,0.0,0.0,0.0,0.0,0.8,0.0,0.0,0.0,0.0,0.0,0.0,0.0,0.0,0.0,0.0,0.0,0.0,84.0,550.0,4.0,1,0.02,0.05,30000,500.0,0.0,0.5,46.038103150050524,0.025326827741979654
69b7d5469605ebc57c75317b,69b7d5469605ebc57c75317b,69b7d5469605ebc57c75317c,0.0,0.0,0.0,0.0,0.1,0.0,0.0,0.0,0.1,0.0,0.0,0.0,0.0,0.0,0.0,0.0,0.0,0.8,0.0,0.0,0.0,0.0,0.0,0.0,0.0,0.0,0.0,0.0,0.0,0.0,84.0,550.0,4.0,1,0.02,0.05,30000,500.0,0.0,0.5,62.13925690797835,0.05862659013796678
69b7d5469605ebc57c75317b,69b7d5469605ebc57c75317b,69b7d5469605ebc57c75317c,0.0,0.0,0.0,0.0,0.1,0.0,0.0,0.0,0.1,0.0,0.0,0.0,0.0,0.0,0.0,0.0,0.0,0.8,0.0,0.0,0.0,0.0,0.0,0.0,0.0,0.0,0.0,0.0,0.0,0.0,84.0,550.0,4.0,1,0.02,0.05,30000,500.0,0.0,0.5,79.13688243572496,0.14286552395107116
69b7d5469605ebc57c75317b,69b7d5469605ebc57c75317b,69b7d5469605ebc57c75317c,0.0,0.0,0.0,0.0,0.1,0.0,0.0,0.0,0.1,0.0,0.0,0.0,0.0,0.0,0.0,0.0,0.0,0.8,0.0,0.0,0.0,0.0,0.0,0.0,0.0,0.0,0.0,0.0,0.0,0.0,84.0,550.0,4.0,1,0.02,0.05,30000,500.0,0.0,0.5,95.07250509922567,0.44760880405980186
69b7d5469605ebc57c75317b,69b7d5469605ebc57c75317b,69b7d5469605ebc57c75317c,0.0,0.0,0.0,0.0,0.1,0.0,0.0,0.0,0.1,0.0,0.0,0.0,0.0,0.0,0.0,0.0,0.0,0.8,0.0,0.0,0.0,0.0,0.0,0.0,0.0,0.0,0.0,0.0,0.0,0.0,84.0,550.0,4.0,1,0.02,0.05,30000,500.0,0.0,0.5,111.09740295972077,0.7342746233047491
69b7d5469605ebc57c75317b,69b7d5469605ebc57c75317b,69b7d5469605ebc57c75317c,0.0,0.0,0.0,0.0,0.1,0.0,0.0,0.0,0.1,0.0,0.0,0.0,0.0,0.0,0.0,0.0,0.0,0.8,0.0,0.0,0.0,0.0,0.0,0.0,0.0,0.0,0.0,0.0,0.0,0.0,84.0,550.0,4.0,1,0.02,0.05,30000,500.0,0.0,0.5,128.0150527901599,0.9181781736758221
69b7d5469605ebc57c75317b,69b7d5469605ebc57c75317b,69b7d5469605ebc57c75317c,0.0,0.0,0.0,0.0,0.1,0.0,0.0,0.0,0.1,0.0,0.0,0.0,0.0,0.0,0.0,0.0,0.0,0.8,0.0,0.0,0.0,0.0,0.0,0.0,0.0,0.0,0.0,0.0,0.0,0.0,84.0,550.0,4.0,1,0.02,0.05,30000,500.0,0.0,0.5,144.08086844927743,0.9873747201063839
69b7d5479605ebc57c75317d,69b7d5479605ebc57c75317d,69b7d5479605ebc57c75317e,0.0,0.0,0.0,0.0,0.0,0.0,0.0,0.0,0.0,0.0,0.0,0.0,0.0,0.0,0.0,0.0,0.0,1.0,0.0,0.0,0.0,0.0,0.0,0.0,0.0,0.0,0.0,0.0,0.0,0.0,75.0,550.0,4.0,1,0.02,0.05,30000,500.0,0.0,0.5,235.072753085884,0.04012672214019615
69b7d5479605ebc57c75317d,69b7d5479605ebc57c75317d,69b7d5479605ebc57c75317e,0.0,0.0,0.0,0.0,0.0,0.0,0.0,0.0,0.0,0.0,0.0,0.0,0.0,0.0,0.0,0.0,0.0,1.0,0.0,0.0,0.0,0.0,0.0,0.0,0.0,0.0,0.0,0.0,0.0,0.0,75.0,550.0,4.0,1,0.02,0.05,30000,500.0,0.0,0.5,250.90422135289123,0.10714865406615756
69b7d5479605ebc57c75317d,69b7d5479605ebc57c75317d,69b7d5479605ebc57c75317e,0.0,0.0,0.0,0.0,0.0,0.0,0.0,0.0,0.0,0.0,0.0,0.0,0.0,0.0,0.0,0.0,0.0,1.0,0.0,0.0,0.0,0.0,0.0,0.0,0.0,0.0,0.0,0.0,0.0,0.0,75.0,550.0,4.0,1,0.02,0.05,30000,500.0,0.0,0.5,267.0314137099424,0.23648346060955697
69b7d5479605ebc57c75317d,69b7d5479605ebc57c75317d,69b7d5479605ebc57c75317e,0.0,0.0,0.0,0.0,0.0,0.0,0.0,0.0,0.0,0.0,0.0,0.0,0.0,0.0,0.0,0.0,0.0,1.0,0.0,0.0,0.0,0.0,0.0,0.0,0.0,0.0,0.0,0.0,0.0,0.0,75.0,550.0,4.0,1,0.02,0.05,30000,500.0,0.0,0.5,283.0507318706254,0.4083092958903306
69b7d5479605ebc57c75317d,69b7d5479605ebc57c75317d,69b7d5479605ebc57c75317e,0.0,0.0,0.0,0.0,0.0,0.0,0.0,0.0,0.0,0.0,0.0,0.0,0.0,0.0,0.0,0.0,0.0,1.0,0.0,0.0,0.0,0.0,0.0,0.0,0.0,0.0,0.0,0.0,0.0,0.0,75.0,550.0,4.0,1,0.02,0.05,30000,500.0,0.0,0.5,300.17111079423927,0.6602203948333348
69b7d55b9605ebc57c7531bb,69b7d55b9605ebc57c7531bb,69b7d55b9605ebc57c7531bc,0.0,0.0,0.0,0.0,0.02,0.0,0.0,0.0,0.08,0.0,0.0,0.0,0.0,0.0,0.0,0.0,0.0,0.9,0.0,0.0,0.0,0.0,0.0,0.0,0.0,0.0,0.0,0.0,0.0,0.0,79.0,500.0,1.0,1,0.01,0.02,12000,0.0,0.0,0.0,89.73296269276244,0.38869536809220934
69b7d55b9605ebc57c7531bb,69b7d55b9605ebc57c7531bb,69b7d55b9605ebc57c7531bc,0.0,0.0,0.0,0.0,0.02,0.0,0.0,0.0,0.08,0.0,0.0,0.0,0.0,0.0,0.0,0.0,0.0,0.9,0.0,0.0,0.0,0.0,0.0,0.0,0.0,0.0,0.0,0.0,0.0,0.0,79.0,500.0,1.0,1,0.01,0.02,12000,0.0,0.0,0.0,119.60642499559759,0.6383497871384671
69b7d55b9605ebc57c7531bb,69b7d55b9605ebc57c7531bb,69b7d55b9605ebc57c7531bc,0.0,0.0,0.0,0.0,0.02,0.0,0.0,0.0,0.08,0.0,0.0,0.0,0.0,0.0,0.0,0.0,0.0,0.9,0.0,0.0,0.0,0.0,0.0,0.0,0.0,0.0,0.0,0.0,0.0,0.0,79.0,500.0,1.0,1,0.01,0.02,12000,0.0,0.0,0.0,147.86829262156928,0.8006054047431879
69b7d55b9605ebc57c7531bb,69b7d55b9605ebc57c7531bb,69b7d55b9605ebc57c7531bc,0.0,0.0,0.0,0.0,0.02,0.0,0.0,0.0,0.08,0.0,0.0,0.0,0.0,0.0,0.0,0.0,0.0,0.9,0.0,0.0,0.0,0.0,0.0,0.0,0.0,0.0,0.0,0.0,0.0,0.0,79.0,500.0,1.0,1,0.01,0.02,12000,0.0,0.0,0.0,158.91203994868053,0.8209390409490459
69b7d55b9605ebc57c7531bb,69b7d55b9605ebc57c7531bb,69b7d55b9605ebc57c7531bc,0.0,0.0,0.0,0.0,0.02,0.0,0.0,0.0,0.08,0.0,0.0,0.0,0.0,0.0,0.0,0.0,0.0,0.9,0.0,0.0,0.0,0.0,0.0,0.0,0.0,0.0,0.0,0.0,0.0,0.0,79.0,500.0,1.0,1,0.01,0.02,12000,0.0,0.0,0.0,173.27331387889615,0.8520045737154291
69b7d55b9605ebc57c7531bb,69b7d55b9605ebc57c7531bb,69b7d55b9605ebc57c7531bc,0.0,0.0,0.0,0.0,0.02,0.0,0.0,0.0,0.08,0.0,0.0,0.0,0.0,0.0,0.0,0.0,0.0,0.9,0.0,0.0,0.0,0.0,0.0,0.0,0.0,0.0,0.0,0.0,0.0,0.0,79.0,500.0,1.0,1,0.01,0.02,12000,0.0,0.0,0.0,192.84829312470129,0.9100376718971731
69b7d55b9605ebc57c7531bb,69b7d55b9605ebc57c7531bb,69b7d55b9605ebc57c7531bc,0.0,0.0,0.0,0.0,0.02,0.0,0.0,0.0,0.08,0.0,0.0,0.0,0.0,0.0,0.0,0.0,0.0,0.9,0.0,0.0,0.0,0.0,0.0,0.0,0.0,0.0,0.0,0.0,0.0,0.0,79.0,500.0,1.0,1,0.01,0.02,12000,0.0,0.0,0.0,200.71916429775354,0.9516329593368112
69b7d55b9605ebc57c7531bd,69b7d55b9605ebc57c7531bd,69b7d55b9605ebc57c7531be,0.0,0.0,0.0,0.0,0.02,0.0,0.0,0.0,0.08,0.0,0.0,0.0,0.0,0.1,0.0,0.0,0.0,0.8,0.0,0.0,0.0,0.0,0.0,0.0,0.0,0.0,0.0,0.0,0.0,0.0,31.0,500.0,1.0,1,0.01,0.02,12000,0.0,0.0,0.0,71.6264999622651,0.09639819909954978
69b7d55b9605ebc57c7531bd,69b7d55b9605ebc57c7531bd,69b7d55b9605ebc57c7531be,0.0,0.0,0.0,0.0,0.02,0.0,0.0,0.0,0.08,0.0,0.0,0.0,0.0,0.1,0.0,0.0,0.0,0.8,0.0,0.0,0.0,0.0,0.0,0.0,0.0,0.0,0.0,0.0,0.0,0.0,31.0,500.0,1.0,1,0.01,0.02,12000,0.0,0.0,0.0,121.64568186963851,0.1665965635879164
69b7d55b9605ebc57c7531bd,69b7d55b9605ebc57c7531bd,69b7d55b9605ebc57c7531be,0.0,0.0,0.0,0.0,0.02,0.0,0.0,0.0,0.08,0.0,0.0,0.0,0.0,0.1,0.0,0.0,0.0,0.8,0.0,0.0,0.0,0.0,0.0,0.0,0.0,0.0,0.0,0.0,0.0,0.0,31.0,500.0,1.0,1,0.01,0.02,12000,0.0,0.0,0.0,176.05311816054945,0.23669385713264796
69b7d55b9605ebc57c7531bd,69b7d55b9605ebc57c7531bd,69b7d55b9605ebc57c7531be,0.0,0.0,0.0,0.0,0.02,0.0,0.0,0.0,0.08,0.0,0.0,0.0,0.0,0.1,0.0,0.0,0.0,0.8,0.0,0.0,0.0,0.0,0.0,0.0,0.0,0.0,0.0,0.0,0.0,0.0,31.0,500.0,1.0,1,0.01,0.02,12000,0.0,0.0,0.0,227.9323161681467,0.36964808935079785
69b7d55b9605ebc57c7531bd,69b7d55b9605ebc57c7531bd,69b7d55b9605ebc57c7531be,0.0,0.0,0.0,0.0,0.02,0.0,0.0,0.0,0.08,0.0,0.0,0.0,0.0,0.1,0.0,0.0,0.0,0.8,0.0,0.0,0.0,0.0,0.0,0.0,0.0,0.0,0.0,0.0,0.0,0.0,31.0,500.0,1.0,1,0.01,0.02,12000,0.0,0.0,0.0,255.0621368015899,0.669929862890629
69b7d55b9605ebc57c7531bd,69b7d55b9605ebc57c7531bd,69b7d55b9605ebc57c7531be,0.0,0.0,0.0,0.0,0.02,0.0,0.0,0.0,0.08,0.0,0.0,0.0,0.0,0.1,0.0,0.0,0.0,0.8,0.0,0.0,0.0,0.0,0.0,0.0,0.0,0.0,0.0,0.0,0.0,0.0,31.0,500.0,1.0,1,0.01,0.02,12000,0.0,0.0,0.0,279.8901285502252,0.8822247858623189
69b7d55b9605ebc57c7531bd,69b7d55b9605ebc57c7531bd,69b7d55b9605ebc57c7531be,0.0,0.0,0.0,0.0,0.02,0.0,0.0,0.0,0.08,0.0,0.0,0.0,0.0,0.1,0.0,0.0,0.0,0.8,0.0,0.0,0.0,0.0,0.0,0.0,0.0,0.0,0.0,0.0,0.0,0.0,31.0,500.0,1.0,1,0.01,0.02,12000,0.0,0.0,0.0,300.21823350355965,0.9617859950383355
69b7d55c9605ebc57c7531c1,69b7d55c9605ebc57c7531c1,69b7d55d9605ebc57c7531c2,0.0,0.0,0.0,0.0,0.02,0.0,0.0,0.0,0.08,0.0,0.0,0.0,0.0,0.0,0.0,0.1,0.0,0.8,0.0,0.0,0.0,0.0,0.0,0.0,0.0,0.0,0.0,0.0,0.0,0.0,87.0,500.0,1.0,1,0.01,0.02,12000,0.0,0.0,0.0,58.59538124827048,0.13608232687772456
69b7d55c9605ebc57c7531c1,69b7d55c9605ebc57c7531c1,69b7d55d9605ebc57c7531c2,0.0,0.0,0.0,0.0,0.02,0.0,0.0,0.0,0.08,0.0,0.0,0.0,0.0,0.0,0.0,0.1,0.0,0.8,0.0,0.0,0.0,0.0,0.0,0.0,0.0,0.0,0.0,0.0,0.0,0.0,87.0,500.0,1.0,1,0.01,0.02,12000,0.0,0.0,0.0,87.03648964805916,0.22865412297985727
69b7d55c9605ebc57c7531c1,69b7d55c9605ebc57c7531c1,69b7d55d9605ebc57c7531c2,0.0,0.0,0.0,0.0,0.02,0.0,0.0,0.0,0.08,0.0,0.0,0.0,0.0,0.0,0.0,0.1,0.0,0.8,0.0,0.0,0.0,0.0,0.0,0.0,0.0,0.0,0.0,0.0,0.0,0.0,87.0,500.0,1.0,1,0.01,0.02,12000,0.0,0.0,0.0,113.16319086312294,0.3272901757000949
69b7d55c9605ebc57c7531c1,69b7d55c9605ebc57c7531c1,69b7d55d9605ebc57c7531c2,0.0,0.0,0.0,0.0,0.02,0.0,0.0,0.0,0.08,0.0,0.0,0.0,0.0,0.0,0.0,0.1,0.0,0.8,0.0,0.0,0.0,0.0,0.0,0.0,0.0,0.0,0.0,0.0,0.0,0.0,87.0,500.0,1.0,1,0.01,0.02,12000,0.0,0.0,0.0,133.84348821413298,0.4175465283662239
69b7d55c9605ebc57c7531c1,69b7d55c9605ebc57c7531c1,69b7d55d9605ebc57c7531c2,0.0,0.0,0.0,0.0,0.02,0.0,0.0,0.0,0.08,0.0,0.0,0.0,0.0,0.0,0.0,0.1,0.0,0.8,0.0,0.0,0.0,0.0,0.0,0.0,0.0,0.0,0.0,0.0,0.0,0.0,87.0,500.0,1.0,1,0.01,0.02,12000,0.0,0.0,0.0,157.80672184347566,0.569189696889261
69b7d55c9605ebc57c7531c1,69b7d55c9605ebc57c7531c1,69b7d55d9605ebc57c7531c2,0.0,0.0,0.0,0.0,0.02,0.0,0.0,0.0,0.08,0.0,0.0,0.0,0.0,0.0,0.0,0.1,0.0,0.8,0.0,0.0,0.0,0.0,0.0,0.0,0.0,0.0,0.0,0.0,0.0,0.0,87.0,500.0,1.0,1,0.01,0.02,12000,0.0,0.0,0.0,180.1442102085482,0.6396728976733265
69b7d55c9605ebc57c7531c1,69b7d55c9605ebc57c7531c1,69b7d55d9605ebc57c7531c2,0.0,0.0,0.0,0.0,0.02,0.0,0.0,0.0,0.08,0.0,0.0,0.0,0.0,0.0,0.0,0.1,0.0,0.8,0.0,0.0,0.0,0.0,0.0,0.0,0.0,0.0,0.0,0.0,0.0,0.0,87.0,500.0,1.0,1,0.01,0.02,12000,0.0,0.0,0.0,202.98797514527936,0.7811262774244265
69b7d55c9605ebc57c7531c1,69b7d55c9605ebc57c7531c1,69b7d55d9605ebc57c7531c2,0.0,0.0,0.0,0.0,0.02,0.0,0.0,0.0,0.08,0.0,0.0,0.0,0.0,0.0,0.0,0.1,0.0,0.8,0.0,0.0,0.0,0.0,0.0,0.0,0.0,0.0,0.0,0.0,0.0,0.0,87.0,500.0,1.0,1,0.01,0.02,12000,0.0,0.0,0.0,218.08822419561773,0.8106206164306643
69b7d55c9605ebc57c7531c1,69b7d55c9605ebc57c7531c1,69b7d55d9605ebc57c7531c2,0.0,0.0,0.0,0.0,0.02,0.0,0.0,0.0,0.08,0.0,0.0,0.0,0.0,0.0,0.0,0.1,0.0,0.8,0.0,0.0,0.0,0.0,0.0,0.0,0.0,0.0,0.0,0.0,0.0,0.0,87.0,500.0,1.0,1,0.01,0.02,12000,0.0,0.0,0.0,232.9620638474504,0.8911925350430318
69b7d55c9605ebc57c7531c1,69b7d55c9605ebc57c7531c1,69b7d55d9605ebc57c7531c2,0.0,0.0,0.0,0.0,0.02,0.0,0.0,0.0,0.08,0.0,0.0,0.0,0.0,0.0,0.0,0.1,0.0,0.8,0.0,0.0,0.0,0.0,0.0,0.0,0.0,0.0,0.0,0.0,0.0,0.0,87.0,500.0,1.0,1,0.01,0.02,12000,0.0,0.0,0.0,252.1864229830696,0.9514675705199538
69b7d55d9605ebc57c7531c3,69b7d55d9605ebc57c7531c3,69b7d55d9605ebc57c7531c4,0.0,0.0,0.0,0.0,0.02,0.0,0.0,0.0,0.08,0.0,0.0,0.0,0.0,0.0,0.0,0.0,0.0,0.8,0.0,0.0,0.1,0.0,0.0,0.0,0.0,0.0,0.0,0.0,0.0,0.0,96.0,500.0,1.0,1,0.01,0.02,12000,0.0,0.0,0.0,83.81958944429071,0.07640452879500975
69b7d55d9605ebc57c7531c3,69b7d55d9605ebc57c7531c3,69b7d55d9605ebc57c7531c4,0.0,0.0,0.0,0.0,0.02,0.0,0.0,0.0,0.08,0.0,0.0,0.0,0.0,0.0,0.0,0.0,0.0,0.8,0.0,0.0,0.1,0.0,0.0,0.0,0.0,0.0,0.0,0.0,0.0,0.0,96.0,500.0,1.0,1,0.01,0.02,12000,0.0,0.0,0.0,98.04407436290911,0.16673438760196427
69b7d55d9605ebc57c7531c3,69b7d55d9605ebc57c7531c3,69b7d55d9605ebc57c7531c4,0.0,0.0,0.0,0.0,0.02,0.0,0.0,0.0,0.08,0.0,0.0,0.0,0.0,0.0,0.0,0.0,0.0,0.8,0.0,0.0,0.1,0.0,0.0,0.0,0.0,0.0,0.0,0.0,0.0,0.0,96.0,500.0,1.0,1,0.01,0.02,12000,0.0,0.0,0.0,116.59863902794899,0.3274096231789364
69b7d55d9605ebc57c7531c3,69b7d55d9605ebc57c7531c3,69b7d55d9605ebc57c7531c4,0.0,0.0,0.0,0.0,0.02,0.0,0.0,0.0,0.08,0.0,0.0,0.0,0.0,0.0,0.0,0.0,0.0,0.8,0.0,0.0,0.1,0.0,0.0,0.0,0.0,0.0,0.0,0.0,0.0,0.0,96.0,500.0,1.0,1,0.01,0.02,12000,0.0,0.0,0.0,133.57462705340745,0.42935345223632226
69b7d55d9605ebc57c7531c3,69b7d55d9605ebc57c7531c3,69b7d55d9605ebc57c7531c4,0.0,0.0,0.0,0.0,0.02,0.0,0.0,0.0,0.08,0.0,0.0,0.0,0.0,0.0,0.0,0.0,0.0,0.8,0.0,0.0,0.1,0.0,0.0,0.0,0.0,0.0,0.0,0.0,0.0,0.0,96.0,500.0,1.0,1,0.01,0.02,12000,0.0,0.0,0.0,150.02075419486303,0.5198854529305469
69b7d55d9605ebc57c7531c3,69b7d55d9605ebc57c7531c3,69b7d55d9605ebc57c7531c4,0.0,0.0,0.0,0.0,0.02,0.0,0.0,0.0,0.08,0.0,0.0,0.0,0.0,0.0,0.0,0.0,0.0,0.8,0.0,0.0,0.1,0.0,0.0,0.0,0.0,0.0,0.0,0.0,0.0,0.0,96.0,500.0,1.0,1,0.01,0.02,12000,0.0,0.0,0.0,162.96854167190764,0.5687119069738951
69b7d55d9605ebc57c7531c3,69b7d55d9605ebc57c7531c3,69b7d55d9605ebc57c7531c4,0.0,0.0,0.0,0.0,0.02,0.0,0.0,0.0,0.08,0.0,0.0,0.0,0.0,0.0,0.0,0.0,0.0,0.8,0.0,0.0,0.1,0.0,0.0,0.0,0.0,0.0,0.0,0.0,0.0,0.0,96.0,500.0,1.0,1,0.01,0.02,12000,0.0,0.0,0.0,177.0405147040326,0.6093699911180079
69b7d55d9605ebc57c7531c3,69b7d55d9605ebc57c7531c3,69b7d55d9605ebc57c7531c4,0.0,0.0,0.0,0.0,0.02,0.0,0.0,0.0,0.08,0.0,0.0,0.0,0.0,0.0,0.0,0.0,0.0,0.8,0.0,0.0,0.1,0.0,0.0,0.0,0.0,0.0,0.0,0.0,0.0,0.0,96.0,500.0,1.0,1,0.01,0.02,12000,0.0,0.0,0.0,194.06367135417977,0.6591336484568815
69b7d55d9605ebc57c7531c3,69b7d55d9605ebc57c7531c3,69b7d55d9605ebc57c7531c4,0.0,0.0,0.0,0.0,0.02,0.0,0.0,0.0,0.08,0.0,0.0,0.0,0.0,0.0,0.0,0.0,0.0,0.8,0.0,0.0,0.1,0.0,0.0,0.0,0.0,0.0,0.0,0.0,0.0,0.0,96.0,500.0,1.0,1,0.01,0.02,12000,0.0,0.0,0.0,212.8682297300697,0.7393472246327245
69b7d55d9605ebc57c7531c3,69b7d55d9605ebc57c7531c3,69b7d55d9605ebc57c7531c4,0.0,0.0,0.0,0.0,0.02,0.0,0.0,0.0,0.08,0.0,0.0,0.0,0.0,0.0,0.0,0.0,0.0,0.8,0.0,0.0,0.1,0.0,0.0,0.0,0.0,0.0,0.0,0.0,0.0,0.0,96.0,500.0,1.0,1,0.01,0.02,12000,0.0,0.0,0.0,232.03913109104175,0.799980602546171
69b7d55d9605ebc57c7531c3,69b7d55d9605ebc57c7531c3,69b7d55d9605ebc57c7531c4,0.0,0.0,0.0,0.0,0.02,0.0,0.0,0.0,0.08,0.0,0.0,0.0,0.0,0.0,0.0,0.0,0.0,0.8,0.0,0.0,0.1,0.0,0.0,0.0,0.0,0.0,0.0,0.0,0.0,0.0,96.0,500.0,1.0,1,0.01,0.02,12000,0.0,0.0,0.0,252.40025408165835,0.872034997090382
69b7d55d9605ebc57c7531c3,69b7d55d9605ebc57c7531c3,69b7d55d9605ebc57c7531c4,0.0,0.0,0.0,0.0,0.02,0.0,0.0,0.0,0.08,0.0,0.0,0.0,0.0,0.0,0.0,0.0,0.0,0.8,0.0,0.0,0.1,0.0,0.0,0.0,0.0,0.0,0.0,0.0,0.0,0.0,96.0,500.0,1.0,1,0.01,0.02,12000,0.0,0.0,0.0,264.90780106160855,0.9096333881226327
69b7d55d9605ebc57c7531c3,69b7d55d9605ebc57c7531c3,69b7d55d9605ebc57c7531c4,0.0,0.0,0.0,0.0,0.02,0.0,0.0,0.0,0.08,0.0,0.0,0.0,0.0,0.0,0.0,0.0,0.0,0.8,0.0,0.0,0.1,0.0,0.0,0.0,0.0,0.0,0.0,0.0,0.0,0.0,96.0,500.0,1.0,1,0.01,0.02,12000,0.0,0.0,0.0,277.0442881940077,0.9517891598860655
69b7d55e9605ebc57c7531c7,69b7d55e9605ebc57c7531c7,69b7d55f9605ebc57c7531c8,0.0,0.0,0.0,0.0,0.02,0.0,0.0,0.0,0.08,0.0,0.0,0.0,0.0,0.0,0.0,0.0,0.0,0.8,0.0,0.0,0.0,0.0,0.0,0.0,0.0,0.0,0.0,0.0,0.1,0.0,96.0,500.0,1.0,1,0.01,0.02,12000,0.0,0.0,0.0,63.691165002138305,0.17959796224642932
69b7d55e9605ebc57c7531c7,69b7d55e9605ebc57c7531c7,69b7d55f9605ebc57c7531c8,0.0,0.0,0.0,0.0,0.02,0.0,0.0,0.0,0.08,0.0,0.0,0.0,0.0,0.0,0.0,0.0,0.0,0.8,0.0,0.0,0.0,0.0,0.0,0.0,0.0,0.0,0.0,0.0,0.1,0.0,96.0,500.0,1.0,1,0.01,0.02,12000,0.0,0.0,0.0,78.88417901436442,0.2674469888005227
69b7d55e9605ebc57c7531c7,69b7d55e9605ebc57c7531c7,69b7d55f9605ebc57c7531c8,0.0,0.0,0.0,0.0,0.02,0.0,0.0,0.0,0.08,0.0,0.0,0.0,0.0,0.0,0.0,0.0,0.0,0.8,0.0,0.0,0.0,0.0,0.0,0.0,0.0,0.0,0.0,0.0,0.1,0.0,96.0,500.0,1.0,1,0.01,0.02,12000,0.0,0.0,0.0,95.93720912681442,0.39724045696317545
69b7d55e9605ebc57c7531c7,69b7d55e9605ebc57c7531c7,69b7d55f9605ebc57c7531c8,0.0,0.0,0.0,0.0,0.02,0.0,0.0,0.0,0.08,0.0,0.0,0.0,0.0,0.0,0.0,0.0,0.0,0.8,0.0,0.0,0.0,0.0,0.0,0.0,0.0,0.0,0.0,0.0,0.1,0.0,96.0,500.0,1.0,1,0.01,0.02,12000,0.0,0.0,0.0,139.9486805363387,0.5682433053261324
69b7d55e9605ebc57c7531c7,69b7d55e9605ebc57c7531c7,69b7d55f9605ebc57c7531c8,0.0,0.0,0.0,0.0,0.02,0.0,0.0,0.0,0.08,0.0,0.0,0.0,0.0,0.0,0.0,0.0,0.0,0.8,0.0,0.0,0.0,0.0,0.0,0.0,0.0,0.0,0.0,0.0,0.1,0.0,96.0,500.0,1.0,1,0.01,0.02,12000,0.0,0.0,0.0,169.95735956328144,0.7703392512582822
69b7d55e9605ebc57c7531c7,69b7d55e9605ebc57c7531c7,69b7d55f9605ebc57c7531c8,0.0,0.0,0.0,0.0,0.02,0.0,0.0,0.0,0.08,0.0,0.0,0.0,0.0,0.0,0.0,0.0,0.0,0.8,0.0,0.0,0.0,0.0,0.0,0.0,0.0,0.0,0.0,0.0,0.1,0.0,96.0,500.0,1.0,1,0.01,0.02,12000,0.0,0.0,0.0,186.1770773062313,0.842485528478525
69b7d55e9605ebc57c7531c7,69b7d55e9605ebc57c7531c7,69b7d55f9605ebc57c7531c8,0.0,0.0,0.0,0.0,0.02,0.0,0.0,0.0,0.08,0.0,0.0,0.0,0.0,0.0,0.0,0.0,0.0,0.8,0.0,0.0,0.0,0.0,0.0,0.0,0.0,0.0,0.0,0.0,0.1,0.0,96.0,500.0,1.0,1,0.01,0.02,12000,0.0,0.0,0.0,211.0553822545345,0.9002154138293637
69b7d55e9605ebc57c7531c7,69b7d55e9605ebc57c7531c7,69b7d55f9605ebc57c7531c8,0.0,0.0,0.0,0.0,0.02,0.0,0.0,0.0,0.08,0.0,0.0,0.0,0.0,0.0,0.0,0.0,0.0,0.8,0.0,0.0,0.0,0.0,0.0,0.0,0.0,0.0,0.0,0.0,0.1,0.0,96.0,500.0,1.0,1,0.01,0.02,12000,0.0,0.0,0.0,222.86955045156097,0.9597553878980307
69b7d56a9605ebc57c7531eb,69b7d56a9605ebc57c7531eb,69b7d56a9605ebc57c7531ec,0.0,0.0,0.0,0.0,0.0,0.0,0.0,0.0,0.0,0.0,0.0,0.0,0.0,0.25,0.0,0.0,0.0,0.75,0.0,0.0,0.0,0.0,0.0,0.0,0.0,0.0,0.0,0.0,0.0,0.0,50.1,550.0,4.0,1,0.017,0.034,30000,300.0,20.0,1.0,234.87175970374435,0.036958401531762455
69b7d56a9605ebc57c7531eb,69b7d56a9605ebc57c7531eb,69b7d56a9605ebc57c7531ec,0.0,0.0,0.0,0.0,0.0,0.0,0.0,0.0,0.0,0.0,0.0,0.0,0.0,0.25,0.0,0.0,0.0,0.75,0.0,0.0,0.0,0.0,0.0,0.0,0.0,0.0,0.0,0.0,0.0,0.0,50.1,550.0,4.0,1,0.017,0.034,30000,300.0,20.0,1.0,260.1220683033877,0.08507303665729904
69b7d56a9605ebc57c7531eb,69b7d56a9605ebc57c7531eb,69b7d56a9605ebc57c7531ec,0.0,0.0,0.0,0.0,0.0,0.0,0.0,0.0,0.0,0.0,0.0,0.0,0.0,0.25,0.0,0.0,0.0,0.75,0.0,0.0,0.0,0.0,0.0,0.0,0.0,0.0,0.0,0.0,0.0,0.0,50.1,550.0,4.0,1,0.017,0.034,30000,300.0,20.0,1.0,289.6744845242994,0.18597325592168246
69b7d56a9605ebc57c7531eb,69b7d56a9605ebc57c7531eb,69b7d56a9605ebc57c7531ec,0.0,0.0,0.0,0.0,0.0,0.0,0.0,0.0,0.0,0.0,0.0,0.0,0.0,0.25,0.0,0.0,0.0,0.75,0.0,0.0,0.0,0.0,0.0,0.0,0.0,0.0,0.0,0.0,0.0,0.0,50.1,550.0,4.0,1,0.017,0.034,30000,300.0,20.0,1.0,319.67722763224066,0.33103517494827217
69b7d56a9605ebc57c7531eb,69b7d56a9605ebc57c7531eb,69b7d56a9605ebc57c7531ec,0.0,0.0,0.0,0.0,0.0,0.0,0.0,0.0,0.0,0.0,0.0,0.0,0.0,0.25,0.0,0.0,0.0,0.75,0.0,0.0,0.0,0.0,0.0,0.0,0.0,0.0,0.0,0.0,0.0,0.0,50.1,550.0,4.0,1,0.017,0.034,30000,300.0,20.0,1.0,344.9778265441412,0.5298245884932523
69b7d56a9605ebc57c7531eb,69b7d56a9605ebc57c7531eb,69b7d56a9605ebc57c7531ec,0.0,0.0,0.0,0.0,0.0,0.0,0.0,0.0,0.0,0.0,0.0,0.0,0.0,0.25,0.0,0.0,0.0,0.75,0.0,0.0,0.0,0.0,0.0,0.0,0.0,0.0,0.0,0.0,0.0,0.0,50.1,550.0,4.0,1,0.017,0.034,30000,300.0,20.0,1.0,369.77552233347046,0.7458463296377505
69b7d56a9605ebc57c7531eb,69b7d56a9605ebc57c7531eb,69b7d56a9605ebc57c7531ec,0.0,0.0,0.0,0.0,0.0,0.0,0.0,0.0,0.0,0.0,0.0,0.0,0.0,0.25,0.0,0.0,0.0,0.75,0.0,0.0,0.0,0.0,0.0,0.0,0.0,0.0,0.0,0.0,0.0,0.0,50.1,550.0,4.0,1,0.017,0.034,30000,300.0,20.0,1.0,394.80866822109454,0.9511055866094316
69b7d56b9605ebc57c7531ed,69b7d56b9605ebc57c7531ed,69b7d56b9605ebc57c7531ee,0.0,0.0,0.0,0.0,0.0,0.0,0.0,0.0,0.0,0.0,0.0,0.0,0.0,0.0,0.0,0.0,0.0,1.0,0.0,0.0,0.0,0.0,0.0,0.0,0.0,0.0,0.0,0.0,0.0,0.0,58.1,550.0,4.0,1,0.017,0.034,30000,300.0,20.0,1.0,185.39066428930644,0.016861739909206017
69b7d56b9605ebc57c7531ed,69b7d56b9605ebc57c7531ed,69b7d56b9605ebc57c7531ee,0.0,0.0,0.0,0.0,0.0,0.0,0.0,0.0,0.0,0.0,0.0,0.0,0.0,0.0,0.0,0.0,0.0,1.0,0.0,0.0,0.0,0.0,0.0,0.0,0.0,0.0,0.0,0.0,0.0,0.0,58.1,550.0,4.0,1,0.017,0.034,30000,300.0,20.0,1.0,235.03406025693778,0.058962045644050526
69b7d56b9605ebc57c7531ed,69b7d56b9605ebc57c7531ed,69b7d56b9605ebc57c7531ee,0.0,0.0,0.0,0.0,0.0,0.0,0.0,0.0,0.0,0.0,0.0,0.0,0.0,0.0,0.0,0.0,0.0,1.0,0.0,0.0,0.0,0.0,0.0,0.0,0.0,0.0,0.0,0.0,0.0,0.0,58.1,550.0,4.0,1,0.017,0.034,30000,300.0,20.0,1.0,260.3186577058474,0.1058954325067169
69b7d56b9605ebc57c7531ed,69b7d56b9605ebc57c7531ed,69b7d56b9605ebc57c7531ee,0.0,0.0,0.0,0.0,0.0,0.0,0.0,0.0,0.0,0.0,0.0,0.0,0.0,0.0,0.0,0.0,0.0,1.0,0.0,0.0,0.0,0.0,0.0,0.0,0.0,0.0,0.0,0.0,0.0,0.0,58.1,550.0,4.0,1,0.017,0.034,30000,300.0,20.0,1.0,290.15681433731083,0.20767579753559187
69b7d56b9605ebc57c7531ed,69b7d56b9605ebc57c7531ed,69b7d56b9605ebc57c7531ee,0.0,0.0,0.0,0.0,0.0,0.0,0.0,0.0,0.0,0.0,0.0,0.0,0.0,0.0,0.0,0.0,0.0,1.0,0.0,0.0,0.0,0.0,0.0,0.0,0.0,0.0,0.0,0.0,0.0,0.0,58.1,550.0,4.0,1,0.017,0.034,30000,300.0,20.0,1.0,315.16024322223745,0.3783468700781322
69b7d56b9605ebc57c7531ed,69b7d56b9605ebc57c7531ed,69b7d56b9605ebc57c7531ee,0.0,0.0,0.0,0.0,0.0,0.0,0.0,0.0,0.0,0.0,0.0,0.0,0.0,0.0,0.0,0.0,0.0,1.0,0.0,0.0,0.0,0.0,0.0,0.0,0.0,0.0,0.0,0.0,0.0,0.0,58.1,550.0,4.0,1,0.017,0.034,30000,300.0,20.0,1.0,339.50532620125273,0.5933572156511535
69b7d56b9605ebc57c7531ed,69b7d56b9605ebc57c7531ed,69b7d56b9605ebc57c7531ee,0.0,0.0,0.0,0.0,0.0,0.0,0.0,0.0,0.0,0.0,0.0,0.0,0.0,0.0,0.0,0.0,0.0,1.0,0.0,0.0,0.0,0.0,0.0,0.0,0.0,0.0,0.0,0.0,0.0,0.0,58.1,550.0,4.0,1,0.017,0.034,30000,300.0,20.0,1.0,364.9156494308051,0.8163351965658875
69b7d56b9605ebc57c7531ed,69b7d56b9605ebc57c7531ed,69b7d56b9605ebc57c7531ee,0.0,0.0,0.0,0.0,0.0,0.0,0.0,0.0,0.0,0.0,0.0,0.0,0.0,0.0,0.0,0.0,0.0,1.0,0.0,0.0,0.0,0.0,0.0,0.0,0.0,0.0,0.0,0.0,0.0,0.0,58.1,550.0,4.0,1,0.017,0.034,30000,300.0,20.0,1.0,389.7842088419513,0.9525184521787469
69b7d7a025c94282f4c67e5d,69b7d7a025c94282f4c67e5d,69b7d7a125c94282f4c67e5e,0.0,0.0,0.0,0.0,0.02,0.0,0.0,0.05,0.08,0.0,0.0,0.0,0.0,0.0,0.0,0.0,0.0,0.85,0.0,0.0,0.0,0.0,0.0,0.0,0.0,0.0,0.0,0.0,0.0,0.0,91.0,500.0,1.0,0,0.01,0.02,12000,0.0,0.0,0.0,41.008820721878116,0.10515584621946425
69b7d7a025c94282f4c67e5d,69b7d7a025c94282f4c67e5d,69b7d7a125c94282f4c67e5e,0.0,0.0,0.0,0.0,0.02,0.0,0.0,0.05,0.08,0.0,0.0,0.0,0.0,0.0,0.0,0.0,0.0,0.85,0.0,0.0,0.0,0.0,0.0,0.0,0.0,0.0,0.0,0.0,0.0,0.0,91.0,500.0,1.0,0,0.01,0.02,12000,0.0,0.0,0.0,65.75492891029276,0.3505967066143695
69b7d7a025c94282f4c67e5d,69b7d7a025c94282f4c67e5d,69b7d7a125c94282f4c67e5e,0.0,0.0,0.0,0.0,0.02,0.0,0.0,0.05,0.08,0.0,0.0,0.0,0.0,0.0,0.0,0.0,0.0,0.85,0.0,0.0,0.0,0.0,0.0,0.0,0.0,0.0,0.0,0.0,0.0,0.0,91.0,500.0,1.0,0,0.01,0.02,12000,0.0,0.0,0.0,93.87867739411905,0.40485728383497943
69b7d7a025c94282f4c67e5d,69b7d7a025c94282f4c67e5d,69b7d7a125c94282f4c67e5e,0.0,0.0,0.0,0.0,0.02,0.0,0.0,0.05,0.08,0.0,0.0,0.0,0.0,0.0,0.0,0.0,0.0,0.85,0.0,0.0,0.0,0.0,0.0,0.0,0.0,0.0,0.0,0.0,0.0,0.0,91.0,500.0,1.0,0,0.01,0.02,12000,0.0,0.0,0.0,110.8579569514322,0.5138902595067448
69b7d7a025c94282f4c67e5d,69b7d7a025c94282f4c67e5d,69b7d7a125c94282f4c67e5e,0.0,0.0,0.0,0.0,0.02,0.0,0.0,0.05,0.08,0.0,0.0,0.0,0.0,0.0,0.0,0.0,0.0,0.85,0.0,0.0,0.0,0.0,0.0,0.0,0.0,0.0,0.0,0.0,0.0,0.0,91.0,500.0,1.0,0,0.01,0.02,12000,0.0,0.0,0.0,140.9989880213305,0.7027974542747945
69b7d7a025c94282f4c67e5d,69b7d7a025c94282f4c67e5d,69b7d7a125c94282f4c67e5e,0.0,0.0,0.0,0.0,0.02,0.0,0.0,0.05,0.08,0.0,0.0,0.0,0.0,0.0,0.0,0.0,0.0,0.85,0.0,0.0,0.0,0.0,0.0,0.0,0.0,0.0,0.0,0.0,0.0,0.0,91.0,500.0,1.0,0,0.01,0.02,12000,0.0,0.0,0.0,164.00298569593272,0.7703126960099688
69b7d7a025c94282f4c67e5d,69b7d7a025c94282f4c67e5d,69b7d7a125c94282f4c67e5e,0.0,0.0,0.0,0.0,0.02,0.0,0.0,0.05,0.08,0.0,0.0,0.0,0.0,0.0,0.0,0.0,0.0,0.85,0.0,0.0,0.0,0.0,0.0,0.0,0.0,0.0,0.0,0.0,0.0,0.0,91.0,500.0,1.0,0,0.01,0.02,12000,0.0,0.0,0.0,186.0400054546368,0.8612512858253953
69b7d7a025c94282f4c67e5d,69b7d7a025c94282f4c67e5d,69b7d7a125c94282f4c67e5e,0.0,0.0,0.0,0.0,0.02,0.0,0.0,0.05,0.08,0.0,0.0,0.0,0.0,0.0,0.0,0.0,0.0,0.85,0.0,0.0,0.0,0.0,0.0,0.0,0.0,0.0,0.0,0.0,0.0,0.0,91.0,500.0,1.0,0,0.01,0.02,12000,0.0,0.0,0.0,228.78469256662194,0.9099194634240172
69b7d7a025c94282f4c67e5d,69b7d7a025c94282f4c67e5d,69b7d7a125c94282f4c67e5e,0.0,0.0,0.0,0.0,0.02,0.0,0.0,0.05,0.08,0.0,0.0,0.0,0.0,0.0,0.0,0.0,0.0,0.85,0.0,0.0,0.0,0.0,0.0,0.0,0.0,0.0,0.0,0.0,0.0,0.0,91.0,500.0,1.0,0,0.01,0.02,12000,0.0,0.0,0.0,247.9595352075274,0.9280213760631582
69b7d7a025c94282f4c67e5d,69b7d7a025c94282f4c67e5d,69b7d7a125c94282f4c67e5e,0.0,0.0,0.0,0.0,0.02,0.0,0.0,0.05,0.08,0.0,0.0,0.0,0.0,0.0,0.0,0.0,0.0,0.85,0.0,0.0,0.0,0.0,0.0,0.0,0.0,0.0,0.0,0.0,0.0,0.0,91.0,500.0,1.0,0,0.01,0.02,12000,0.0,0.0,0.0,266.29142114820104,0.9508726886504477
69b7d7a025c94282f4c67e5d,69b7d7a025c94282f4c67e5d,69b7d7a125c94282f4c67e5e,0.0,0.0,0.0,0.0,0.02,0.0,0.0,0.05,0.08,0.0,0.0,0.0,0.0,0.0,0.0,0.0,0.0,0.85,0.0,0.0,0.0,0.0,0.0,0.0,0.0,0.0,0.0,0.0,0.0,0.0,91.0,500.0,1.0,0,0.01,0.02,12000,0.0,0.0,0.0,287.1192340541588,0.9770056785394696
69b96126f753f624649ce447,69b96126f753f624649ce447,69b96127f753f624649ce448,0.0,0.0,0.0,0.0,0.0,0.0,0.0,0.0,0.0,0.0,0.0,0.0,0.0,0.3,0.0,0.0,0.0,0.5,0.0,0.0,0.0,0.0,0.0,0.0,0.0,0.0,0.0,0.2,0.0,0.0,86.0,500.0,5.005726218097448,1,0.01,0.01,33000,500.0,10.2,1.0,246.60572258443284,0.036401657731645186
69b96126f753f624649ce447,69b96126f753f624649ce447,69b96127f753f624649ce448,0.0,0.0,0.0,0.0,0.0,0.0,0.0,0.0,0.0,0.0,0.0,0.0,0.0,0.3,0.0,0.0,0.0,0.5,0.0,0.0,0.0,0.0,0.0,0.0,0.0,0.0,0.0,0.2,0.0,0.0,86.0,500.0,5.005726218097448,1,0.01,0.01,33000,500.0,10.2,1.0,276.6400210116491,0.05389148701570282
69b96126f753f624649ce447,69b96126f753f624649ce447,69b96127f753f624649ce448,0.0,0.0,0.0,0.0,0.0,0.0,0.0,0.0,0.0,0.0,0.0,0.0,0.0,0.3,0.0,0.0,0.0,0.5,0.0,0.0,0.0,0.0,0.0,0.0,0.0,0.0,0.0,0.2,0.0,0.0,86.0,500.0,5.005726218097448,1,0.01,0.01,33000,500.0,10.2,1.0,305.2436733306554,0.08582183186951067
69b96126f753f624649ce447,69b96126f753f624649ce447,69b96127f753f624649ce448,0.0,0.0,0.0,0.0,0.0,0.0,0.0,0.0,0.0,0.0,0.0,0.0,0.0,0.3,0.0,0.0,0.0,0.5,0.0,0.0,0.0,0.0,0.0,0.0,0.0,0.0,0.0,0.2,0.0,0.0,86.0,500.0,5.005726218097448,1,0.01,0.01,33000,500.0,10.2,1.0,328.2977783271019,0.12547811870271092
69b96126f753f624649ce447,69b96126f753f624649ce447,69b96127f753f624649ce448,0.0,0.0,0.0,0.0,0.0,0.0,0.0,0.0,0.0,0.0,0.0,0.0,0.0,0.3,0.0,0.0,0.0,0.5,0.0,0.0,0.0,0.0,0.0,0.0,0.0,0.0,0.0,0.2,0.0,0.0,86.0,500.0,5.005726218097448,1,0.01,0.01,33000,500.0,10.2,1.0,348.4040725519884,0.17689061252423863
69b96126f753f624649ce447,69b96126f753f624649ce447,69b96127f753f624649ce448,0.0,0.0,0.0,0.0,0.0,0.0,0.0,0.0,0.0,0.0,0.0,0.0,0.0,0.3,0.0,0.0,0.0,0.5,0.0,0.0,0.0,0.0,0.0,0.0,0.0,0.0,0.0,0.2,0.0,0.0,86.0,500.0,5.005726218097448,1,0.01,0.01,33000,500.0,10.2,1.0,364.87349751259154,0.23407475000950534
69b96126f753f624649ce447,69b96126f753f624649ce447,69b96127f753f624649ce448,0.0,0.0,0.0,0.0,0.0,0.0,0.0,0.0,0.0,0.0,0.0,0.0,0.0,0.3,0.0,0.0,0.0,0.5,0.0,0.0,0.0,0.0,0.0,0.0,0.0,0.0,0.0,0.2,0.0,0.0,86.0,500.0,5.005726218097448,1,0.01,0.01,33000,500.0,10.2,1.0,379.2510274078423,0.298870765370138
69b96126f753f624649ce447,69b96126f753f624649ce447,69b96127f753f624649ce448,0.0,0.0,0.0,0.0,0.0,0.0,0.0,0.0,0.0,0.0,0.0,0.0,0.0,0.3,0.0,0.0,0.0,0.5,0.0,0.0,0.0,0.0,0.0,0.0,0.0,0.0,0.0,0.2,0.0,0.0,86.0,500.0,5.005726218097448,1,0.01,0.01,33000,500.0,10.2,1.0,392.52853567345426,0.3647313790350177
69b96126f753f624649ce447,69b96126f753f624649ce447,69b96127f753f624649ce448,0.0,0.0,0.0,0.0,0.0,0.0,0.0,0.0,0.0,0.0,0.0,0.0,0.0,0.3,0.0,0.0,0.0,0.5,0.0,0.0,0.0,0.0,0.0,0.0,0.0,0.0,0.0,0.2,0.0,0.0,86.0,500.0,5.005726218097448,1,0.01,0.01,33000,500.0,10.2,1.0,408.5715477551525,0.4402342116269343
69b96126f753f624649ce447,69b96126f753f624649ce447,69b96127f753f624649ce448,0.0,0.0,0.0,0.0,0.0,0.0,0.0,0.0,0.0,0.0,0.0,0.0,0.0,0.3,0.0,0.0,0.0,0.5,0.0,0.0,0.0,0.0,0.0,0.0,0.0,0.0,0.0,0.2,0.0,0.0,86.0,500.0,5.005726218097448,1,0.01,0.01,33000,500.0,10.2,1.0,423.48981862002904,0.5164442416638151
69b96126f753f624649ce447,69b96126f753f624649ce447,69b96127f753f624649ce448,0.0,0.0,0.0,0.0,0.0,0.0,0.0,0.0,0.0,0.0,0.0,0.0,0.0,0.3,0.0,0.0,0.0,0.5,0.0,0.0,0.0,0.0,0.0,0.0,0.0,0.0,0.0,0.2,0.0,0.0,86.0,500.0,5.005726218097448,1,0.01,0.01,33000,500.0,10.2,1.0,439.4586719401786,0.5928519828143416
69b96126f753f624649ce447,69b96126f753f624649ce447,69b96127f753f624649ce448,0.0,0.0,0.0,0.0,0.0,0.0,0.0,0.0,0.0,0.0,0.0,0.0,0.0,0.3,0.0,0.0,0.0,0.5,0.0,0.0,0.0,0.0,0.0,0.0,0.0,0.0,0.0,0.2,0.0,0.0,86.0,500.0,5.005726218097448,1,0.01,0.01,33000,500.0,10.2,1.0,454.09575750084974,0.6625679631953157
69b96126f753f624649ce447,69b96126f753f624649ce447,69b96127f753f624649ce448,0.0,0.0,0.0,0.0,0.0,0.0,0.0,0.0,0.0,0.0,0.0,0.0,0.0,0.3,0.0,0.0,0.0,0.5,0.0,0.0,0.0,0.0,0.0,0.0,0.0,0.0,0.0,0.2,0.0,0.0,86.0,500.0,5.005726218097448,1,0.01,0.01,33000,500.0,10.2,1.0,468.840991255446,0.7262841717044979
69b96126f753f624649ce447,69b96126f753f624649ce447,69b96127f753f624649ce448,0.0,0.0,0.0,0.0,0.0,0.0,0.0,0.0,0.0,0.0,0.0,0.0,0.0,0.3,0.0,0.0,0.0,0.5,0.0,0.0,0.0,0.0,0.0,0.0,0.0,0.0,0.0,0.2,0.0,0.0,86.0,500.0,5.005726218097448,1,0.01,0.01,33000,500.0,10.2,1.0,480.31087970830885,0.7732709782897988
69b96128f753f624649ce44b,69b96128f753f624649ce44b,69b96128f753f624649ce44c,0.0,0.0,0.0,0.0,0.0,0.0,0.0,0.0,0.0,0.0,0.0,0.0,0.0,0.3,0.0,0.0,0.0,0.5,0.2,0.0,0.0,0.0,0.0,0.0,0.0,0.0,0.0,0.0,0.0,0.0,88.0,500.0,5.005726218097448,1,0.01,0.01,33000,500.0,10.2,1.0,273.31523653554984,0.08656705068248355
69b96128f753f624649ce44b,69b96128f753f624649ce44b,69b96128f753f624649ce44c,0.0,0.0,0.0,0.0,0.0,0.0,0.0,0.0,0.0,0.0,0.0,0.0,0.0,0.3,0.0,0.0,0.0,0.5,0.2,0.0,0.0,0.0,0.0,0.0,0.0,0.0,0.0,0.0,0.0,0.0,88.0,500.0,5.005726218097448,1,0.01,0.01,33000,500.0,10.2,1.0,298.69298272718845,0.14426827877267023
69b96128f753f624649ce44b,69b96128f753f624649ce44b,69b96128f753f624649ce44c,0.0,0.0,0.0,0.0,0.0,0.0,0.0,0.0,0.0,0.0,0.0,0.0,0.0,0.3,0.0,0.0,0.0,0.5,0.2,0.0,0.0,0.0,0.0,0.0,0.0,0.0,0.0,0.0,0.0,0.0,88.0,500.0,5.005726218097448,1,0.01,0.01,33000,500.0,10.2,1.0,324.32101473905385,0.23258431238355953
69b96128f753f624649ce44b,69b96128f753f624649ce44b,69b96128f753f624649ce44c,0.0,0.0,0.0,0.0,0.0,0.0,0.0,0.0,0.0,0.0,0.0,0.0,0.0,0.3,0.0,0.0,0.0,0.5,0.2,0.0,0.0,0.0,0.0,0.0,0.0,0.0,0.0,0.0,0.0,0.0,88.0,500.0,5.005726218097448,1,0.01,0.01,33000,500.0,10.2,1.0,341.13342397181964,0.32865670506824834
69b96128f753f624649ce44b,69b96128f753f624649ce44b,69b96128f753f624649ce44c,0.0,0.0,0.0,0.0,0.0,0.0,0.0,0.0,0.0,0.0,0.0,0.0,0.0,0.3,0.0,0.0,0.0,0.5,0.2,0.0,0.0,0.0,0.0,0.0,0.0,0.0,0.0,0.0,0.0,0.0,88.0,500.0,5.005726218097448,1,0.01,0.01,33000,500.0,10.2,1.0,354.12665698482834,0.4232234515797878
69b96128f753f624649ce44b,69b96128f753f624649ce44b,69b96128f753f624649ce44c,0.0,0.0,0.0,0.0,0.0,0.0,0.0,0.0,0.0,0.0,0.0,0.0,0.0,0.3,0.0,0.0,0.0,0.5,0.2,0.0,0.0,0.0,0.0,0.0,0.0,0.0,0.0,0.0,0.0,0.0,88.0,500.0,5.005726218097448,1,0.01,0.01,33000,500.0,10.2,1.0,370.12949973735437,0.5483973993384281
69b96128f753f624649ce44b,69b96128f753f624649ce44b,69b96128f753f624649ce44c,0.0,0.0,0.0,0.0,0.0,0.0,0.0,0.0,0.0,0.0,0.0,0.0,0.0,0.3,0.0,0.0,0.0,0.5,0.2,0.0,0.0,0.0,0.0,0.0,0.0,0.0,0.0,0.0,0.0,0.0,88.0,500.0,5.005726218097448,1,0.01,0.01,33000,500.0,10.2,1.0,382.8878966721256,0.6673738641116307
69b96128f753f624649ce44b,69b96128f753f624649ce44b,69b96128f753f624649ce44c,0.0,0.0,0.0,0.0,0.0,0.0,0.0,0.0,0.0,0.0,0.0,0.0,0.0,0.3,0.0,0.0,0.0,0.5,0.2,0.0,0.0,0.0,0.0,0.0,0.0,0.0,0.0,0.0,0.0,0.0,88.0,500.0,5.005726218097448,1,0.01,0.01,33000,500.0,10.2,1.0,396.9317121404072,0.7682521577126344
69b96128f753f624649ce44b,69b96128f753f624649ce44b,69b96128f753f624649ce44c,0.0,0.0,0.0,0.0,0.0,0.0,0.0,0.0,0.0,0.0,0.0,0.0,0.0,0.3,0.0,0.0,0.0,0.5,0.2,0.0,0.0,0.0,0.0,0.0,0.0,0.0,0.0,0.0,0.0,0.0,88.0,500.0,5.005726218097448,1,0.01,0.01,33000,500.0,10.2,1.0,412.65336958872786,0.8647655982662257
69b96128f753f624649ce44b,69b96128f753f624649ce44b,69b96128f753f624649ce44c,0.0,0.0,0.0,0.0,0.0,0.0,0.0,0.0,0.0,0.0,0.0,0.0,0.0,0.3,0.0,0.0,0.0,0.5,0.2,0.0,0.0,0.0,0.0,0.0,0.0,0.0,0.0,0.0,0.0,0.0,88.0,500.0,5.005726218097448,1,0.01,0.01,33000,500.0,10.2,1.0,422.0344529246361,0.9243983118512604
69b96128f753f624649ce44d,69b96128f753f624649ce44d,69b96129f753f624649ce44e,0.0,0.0,0.0,0.0,0.0,0.0,0.0,0.0,0.0,0.0,0.0,0.0,0.0,0.0,0.0,0.0,0.0,1.0,0.0,0.0,0.0,0.0,0.0,0.0,0.0,0.0,0.0,0.0,0.0,0.0,75.0,500.0,1.0,1,0.01,0.02,12000,0.0,0.0,0.0,272.86249633028046,0.23015856279654487
69b96128f753f624649ce44d,69b96128f753f624649ce44d,69b96129f753f624649ce44e,0.0,0.0,0.0,0.0,0.0,0.0,0.0,0.0,0.0,0.0,0.0,0.0,0.0,0.0,0.0,0.0,0.0,1.0,0.0,0.0,0.0,0.0,0.0,0.0,0.0,0.0,0.0,0.0,0.0,0.0,75.0,500.0,1.0,1,0.01,0.02,12000,0.0,0.0,0.0,323.7204911379872,0.34092380064073974
69b96128f753f624649ce44d,69b96128f753f624649ce44d,69b96129f753f624649ce44e,0.0,0.0,0.0,0.0,0.0,0.0,0.0,0.0,0.0,0.0,0.0,0.0,0.0,0.0,0.0,0.0,0.0,1.0,0.0,0.0,0.0,0.0,0.0,0.0,0.0,0.0,0.0,0.0,0.0,0.0,75.0,500.0,1.0,1,0.01,0.02,12000,0.0,0.0,0.0,367.52398989172167,0.5213366316557849
69b96128f753f624649ce44d,69b96128f753f624649ce44d,69b96129f753f624649ce44e,0.0,0.0,0.0,0.0,0.0,0.0,0.0,0.0,0.0,0.0,0.0,0.0,0.0,0.0,0.0,0.0,0.0,1.0,0.0,0.0,0.0,0.0,0.0,0.0,0.0,0.0,0.0,0.0,0.0,0.0,75.0,500.0,1.0,1,0.01,0.02,12000,0.0,0.0,0.0,420.7162141158998,0.7244332698000729
69b96128f753f624649ce44d,69b96128f753f624649ce44d,69b96129f753f624649ce44e,0.0,0.0,0.0,0.0,0.0,0.0,0.0,0.0,0.0,0.0,0.0,0.0,0.0,0.0,0.0,0.0,0.0,1.0,0.0,0.0,0.0,0.0,0.0,0.0,0.0,0.0,0.0,0.0,0.0,0.0,75.0,500.0,1.0,1,0.01,0.02,12000,0.0,0.0,0.0,469.815621780001,0.873928383146113
69b96128f753f624649ce44d,69b96128f753f624649ce44d,69b96129f753f624649ce44e,0.0,0.0,0.0,0.0,0.0,0.0,0.0,0.0,0.0,0.0,0.0,0.0,0.0,0.0,0.0,0.0,0.0,1.0,0.0,0.0,0.0,0.0,0.0,0.0,0.0,0.0,0.0,0.0,0.0,0.0,75.0,500.0,1.0,1,0.01,0.02,12000,0.0,0.0,0.0,516.5117229548869,0.9478518999148383
69b96128f753f624649ce44d,69b96128f753f624649ce44d,69b96129f753f624649ce44e,0.0,0.0,0.0,0.0,0.0,0.0,0.0,0.0,0.0,0.0,0.0,0.0,0.0,0.0,0.0,0.0,0.0,1.0,0.0,0.0,0.0,0.0,0.0,0.0,0.0,0.0,0.0,0.0,0.0,0.0,75.0,500.0,1.0,1,0.01,0.02,12000,0.0,0.0,0.0,546.6120574030474,0.9759860497181556
69b96129f753f624649ce44f,69b96129f753f624649ce44f,69b96129f753f624649ce450,0.0,0.0,0.0,0.0,0.0,0.0,0.0,0.0,0.01,0.0,0.0,0.0,0.0,0.0,0.0,0.0,0.0,0.99,0.0,0.0,0.0,0.0,0.0,0.0,0.0,0.0,0.0,0.0,0.0,0.0,94.0,500.0,1.0,1,0.01,0.02,12000,0.0,0.0,0.0,124.3985977354233,0.18384362707327953
69b96129f753f624649ce44f,69b96129f753f624649ce44f,69b96129f753f624649ce450,0.0,0.0,0.0,0.0,0.0,0.0,0.0,0.0,0.01,0.0,0.0,0.0,0.0,0.0,0.0,0.0,0.0,0.99,0.0,0.0,0.0,0.0,0.0,0.0,0.0,0.0,0.0,0.0,0.0,0.0,94.0,500.0,1.0,1,0.01,0.02,12000,0.0,0.0,0.0,169.46850948946286,0.2929932276248023
69b96129f753f624649ce44f,69b96129f753f624649ce44f,69b96129f753f624649ce450,0.0,0.0,0.0,0.0,0.0,0.0,0.0,0.0,0.01,0.0,0.0,0.0,0.0,0.0,0.0,0.0,0.0,0.99,0.0,0.0,0.0,0.0,0.0,0.0,0.0,0.0,0.0,0.0,0.0,0.0,94.0,500.0,1.0,1,0.01,0.02,12000,0.0,0.0,0.0,211.409805490476,0.4936307230625735
69b96129f753f624649ce44f,69b96129f753f624649ce44f,69b96129f753f624649ce450,0.0,0.0,0.0,0.0,0.0,0.0,0.0,0.0,0.01,0.0,0.0,0.0,0.0,0.0,0.0,0.0,0.0,0.99,0.0,0.0,0.0,0.0,0.0,0.0,0.0,0.0,0.0,0.0,0.0,0.0,94.0,500.0,1.0,1,0.01,0.02,12000,0.0,0.0,0.0,262.60167281644493,0.7379423334279573
69b96129f753f624649ce44f,69b96129f753f624649ce44f,69b96129f753f624649ce450,0.0,0.0,0.0,0.0,0.0,0.0,0.0,0.0,0.01,0.0,0.0,0.0,0.0,0.0,0.0,0.0,0.0,0.99,0.0,0.0,0.0,0.0,0.0,0.0,0.0,0.0,0.0,0.0,0.0,0.0,94.0,500.0,1.0,1,0.01,0.02,12000,0.0,0.0,0.0,296.6624261019232,0.8478705543614907
69b96129f753f624649ce44f,69b96129f753f624649ce44f,69b96129f753f624649ce450,0.0,0.0,0.0,0.0,0.0,0.0,0.0,0.0,0.01,0.0,0.0,0.0,0.0,0.0,0.0,0.0,0.0,0.99,0.0,0.0,0.0,0.0,0.0,0.0,0.0,0.0,0.0,0.0,0.0,0.0,94.0,500.0,1.0,1,0.01,0.02,12000,0.0,0.0,0.0,326.65626672960354,0.9054300661016262
69b96129f753f624649ce44f,69b96129f753f624649ce44f,69b96129f753f624649ce450,0.0,0.0,0.0,0.0,0.0,0.0,0.0,0.0,0.01,0.0,0.0,0.0,0.0,0.0,0.0,0.0,0.0,0.99,0.0,0.0,0.0,0.0,0.0,0.0,0.0,0.0,0.0,0.0,0.0,0.0,94.0,500.0,1.0,1,0.01,0.02,12000,0.0,0.0,0.0,347.67584432330375,0.9313905673384971
69b96129f753f624649ce44f,69b96129f753f624649ce44f,69b96129f753f624649ce450,0.0,0.0,0.0,0.0,0.0,0.0,0.0,0.0,0.01,0.0,0.0,0.0,0.0,0.0,0.0,0.0,0.0,0.99,0.0,0.0,0.0,0.0,0.0,0.0,0.0,0.0,0.0,0.0,0.0,0.0,94.0,500.0,1.0,1,0.01,0.02,12000,0.0,0.0,0.0,366.63174436877944,0.9507587493410113
69b96129f753f624649ce44f,69b96129f753f624649ce44f,69b96129f753f624649ce450,0.0,0.0,0.0,0.0,0.0,0.0,0.0,0.0,0.01,0.0,0.0,0.0,0.0,0.0,0.0,0.0,0.0,0.99,0.0,0.0,0.0,0.0,0.0,0.0,0.0,0.0,0.0,0.0,0.0,0.0,94.0,500.0,1.0,1,0.01,0.02,12000,0.0,0.0,0.0,386.6612172531502,0.9673693174905713
69b9612af753f624649ce451,69b9612af753f624649ce451,69b9612af753f624649ce452,0.0,0.0,0.0,0.0,0.01,0.0,0.0,0.0,0.0,0.0,0.0,0.0,0.0,0.0,0.0,0.0,0.0,0.99,0.0,0.0,0.0,0.0,0.0,0.0,0.0,0.0,0.0,0.0,0.0,0.0,98.0,500.0,1.0,1,0.01,0.02,12000,0.0,0.0,0.0,174.37298165428075,0.1903905267853522
69b9612af753f624649ce451,69b9612af753f624649ce451,69b9612af753f624649ce452,0.0,0.0,0.0,0.0,0.01,0.0,0.0,0.0,0.0,0.0,0.0,0.0,0.0,0.0,0.0,0.0,0.0,0.99,0.0,0.0,0.0,0.0,0.0,0.0,0.0,0.0,0.0,0.0,0.0,0.0,98.0,500.0,1.0,1,0.01,0.02,12000,0.0,0.0,0.0,219.37093812421207,0.24151344336753314
69b9612af753f624649ce451,69b9612af753f624649ce451,69b9612af753f624649ce452,0.0,0.0,0.0,0.0,0.01,0.0,0.0,0.0,0.0,0.0,0.0,0.0,0.0,0.0,0.0,0.0,0.0,0.99,0.0,0.0,0.0,0.0,0.0,0.0,0.0,0.0,0.0,0.0,0.0,0.0,98.0,500.0,1.0,1,0.01,0.02,12000,0.0,0.0,0.0,271.2478197548915,0.425319761547508
69b9612af753f624649ce451,69b9612af753f624649ce451,69b9612af753f624649ce452,0.0,0.0,0.0,0.0,0.01,0.0,0.0,0.0,0.0,0.0,0.0,0.0,0.0,0.0,0.0,0.0,0.0,0.99,0.0,0.0,0.0,0.0,0.0,0.0,0.0,0.0,0.0,0.0,0.0,0.0,98.0,500.0,1.0,1,0.01,0.02,12000,0.0,0.0,0.0,320.7242731077199,0.6382789245305973
69b9612af753f624649ce451,69b9612af753f624649ce451,69b9612af753f624649ce452,0.0,0.0,0.0,0.0,0.01,0.0,0.0,0.0,0.0,0.0,0.0,0.0,0.0,0.0,0.0,0.0,0.0,0.99,0.0,0.0,0.0,0.0,0.0,0.0,0.0,0.0,0.0,0.0,0.0,0.0,98.0,500.0,1.0,1,0.01,0.02,12000,0.0,0.0,0.0,366.62886615741513,0.7966048907092744
69b9612af753f624649ce451,69b9612af753f624649ce451,69b9612af753f624649ce452,0.0,0.0,0.0,0.0,0.01,0.0,0.0,0.0,0.0,0.0,0.0,0.0,0.0,0.0,0.0,0.0,0.0,0.99,0.0,0.0,0.0,0.0,0.0,0.0,0.0,0.0,0.0,0.0,0.0,0.0,98.0,500.0,1.0,1,0.01,0.02,12000,0.0,0.0,0.0,393.528629568441,0.8732925098341375
69b9612af753f624649ce451,69b9612af753f624649ce451,69b9612af753f624649ce452,0.0,0.0,0.0,0.0,0.01,0.0,0.0,0.0,0.0,0.0,0.0,0.0,0.0,0.0,0.0,0.0,0.0,0.99,0.0,0.0,0.0,0.0,0.0,0.0,0.0,0.0,0.0,0.0,0.0,0.0,98.0,500.0,1.0,1,0.01,0.02,12000,0.0,0.0,0.0,425.7933789625775,0.9377817429741677
69b9612af753f624649ce451,69b9612af753f624649ce451,69b9612af753f624649ce452,0.0,0.0,0.0,0.0,0.01,0.0,0.0,0.0,0.0,0.0,0.0,0.0,0.0,0.0,0.0,0.0,0.0,0.99,0.0,0.0,0.0,0.0,0.0,0.0,0.0,0.0,0.0,0.0,0.0,0.0,98.0,500.0,1.0,1,0.01,0.02,12000,0.0,0.0,0.0,445.62425526280947,0.9604201305811266
69b9612af753f624649ce453,69b9612af753f624649ce453,69b9612bf753f624649ce454,0.0,0.0,0.0,0.0,0.0,0.0,0.0,0.01,0.0,0.0,0.0,0.0,0.0,0.0,0.0,0.0,0.0,0.99,0.0,0.0,0.0,0.0,0.0,0.0,0.0,0.0,0.0,0.0,0.0,0.0,86.0,500.0,1.0,1,0.01,0.02,12000,0.0,0.0,0.0,128.53170925460083,0.16714221987915162
69b9612af753f624649ce453,69b9612af753f624649ce453,69b9612bf753f624649ce454,0.0,0.0,0.0,0.0,0.0,0.0,0.0,0.01,0.0,0.0,0.0,0.0,0.0,0.0,0.0,0.0,0.0,0.99,0.0,0.0,0.0,0.0,0.0,0.0,0.0,0.0,0.0,0.0,0.0,0.0,86.0,500.0,1.0,1,0.01,0.02,12000,0.0,0.0,0.0,163.59408009486583,0.21323005799099723
69b9612af753f624649ce453,69b9612af753f624649ce453,69b9612bf753f624649ce454,0.0,0.0,0.0,0.0,0.0,0.0,0.0,0.01,0.0,0.0,0.0,0.0,0.0,0.0,0.0,0.0,0.0,0.99,0.0,0.0,0.0,0.0,0.0,0.0,0.0,0.0,0.0,0.0,0.0,0.0,86.0,500.0,1.0,1,0.01,0.02,12000,0.0,0.0,0.0,210.41970078114656,0.33858145099152437
69b9612af753f624649ce453,69b9612af753f624649ce453,69b9612bf753f624649ce454,0.0,0.0,0.0,0.0,0.0,0.0,0.0,0.01,0.0,0.0,0.0,0.0,0.0,0.0,0.0,0.0,0.0,0.99,0.0,0.0,0.0,0.0,0.0,0.0,0.0,0.0,0.0,0.0,0.0,0.0,86.0,500.0,1.0,1,0.01,0.02,12000,0.0,0.0,0.0,257.60221967660414,0.47712397096394826
69b9612af753f624649ce453,69b9612af753f624649ce453,69b9612bf753f624649ce454,0.0,0.0,0.0,0.0,0.0,0.0,0.0,0.01,0.0,0.0,0.0,0.0,0.0,0.0,0.0,0.0,0.0,0.99,0.0,0.0,0.0,0.0,0.0,0.0,0.0,0.0,0.0,0.0,0.0,0.0,86.0,500.0,1.0,1,0.01,0.02,12000,0.0,0.0,0.0,302.4965605374196,0.6186447138975627
69b9612af753f624649ce453,69b9612af753f624649ce453,69b9612bf753f624649ce454,0.0,0.0,0.0,0.0,0.0,0.0,0.0,0.01,0.0,0.0,0.0,0.0,0.0,0.0,0.0,0.0,0.0,0.99,0.0,0.0,0.0,0.0,0.0,0.0,0.0,0.0,0.0,0.0,0.0,0.0,86.0,500.0,1.0,1,0.01,0.02,12000,0.0,0.0,0.0,357.52508361204013,0.7605807210349163
69b9612af753f624649ce453,69b9612af753f624649ce453,69b9612bf753f624649ce454,0.0,0.0,0.0,0.0,0.0,0.0,0.0,0.01,0.0,0.0,0.0,0.0,0.0,0.0,0.0,0.0,0.0,0.99,0.0,0.0,0.0,0.0,0.0,0.0,0.0,0.0,0.0,0.0,0.0,0.0,86.0,500.0,1.0,1,0.01,0.02,12000,0.0,0.0,0.0,407.62323061956374,0.8670246157589522
69b9612af753f624649ce453,69b9612af753f624649ce453,69b9612bf753f624649ce454,0.0,0.0,0.0,0.0,0.0,0.0,0.0,0.01,0.0,0.0,0.0,0.0,0.0,0.0,0.0,0.0,0.0,0.99,0.0,0.0,0.0,0.0,0.0,0.0,0.0,0.0,0.0,0.0,0.0,0.0,86.0,500.0,1.0,1,0.01,0.02,12000,0.0,0.0,0.0,452.6787513167817,0.9378531165091853
69b9612af753f624649ce453,69b9612af753f624649ce453,69b9612bf753f624649ce454,0.0,0.0,0.0,0.0,0.0,0.0,0.0,0.01,0.0,0.0,0.0,0.0,0.0,0.0,0.0,0.0,0.0,0.99,0.0,0.0,0.0,0.0,0.0,0.0,0.0,0.0,0.0,0.0,0.0,0.0,86.0,500.0,1.0,1,0.01,0.02,12000,0.0,0.0,0.0,488.834842475492,0.9799570136664099
69b9612bf753f624649ce455,69b9612bf753f624649ce455,69b9612bf753f624649ce456,0.0,0.0,0.0,0.0,0.0,0.0,0.01,0.0,0.0,0.0,0.0,0.0,0.0,0.0,0.0,0.0,0.0,0.99,0.0,0.0,0.0,0.0,0.0,0.0,0.0,0.0,0.0,0.0,0.0,0.0,98.0,500.0,1.0,1,0.01,0.02,12000,0.0,0.0,0.0,126.37017251998918,0.17045135650269677
69b9612bf753f624649ce455,69b9612bf753f624649ce455,69b9612bf753f624649ce456,0.0,0.0,0.0,0.0,0.0,0.0,0.01,0.0,0.0,0.0,0.0,0.0,0.0,0.0,0.0,0.0,0.0,0.99,0.0,0.0,0.0,0.0,0.0,0.0,0.0,0.0,0.0,0.0,0.0,0.0,98.0,500.0,1.0,1,0.01,0.02,12000,0.0,0.0,0.0,166.40897080918035,0.1997923678981305
69b9612bf753f624649ce455,69b9612bf753f624649ce455,69b9612bf753f624649ce456,0.0,0.0,0.0,0.0,0.0,0.0,0.01,0.0,0.0,0.0,0.0,0.0,0.0,0.0,0.0,0.0,0.0,0.99,0.0,0.0,0.0,0.0,0.0,0.0,0.0,0.0,0.0,0.0,0.0,0.0,98.0,500.0,1.0,1,0.01,0.02,12000,0.0,0.0,0.0,209.44398712863875,0.2681682144450302
69b9612bf753f624649ce455,69b9612bf753f624649ce455,69b9612bf753f624649ce456,0.0,0.0,0.0,0.0,0.0,0.0,0.01,0.0,0.0,0.0,0.0,0.0,0.0,0.0,0.0,0.0,0.0,0.99,0.0,0.0,0.0,0.0,0.0,0.0,0.0,0.0,0.0,0.0,0.0,0.0,98.0,500.0,1.0,1,0.01,0.02,12000,0.0,0.0,0.0,252.25738117304383,0.41226489314246323
69b9612bf753f624649ce455,69b9612bf753f624649ce455,69b9612bf753f624649ce456,0.0,0.0,0.0,0.0,0.0,0.0,0.01,0.0,0.0,0.0,0.0,0.0,0.0,0.0,0.0,0.0,0.0,0.99,0.0,0.0,0.0,0.0,0.0,0.0,0.0,0.0,0.0,0.0,0.0,0.0,98.0,500.0,1.0,1,0.01,0.02,12000,0.0,0.0,0.0,300.58542819150466,0.634489638671479
69b9612bf753f624649ce455,69b9612bf753f624649ce455,69b9612bf753f624649ce456,0.0,0.0,0.0,0.0,0.0,0.0,0.01,0.0,0.0,0.0,0.0,0.0,0.0,0.0,0.0,0.0,0.0,0.99,0.0,0.0,0.0,0.0,0.0,0.0,0.0,0.0,0.0,0.0,0.0,0.0,98.0,500.0,1.0,1,0.01,0.02,12000,0.0,0.0,0.0,348.57960269170326,0.7901877610608702
69b9612bf753f624649ce455,69b9612bf753f624649ce455,69b9612bf753f624649ce456,0.0,0.0,0.0,0.0,0.0,0.0,0.01,0.0,0.0,0.0,0.0,0.0,0.0,0.0,0.0,0.0,0.0,0.99,0.0,0.0,0.0,0.0,0.0,0.0,0.0,0.0,0.0,0.0,0.0,0.0,98.0,500.0,1.0,1,0.01,0.02,12000,0.0,0.0,0.0,400.7097669224437,0.912041850845533
69b9612bf753f624649ce455,69b9612bf753f624649ce455,69b9612bf753f624649ce456,0.0,0.0,0.0,0.0,0.0,0.0,0.01,0.0,0.0,0.0,0.0,0.0,0.0,0.0,0.0,0.0,0.0,0.99,0.0,0.0,0.0,0.0,0.0,0.0,0.0,0.0,0.0,0.0,0.0,0.0,98.0,500.0,1.0,1,0.01,0.02,12000,0.0,0.0,0.0,420.72484874999276,0.9502072265704206
69b9612cf753f624649ce457,69b9612cf753f624649ce457,69b9612cf753f624649ce458,0.0,0.0,0.0,0.0,0.0,0.0,0.0,0.0,0.0,0.0,0.0,0.0,0.0,0.0,0.0,0.0,0.0,0.99,0.0,0.0,0.0,0.0,0.0,0.0,0.0,0.0,0.0,0.0,0.01,0.0,98.0,500.0,1.0,1,0.01,0.02,12000,0.0,0.0,0.0,126.37017251998918,0.17045135650269677
69b9612cf753f624649ce457,69b9612cf753f624649ce457,69b9612cf753f624649ce458,0.0,0.0,0.0,0.0,0.0,0.0,0.0,0.0,0.0,0.0,0.0,0.0,0.0,0.0,0.0,0.0,0.0,0.99,0.0,0.0,0.0,0.0,0.0,0.0,0.0,0.0,0.0,0.0,0.01,0.0,98.0,500.0,1.0,1,0.01,0.02,12000,0.0,0.0,0.0,166.40897080918035,0.1997923678981305
69b9612cf753f624649ce457,69b9612cf753f624649ce457,69b9612cf753f624649ce458,0.0,0.0,0.0,0.0,0.0,0.0,0.0,0.0,0.0,0.0,0.0,0.0,0.0,0.0,0.0,0.0,0.0,0.99,0.0,0.0,0.0,0.0,0.0,0.0,0.0,0.0,0.0,0.0,0.01,0.0,98.0,500.0,1.0,1,0.01,0.02,12000,0.0,0.0,0.0,209.44398712863875,0.2681682144450302
69b9612cf753f624649ce457,69b9612cf753f624649ce457,69b9612cf753f624649ce458,0.0,0.0,0.0,0.0,0.0,0.0,0.0,0.0,0.0,0.0,0.0,0.0,0.0,0.0,0.0,0.0,0.0,0.99,0.0,0.0,0.0,0.0,0.0,0.0,0.0,0.0,0.0,0.0,0.01,0.0,98.0,500.0,1.0,1,0.01,0.02,12000,0.0,0.0,0.0,252.25738117304383,0.41226489314246323
69b9612cf753f624649ce457,69b9612cf753f624649ce457,69b9612cf753f624649ce458,0.0,0.0,0.0,0.0,0.0,0.0,0.0,0.0,0.0,0.0,0.0,0.0,0.0,0.0,0.0,0.0,0.0,0.99,0.0,0.0,0.0,0.0,0.0,0.0,0.0,0.0,0.0,0.0,0.01,0.0,98.0,500.0,1.0,1,0.01,0.02,12000,0.0,0.0,0.0,300.58542819150466,0.634489638671479
69b9612cf753f624649ce457,69b9612cf753f624649ce457,69b9612cf753f624649ce458,0.0,0.0,0.0,0.0,0.0,0.0,0.0,0.0,0.0,0.0,0.0,0.0,0.0,0.0,0.0,0.0,0.0,0.99,0.0,0.0,0.0,0.0,0.0,0.0,0.0,0.0,0.0,0.0,0.01,0.0,98.0,500.0,1.0,1,0.01,0.02,12000,0.0,0.0,0.0,348.57960269170326,0.7901877610608702
69b9612cf753f624649ce457,69b9612cf753f624649ce457,69b9612cf753f624649ce458,0.0,0.0,0.0,0.0,0.0,0.0,0.0,0.0,0.0,0.0,0.0,0.0,0.0,0.0,0.0,0.0,0.0,0.99,0.0,0.0,0.0,0.0,0.0,0.0,0.0,0.0,0.0,0.0,0.01,0.0,98.0,500.0,1.0,1,0.01,0.02,12000,0.0,0.0,0.0,400.7097669224437,0.912041850845533
69b9612cf753f624649ce457,69b9612cf753f624649ce457,69b9612cf753f624649ce458,0.0,0.0,0.0,0.0,0.0,0.0,0.0,0.0,0.0,0.0,0.0,0.0,0.0,0.0,0.0,0.0,0.0,0.99,0.0,0.0,0.0,0.0,0.0,0.0,0.0,0.0,0.0,0.0,0.01,0.0,98.0,500.0,1.0,1,0.01,0.02,12000,0.0,0.0,0.0,420.72484874999276,0.9502072265704206
69b9612cf753f624649ce457,69b9612cf753f624649ce457,69b9612cf753f624649ce458,0.0,0.0,0.0,0.0,0.0,0.0,0.0,0.0,0.0,0.0,0.0,0.0,0.0,0.0,0.0,0.0,0.0,0.99,0.0,0.0,0.0,0.0,0.0,0.0,0.0,0.0,0.0,0.0,0.01,0.0,98.0,500.0,1.0,1,0.01,0.02,12000,0.0,0.0,0.0,179.88763462833657,0.1291066142179326
69b9612cf753f624649ce457,69b9612cf753f624649ce457,69b9612cf753f624649ce458,0.0,0.0,0.0,0.0,0.0,0.0,0.0,0.0,0.0,0.0,0.0,0.0,0.0,0.0,0.0,0.0,0.0,0.99,0.0,0.0,0.0,0.0,0.0,0.0,0.0,0.0,0.0,0.0,0.01,0.0,98.0,500.0,1.0,1,0.01,0.02,12000,0.0,0.0,0.0,315.5463708632907,0.3357135325844519
69b9612cf753f624649ce457,69b9612cf753f624649ce457,69b9612cf753f624649ce458,0.0,0.0,0.0,0.0,0.0,0.0,0.0,0.0,0.0,0.0,0.0,0.0,0.0,0.0,0.0,0.0,0.0,0.99,0.0,0.0,0.0,0.0,0.0,0.0,0.0,0.0,0.0,0.0,0.01,0.0,98.0,500.0,1.0,1,0.01,0.02,12000,0.0,0.0,0.0,363.08866617928953,0.5434559390080701
69b9612cf753f624649ce457,69b9612cf753f624649ce457,69b9612cf753f624649ce458,0.0,0.0,0.0,0.0,0.0,0.0,0.0,0.0,0.0,0.0,0.0,0.0,0.0,0.0,0.0,0.0,0.0,0.99,0.0,0.0,0.0,0.0,0.0,0.0,0.0,0.0,0.0,0.0,0.01,0.0,98.0,500.0,1.0,1,0.01,0.02,12000,0.0,0.0,0.0,413.831532532423,0.7500304148586723
69b9612cf753f624649ce457,69b9612cf753f624649ce457,69b9612cf753f624649ce458,0.0,0.0,0.0,0.0,0.0,0.0,0.0,0.0,0.0,0.0,0.0,0.0,0.0,0.0,0.0,0.0,0.0,0.99,0.0,0.0,0.0,0.0,0.0,0.0,0.0,0.0,0.0,0.0,0.01,0.0,98.0,500.0,1.0,1,0.01,0.02,12000,0.0,0.0,0.0,440.56723789568207,0.8404671722292063
69b9612cf753f624649ce457,69b9612cf753f624649ce457,69b9612cf753f624649ce458,0.0,0.0,0.0,0.0,0.0,0.0,0.0,0.0,0.0,0.0,0.0,0.0,0.0,0.0,0.0,0.0,0.0,0.99,0.0,0.0,0.0,0.0,0.0,0.0,0.0,0.0,0.0,0.0,0.01,0.0,98.0,500.0,1.0,1,0.01,0.02,12000,0.0,0.0,0.0,466.22937042004617,0.9080384443813618
69b9612cf753f624649ce457,69b9612cf753f624649ce457,69b9612cf753f624649ce458,0.0,0.0,0.0,0.0,0.0,0.0,0.0,0.0,0.0,0.0,0.0,0.0,0.0,0.0,0.0,0.0,0.0,0.99,0.0,0.0,0.0,0.0,0.0,0.0,0.0,0.0,0.0,0.0,0.01,0.0,98.0,500.0,1.0,1,0.01,0.02,12000,0.0,0.0,0.0,488.0893857321306,0.9479427389594064
69b9612df753f624649ce45b,69b9612df753f624649ce45b,69b9612df753f624649ce45c,0.0,0.0,0.0,0.0,0.0,0.0,0.0,0.0,0.0,0.0,0.0,0.0,0.0,0.01,0.0,0.0,0.0,0.99,0.0,0.0,0.0,0.0,0.0,0.0,0.0,0.0,0.0,0.0,0.0,0.0,96.0,500.0,1.0,1,0.01,0.02,12000,0.0,0.0,0.0,213.30366856820496,0.12897035565108073
69b9612df753f624649ce45b,69b9612df753f624649ce45b,69b9612df753f624649ce45c,0.0,0.0,0.0,0.0,0.0,0.0,0.0,0.0,0.0,0.0,0.0,0.0,0.0,0.01,0.0,0.0,0.0,0.99,0.0,0.0,0.0,0.0,0.0,0.0,0.0,0.0,0.0,0.0,0.0,0.0,96.0,500.0,1.0,1,0.01,0.02,12000,0.0,0.0,0.0,262.4491276141355,0.1510831745001825
69b9612df753f624649ce45b,69b9612df753f624649ce45b,69b9612df753f624649ce45c,0.0,0.0,0.0,0.0,0.0,0.0,0.0,0.0,0.0,0.0,0.0,0.0,0.0,0.01,0.0,0.0,0.0,0.99,0.0,0.0,0.0,0.0,0.0,0.0,0.0,0.0,0.0,0.0,0.0,0.0,96.0,500.0,1.0,1,0.01,0.02,12000,0.0,0.0,0.0,309.43592813681863,0.2422790867431769
69b9612df753f624649ce45b,69b9612df753f624649ce45b,69b9612df753f624649ce45c,0.0,0.0,0.0,0.0,0.0,0.0,0.0,0.0,0.0,0.0,0.0,0.0,0.0,0.01,0.0,0.0,0.0,0.99,0.0,0.0,0.0,0.0,0.0,0.0,0.0,0.0,0.0,0.0,0.0,0.0,96.0,500.0,1.0,1,0.01,0.02,12000,0.0,0.0,0.0,362.50151106096627,0.43084796625978344
69b9612df753f624649ce45b,69b9612df753f624649ce45b,69b9612df753f624649ce45c,0.0,0.0,0.0,0.0,0.0,0.0,0.0,0.0,0.0,0.0,0.0,0.0,0.0,0.01,0.0,0.0,0.0,0.99,0.0,0.0,0.0,0.0,0.0,0.0,0.0,0.0,0.0,0.0,0.0,0.0,96.0,500.0,1.0,1,0.01,0.02,12000,0.0,0.0,0.0,407.4102429786034,0.570415669735188
69b9612df753f624649ce45b,69b9612df753f624649ce45b,69b9612df753f624649ce45c,0.0,0.0,0.0,0.0,0.0,0.0,0.0,0.0,0.0,0.0,0.0,0.0,0.0,0.01,0.0,0.0,0.0,0.99,0.0,0.0,0.0,0.0,0.0,0.0,0.0,0.0,0.0,0.0,0.0,0.0,96.0,500.0,1.0,1,0.01,0.02,12000,0.0,0.0,0.0,441.66671463685606,0.6635905754491261
69b9612df753f624649ce45b,69b9612df753f624649ce45b,69b9612df753f624649ce45c,0.0,0.0,0.0,0.0,0.0,0.0,0.0,0.0,0.0,0.0,0.0,0.0,0.0,0.01,0.0,0.0,0.0,0.99,0.0,0.0,0.0,0.0,0.0,0.0,0.0,0.0,0.0,0.0,0.0,0.0,96.0,500.0,1.0,1,0.01,0.02,12000,0.0,0.0,0.0,471.5742089236065,0.7473571515471025
69b9612df753f624649ce45b,69b9612df753f624649ce45b,69b9612df753f624649ce45c,0.0,0.0,0.0,0.0,0.0,0.0,0.0,0.0,0.0,0.0,0.0,0.0,0.0,0.01,0.0,0.0,0.0,0.99,0.0,0.0,0.0,0.0,0.0,0.0,0.0,0.0,0.0,0.0,0.0,0.0,96.0,500.0,1.0,1,0.01,0.02,12000,0.0,0.0,0.0,500.7247336215382,0.799596090676832
69b9612df753f624649ce45b,69b9612df753f624649ce45b,69b9612df753f624649ce45c,0.0,0.0,0.0,0.0,0.0,0.0,0.0,0.0,0.0,0.0,0.0,0.0,0.0,0.01,0.0,0.0,0.0,0.99,0.0,0.0,0.0,0.0,0.0,0.0,0.0,0.0,0.0,0.0,0.0,0.0,96.0,500.0,1.0,1,0.01,0.02,12000,0.0,0.0,0.0,529.7946684012686,0.8576487286589075
69b9612df753f624649ce45b,69b9612df753f624649ce45b,69b9612df753f624649ce45c,0.0,0.0,0.0,0.0,0.0,0.0,0.0,0.0,0.0,0.0,0.0,0.0,0.0,0.01,0.0,0.0,0.0,0.99,0.0,0.0,0.0,0.0,0.0,0.0,0.0,0.0,0.0,0.0,0.0,0.0,96.0,500.0,1.0,1,0.01,0.02,12000,0.0,0.0,0.0,560.5023054473028,0.915208240399043
69b9612df753f624649ce45b,69b9612df753f624649ce45b,69b9612df753f624649ce45c,0.0,0.0,0.0,0.0,0.0,0.0,0.0,0.0,0.0,0.0,0.0,0.0,0.0,0.01,0.0,0.0,0.0,0.99,0.0,0.0,0.0,0.0,0.0,0.0,0.0,0.0,0.0,0.0,0.0,0.0,96.0,500.0,1.0,1,0.01,0.02,12000,0.0,0.0,0.0,590.8501660727957,0.9572472525244332
69b9612ef753f624649ce45d,69b9612ef753f624649ce45d,69b9612ef753f624649ce45e,0.0,0.0,0.0,0.0,0.0,0.0,0.0,0.0,0.0,0.0,0.0,0.0,0.0,0.0,0.0,0.0,0.0,0.99,0.0,0.0,0.01,0.0,0.0,0.0,0.0,0.0,0.0,0.0,0.0,0.0,90.0,500.0,1.0,1,0.01,0.02,12000,0.0,0.0,0.0,257.7259827652704,0.1031266474715114
69b9612ef753f624649ce45d,69b9612ef753f624649ce45d,69b9612ef753f624649ce45e,0.0,0.0,0.0,0.0,0.0,0.0,0.0,0.0,0.0,0.0,0.0,0.0,0.0,0.0,0.0,0.0,0.0,0.99,0.0,0.0,0.01,0.0,0.0,0.0,0.0,0.0,0.0,0.0,0.0,0.0,90.0,500.0,1.0,1,0.01,0.02,12000,0.0,0.0,0.0,302.52534265106294,0.21659110264000972
69b9612ef753f624649ce45d,69b9612ef753f624649ce45d,69b9612ef753f624649ce45e,0.0,0.0,0.0,0.0,0.0,0.0,0.0,0.0,0.0,0.0,0.0,0.0,0.0,0.0,0.0,0.0,0.0,0.99,0.0,0.0,0.01,0.0,0.0,0.0,0.0,0.0,0.0,0.0,0.0,0.0,90.0,500.0,1.0,1,0.01,0.02,12000,0.0,0.0,0.0,352.784669494989,0.48337239952958355
69b9612ef753f624649ce45d,69b9612ef753f624649ce45d,69b9612ef753f624649ce45e,0.0,0.0,0.0,0.0,0.0,0.0,0.0,0.0,0.0,0.0,0.0,0.0,0.0,0.0,0.0,0.0,0.0,0.99,0.0,0.0,0.01,0.0,0.0,0.0,0.0,0.0,0.0,0.0,0.0,0.0,90.0,500.0,1.0,1,0.01,0.02,12000,0.0,0.0,0.0,406.4719460738319,0.8024704975870879
69b9612ef753f624649ce45d,69b9612ef753f624649ce45d,69b9612ef753f624649ce45e,0.0,0.0,0.0,0.0,0.0,0.0,0.0,0.0,0.0,0.0,0.0,0.0,0.0,0.0,0.0,0.0,0.0,0.99,0.0,0.0,0.01,0.0,0.0,0.0,0.0,0.0,0.0,0.0,0.0,0.0,90.0,500.0,1.0,1,0.01,0.02,12000,0.0,0.0,0.0,450.4567721435191,0.9266669370209659
69b9612ef753f624649ce45d,69b9612ef753f624649ce45d,69b9612ef753f624649ce45e,0.0,0.0,0.0,0.0,0.0,0.0,0.0,0.0,0.0,0.0,0.0,0.0,0.0,0.0,0.0,0.0,0.0,0.99,0.0,0.0,0.01,0.0,0.0,0.0,0.0,0.0,0.0,0.0,0.0,0.0,90.0,500.0,1.0,1,0.01,0.02,12000,0.0,0.0,0.0,479.6332007437298,0.9863741433148141
69b9612ef753f624649ce45f,69b9612ef753f624649ce45f,69b9612ff753f624649ce460,0.0,0.0,0.0,0.0,0.0,0.0,0.0,0.0,0.0,0.0,0.0,0.0,0.0,0.0,0.0,0.01,0.0,0.99,0.0,0.0,0.0,0.0,0.0,0.0,0.0,0.0,0.0,0.0,0.0,0.0,60.0,500.0,1.0,1,0.01,0.02,12000,0.0,0.0,0.0,222.67512477046262,0.16016707895697313
69b9612ef753f624649ce45f,69b9612ef753f624649ce45f,69b9612ff753f624649ce460,0.0,0.0,0.0,0.0,0.0,0.0,0.0,0.0,0.0,0.0,0.0,0.0,0.0,0.0,0.0,0.01,0.0,0.99,0.0,0.0,0.0,0.0,0.0,0.0,0.0,0.0,0.0,0.0,0.0,0.0,60.0,500.0,1.0,1,0.01,0.02,12000,0.0,0.0,0.0,269.68207277269613,0.189787095989294
69b9612ef753f624649ce45f,69b9612ef753f624649ce45f,69b9612ff753f624649ce460,0.0,0.0,0.0,0.0,0.0,0.0,0.0,0.0,0.0,0.0,0.0,0.0,0.0,0.0,0.0,0.01,0.0,0.99,0.0,0.0,0.0,0.0,0.0,0.0,0.0,0.0,0.0,0.0,0.0,0.0,60.0,500.0,1.0,1,0.01,0.02,12000,0.0,0.0,0.0,314.5389968857753,0.33102883328602134
69b9612ef753f624649ce45f,69b9612ef753f624649ce45f,69b9612ff753f624649ce460,0.0,0.0,0.0,0.0,0.0,0.0,0.0,0.0,0.0,0.0,0.0,0.0,0.0,0.0,0.0,0.01,0.0,0.99,0.0,0.0,0.0,0.0,0.0,0.0,0.0,0.0,0.0,0.0,0.0,0.0,60.0,500.0,1.0,1,0.01,0.02,12000,0.0,0.0,0.0,363.773680484,0.5535974694837584
69b9612ef753f624649ce45f,69b9612ef753f624649ce45f,69b9612ff753f624649ce460,0.0,0.0,0.0,0.0,0.0,0.0,0.0,0.0,0.0,0.0,0.0,0.0,0.0,0.0,0.0,0.01,0.0,0.99,0.0,0.0,0.0,0.0,0.0,0.0,0.0,0.0,0.0,0.0,0.0,0.0,60.0,500.0,1.0,1,0.01,0.02,12000,0.0,0.0,0.0,412.5939016457612,0.7872809116346973
69b9612ef753f624649ce45f,69b9612ef753f624649ce45f,69b9612ff753f624649ce460,0.0,0.0,0.0,0.0,0.0,0.0,0.0,0.0,0.0,0.0,0.0,0.0,0.0,0.0,0.0,0.01,0.0,0.99,0.0,0.0,0.0,0.0,0.0,0.0,0.0,0.0,0.0,0.0,0.0,0.0,60.0,500.0,1.0,1,0.01,0.02,12000,0.0,0.0,0.0,459.7908115980405,0.9151952633926761
69b9612ef753f624649ce45f,69b9612ef753f624649ce45f,69b9612ff753f624649ce460,0.0,0.0,0.0,0.0,0.0,0.0,0.0,0.0,0.0,0.0,0.0,0.0,0.0,0.0,0.0,0.01,0.0,0.99,0.0,0.0,0.0,0.0,0.0,0.0,0.0,0.0,0.0,0.0,0.0,0.0,60.0,500.0,1.0,1,0.01,0.02,12000,0.0,0.0,0.0,486.82297273182553,0.9638395717587899
69b9612ef753f624649ce45f,69b9612ef753f624649ce45f,69b9612ff753f624649ce460,0.0,0.0,0.0,0.0,0.0,0.0,0.0,0.0,0.0,0.0,0.0,0.0,0.0,0.0,0.0,0.01,0.0,0.99,0.0,0.0,0.0,0.0,0.0,0.0,0.0,0.0,0.0,0.0,0.0,0.0,60.0,500.0,1.0,1,0.01,0.02,12000,0.0,0.0,0.0,511.69071891963455,0.9895340443651405
69b96132f753f624649ce463,69b96132f753f624649ce463,69b96132f753f624649ce464,0.0,0.0,0.0,0.0,0.0,0.0,0.0,0.0,0.0,0.0,0.0,0.0,0.0,0.0,0.0,0.0,0.0,0.99,0.0,0.0,0.0,0.0,0.01,0.0,0.0,0.0,0.0,0.0,0.0,0.0,67.0,500.0,1.0,1,0.01,0.02,12000,0.0,0.0,0.0,229.79581968581445,0.1963534612109169
69b96132f753f624649ce463,69b96132f753f624649ce463,69b96132f753f624649ce464,0.0,0.0,0.0,0.0,0.0,0.0,0.0,0.0,0.0,0.0,0.0,0.0,0.0,0.0,0.0,0.0,0.0,0.99,0.0,0.0,0.0,0.0,0.01,0.0,0.0,0.0,0.0,0.0,0.0,0.0,67.0,500.0,1.0,1,0.01,0.02,12000,0.0,0.0,0.0,294.63040887870636,0.2700369033618557
69b96132f753f624649ce463,69b96132f753f624649ce463,69b96132f753f624649ce464,0.0,0.0,0.0,0.0,0.0,0.0,0.0,0.0,0.0,0.0,0.0,0.0,0.0,0.0,0.0,0.0,0.0,0.99,0.0,0.0,0.0,0.0,0.01,0.0,0.0,0.0,0.0,0.0,0.0,0.0,67.0,500.0,1.0,1,0.01,0.02,12000,0.0,0.0,0.0,346.7173999389819,0.4160282249888479
69b96132f753f624649ce463,69b96132f753f624649ce463,69b96132f753f624649ce464,0.0,0.0,0.0,0.0,0.0,0.0,0.0,0.0,0.0,0.0,0.0,0.0,0.0,0.0,0.0,0.0,0.0,0.99,0.0,0.0,0.0,0.0,0.01,0.0,0.0,0.0,0.0,0.0,0.0,0.0,67.0,500.0,1.0,1,0.01,0.02,12000,0.0,0.0,0.0,383.621826052418,0.5732511456263434
69b96132f753f624649ce463,69b96132f753f624649ce463,69b96132f753f624649ce464,0.0,0.0,0.0,0.0,0.0,0.0,0.0,0.0,0.0,0.0,0.0,0.0,0.0,0.0,0.0,0.0,0.0,0.99,0.0,0.0,0.0,0.0,0.01,0.0,0.0,0.0,0.0,0.0,0.0,0.0,67.0,500.0,1.0,1,0.01,0.02,12000,0.0,0.0,0.0,413.6905001755709,0.6641745407356341
69b96132f753f624649ce463,69b96132f753f624649ce463,69b96132f753f624649ce464,0.0,0.0,0.0,0.0,0.0,0.0,0.0,0.0,0.0,0.0,0.0,0.0,0.0,0.0,0.0,0.0,0.0,0.99,0.0,0.0,0.0,0.0,0.01,0.0,0.0,0.0,0.0,0.0,0.0,0.0,67.0,500.0,1.0,1,0.01,0.02,12000,0.0,0.0,0.0,444.6802019353093,0.7473376860375522
69b96132f753f624649ce463,69b96132f753f624649ce463,69b96132f753f624649ce464,0.0,0.0,0.0,0.0,0.0,0.0,0.0,0.0,0.0,0.0,0.0,0.0,0.0,0.0,0.0,0.0,0.0,0.99,0.0,0.0,0.0,0.0,0.01,0.0,0.0,0.0,0.0,0.0,0.0,0.0,67.0,500.0,1.0,1,0.01,0.02,12000,0.0,0.0,0.0,473.68105964229585,0.8217024210227504
69b96132f753f624649ce463,69b96132f753f624649ce463,69b96132f753f624649ce464,0.0,0.0,0.0,0.0,0.0,0.0,0.0,0.0,0.0,0.0,0.0,0.0,0.0,0.0,0.0,0.0,0.0,0.99,0.0,0.0,0.0,0.0,0.01,0.0,0.0,0.0,0.0,0.0,0.0,0.0,67.0,500.0,1.0,1,0.01,0.02,12000,0.0,0.0,0.0,502.5783017401666,0.8804687943550021
69b96132f753f624649ce463,69b96132f753f624649ce463,69b96132f753f624649ce464,0.0,0.0,0.0,0.0,0.0,0.0,0.0,0.0,0.0,0.0,0.0,0.0,0.0,0.0,0.0,0.0,0.0,0.99,0.0,0.0,0.0,0.0,0.01,0.0,0.0,0.0,0.0,0.0,0.0,0.0,67.0,500.0,1.0,1,0.01,0.02,12000,0.0,0.0,0.0,532.6440976519551,0.9342325317328358
69b96132f753f624649ce463,69b96132f753f624649ce463,69b96132f753f624649ce464,0.0,0.0,0.0,0.0,0.0,0.0,0.0,0.0,0.0,0.0,0.0,0.0,0.0,0.0,0.0,0.0,0.0,0.99,0.0,0.0,0.0,0.0,0.01,0.0,0.0,0.0,0.0,0.0,0.0,0.0,67.0,500.0,1.0,1,0.01,0.02,12000,0.0,0.0,0.0,553.6118674410974,0.9637033131919381
69b96132f753f624649ce465,69b96132f753f624649ce465,69b96133f753f624649ce466,0.0,0.0,0.0,0.0,0.0,0.01,0.0,0.0,0.0,0.0,0.0,0.0,0.0,0.0,0.0,0.0,0.0,0.99,0.0,0.0,0.0,0.0,0.0,0.0,0.0,0.0,0.0,0.0,0.0,0.0,58.0,500.0,1.0,1,0.01,0.02,12000,0.0,0.0,0.0,242.76216188211995,0.20199845898049393
69b96132f753f624649ce465,69b96132f753f624649ce465,69b96133f753f624649ce466,0.0,0.0,0.0,0.0,0.0,0.01,0.0,0.0,0.0,0.0,0.0,0.0,0.0,0.0,0.0,0.0,0.0,0.99,0.0,0.0,0.0,0.0,0.0,0.0,0.0,0.0,0.0,0.0,0.0,0.0,58.0,500.0,1.0,1,0.01,0.02,12000,0.0,0.0,0.0,292.6962508418768,0.28675128756235047
69b96132f753f624649ce465,69b96132f753f624649ce465,69b96133f753f624649ce466,0.0,0.0,0.0,0.0,0.0,0.01,0.0,0.0,0.0,0.0,0.0,0.0,0.0,0.0,0.0,0.0,0.0,0.99,0.0,0.0,0.0,0.0,0.0,0.0,0.0,0.0,0.0,0.0,0.0,0.0,58.0,500.0,1.0,1,0.01,0.02,12000,0.0,0.0,0.0,347.4024142436924,0.49351393000527194
69b96132f753f624649ce465,69b96132f753f624649ce465,69b96133f753f624649ce466,0.0,0.0,0.0,0.0,0.0,0.01,0.0,0.0,0.0,0.0,0.0,0.0,0.0,0.0,0.0,0.0,0.0,0.99,0.0,0.0,0.0,0.0,0.0,0.0,0.0,0.0,0.0,0.0,0.0,0.0,58.0,500.0,1.0,1,0.01,0.02,12000,0.0,0.0,0.0,377.46533194411666,0.6253603146924044
69b96132f753f624649ce465,69b96132f753f624649ce465,69b96133f753f624649ce466,0.0,0.0,0.0,0.0,0.0,0.01,0.0,0.0,0.0,0.0,0.0,0.0,0.0,0.0,0.0,0.0,0.0,0.99,0.0,0.0,0.0,0.0,0.0,0.0,0.0,0.0,0.0,0.0,0.0,0.0,58.0,500.0,1.0,1,0.01,0.02,12000,0.0,0.0,0.0,409.57753613594366,0.7239920515836004
69b96132f753f624649ce465,69b96132f753f624649ce465,69b96133f753f624649ce466,0.0,0.0,0.0,0.0,0.0,0.01,0.0,0.0,0.0,0.0,0.0,0.0,0.0,0.0,0.0,0.0,0.0,0.99,0.0,0.0,0.0,0.0,0.0,0.0,0.0,0.0,0.0,0.0,0.0,0.0,58.0,500.0,1.0,1,0.01,0.02,12000,0.0,0.0,0.0,437.0155250720992,0.795151465996188
69b96132f753f624649ce465,69b96132f753f624649ce465,69b96133f753f624649ce466,0.0,0.0,0.0,0.0,0.0,0.01,0.0,0.0,0.0,0.0,0.0,0.0,0.0,0.0,0.0,0.0,0.0,0.99,0.0,0.0,0.0,0.0,0.0,0.0,0.0,0.0,0.0,0.0,0.0,0.0,58.0,500.0,1.0,1,0.01,0.02,12000,0.0,0.0,0.0,466.75608309971847,0.859517417575733
69b96132f753f624649ce465,69b96132f753f624649ce465,69b96133f753f624649ce466,0.0,0.0,0.0,0.0,0.0,0.01,0.0,0.0,0.0,0.0,0.0,0.0,0.0,0.0,0.0,0.0,0.0,0.99,0.0,0.0,0.0,0.0,0.0,0.0,0.0,0.0,0.0,0.0,0.0,0.0,58.0,500.0,1.0,1,0.01,0.02,12000,0.0,0.0,0.0,496.66645559783325,0.9147670221825703
69b96132f753f624649ce465,69b96132f753f624649ce465,69b96133f753f624649ce466,0.0,0.0,0.0,0.0,0.0,0.01,0.0,0.0,0.0,0.0,0.0,0.0,0.0,0.0,0.0,0.0,0.0,0.99,0.0,0.0,0.0,0.0,0.0,0.0,0.0,0.0,0.0,0.0,0.0,0.0,58.0,500.0,1.0,1,0.01,0.02,12000,0.0,0.0,0.0,536.0518999073215,0.9536655987671844
69b96132f753f624649ce465,69b96132f753f624649ce465,69b96133f753f624649ce466,0.0,0.0,0.0,0.0,0.0,0.01,0.0,0.0,0.0,0.0,0.0,0.0,0.0,0.0,0.0,0.0,0.0,0.99,0.0,0.0,0.0,0.0,0.0,0.0,0.0,0.0,0.0,0.0,0.0,0.0,58.0,500.0,1.0,1,0.01,0.02,12000,0.0,0.0,0.0,565.1650078575169,0.9757654406099193
69b96133f753f624649ce467,69b96133f753f624649ce467,69b96133f753f624649ce468,0.0,0.0,0.0,0.0,0.0,0.0,0.0,0.0,0.0,0.0,0.0,0.0,0.0,0.0,0.0,0.0,0.0,0.99,0.01,0.0,0.0,0.0,0.0,0.0,0.0,0.0,0.0,0.0,0.0,0.0,75.0,500.0,1.0,1,0.01,0.02,12000,0.0,0.0,0.0,211.74367800873824,0.16042013058112659
69b96133f753f624649ce467,69b96133f753f624649ce467,69b96133f753f624649ce468,0.0,0.0,0.0,0.0,0.0,0.0,0.0,0.0,0.0,0.0,0.0,0.0,0.0,0.0,0.0,0.0,0.0,0.99,0.01,0.0,0.0,0.0,0.0,0.0,0.0,0.0,0.0,0.0,0.0,0.0,75.0,500.0,1.0,1,0.01,0.02,12000,0.0,0.0,0.0,265.54608304215424,0.29030049880368225
69b96133f753f624649ce467,69b96133f753f624649ce467,69b96133f753f624649ce468,0.0,0.0,0.0,0.0,0.0,0.0,0.0,0.0,0.0,0.0,0.0,0.0,0.0,0.0,0.0,0.0,0.0,0.99,0.01,0.0,0.0,0.0,0.0,0.0,0.0,0.0,0.0,0.0,0.0,0.0,75.0,500.0,1.0,1,0.01,0.02,12000,0.0,0.0,0.0,315.7305763906078,0.40344701731619287
69b96133f753f624649ce467,69b96133f753f624649ce467,69b96133f753f624649ce468,0.0,0.0,0.0,0.0,0.0,0.0,0.0,0.0,0.0,0.0,0.0,0.0,0.0,0.0,0.0,0.0,0.0,0.99,0.01,0.0,0.0,0.0,0.0,0.0,0.0,0.0,0.0,0.0,0.0,0.0,75.0,500.0,1.0,1,0.01,0.02,12000,0.0,0.0,0.0,355.760740045706,0.5801484245103208
69b96133f753f624649ce467,69b96133f753f624649ce467,69b96133f753f624649ce468,0.0,0.0,0.0,0.0,0.0,0.0,0.0,0.0,0.0,0.0,0.0,0.0,0.0,0.0,0.0,0.0,0.0,0.99,0.01,0.0,0.0,0.0,0.0,0.0,0.0,0.0,0.0,0.0,0.0,0.0,75.0,500.0,1.0,1,0.01,0.02,12000,0.0,0.0,0.0,384.81052734588616,0.7054608864917475
69b96133f753f624649ce467,69b96133f753f624649ce467,69b96133f753f624649ce468,0.0,0.0,0.0,0.0,0.0,0.0,0.0,0.0,0.0,0.0,0.0,0.0,0.0,0.0,0.0,0.0,0.0,0.99,0.01,0.0,0.0,0.0,0.0,0.0,0.0,0.0,0.0,0.0,0.0,0.0,75.0,500.0,1.0,1,0.01,0.02,12000,0.0,0.0,0.0,411.5951623023388,0.798765562269354
69b96133f753f624649ce467,69b96133f753f624649ce467,69b96133f753f624649ce468,0.0,0.0,0.0,0.0,0.0,0.0,0.0,0.0,0.0,0.0,0.0,0.0,0.0,0.0,0.0,0.0,0.0,0.99,0.01,0.0,0.0,0.0,0.0,0.0,0.0,0.0,0.0,0.0,0.0,0.0,75.0,500.0,1.0,1,0.01,0.02,12000,0.0,0.0,0.0,439.68938342956153,0.8633910539762358
69b96133f753f624649ce467,69b96133f753f624649ce467,69b96133f753f624649ce468,0.0,0.0,0.0,0.0,0.0,0.0,0.0,0.0,0.0,0.0,0.0,0.0,0.0,0.0,0.0,0.0,0.0,0.99,0.01,0.0,0.0,0.0,0.0,0.0,0.0,0.0,0.0,0.0,0.0,0.0,75.0,500.0,1.0,1,0.01,0.02,12000,0.0,0.0,0.0,472.8032051761753,0.9282760858104545
69b96133f753f624649ce467,69b96133f753f624649ce467,69b96133f753f624649ce468,0.0,0.0,0.0,0.0,0.0,0.0,0.0,0.0,0.0,0.0,0.0,0.0,0.0,0.0,0.0,0.0,0.0,0.99,0.01,0.0,0.0,0.0,0.0,0.0,0.0,0.0,0.0,0.0,0.0,0.0,75.0,500.0,1.0,1,0.01,0.02,12000,0.0,0.0,0.0,503.63172709951124,0.960887302810333
69b96133f753f624649ce467,69b96133f753f624649ce467,69b96133f753f624649ce468,0.0,0.0,0.0,0.0,0.0,0.0,0.0,0.0,0.0,0.0,0.0,0.0,0.0,0.0,0.0,0.0,0.0,0.99,0.01,0.0,0.0,0.0,0.0,0.0,0.0,0.0,0.0,0.0,0.0,0.0,75.0,500.0,1.0,1,0.01,0.02,12000,0.0,0.0,0.0,521.6004006470218,0.9765829920110305
69b9613cf753f624649ce483,69b9613cf753f624649ce483,69b9613cf753f624649ce484,0.0,0.0,0.0,0.0,0.02,0.0,0.0,0.0,0.08,0.0,0.0,0.0,0.0,0.0,0.0,0.0,0.0,0.85,0.0,0.0,0.05,0.0,0.0,0.0,0.0,0.0,0.0,0.0,0.0,0.0,86.0,500.0,1.0,1,0.01,0.02,12000,0.0,0.0,0.0,82.11395446085224,0.1399002728384608
69b9613cf753f624649ce483,69b9613cf753f624649ce483,69b9613cf753f624649ce484,0.0,0.0,0.0,0.0,0.02,0.0,0.0,0.0,0.08,0.0,0.0,0.0,0.0,0.0,0.0,0.0,0.0,0.85,0.0,0.0,0.05,0.0,0.0,0.0,0.0,0.0,0.0,0.0,0.0,0.0,86.0,500.0,1.0,1,0.01,0.02,12000,0.0,0.0,0.0,92.22866326120645,0.19894048937232678
69b9613cf753f624649ce483,69b9613cf753f624649ce483,69b9613cf753f624649ce484,0.0,0.0,0.0,0.0,0.02,0.0,0.0,0.0,0.08,0.0,0.0,0.0,0.0,0.0,0.0,0.0,0.0,0.85,0.0,0.0,0.05,0.0,0.0,0.0,0.0,0.0,0.0,0.0,0.0,0.0,86.0,500.0,1.0,1,0.01,0.02,12000,0.0,0.0,0.0,105.37384901730881,0.2997025554180508
69b9613cf753f624649ce483,69b9613cf753f624649ce483,69b9613cf753f624649ce484,0.0,0.0,0.0,0.0,0.02,0.0,0.0,0.0,0.08,0.0,0.0,0.0,0.0,0.0,0.0,0.0,0.0,0.85,0.0,0.0,0.05,0.0,0.0,0.0,0.0,0.0,0.0,0.0,0.0,0.0,86.0,500.0,1.0,1,0.01,0.02,12000,0.0,0.0,0.0,125.30809029115865,0.4995404445023412
69b9613cf753f624649ce483,69b9613cf753f624649ce483,69b9613cf753f624649ce484,0.0,0.0,0.0,0.0,0.02,0.0,0.0,0.0,0.08,0.0,0.0,0.0,0.0,0.0,0.0,0.0,0.0,0.85,0.0,0.0,0.05,0.0,0.0,0.0,0.0,0.0,0.0,0.0,0.0,0.0,86.0,500.0,1.0,1,0.01,0.02,12000,0.0,0.0,0.0,138.3532440698256,0.6801204252516699
69b9613cf753f624649ce483,69b9613cf753f624649ce483,69b9613cf753f624649ce484,0.0,0.0,0.0,0.0,0.02,0.0,0.0,0.0,0.08,0.0,0.0,0.0,0.0,0.0,0.0,0.0,0.0,0.85,0.0,0.0,0.05,0.0,0.0,0.0,0.0,0.0,0.0,0.0,0.0,0.0,86.0,500.0,1.0,1,0.01,0.02,12000,0.0,0.0,0.0,159.18941300907667,0.889482330633897
69b9613cf753f624649ce483,69b9613cf753f624649ce483,69b9613cf753f624649ce484,0.0,0.0,0.0,0.0,0.02,0.0,0.0,0.0,0.08,0.0,0.0,0.0,0.0,0.0,0.0,0.0,0.0,0.85,0.0,0.0,0.05,0.0,0.0,0.0,0.0,0.0,0.0,0.0,0.0,0.0,86.0,500.0,1.0,1,0.01,0.02,12000,0.0,0.0,0.0,179.1744902058855,0.9995585372384694
69b9613df753f624649ce485,69b9613df753f624649ce485,69b9613df753f624649ce486,0.0,0.0,0.0,0.0,0.02,0.0,0.0,0.0,0.08,0.0,0.0,0.0,0.0,0.1,0.0,0.0,0.0,0.75,0.0,0.0,0.05,0.0,0.0,0.0,0.0,0.0,0.0,0.0,0.0,0.0,83.0,500.0,1.0,1,0.01,0.02,12000,0.0,0.0,0.0,71.43185116553653,0.06904911816004111
69b9613df753f624649ce485,69b9613df753f624649ce485,69b9613df753f624649ce486,0.0,0.0,0.0,0.0,0.02,0.0,0.0,0.0,0.08,0.0,0.0,0.0,0.0,0.1,0.0,0.0,0.0,0.75,0.0,0.0,0.05,0.0,0.0,0.0,0.0,0.0,0.0,0.0,0.0,0.0,83.0,500.0,1.0,1,0.01,0.02,12000,0.0,0.0,0.0,101.0314772755225,0.19972933266752066
69b9613df753f624649ce485,69b9613df753f624649ce485,69b9613df753f624649ce486,0.0,0.0,0.0,0.0,0.02,0.0,0.0,0.0,0.08,0.0,0.0,0.0,0.0,0.1,0.0,0.0,0.0,0.75,0.0,0.0,0.05,0.0,0.0,0.0,0.0,0.0,0.0,0.0,0.0,0.0,83.0,500.0,1.0,1,0.01,0.02,12000,0.0,0.0,0.0,126.23953558924575,0.24951330539814875
69b9613df753f624649ce485,69b9613df753f624649ce485,69b9613df753f624649ce486,0.0,0.0,0.0,0.0,0.02,0.0,0.0,0.0,0.08,0.0,0.0,0.0,0.0,0.1,0.0,0.0,0.0,0.75,0.0,0.0,0.05,0.0,0.0,0.0,0.0,0.0,0.0,0.0,0.0,0.0,83.0,500.0,1.0,1,0.01,0.02,12000,0.0,0.0,0.0,155.93919367666714,0.49962005254130576
69b9613df753f624649ce485,69b9613df753f624649ce485,69b9613df753f624649ce486,0.0,0.0,0.0,0.0,0.02,0.0,0.0,0.0,0.08,0.0,0.0,0.0,0.0,0.1,0.0,0.0,0.0,0.75,0.0,0.0,0.05,0.0,0.0,0.0,0.0,0.0,0.0,0.0,0.0,0.0,83.0,500.0,1.0,1,0.01,0.02,12000,0.0,0.0,0.0,171.4769475488066,0.5492086237217482
69b9613df753f624649ce485,69b9613df753f624649ce485,69b9613df753f624649ce486,0.0,0.0,0.0,0.0,0.02,0.0,0.0,0.0,0.08,0.0,0.0,0.0,0.0,0.1,0.0,0.0,0.0,0.75,0.0,0.0,0.05,0.0,0.0,0.0,0.0,0.0,0.0,0.0,0.0,0.0,83.0,500.0,1.0,1,0.01,0.02,12000,0.0,0.0,0.0,186.20460639056748,0.5995209043473226
69b9613df753f624649ce485,69b9613df753f624649ce485,69b9613df753f624649ce486,0.0,0.0,0.0,0.0,0.02,0.0,0.0,0.0,0.08,0.0,0.0,0.0,0.0,0.1,0.0,0.0,0.0,0.75,0.0,0.0,0.05,0.0,0.0,0.0,0.0,0.0,0.0,0.0,0.0,0.0,83.0,500.0,1.0,1,0.01,0.02,12000,0.0,0.0,0.0,222.4293011700462,0.6903826251836412
69b9613df753f624649ce485,69b9613df753f624649ce485,69b9613df753f624649ce486,0.0,0.0,0.0,0.0,0.02,0.0,0.0,0.0,0.08,0.0,0.0,0.0,0.0,0.1,0.0,0.0,0.0,0.75,0.0,0.0,0.05,0.0,0.0,0.0,0.0,0.0,0.0,0.0,0.0,0.0,83.0,500.0,1.0,1,0.01,0.02,12000,0.0,0.0,0.0,238.33930518772397,0.7697735513146182
69b9613df753f624649ce485,69b9613df753f624649ce485,69b9613df753f624649ce486,0.0,0.0,0.0,0.0,0.02,0.0,0.0,0.0,0.08,0.0,0.0,0.0,0.0,0.1,0.0,0.0,0.0,0.75,0.0,0.0,0.05,0.0,0.0,0.0,0.0,0.0,0.0,0.0,0.0,0.0,83.0,500.0,1.0,1,0.01,0.02,12000,0.0,0.0,0.0,260.2856650896598,0.8397562546588796
69b9613df753f624649ce485,69b9613df753f624649ce485,69b9613df753f624649ce486,0.0,0.0,0.0,0.0,0.02,0.0,0.0,0.0,0.08,0.0,0.0,0.0,0.0,0.1,0.0,0.0,0.0,0.75,0.0,0.0,0.05,0.0,0.0,0.0,0.0,0.0,0.0,0.0,0.0,0.0,83.0,500.0,1.0,1,0.01,0.02,12000,0.0,0.0,0.0,269.38365543083444,0.8591806161662215
69b9613df753f624649ce485,69b9613df753f624649ce485,69b9613df753f624649ce486,0.0,0.0,0.0,0.0,0.02,0.0,0.0,0.0,0.08,0.0,0.0,0.0,0.0,0.1,0.0,0.0,0.0,0.75,0.0,0.0,0.05,0.0,0.0,0.0,0.0,0.0,0.0,0.0,0.0,0.0,83.0,500.0,1.0,1,0.01,0.02,12000,0.0,0.0,0.0,292.2565410254098,0.9004248174442924
69b9613df753f624649ce485,69b9613df753f624649ce485,69b9613df753f624649ce486,0.0,0.0,0.0,0.0,0.02,0.0,0.0,0.0,0.08,0.0,0.0,0.0,0.0,0.1,0.0,0.0,0.0,0.75,0.0,0.0,0.05,0.0,0.0,0.0,0.0,0.0,0.0,0.0,0.0,0.0,83.0,500.0,1.0,1,0.01,0.02,12000,0.0,0.0,0.0,309.34233074507426,0.9611729882686698
69b9613df753f624649ce487,69b9613df753f624649ce487,69b9613ef753f624649ce488,0.0,0.0,0.0,0.0,0.02,0.0,0.0,0.0,0.08,0.0,0.0,0.0,0.0,0.0,0.0,0.0,0.0,0.8,0.0,0.0,0.1,0.0,0.0,0.0,0.0,0.0,0.0,0.0,0.0,0.0,96.0,500.0,1.0,1,0.01,0.02,12000,0.0,0.0,0.0,57.14203720861587,0.019540155018563148
69b9613df753f624649ce487,69b9613df753f624649ce487,69b9613ef753f624649ce488,0.0,0.0,0.0,0.0,0.02,0.0,0.0,0.0,0.08,0.0,0.0,0.0,0.0,0.0,0.0,0.0,0.0,0.8,0.0,0.0,0.1,0.0,0.0,0.0,0.0,0.0,0.0,0.0,0.0,0.0,96.0,500.0,1.0,1,0.01,0.02,12000,0.0,0.0,0.0,83.21922581808938,0.07865274249694233
69b9613df753f624649ce487,69b9613df753f624649ce487,69b9613ef753f624649ce488,0.0,0.0,0.0,0.0,0.02,0.0,0.0,0.0,0.08,0.0,0.0,0.0,0.0,0.0,0.0,0.0,0.0,0.8,0.0,0.0,0.1,0.0,0.0,0.0,0.0,0.0,0.0,0.0,0.0,0.0,96.0,500.0,1.0,1,0.01,0.02,12000,0.0,0.0,0.0,97.21222357966892,0.16925392793301344
69b9613df753f624649ce487,69b9613df753f624649ce487,69b9613ef753f624649ce488,0.0,0.0,0.0,0.0,0.02,0.0,0.0,0.0,0.08,0.0,0.0,0.0,0.0,0.0,0.0,0.0,0.0,0.8,0.0,0.0,0.1,0.0,0.0,0.0,0.0,0.0,0.0,0.0,0.0,0.0,96.0,500.0,1.0,1,0.01,0.02,12000,0.0,0.0,0.0,116.26421560990809,0.3296424151631603
69b9613df753f624649ce487,69b9613df753f624649ce487,69b9613ef753f624649ce488,0.0,0.0,0.0,0.0,0.02,0.0,0.0,0.0,0.08,0.0,0.0,0.0,0.0,0.0,0.0,0.0,0.0,0.8,0.0,0.0,0.1,0.0,0.0,0.0,0.0,0.0,0.0,0.0,0.0,0.0,96.0,500.0,1.0,1,0.01,0.02,12000,0.0,0.0,0.0,133.06958781905692,0.42904390745203613
69b9613df753f624649ce487,69b9613df753f624649ce487,69b9613ef753f624649ce488,0.0,0.0,0.0,0.0,0.02,0.0,0.0,0.0,0.08,0.0,0.0,0.0,0.0,0.0,0.0,0.0,0.0,0.8,0.0,0.0,0.1,0.0,0.0,0.0,0.0,0.0,0.0,0.0,0.0,0.0,96.0,500.0,1.0,1,0.01,0.02,12000,0.0,0.0,0.0,149.21901263518666,0.5197102267381691
69b9613df753f624649ce487,69b9613df753f624649ce487,69b9613ef753f624649ce488,0.0,0.0,0.0,0.0,0.02,0.0,0.0,0.0,0.08,0.0,0.0,0.0,0.0,0.0,0.0,0.0,0.0,0.8,0.0,0.0,0.1,0.0,0.0,0.0,0.0,0.0,0.0,0.0,0.0,0.0,96.0,500.0,1.0,1,0.01,0.02,12000,0.0,0.0,0.0,162.3805970761145,0.5703337024251504
69b9613df753f624649ce487,69b9613df753f624649ce487,69b9613ef753f624649ce488,0.0,0.0,0.0,0.0,0.02,0.0,0.0,0.0,0.08,0.0,0.0,0.0,0.0,0.0,0.0,0.0,0.0,0.8,0.0,0.0,0.1,0.0,0.0,0.0,0.0,0.0,0.0,0.0,0.0,0.0,96.0,500.0,1.0,1,0.01,0.02,12000,0.0,0.0,0.0,176.30308049294447,0.6094574350289845
69b9613df753f624649ce487,69b9613df753f624649ce487,69b9613ef753f624649ce488,0.0,0.0,0.0,0.0,0.02,0.0,0.0,0.0,0.08,0.0,0.0,0.0,0.0,0.0,0.0,0.0,0.0,0.8,0.0,0.0,0.1,0.0,0.0,0.0,0.0,0.0,0.0,0.0,0.0,0.0,96.0,500.0,1.0,1,0.01,0.02,12000,0.0,0.0,0.0,193.35771271144054,0.6594368093097982
69b9613df753f624649ce487,69b9613df753f624649ce487,69b9613ef753f624649ce488,0.0,0.0,0.0,0.0,0.02,0.0,0.0,0.0,0.08,0.0,0.0,0.0,0.0,0.0,0.0,0.0,0.0,0.8,0.0,0.0,0.1,0.0,0.0,0.0,0.0,0.0,0.0,0.0,0.0,0.0,96.0,500.0,1.0,1,0.01,0.02,12000,0.0,0.0,0.0,212.25227736735513,0.7402389688587826
69b9613df753f624649ce487,69b9613df753f624649ce487,69b9613ef753f624649ce488,0.0,0.0,0.0,0.0,0.02,0.0,0.0,0.0,0.08,0.0,0.0,0.0,0.0,0.0,0.0,0.0,0.0,0.8,0.0,0.0,0.1,0.0,0.0,0.0,0.0,0.0,0.0,0.0,0.0,0.0,96.0,500.0,1.0,1,0.01,0.02,12000,0.0,0.0,0.0,231.345266109658,0.7998292045709487
69b9613df753f624649ce487,69b9613df753f624649ce487,69b9613ef753f624649ce488,0.0,0.0,0.0,0.0,0.02,0.0,0.0,0.0,0.08,0.0,0.0,0.0,0.0,0.0,0.0,0.0,0.0,0.8,0.0,0.0,0.1,0.0,0.0,0.0,0.0,0.0,0.0,0.0,0.0,0.0,96.0,500.0,1.0,1,0.01,0.02,12000,0.0,0.0,0.0,251.35166159673994,0.8684513341583621
69b9613df753f624649ce487,69b9613df753f624649ce487,69b9613ef753f624649ce488,0.0,0.0,0.0,0.0,0.02,0.0,0.0,0.0,0.08,0.0,0.0,0.0,0.0,0.0,0.0,0.0,0.0,0.8,0.0,0.0,0.1,0.0,0.0,0.0,0.0,0.0,0.0,0.0,0.0,0.0,96.0,500.0,1.0,1,0.01,0.02,12000,0.0,0.0,0.0,264.367297742721,0.9103396368426004
69b9613df753f624649ce487,69b9613df753f624649ce487,69b9613ef753f624649ce488,0.0,0.0,0.0,0.0,0.02,0.0,0.0,0.0,0.08,0.0,0.0,0.0,0.0,0.0,0.0,0.0,0.0,0.8,0.0,0.0,0.1,0.0,0.0,0.0,0.0,0.0,0.0,0.0,0.0,0.0,96.0,500.0,1.0,1,0.01,0.02,12000,0.0,0.0,0.0,276.29734095325557,0.9496225855243636
69b9613ef753f624649ce489,69b9613ef753f624649ce489,69b9613ef753f624649ce48a,0.0,0.0,0.0,0.0,0.02,0.0,0.0,0.0,0.08,0.0,0.0,0.0,0.0,0.0,0.0,0.0,0.0,0.75,0.0,0.0,0.15,0.0,0.0,0.0,0.0,0.0,0.0,0.0,0.0,0.0,112.0,500.0,1.0,1,0.01,0.02,12000,0.0,0.0,0.0,95.09515336869983,0.059423782539785926
69b9613ef753f624649ce489,69b9613ef753f624649ce489,69b9613ef753f624649ce48a,0.0,0.0,0.0,0.0,0.02,0.0,0.0,0.0,0.08,0.0,0.0,0.0,0.0,0.0,0.0,0.0,0.0,0.75,0.0,0.0,0.15,0.0,0.0,0.0,0.0,0.0,0.0,0.0,0.0,0.0,112.0,500.0,1.0,1,0.01,0.02,12000,0.0,0.0,0.0,113.01399627749855,0.17944375692047157
69b9613ef753f624649ce489,69b9613ef753f624649ce489,69b9613ef753f624649ce48a,0.0,0.0,0.0,0.0,0.02,0.0,0.0,0.0,0.08,0.0,0.0,0.0,0.0,0.0,0.0,0.0,0.0,0.75,0.0,0.0,0.15,0.0,0.0,0.0,0.0,0.0,0.0,0.0,0.0,0.0,112.0,500.0,1.0,1,0.01,0.02,12000,0.0,0.0,0.0,128.16474118775673,0.20868161850380307
69b9613ef753f624649ce489,69b9613ef753f624649ce489,69b9613ef753f624649ce48a,0.0,0.0,0.0,0.0,0.02,0.0,0.0,0.0,0.08,0.0,0.0,0.0,0.0,0.0,0.0,0.0,0.0,0.75,0.0,0.0,0.15,0.0,0.0,0.0,0.0,0.0,0.0,0.0,0.0,0.0,112.0,500.0,1.0,1,0.01,0.02,12000,0.0,0.0,0.0,141.09182443568025,0.35985004740296866
69b9613ef753f624649ce489,69b9613ef753f624649ce489,69b9613ef753f624649ce48a,0.0,0.0,0.0,0.0,0.02,0.0,0.0,0.0,0.08,0.0,0.0,0.0,0.0,0.0,0.0,0.0,0.0,0.75,0.0,0.0,0.15,0.0,0.0,0.0,0.0,0.0,0.0,0.0,0.0,0.0,112.0,500.0,1.0,1,0.01,0.02,12000,0.0,0.0,0.0,158.3268421872566,0.4997575573358808
69b9613ef753f624649ce489,69b9613ef753f624649ce489,69b9613ef753f624649ce48a,0.0,0.0,0.0,0.0,0.02,0.0,0.0,0.0,0.08,0.0,0.0,0.0,0.0,0.0,0.0,0.0,0.0,0.75,0.0,0.0,0.15,0.0,0.0,0.0,0.0,0.0,0.0,0.0,0.0,0.0,112.0,500.0,1.0,1,0.01,0.02,12000,0.0,0.0,0.0,174.34015791933487,0.5993689253638449
69b9613ef753f624649ce489,69b9613ef753f624649ce489,69b9613ef753f624649ce48a,0.0,0.0,0.0,0.0,0.02,0.0,0.0,0.0,0.08,0.0,0.0,0.0,0.0,0.0,0.0,0.0,0.0,0.75,0.0,0.0,0.15,0.0,0.0,0.0,0.0,0.0,0.0,0.0,0.0,0.0,112.0,500.0,1.0,1,0.01,0.02,12000,0.0,0.0,0.0,186.18000836332925,0.6802362187628911
69b9613ef753f624649ce489,69b9613ef753f624649ce489,69b9613ef753f624649ce48a,0.0,0.0,0.0,0.0,0.02,0.0,0.0,0.0,0.08,0.0,0.0,0.0,0.0,0.0,0.0,0.0,0.0,0.75,0.0,0.0,0.15,0.0,0.0,0.0,0.0,0.0,0.0,0.0,0.0,0.0,112.0,500.0,1.0,1,0.01,0.02,12000,0.0,0.0,0.0,200.44194455604662,0.7490030902393308
69b9613ef753f624649ce489,69b9613ef753f624649ce489,69b9613ef753f624649ce48a,0.0,0.0,0.0,0.0,0.02,0.0,0.0,0.0,0.08,0.0,0.0,0.0,0.0,0.0,0.0,0.0,0.0,0.75,0.0,0.0,0.15,0.0,0.0,0.0,0.0,0.0,0.0,0.0,0.0,0.0,112.0,500.0,1.0,1,0.01,0.02,12000,0.0,0.0,0.0,215.20568050442355,0.8194706789118303
69b9613ef753f624649ce489,69b9613ef753f624649ce489,69b9613ef753f624649ce48a,0.0,0.0,0.0,0.0,0.02,0.0,0.0,0.0,0.08,0.0,0.0,0.0,0.0,0.0,0.0,0.0,0.0,0.75,0.0,0.0,0.15,0.0,0.0,0.0,0.0,0.0,0.0,0.0,0.0,0.0,112.0,500.0,1.0,1,0.01,0.02,12000,0.0,0.0,0.0,238.35898360951452,0.9007721979779558
69b9613ef753f624649ce489,69b9613ef753f624649ce489,69b9613ef753f624649ce48a,0.0,0.0,0.0,0.0,0.02,0.0,0.0,0.0,0.08,0.0,0.0,0.0,0.0,0.0,0.0,0.0,0.0,0.75,0.0,0.0,0.15,0.0,0.0,0.0,0.0,0.0,0.0,0.0,0.0,0.0,112.0,500.0,1.0,1,0.01,0.02,12000,0.0,0.0,0.0,255.24634924279073,0.9396281580870912
69b9613ef753f624649ce489,69b9613ef753f624649ce489,69b9613ef753f624649ce48a,0.0,0.0,0.0,0.0,0.02,0.0,0.0,0.0,0.08,0.0,0.0,0.0,0.0,0.0,0.0,0.0,0.0,0.75,0.0,0.0,0.15,0.0,0.0,0.0,0.0,0.0,0.0,0.0,0.0,0.0,112.0,500.0,1.0,1,0.01,0.02,12000,0.0,0.0,0.0,270.1199563794984,0.96040585625683
69b9613ef753f624649ce489,69b9613ef753f624649ce489,69b9613ef753f624649ce48a,0.0,0.0,0.0,0.0,0.02,0.0,0.0,0.0,0.08,0.0,0.0,0.0,0.0,0.0,0.0,0.0,0.0,0.75,0.0,0.0,0.15,0.0,0.0,0.0,0.0,0.0,0.0,0.0,0.0,0.0,112.0,500.0,1.0,1,0.01,0.02,12000,0.0,0.0,0.0,281.19890784759065,0.9792874356803231
69b9613ff753f624649ce48b,69b9613ff753f624649ce48b,69b9613ff753f624649ce48c,0.0,0.0,0.0,0.0,0.02,0.0,0.0,0.0,0.08,0.0,0.0,0.0,0.0,0.0,0.0,0.0,0.0,0.65,0.0,0.0,0.25,0.0,0.0,0.0,0.0,0.0,0.0,0.0,0.0,0.0,93.0,500.0,1.0,0,0.01,0.02,12000,0.0,0.0,0.0,102.3827289051418,0.10892550858681256
69b9613ff753f624649ce48b,69b9613ff753f624649ce48b,69b9613ff753f624649ce48c,0.0,0.0,0.0,0.0,0.02,0.0,0.0,0.0,0.08,0.0,0.0,0.0,0.0,0.0,0.0,0.0,0.0,0.65,0.0,0.0,0.25,0.0,0.0,0.0,0.0,0.0,0.0,0.0,0.0,0.0,93.0,500.0,1.0,0,0.01,0.02,12000,0.0,0.0,0.0,126.11162584760703,0.41934620088726776
69b9613ff753f624649ce48b,69b9613ff753f624649ce48b,69b9613ff753f624649ce48c,0.0,0.0,0.0,0.0,0.02,0.0,0.0,0.0,0.08,0.0,0.0,0.0,0.0,0.0,0.0,0.0,0.0,0.65,0.0,0.0,0.25,0.0,0.0,0.0,0.0,0.0,0.0,0.0,0.0,0.0,93.0,500.0,1.0,0,0.01,0.02,12000,0.0,0.0,0.0,148.0924229876764,0.7094234206850634
69b9613ff753f624649ce48b,69b9613ff753f624649ce48b,69b9613ff753f624649ce48c,0.0,0.0,0.0,0.0,0.02,0.0,0.0,0.0,0.08,0.0,0.0,0.0,0.0,0.0,0.0,0.0,0.0,0.65,0.0,0.0,0.25,0.0,0.0,0.0,0.0,0.0,0.0,0.0,0.0,0.0,93.0,500.0,1.0,0,0.01,0.02,12000,0.0,0.0,0.0,165.36023810890367,0.858804287254753
69b9613ff753f624649ce48b,69b9613ff753f624649ce48b,69b9613ff753f624649ce48c,0.0,0.0,0.0,0.0,0.02,0.0,0.0,0.0,0.08,0.0,0.0,0.0,0.0,0.0,0.0,0.0,0.0,0.65,0.0,0.0,0.25,0.0,0.0,0.0,0.0,0.0,0.0,0.0,0.0,0.0,93.0,500.0,1.0,0,0.01,0.02,12000,0.0,0.0,0.0,181.1374127794951,0.9603117740289627
69b9613ff753f624649ce48b,69b9613ff753f624649ce48b,69b9613ff753f624649ce48c,0.0,0.0,0.0,0.0,0.02,0.0,0.0,0.0,0.08,0.0,0.0,0.0,0.0,0.0,0.0,0.0,0.0,0.65,0.0,0.0,0.25,0.0,0.0,0.0,0.0,0.0,0.0,0.0,0.0,0.0,93.0,500.0,1.0,0,0.01,0.02,12000,0.0,0.0,0.0,191.29147842343045,1.0
69b9613ff753f624649ce48d,69b9613ff753f624649ce48d,69b9613ff753f624649ce48e,0.0,0.0,0.0,0.0,0.02,0.0,0.0,0.0,0.08,0.0,0.0,0.0,0.0,0.0,0.0,0.0,0.0,0.6,0.0,0.0,0.3,0.0,0.0,0.0,0.0,0.0,0.0,0.0,0.0,0.0,94.0,500.0,1.0,0,0.01,0.02,12000,0.0,0.0,0.0,94.20142504571133,0.01881644557343118
69b9613ff753f624649ce48d,69b9613ff753f624649ce48d,69b9613ff753f624649ce48e,0.0,0.0,0.0,0.0,0.02,0.0,0.0,0.0,0.08,0.0,0.0,0.0,0.0,0.0,0.0,0.0,0.0,0.6,0.0,0.0,0.3,0.0,0.0,0.0,0.0,0.0,0.0,0.0,0.0,0.0,94.0,500.0,1.0,0,0.01,0.02,12000,0.0,0.0,0.0,115.01791556317184,0.038617135992241834
69b9613ff753f624649ce48d,69b9613ff753f624649ce48d,69b9613ff753f624649ce48e,0.0,0.0,0.0,0.0,0.02,0.0,0.0,0.0,0.08,0.0,0.0,0.0,0.0,0.0,0.0,0.0,0.0,0.6,0.0,0.0,0.3,0.0,0.0,0.0,0.0,0.0,0.0,0.0,0.0,0.0,94.0,500.0,1.0,0,0.01,0.02,12000,0.0,0.0,0.0,130.02435204696584,0.06975835341627043
69b9613ff753f624649ce48d,69b9613ff753f624649ce48d,69b9613ff753f624649ce48e,0.0,0.0,0.0,0.0,0.02,0.0,0.0,0.0,0.08,0.0,0.0,0.0,0.0,0.0,0.0,0.0,0.0,0.6,0.0,0.0,0.3,0.0,0.0,0.0,0.0,0.0,0.0,0.0,0.0,0.0,94.0,500.0,1.0,0,0.01,0.02,12000,0.0,0.0,0.0,147.3331638802568,0.11915876014097859
69b9613ff753f624649ce48d,69b9613ff753f624649ce48d,69b9613ff753f624649ce48e,0.0,0.0,0.0,0.0,0.02,0.0,0.0,0.0,0.08,0.0,0.0,0.0,0.0,0.0,0.0,0.0,0.0,0.6,0.0,0.0,0.3,0.0,0.0,0.0,0.0,0.0,0.0,0.0,0.0,0.0,94.0,500.0,1.0,0,0.01,0.02,12000,0.0,0.0,0.0,170.2158886857274,0.2393451876940446
69b9613ff753f624649ce48d,69b9613ff753f624649ce48d,69b9613ff753f624649ce48e,0.0,0.0,0.0,0.0,0.02,0.0,0.0,0.0,0.08,0.0,0.0,0.0,0.0,0.0,0.0,0.0,0.0,0.6,0.0,0.0,0.3,0.0,0.0,0.0,0.0,0.0,0.0,0.0,0.0,0.0,94.0,500.0,1.0,0,0.01,0.02,12000,0.0,0.0,0.0,184.1318126286272,0.3399263263784856
69b9613ff753f624649ce48d,69b9613ff753f624649ce48d,69b9613ff753f624649ce48e,0.0,0.0,0.0,0.0,0.02,0.0,0.0,0.0,0.08,0.0,0.0,0.0,0.0,0.0,0.0,0.0,0.0,0.6,0.0,0.0,0.3,0.0,0.0,0.0,0.0,0.0,0.0,0.0,0.0,0.0,94.0,500.0,1.0,0,0.01,0.02,12000,0.0,0.0,0.0,203.88894810636188,0.49899042532404086
69b9613ff753f624649ce48d,69b9613ff753f624649ce48d,69b9613ff753f624649ce48e,0.0,0.0,0.0,0.0,0.02,0.0,0.0,0.0,0.08,0.0,0.0,0.0,0.0,0.0,0.0,0.0,0.0,0.6,0.0,0.0,0.3,0.0,0.0,0.0,0.0,0.0,0.0,0.0,0.0,0.0,94.0,500.0,1.0,0,0.01,0.02,12000,0.0,0.0,0.0,221.2961520486057,0.6489864449220927
69b9613ff753f624649ce48d,69b9613ff753f624649ce48d,69b9613ff753f624649ce48e,0.0,0.0,0.0,0.0,0.02,0.0,0.0,0.0,0.08,0.0,0.0,0.0,0.0,0.0,0.0,0.0,0.0,0.6,0.0,0.0,0.3,0.0,0.0,0.0,0.0,0.0,0.0,0.0,0.0,0.0,94.0,500.0,1.0,0,0.01,0.02,12000,0.0,0.0,0.0,235.06612769655874,0.7786317549230334
69b9613ff753f624649ce48d,69b9613ff753f624649ce48d,69b9613ff753f624649ce48e,0.0,0.0,0.0,0.0,0.02,0.0,0.0,0.0,0.08,0.0,0.0,0.0,0.0,0.0,0.0,0.0,0.0,0.6,0.0,0.0,0.3,0.0,0.0,0.0,0.0,0.0,0.0,0.0,0.0,0.0,94.0,500.0,1.0,0,0.01,0.02,12000,0.0,0.0,0.0,252.12239978353736,0.8799221288637038
69b9613ff753f624649ce48d,69b9613ff753f624649ce48d,69b9613ff753f624649ce48e,0.0,0.0,0.0,0.0,0.02,0.0,0.0,0.0,0.08,0.0,0.0,0.0,0.0,0.0,0.0,0.0,0.0,0.6,0.0,0.0,0.3,0.0,0.0,0.0,0.0,0.0,0.0,0.0,0.0,0.0,94.0,500.0,1.0,0,0.01,0.02,12000,0.0,0.0,0.0,267.53388378252066,0.9396209209926398
69b96140f753f624649ce48f,69b96140f753f624649ce48f,69b96140f753f624649ce490,0.0,0.0,0.0,0.0,0.02,0.0,0.0,0.0,0.08,0.0,0.0,0.0,0.0,0.0,0.0,0.0,0.0,0.55,0.0,0.0,0.35,0.0,0.0,0.0,0.0,0.0,0.0,0.0,0.0,0.0,103.0,500.0,1.0,0,0.01,0.02,12000,0.0,0.0,0.0,72.9848066185092,0.018592095645440267
69b96140f753f624649ce48f,69b96140f753f624649ce48f,69b96140f753f624649ce490,0.0,0.0,0.0,0.0,0.02,0.0,0.0,0.0,0.08,0.0,0.0,0.0,0.0,0.0,0.0,0.0,0.0,0.55,0.0,0.0,0.35,0.0,0.0,0.0,0.0,0.0,0.0,0.0,0.0,0.0,103.0,500.0,1.0,0,0.01,0.02,12000,0.0,0.0,0.0,94.24242175777502,0.06884647951540415
69b96140f753f624649ce48f,69b96140f753f624649ce48f,69b96140f753f624649ce490,0.0,0.0,0.0,0.0,0.02,0.0,0.0,0.0,0.08,0.0,0.0,0.0,0.0,0.0,0.0,0.0,0.0,0.55,0.0,0.0,0.35,0.0,0.0,0.0,0.0,0.0,0.0,0.0,0.0,0.0,103.0,500.0,1.0,0,0.01,0.02,12000,0.0,0.0,0.0,115.35900820754176,0.0978310427929395
69b96140f753f624649ce48f,69b96140f753f624649ce48f,69b96140f753f624649ce490,0.0,0.0,0.0,0.0,0.02,0.0,0.0,0.0,0.08,0.0,0.0,0.0,0.0,0.0,0.0,0.0,0.0,0.55,0.0,0.0,0.35,0.0,0.0,0.0,0.0,0.0,0.0,0.0,0.0,0.0,103.0,500.0,1.0,0,0.01,0.02,12000,0.0,0.0,0.0,139.11414304572773,0.15852131686170637
69b96140f753f624649ce48f,69b96140f753f624649ce48f,69b96140f753f624649ce490,0.0,0.0,0.0,0.0,0.02,0.0,0.0,0.0,0.08,0.0,0.0,0.0,0.0,0.0,0.0,0.0,0.0,0.55,0.0,0.0,0.35,0.0,0.0,0.0,0.0,0.0,0.0,0.0,0.0,0.0,103.0,500.0,1.0,0,0.01,0.02,12000,0.0,0.0,0.0,161.1670943990292,0.3189894121308177
69b96140f753f624649ce48f,69b96140f753f624649ce48f,69b96140f753f624649ce490,0.0,0.0,0.0,0.0,0.02,0.0,0.0,0.0,0.08,0.0,0.0,0.0,0.0,0.0,0.0,0.0,0.0,0.55,0.0,0.0,0.35,0.0,0.0,0.0,0.0,0.0,0.0,0.0,0.0,0.0,103.0,500.0,1.0,0,0.01,0.02,12000,0.0,0.0,0.0,180.3027197218783,0.4700492846132135
69b96140f753f624649ce48f,69b96140f753f624649ce48f,69b96140f753f624649ce490,0.0,0.0,0.0,0.0,0.02,0.0,0.0,0.0,0.08,0.0,0.0,0.0,0.0,0.0,0.0,0.0,0.0,0.55,0.0,0.0,0.35,0.0,0.0,0.0,0.0,0.0,0.0,0.0,0.0,0.0,103.0,500.0,1.0,0,0.01,0.02,12000,0.0,0.0,0.0,203.10345110322152,0.6589446868871086
69b96140f753f624649ce48f,69b96140f753f624649ce48f,69b96140f753f624649ce490,0.0,0.0,0.0,0.0,0.02,0.0,0.0,0.0,0.08,0.0,0.0,0.0,0.0,0.0,0.0,0.0,0.0,0.55,0.0,0.0,0.35,0.0,0.0,0.0,0.0,0.0,0.0,0.0,0.0,0.0,103.0,500.0,1.0,0,0.01,0.02,12000,0.0,0.0,0.0,225.3318683841556,0.8089841290518681
69b96140f753f624649ce48f,69b96140f753f624649ce48f,69b96140f753f624649ce490,0.0,0.0,0.0,0.0,0.02,0.0,0.0,0.0,0.08,0.0,0.0,0.0,0.0,0.0,0.0,0.0,0.0,0.55,0.0,0.0,0.35,0.0,0.0,0.0,0.0,0.0,0.0,0.0,0.0,0.0,103.0,500.0,1.0,0,0.01,0.02,12000,0.0,0.0,0.0,245.25627044711015,0.9300751934113493
69b96140f753f624649ce48f,69b96140f753f624649ce48f,69b96140f753f624649ce490,0.0,0.0,0.0,0.0,0.02,0.0,0.0,0.0,0.08,0.0,0.0,0.0,0.0,0.0,0.0,0.0,0.0,0.55,0.0,0.0,0.35,0.0,0.0,0.0,0.0,0.0,0.0,0.0,0.0,0.0,103.0,500.0,1.0,0,0.01,0.02,12000,0.0,0.0,0.0,259.0951205713302,0.9993703727827352
69b96140f753f624649ce491,69b96140f753f624649ce491,69b96141f753f624649ce492,0.0,0.0,0.0,0.0,0.02,0.0,0.0,0.0,0.08,0.0,0.0,0.0,0.0,0.0,0.0,0.0,0.0,0.5,0.0,0.0,0.4,0.0,0.0,0.0,0.0,0.0,0.0,0.0,0.0,0.0,94.0,500.0,1.0,0,0.01,0.02,12000,0.0,0.0,0.0,72.20586908929903,0.01875854881782062
69b96140f753f624649ce491,69b96140f753f624649ce491,69b96141f753f624649ce492,0.0,0.0,0.0,0.0,0.02,0.0,0.0,0.0,0.08,0.0,0.0,0.0,0.0,0.0,0.0,0.0,0.0,0.5,0.0,0.0,0.4,0.0,0.0,0.0,0.0,0.0,0.0,0.0,0.0,0.0,94.0,500.0,1.0,0,0.01,0.02,12000,0.0,0.0,0.0,99.03247759529685,0.05829479580538005
69b96140f753f624649ce491,69b96140f753f624649ce491,69b96141f753f624649ce492,0.0,0.0,0.0,0.0,0.02,0.0,0.0,0.0,0.08,0.0,0.0,0.0,0.0,0.0,0.0,0.0,0.0,0.5,0.0,0.0,0.4,0.0,0.0,0.0,0.0,0.0,0.0,0.0,0.0,0.0,94.0,500.0,1.0,0,0.01,0.02,12000,0.0,0.0,0.0,125.21297791917088,0.0983882990656911
69b96140f753f624649ce491,69b96140f753f624649ce491,69b96141f753f624649ce492,0.0,0.0,0.0,0.0,0.02,0.0,0.0,0.0,0.08,0.0,0.0,0.0,0.0,0.0,0.0,0.0,0.0,0.5,0.0,0.0,0.4,0.0,0.0,0.0,0.0,0.0,0.0,0.0,0.0,0.0,94.0,500.0,1.0,0,0.01,0.02,12000,0.0,0.0,0.0,142.44635580226466,0.11876795704060733
69b96140f753f624649ce491,69b96140f753f624649ce491,69b96141f753f624649ce492,0.0,0.0,0.0,0.0,0.02,0.0,0.0,0.0,0.08,0.0,0.0,0.0,0.0,0.0,0.0,0.0,0.0,0.5,0.0,0.0,0.4,0.0,0.0,0.0,0.0,0.0,0.0,0.0,0.0,0.0,94.0,500.0,1.0,0,0.01,0.02,12000,0.0,0.0,0.0,160.2733660760407,0.14830977659089428
69b96140f753f624649ce491,69b96140f753f624649ce491,69b96141f753f624649ce492,0.0,0.0,0.0,0.0,0.02,0.0,0.0,0.0,0.08,0.0,0.0,0.0,0.0,0.0,0.0,0.0,0.0,0.5,0.0,0.0,0.4,0.0,0.0,0.0,0.0,0.0,0.0,0.0,0.0,0.0,94.0,500.0,1.0,0,0.01,0.02,12000,0.0,0.0,0.0,181.3309172604357,0.2503817567323071
69b96140f753f624649ce491,69b96140f753f624649ce491,69b96141f753f624649ce492,0.0,0.0,0.0,0.0,0.02,0.0,0.0,0.0,0.08,0.0,0.0,0.0,0.0,0.0,0.0,0.0,0.0,0.5,0.0,0.0,0.4,0.0,0.0,0.0,0.0,0.0,0.0,0.0,0.0,0.0,94.0,500.0,1.0,0,0.01,0.02,12000,0.0,0.0,0.0,203.11493018259938,0.3892760734420345
69b96140f753f624649ce491,69b96140f753f624649ce491,69b96141f753f624649ce492,0.0,0.0,0.0,0.0,0.02,0.0,0.0,0.0,0.08,0.0,0.0,0.0,0.0,0.0,0.0,0.0,0.0,0.5,0.0,0.0,0.4,0.0,0.0,0.0,0.0,0.0,0.0,0.0,0.0,0.0,94.0,500.0,1.0,0,0.01,0.02,12000,0.0,0.0,0.0,224.42502111330674,0.5604188830268424
69b96140f753f624649ce491,69b96140f753f624649ce491,69b96141f753f624649ce492,0.0,0.0,0.0,0.0,0.02,0.0,0.0,0.0,0.08,0.0,0.0,0.0,0.0,0.0,0.0,0.0,0.0,0.5,0.0,0.0,0.4,0.0,0.0,0.0,0.0,0.0,0.0,0.0,0.0,0.0,94.0,500.0,1.0,0,0.01,0.02,12000,0.0,0.0,0.0,245.2759488689007,0.6904839445059597
69b96140f753f624649ce491,69b96140f753f624649ce491,69b96141f753f624649ce492,0.0,0.0,0.0,0.0,0.02,0.0,0.0,0.0,0.08,0.0,0.0,0.0,0.0,0.0,0.0,0.0,0.0,0.5,0.0,0.0,0.4,0.0,0.0,0.0,0.0,0.0,0.0,0.0,0.0,0.0,94.0,500.0,1.0,0,0.01,0.02,12000,0.0,0.0,0.0,267.21246955994127,0.8095703337024251
69b96140f753f624649ce491,69b96140f753f624649ce491,69b96141f753f624649ce492,0.0,0.0,0.0,0.0,0.02,0.0,0.0,0.0,0.08,0.0,0.0,0.0,0.0,0.0,0.0,0.0,0.0,0.5,0.0,0.0,0.4,0.0,0.0,0.0,0.0,0.0,0.0,0.0,0.0,0.0,94.0,500.0,1.0,0,0.01,0.02,12000,0.0,0.0,0.0,288.1125933700117,0.8897428660341445
69b96140f753f624649ce491,69b96140f753f624649ce491,69b96141f753f624649ce492,0.0,0.0,0.0,0.0,0.02,0.0,0.0,0.0,0.08,0.0,0.0,0.0,0.0,0.0,0.0,0.0,0.0,0.5,0.0,0.0,0.4,0.0,0.0,0.0,0.0,0.0,0.0,0.0,0.0,0.0,94.0,500.0,1.0,0,0.01,0.02,12000,0.0,0.0,0.0,298.24698059215655,0.9107014915651663
69b96140f753f624649ce491,69b96140f753f624649ce491,69b96141f753f624649ce492,0.0,0.0,0.0,0.0,0.02,0.0,0.0,0.0,0.08,0.0,0.0,0.0,0.0,0.0,0.0,0.0,0.0,0.5,0.0,0.0,0.4,0.0,0.0,0.0,0.0,0.0,0.0,0.0,0.0,0.0,94.0,500.0,1.0,0,0.01,0.02,12000,0.0,0.0,0.0,313.36000852731615,0.9498831209246111
69c148c9a3603e6d7d9ad766,69c148c9a3603e6d7d9ad766,69c148caa3603e6d7d9ad767,0.0,0.0,0.0,0.0,0.0,0.0,0.0,0.0,0.0,0.0,0.0,0.0,0.0,0.2,0.0,0.0,0.0,0.8,0.0,0.0,0.0,0.0,0.0,0.0,0.0,0.0,0.0,0.0,0.0,0.0,109.0,500.0,1.0,1,0.01,0.1,120000,500.0,5.0,0.5,234.69999299049044,0.03307741472229017
69c148c9a3603e6d7d9ad766,69c148c9a3603e6d7d9ad766,69c148caa3603e6d7d9ad767,0.0,0.0,0.0,0.0,0.0,0.0,0.0,0.0,0.0,0.0,0.0,0.0,0.0,0.2,0.0,0.0,0.0,0.8,0.0,0.0,0.0,0.0,0.0,0.0,0.0,0.0,0.0,0.0,0.0,0.0,109.0,500.0,1.0,1,0.01,0.1,120000,500.0,5.0,0.5,253.87567466529592,0.05278814515556327
69c148c9a3603e6d7d9ad766,69c148c9a3603e6d7d9ad766,69c148caa3603e6d7d9ad767,0.0,0.0,0.0,0.0,0.0,0.0,0.0,0.0,0.0,0.0,0.0,0.0,0.0,0.2,0.0,0.0,0.0,0.8,0.0,0.0,0.0,0.0,0.0,0.0,0.0,0.0,0.0,0.0,0.0,0.0,109.0,500.0,1.0,1,0.01,0.1,120000,500.0,5.0,0.5,271.4485151522232,0.08536845178446026
69c148c9a3603e6d7d9ad766,69c148c9a3603e6d7d9ad766,69c148caa3603e6d7d9ad767,0.0,0.0,0.0,0.0,0.0,0.0,0.0,0.0,0.0,0.0,0.0,0.0,0.0,0.2,0.0,0.0,0.0,0.8,0.0,0.0,0.0,0.0,0.0,0.0,0.0,0.0,0.0,0.0,0.0,0.0,109.0,500.0,1.0,1,0.01,0.1,120000,500.0,5.0,0.5,289.7106240800019,0.12384304009216227
69c148c9a3603e6d7d9ad766,69c148c9a3603e6d7d9ad766,69c148caa3603e6d7d9ad767,0.0,0.0,0.0,0.0,0.0,0.0,0.0,0.0,0.0,0.0,0.0,0.0,0.0,0.2,0.0,0.0,0.0,0.8,0.0,0.0,0.0,0.0,0.0,0.0,0.0,0.0,0.0,0.0,0.0,0.0,109.0,500.0,1.0,1,0.01,0.1,120000,500.0,5.0,0.5,262.53709198813056,0.06636787577032029
69c148c9a3603e6d7d9ad766,69c148c9a3603e6d7d9ad766,69c148caa3603e6d7d9ad767,0.0,0.0,0.0,0.0,0.0,0.0,0.0,0.0,0.0,0.0,0.0,0.0,0.0,0.2,0.0,0.0,0.0,0.8,0.0,0.0,0.0,0.0,0.0,0.0,0.0,0.0,0.0,0.0,0.0,0.0,109.0,500.0,1.0,1,0.01,0.1,120000,500.0,5.0,0.5,280.1800275707376,0.09532639486163826
69c148c9a3603e6d7d9ad766,69c148c9a3603e6d7d9ad766,69c148caa3603e6d7d9ad767,0.0,0.0,0.0,0.0,0.0,0.0,0.0,0.0,0.0,0.0,0.0,0.0,0.0,0.2,0.0,0.0,0.0,0.8,0.0,0.0,0.0,0.0,0.0,0.0,0.0,0.0,0.0,0.0,0.0,0.0,109.0,500.0,1.0,1,0.01,0.1,120000,500.0,5.0,0.5,298.95616720016824,0.15254905983445513
69c148c9a3603e6d7d9ad766,69c148c9a3603e6d7d9ad766,69c148caa3603e6d7d9ad767,0.0,0.0,0.0,0.0,0.0,0.0,0.0,0.0,0.0,0.0,0.0,0.0,0.0,0.2,0.0,0.0,0.0,0.8,0.0,0.0,0.0,0.0,0.0,0.0,0.0,0.0,0.0,0.0,0.0,0.0,109.0,500.0,1.0,1,0.01,0.1,120000,500.0,5.0,0.5,309.2648192714783,0.18620248869670886
69c148c9a3603e6d7d9ad766,69c148c9a3603e6d7d9ad766,69c148caa3603e6d7d9ad767,0.0,0.0,0.0,0.0,0.0,0.0,0.0,0.0,0.0,0.0,0.0,0.0,0.0,0.2,0.0,0.0,0.0,0.8,0.0,0.0,0.0,0.0,0.0,0.0,0.0,0.0,0.0,0.0,0.0,0.0,109.0,500.0,1.0,1,0.01,0.1,120000,500.0,5.0,0.5,317.84445898268655,0.22507949784191963
69c148c9a3603e6d7d9ad766,69c148c9a3603e6d7d9ad766,69c148caa3603e6d7d9ad767,0.0,0.0,0.0,0.0,0.0,0.0,0.0,0.0,0.0,0.0,0.0,0.0,0.0,0.2,0.0,0.0,0.0,0.8,0.0,0.0,0.0,0.0,0.0,0.0,0.0,0.0,0.0,0.0,0.0,0.0,109.0,500.0,1.0,1,0.01,0.1,120000,500.0,5.0,0.5,326.59232692352623,0.26881711945586395
69c148c9a3603e6d7d9ad766,69c148c9a3603e6d7d9ad766,69c148caa3603e6d7d9ad767,0.0,0.0,0.0,0.0,0.0,0.0,0.0,0.0,0.0,0.0,0.0,0.0,0.0,0.2,0.0,0.0,0.0,0.8,0.0,0.0,0.0,0.0,0.0,0.0,0.0,0.0,0.0,0.0,0.0,0.0,109.0,500.0,1.0,1,0.01,0.1,120000,500.0,5.0,0.5,335.8285240309353,0.3257004884284283
69c148c9a3603e6d7d9ad766,69c148c9a3603e6d7d9ad766,69c148caa3603e6d7d9ad767,0.0,0.0,0.0,0.0,0.0,0.0,0.0,0.0,0.0,0.0,0.0,0.0,0.0,0.2,0.0,0.0,0.0,0.8,0.0,0.0,0.0,0.0,0.0,0.0,0.0,0.0,0.0,0.0,0.0,0.0,109.0,500.0,1.0,1,0.01,0.1,120000,500.0,5.0,0.5,345.21192083927195,0.36233656585104124
69c148c9a3603e6d7d9ad766,69c148c9a3603e6d7d9ad766,69c148caa3603e6d7d9ad767,0.0,0.0,0.0,0.0,0.0,0.0,0.0,0.0,0.0,0.0,0.0,0.0,0.0,0.2,0.0,0.0,0.0,0.8,0.0,0.0,0.0,0.0,0.0,0.0,0.0,0.0,0.0,0.0,0.0,0.0,109.0,500.0,1.0,1,0.01,0.1,120000,500.0,5.0,0.5,354.0859599523353,0.40698949760520153
69c148c9a3603e6d7d9ad766,69c148c9a3603e6d7d9ad766,69c148caa3603e6d7d9ad767,0.0,0.0,0.0,0.0,0.0,0.0,0.0,0.0,0.0,0.0,0.0,0.0,0.0,0.2,0.0,0.0,0.0,0.8,0.0,0.0,0.0,0.0,0.0,0.0,0.0,0.0,0.0,0.0,0.0,0.0,109.0,500.0,1.0,1,0.01,0.1,120000,500.0,5.0,0.5,361.4693100306082,0.45340992480253767
69c148c9a3603e6d7d9ad766,69c148c9a3603e6d7d9ad766,69c148caa3603e6d7d9ad767,0.0,0.0,0.0,0.0,0.0,0.0,0.0,0.0,0.0,0.0,0.0,0.0,0.0,0.2,0.0,0.0,0.0,0.8,0.0,0.0,0.0,0.0,0.0,0.0,0.0,0.0,0.0,0.0,0.0,0.0,109.0,500.0,1.0,1,0.01,0.1,120000,500.0,5.0,0.5,372.1891866632398,0.5017398783268763
69c148c9a3603e6d7d9ad766,69c148c9a3603e6d7d9ad766,69c148caa3603e6d7d9ad767,0.0,0.0,0.0,0.0,0.0,0.0,0.0,0.0,0.0,0.0,0.0,0.0,0.0,0.2,0.0,0.0,0.0,0.8,0.0,0.0,0.0,0.0,0.0,0.0,0.0,0.0,0.0,0.0,0.0,0.0,109.0,500.0,1.0,1,0.01,0.1,120000,500.0,5.0,0.5,380.51181102362204,0.5365137730504288
69c148c9a3603e6d7d9ad766,69c148c9a3603e6d7d9ad766,69c148caa3603e6d7d9ad767,0.0,0.0,0.0,0.0,0.0,0.0,0.0,0.0,0.0,0.0,0.0,0.0,0.0,0.2,0.0,0.0,0.0,0.8,0.0,0.0,0.0,0.0,0.0,0.0,0.0,0.0,0.0,0.0,0.0,0.0,109.0,500.0,1.0,1,0.01,0.1,120000,500.0,5.0,0.5,389.48164676744784,0.5836680264808692
69c148c9a3603e6d7d9ad766,69c148c9a3603e6d7d9ad766,69c148caa3603e6d7d9ad767,0.0,0.0,0.0,0.0,0.0,0.0,0.0,0.0,0.0,0.0,0.0,0.0,0.0,0.2,0.0,0.0,0.0,0.8,0.0,0.0,0.0,0.0,0.0,0.0,0.0,0.0,0.0,0.0,0.0,0.0,109.0,500.0,1.0,1,0.01,0.1,120000,500.0,5.0,0.5,398.2668987593168,0.6445992756424925
69c148cda3603e6d7d9ad770,69c148cda3603e6d7d9ad770,69c148cda3603e6d7d9ad771,0.0,0.0,0.0,0.0,0.0,0.0,0.0,0.0,0.0,0.0,0.0,0.0,0.0,0.0,0.0,0.0,0.0,1.0,0.0,0.0,0.0,0.0,0.0,0.0,0.0,0.0,0.0,0.0,0.0,0.0,21.0,600.0,0.33,1,0.01,0.1,30000,150.0,0.0,1.0,146.82344250184684,0.004277343169041287
69c148cda3603e6d7d9ad770,69c148cda3603e6d7d9ad770,69c148cda3603e6d7d9ad771,0.0,0.0,0.0,0.0,0.0,0.0,0.0,0.0,0.0,0.0,0.0,0.0,0.0,0.0,0.0,0.0,0.0,1.0,0.0,0.0,0.0,0.0,0.0,0.0,0.0,0.0,0.0,0.0,0.0,0.0,21.0,600.0,0.33,1,0.01,0.1,30000,150.0,0.0,1.0,166.1900071528242,0.003864877995577878
69c148cda3603e6d7d9ad770,69c148cda3603e6d7d9ad770,69c148cda3603e6d7d9ad771,0.0,0.0,0.0,0.0,0.0,0.0,0.0,0.0,0.0,0.0,0.0,0.0,0.0,0.0,0.0,0.0,0.0,1.0,0.0,0.0,0.0,0.0,0.0,0.0,0.0,0.0,0.0,0.0,0.0,0.0,21.0,600.0,0.33,1,0.01,0.1,30000,150.0,0.0,1.0,186.02560945579904,0.004507371823472823
69c148cda3603e6d7d9ad770,69c148cda3603e6d7d9ad770,69c148cda3603e6d7d9ad771,0.0,0.0,0.0,0.0,0.0,0.0,0.0,0.0,0.0,0.0,0.0,0.0,0.0,0.0,0.0,0.0,0.0,1.0,0.0,0.0,0.0,0.0,0.0,0.0,0.0,0.0,0.0,0.0,0.0,0.0,21.0,600.0,0.33,1,0.01,0.1,30000,150.0,0.0,1.0,205.68766782753485,0.005752699366429681
69c148cda3603e6d7d9ad770,69c148cda3603e6d7d9ad770,69c148cda3603e6d7d9ad771,0.0,0.0,0.0,0.0,0.0,0.0,0.0,0.0,0.0,0.0,0.0,0.0,0.0,0.0,0.0,0.0,0.0,1.0,0.0,0.0,0.0,0.0,0.0,0.0,0.0,0.0,0.0,0.0,0.0,0.0,21.0,600.0,0.33,1,0.01,0.1,30000,150.0,0.0,1.0,226.06031824204686,0.013534013504268394
69c148cda3603e6d7d9ad770,69c148cda3603e6d7d9ad770,69c148cda3603e6d7d9ad771,0.0,0.0,0.0,0.0,0.0,0.0,0.0,0.0,0.0,0.0,0.0,0.0,0.0,0.0,0.0,0.0,0.0,1.0,0.0,0.0,0.0,0.0,0.0,0.0,0.0,0.0,0.0,0.0,0.0,0.0,21.0,600.0,0.33,1,0.01,0.1,30000,150.0,0.0,1.0,241.2641737315463,0.031563500798159755
69c148cda3603e6d7d9ad770,69c148cda3603e6d7d9ad770,69c148cda3603e6d7d9ad771,0.0,0.0,0.0,0.0,0.0,0.0,0.0,0.0,0.0,0.0,0.0,0.0,0.0,0.0,0.0,0.0,0.0,1.0,0.0,0.0,0.0,0.0,0.0,0.0,0.0,0.0,0.0,0.0,0.0,0.0,21.0,600.0,0.33,1,0.01,0.1,30000,150.0,0.0,1.0,256.28744972502665,0.06878848270323328
69c148cda3603e6d7d9ad770,69c148cda3603e6d7d9ad770,69c148cda3603e6d7d9ad771,0.0,0.0,0.0,0.0,0.0,0.0,0.0,0.0,0.0,0.0,0.0,0.0,0.0,0.0,0.0,0.0,0.0,1.0,0.0,0.0,0.0,0.0,0.0,0.0,0.0,0.0,0.0,0.0,0.0,0.0,21.0,600.0,0.33,1,0.01,0.1,30000,150.0,0.0,1.0,271.04102906860845,0.12174266535788295
69c148cda3603e6d7d9ad770,69c148cda3603e6d7d9ad770,69c148cda3603e6d7d9ad771,0.0,0.0,0.0,0.0,0.0,0.0,0.0,0.0,0.0,0.0,0.0,0.0,0.0,0.0,0.0,0.0,0.0,1.0,0.0,0.0,0.0,0.0,0.0,0.0,0.0,0.0,0.0,0.0,0.0,0.0,21.0,600.0,0.33,1,0.01,0.1,30000,150.0,0.0,1.0,286.3855958537072,0.18823681053372596
69c148cda3603e6d7d9ad770,69c148cda3603e6d7d9ad770,69c148cda3603e6d7d9ad771,0.0,0.0,0.0,0.0,0.0,0.0,0.0,0.0,0.0,0.0,0.0,0.0,0.0,0.0,0.0,0.0,0.0,1.0,0.0,0.0,0.0,0.0,0.0,0.0,0.0,0.0,0.0,0.0,0.0,0.0,21.0,600.0,0.33,1,0.01,0.1,30000,150.0,0.0,1.0,301.04302247862944,0.30103017143083777
69c148cda3603e6d7d9ad770,69c148cda3603e6d7d9ad770,69c148cda3603e6d7d9ad771,0.0,0.0,0.0,0.0,0.0,0.0,0.0,0.0,0.0,0.0,0.0,0.0,0.0,0.0,0.0,0.0,0.0,1.0,0.0,0.0,0.0,0.0,0.0,0.0,0.0,0.0,0.0,0.0,0.0,0.0,21.0,600.0,0.33,1,0.01,0.1,30000,150.0,0.0,1.0,315.72859136267164,0.4774462853346818
69c148cda3603e6d7d9ad770,69c148cda3603e6d7d9ad770,69c148cda3603e6d7d9ad771,0.0,0.0,0.0,0.0,0.0,0.0,0.0,0.0,0.0,0.0,0.0,0.0,0.0,0.0,0.0,0.0,0.0,1.0,0.0,0.0,0.0,0.0,0.0,0.0,0.0,0.0,0.0,0.0,0.0,0.0,21.0,600.0,0.33,1,0.01,0.1,30000,150.0,0.0,1.0,330.88554308697127,0.6487065845702331
69c148cda3603e6d7d9ad770,69c148cda3603e6d7d9ad770,69c148cda3603e6d7d9ad771,0.0,0.0,0.0,0.0,0.0,0.0,0.0,0.0,0.0,0.0,0.0,0.0,0.0,0.0,0.0,0.0,0.0,1.0,0.0,0.0,0.0,0.0,0.0,0.0,0.0,0.0,0.0,0.0,0.0,0.0,21.0,600.0,0.33,1,0.01,0.1,30000,150.0,0.0,1.0,345.9181998334916,0.7462466660717649
69c148cda3603e6d7d9ad770,69c148cda3603e6d7d9ad770,69c148cda3603e6d7d9ad771,0.0,0.0,0.0,0.0,0.0,0.0,0.0,0.0,0.0,0.0,0.0,0.0,0.0,0.0,0.0,0.0,0.0,1.0,0.0,0.0,0.0,0.0,0.0,0.0,0.0,0.0,0.0,0.0,0.0,0.0,21.0,600.0,0.33,1,0.01,0.1,30000,150.0,0.0,1.0,360.9016076265522,0.8042694111464748
69c148cda3603e6d7d9ad770,69c148cda3603e6d7d9ad770,69c148cda3603e6d7d9ad771,0.0,0.0,0.0,0.0,0.0,0.0,0.0,0.0,0.0,0.0,0.0,0.0,0.0,0.0,0.0,0.0,0.0,1.0,0.0,0.0,0.0,0.0,0.0,0.0,0.0,0.0,0.0,0.0,0.0,0.0,21.0,600.0,0.33,1,0.01,0.1,30000,150.0,0.0,1.0,375.8685991017929,0.8664881961589181
69c148cda3603e6d7d9ad770,69c148cda3603e6d7d9ad770,69c148cda3603e6d7d9ad771,0.0,0.0,0.0,0.0,0.0,0.0,0.0,0.0,0.0,0.0,0.0,0.0,0.0,0.0,0.0,0.0,0.0,1.0,0.0,0.0,0.0,0.0,0.0,0.0,0.0,0.0,0.0,0.0,0.0,0.0,21.0,600.0,0.33,1,0.01,0.1,30000,150.0,0.0,1.0,390.7136407875142,0.9131205568279842
69c148cda3603e6d7d9ad770,69c148cda3603e6d7d9ad770,69c148cda3603e6d7d9ad771,0.0,0.0,0.0,0.0,0.0,0.0,0.0,0.0,0.0,0.0,0.0,0.0,0.0,0.0,0.0,0.0,0.0,1.0,0.0,0.0,0.0,0.0,0.0,0.0,0.0,0.0,0.0,0.0,0.0,0.0,21.0,600.0,0.33,1,0.01,0.1,30000,150.0,0.0,1.0,406.00661343089314,0.9522492241490427
69c148cda3603e6d7d9ad770,69c148cda3603e6d7d9ad770,69c148cda3603e6d7d9ad771,0.0,0.0,0.0,0.0,0.0,0.0,0.0,0.0,0.0,0.0,0.0,0.0,0.0,0.0,0.0,0.0,0.0,1.0,0.0,0.0,0.0,0.0,0.0,0.0,0.0,0.0,0.0,0.0,0.0,0.0,21.0,600.0,0.33,1,0.01,0.1,30000,150.0,0.0,1.0,420.943117458754,0.9791625767175308
69c148cda3603e6d7d9ad770,69c148cda3603e6d7d9ad770,69c148cda3603e6d7d9ad771,0.0,0.0,0.0,0.0,0.0,0.0,0.0,0.0,0.0,0.0,0.0,0.0,0.0,0.0,0.0,0.0,0.0,1.0,0.0,0.0,0.0,0.0,0.0,0.0,0.0,0.0,0.0,0.0,0.0,0.0,21.0,600.0,0.33,1,0.01,0.1,30000,150.0,0.0,1.0,435.85851479227495,0.9941382353232795
69c148cda3603e6d7d9ad772,69c148cda3603e6d7d9ad772,69c148cea3603e6d7d9ad773,0.0,0.0,0.0,0.0,0.0,0.0,0.0,0.0,0.05,0.0,0.0,0.0,0.0,0.0,0.0,0.0,0.0,0.95,0.0,0.0,0.0,0.0,0.0,0.0,0.0,0.0,0.0,0.0,0.0,0.0,25.0,600.0,0.33,1,0.01,0.1,30000,150.0,0.0,1.0,80.13801432910026,0.02567794005373944
69c148cda3603e6d7d9ad772,69c148cda3603e6d7d9ad772,69c148cea3603e6d7d9ad773,0.0,0.0,0.0,0.0,0.0,0.0,0.0,0.0,0.05,0.0,0.0,0.0,0.0,0.0,0.0,0.0,0.0,0.95,0.0,0.0,0.0,0.0,0.0,0.0,0.0,0.0,0.0,0.0,0.0,0.0,25.0,600.0,0.33,1,0.01,0.1,30000,150.0,0.0,1.0,90.30440543614638,0.10332450895822799
69c148cda3603e6d7d9ad772,69c148cda3603e6d7d9ad772,69c148cea3603e6d7d9ad773,0.0,0.0,0.0,0.0,0.0,0.0,0.0,0.0,0.05,0.0,0.0,0.0,0.0,0.0,0.0,0.0,0.0,0.95,0.0,0.0,0.0,0.0,0.0,0.0,0.0,0.0,0.0,0.0,0.0,0.0,25.0,600.0,0.33,1,0.01,0.1,30000,150.0,0.0,1.0,100.37229863627303,0.2358844700913174
69c148cda3603e6d7d9ad772,69c148cda3603e6d7d9ad772,69c148cea3603e6d7d9ad773,0.0,0.0,0.0,0.0,0.0,0.0,0.0,0.0,0.05,0.0,0.0,0.0,0.0,0.0,0.0,0.0,0.0,0.95,0.0,0.0,0.0,0.0,0.0,0.0,0.0,0.0,0.0,0.0,0.0,0.0,25.0,600.0,0.33,1,0.01,0.1,30000,150.0,0.0,1.0,110.32527761166027,0.4305363038757845
69c148cda3603e6d7d9ad772,69c148cda3603e6d7d9ad772,69c148cea3603e6d7d9ad773,0.0,0.0,0.0,0.0,0.0,0.0,0.0,0.0,0.05,0.0,0.0,0.0,0.0,0.0,0.0,0.0,0.0,0.95,0.0,0.0,0.0,0.0,0.0,0.0,0.0,0.0,0.0,0.0,0.0,0.0,25.0,600.0,0.33,1,0.01,0.1,30000,150.0,0.0,1.0,120.22900763358778,0.6889853951634493
69c148cda3603e6d7d9ad772,69c148cda3603e6d7d9ad772,69c148cea3603e6d7d9ad773,0.0,0.0,0.0,0.0,0.0,0.0,0.0,0.0,0.05,0.0,0.0,0.0,0.0,0.0,0.0,0.0,0.0,0.95,0.0,0.0,0.0,0.0,0.0,0.0,0.0,0.0,0.0,0.0,0.0,0.0,25.0,600.0,0.33,1,0.01,0.1,30000,150.0,0.0,1.0,130.21716443287482,0.898073510019136
69c148cda3603e6d7d9ad772,69c148cda3603e6d7d9ad772,69c148cea3603e6d7d9ad773,0.0,0.0,0.0,0.0,0.0,0.0,0.0,0.0,0.05,0.0,0.0,0.0,0.0,0.0,0.0,0.0,0.0,0.95,0.0,0.0,0.0,0.0,0.0,0.0,0.0,0.0,0.0,0.0,0.0,0.0,25.0,600.0,0.33,1,0.01,0.1,30000,150.0,0.0,1.0,140.71891746109918,0.9721189406783863
69c148cda3603e6d7d9ad772,69c148cda3603e6d7d9ad772,69c148cea3603e6d7d9ad773,0.0,0.0,0.0,0.0,0.0,0.0,0.0,0.0,0.05,0.0,0.0,0.0,0.0,0.0,0.0,0.0,0.0,0.95,0.0,0.0,0.0,0.0,0.0,0.0,0.0,0.0,0.0,0.0,0.0,0.0,25.0,600.0,0.33,1,0.01,0.1,30000,150.0,0.0,1.0,150.31073744444836,0.995891212310499
69c148cda3603e6d7d9ad772,69c148cda3603e6d7d9ad772,69c148cea3603e6d7d9ad773,0.0,0.0,0.0,0.0,0.0,0.0,0.0,0.0,0.05,0.0,0.0,0.0,0.0,0.0,0.0,0.0,0.0,0.95,0.0,0.0,0.0,0.0,0.0,0.0,0.0,0.0,0.0,0.0,0.0,0.0,25.0,600.0,0.33,1,0.01,0.1,30000,150.0,0.0,1.0,170.29408660780243,0.99747761682382
69c148cea3603e6d7d9ad774,69c148cea3603e6d7d9ad774,69c148cea3603e6d7d9ad775,0.0,0.0,0.0,0.0,0.0,0.0,0.0,0.0,0.15,0.0,0.0,0.0,0.0,0.0,0.0,0.0,0.0,0.85,0.0,0.0,0.0,0.0,0.0,0.0,0.0,0.0,0.0,0.0,0.0,0.0,24.0,600.0,0.33,1,0.01,0.1,30000,150.0,0.0,1.0,80.18960847081999,0.058714814043645945
69c148cea3603e6d7d9ad774,69c148cea3603e6d7d9ad774,69c148cea3603e6d7d9ad775,0.0,0.0,0.0,0.0,0.0,0.0,0.0,0.0,0.15,0.0,0.0,0.0,0.0,0.0,0.0,0.0,0.0,0.85,0.0,0.0,0.0,0.0,0.0,0.0,0.0,0.0,0.0,0.0,0.0,0.0,24.0,600.0,0.33,1,0.01,0.1,30000,150.0,0.0,1.0,90.2246690353068,0.14313533022001448
69c148cea3603e6d7d9ad774,69c148cea3603e6d7d9ad774,69c148cea3603e6d7d9ad775,0.0,0.0,0.0,0.0,0.0,0.0,0.0,0.0,0.15,0.0,0.0,0.0,0.0,0.0,0.0,0.0,0.0,0.85,0.0,0.0,0.0,0.0,0.0,0.0,0.0,0.0,0.0,0.0,0.0,0.0,24.0,600.0,0.33,1,0.01,0.1,30000,150.0,0.0,1.0,100.17295763417408,0.28668114260785077
69c148cea3603e6d7d9ad774,69c148cea3603e6d7d9ad774,69c148cea3603e6d7d9ad775,0.0,0.0,0.0,0.0,0.0,0.0,0.0,0.0,0.15,0.0,0.0,0.0,0.0,0.0,0.0,0.0,0.0,0.85,0.0,0.0,0.0,0.0,0.0,0.0,0.0,0.0,0.0,0.0,0.0,0.0,24.0,600.0,0.33,1,0.01,0.1,30000,150.0,0.0,1.0,110.27837384646051,0.5188117830195228
69c148cea3603e6d7d9ad774,69c148cea3603e6d7d9ad774,69c148cea3603e6d7d9ad775,0.0,0.0,0.0,0.0,0.0,0.0,0.0,0.0,0.15,0.0,0.0,0.0,0.0,0.0,0.0,0.0,0.0,0.85,0.0,0.0,0.0,0.0,0.0,0.0,0.0,0.0,0.0,0.0,0.0,0.0,24.0,600.0,0.33,1,0.01,0.1,30000,150.0,0.0,1.0,120.26653064574758,0.7633243106576638
69c148cea3603e6d7d9ad774,69c148cea3603e6d7d9ad774,69c148cea3603e6d7d9ad775,0.0,0.0,0.0,0.0,0.0,0.0,0.0,0.0,0.15,0.0,0.0,0.0,0.0,0.0,0.0,0.0,0.0,0.85,0.0,0.0,0.0,0.0,0.0,0.0,0.0,0.0,0.0,0.0,0.0,0.0,24.0,600.0,0.33,1,0.01,0.1,30000,150.0,0.0,1.0,130.32738828109427,0.9128112079478866
69c148cea3603e6d7d9ad774,69c148cea3603e6d7d9ad774,69c148cea3603e6d7d9ad775,0.0,0.0,0.0,0.0,0.0,0.0,0.0,0.0,0.15,0.0,0.0,0.0,0.0,0.0,0.0,0.0,0.0,0.85,0.0,0.0,0.0,0.0,0.0,0.0,0.0,0.0,0.0,0.0,0.0,0.0,24.0,600.0,0.33,1,0.01,0.1,30000,150.0,0.0,1.0,140.10447813698244,0.9769019502860486
69c148cfa3603e6d7d9ad776,69c148cfa3603e6d7d9ad776,69c148cfa3603e6d7d9ad777,0.0,0.0,0.0,0.0,0.0,0.0,0.0,0.0,0.4,0.0,0.0,0.0,0.0,0.0,0.0,0.0,0.0,0.6,0.0,0.0,0.0,0.0,0.0,0.0,0.0,0.0,0.0,0.0,0.0,0.0,31.0,600.0,0.33,0,0.01,0.1,30000,150.0,0.0,1.0,70.62593074659068,0.03117483169239616
69c148cfa3603e6d7d9ad776,69c148cfa3603e6d7d9ad776,69c148cfa3603e6d7d9ad777,0.0,0.0,0.0,0.0,0.0,0.0,0.0,0.0,0.4,0.0,0.0,0.0,0.0,0.0,0.0,0.0,0.0,0.6,0.0,0.0,0.0,0.0,0.0,0.0,0.0,0.0,0.0,0.0,0.0,0.0,31.0,600.0,0.33,0,0.01,0.1,30000,150.0,0.0,1.0,80.3373553311992,0.10971771914691096
69c148cfa3603e6d7d9ad776,69c148cfa3603e6d7d9ad776,69c148cfa3603e6d7d9ad777,0.0,0.0,0.0,0.0,0.0,0.0,0.0,0.0,0.4,0.0,0.0,0.0,0.0,0.0,0.0,0.0,0.0,0.6,0.0,0.0,0.0,0.0,0.0,0.0,0.0,0.0,0.0,0.0,0.0,0.0,31.0,600.0,0.33,0,0.01,0.1,30000,150.0,0.0,1.0,90.46622342608552,0.27296667559019205
69c148cfa3603e6d7d9ad776,69c148cfa3603e6d7d9ad776,69c148cfa3603e6d7d9ad777,0.0,0.0,0.0,0.0,0.0,0.0,0.0,0.0,0.4,0.0,0.0,0.0,0.0,0.0,0.0,0.0,0.0,0.6,0.0,0.0,0.0,0.0,0.0,0.0,0.0,0.0,0.0,0.0,0.0,0.0,31.0,600.0,0.33,0,0.01,0.1,30000,150.0,0.0,1.0,100.32774005933325,0.5115143222582469
69c148cfa3603e6d7d9ad776,69c148cfa3603e6d7d9ad776,69c148cfa3603e6d7d9ad777,0.0,0.0,0.0,0.0,0.0,0.0,0.0,0.0,0.4,0.0,0.0,0.0,0.0,0.0,0.0,0.0,0.0,0.6,0.0,0.0,0.0,0.0,0.0,0.0,0.0,0.0,0.0,0.0,0.0,0.0,31.0,600.0,0.33,0,0.01,0.1,30000,150.0,0.0,1.0,110.24085083430072,0.7924348334771012
69c148cfa3603e6d7d9ad776,69c148cfa3603e6d7d9ad776,69c148cfa3603e6d7d9ad777,0.0,0.0,0.0,0.0,0.0,0.0,0.0,0.0,0.4,0.0,0.0,0.0,0.0,0.0,0.0,0.0,0.0,0.6,0.0,0.0,0.0,0.0,0.0,0.0,0.0,0.0,0.0,0.0,0.0,0.0,31.0,600.0,0.33,0,0.01,0.1,30000,150.0,0.0,1.0,120.26887583400757,0.9500203258078269
69c148cfa3603e6d7d9ad776,69c148cfa3603e6d7d9ad776,69c148cfa3603e6d7d9ad777,0.0,0.0,0.0,0.0,0.0,0.0,0.0,0.0,0.4,0.0,0.0,0.0,0.0,0.0,0.0,0.0,0.0,0.6,0.0,0.0,0.0,0.0,0.0,0.0,0.0,0.0,0.0,0.0,0.0,0.0,31.0,600.0,0.33,0,0.01,0.1,30000,150.0,0.0,1.0,130.2851748924145,0.9913302993347017
69c148cfa3603e6d7d9ad776,69c148cfa3603e6d7d9ad776,69c148cfa3603e6d7d9ad777,0.0,0.0,0.0,0.0,0.0,0.0,0.0,0.0,0.4,0.0,0.0,0.0,0.0,0.0,0.0,0.0,0.0,0.6,0.0,0.0,0.0,0.0,0.0,0.0,0.0,0.0,0.0,0.0,0.0,0.0,31.0,600.0,0.33,0,0.01,0.1,30000,150.0,0.0,1.0,140.12558483132233,0.9969858314246904
69c148d1a3603e6d7d9ad77c,69c148d1a3603e6d7d9ad77c,69c148d1a3603e6d7d9ad77d,0.0,0.0,0.0,0.0,0.1,0.0,0.0,0.0,0.0,0.0,0.0,0.0,0.0,0.0,0.0,0.0,0.0,0.9,0.0,0.0,0.0,0.0,0.0,0.0,0.0,0.0,0.0,0.0,0.0,0.0,32.13,500.0,0.67,1,0.01,0.198,30000,0.0,0.0,0.0,60.096951092531604,0.034617274245848484
69c148d1a3603e6d7d9ad77c,69c148d1a3603e6d7d9ad77c,69c148d1a3603e6d7d9ad77d,0.0,0.0,0.0,0.0,0.1,0.0,0.0,0.0,0.0,0.0,0.0,0.0,0.0,0.0,0.0,0.0,0.0,0.9,0.0,0.0,0.0,0.0,0.0,0.0,0.0,0.0,0.0,0.0,0.0,0.0,32.13,500.0,0.67,1,0.01,0.198,30000,0.0,0.0,0.0,80.0232158145203,0.047892306180603327
69c148d1a3603e6d7d9ad77c,69c148d1a3603e6d7d9ad77c,69c148d1a3603e6d7d9ad77d,0.0,0.0,0.0,0.0,0.1,0.0,0.0,0.0,0.0,0.0,0.0,0.0,0.0,0.0,0.0,0.0,0.0,0.9,0.0,0.0,0.0,0.0,0.0,0.0,0.0,0.0,0.0,0.0,0.0,0.0,32.13,500.0,0.67,1,0.01,0.198,30000,0.0,0.0,0.0,100.00925547422736,0.09550948216566768
69c148d1a3603e6d7d9ad77c,69c148d1a3603e6d7d9ad77c,69c148d1a3603e6d7d9ad77d,0.0,0.0,0.0,0.0,0.1,0.0,0.0,0.0,0.0,0.0,0.0,0.0,0.0,0.0,0.0,0.0,0.0,0.9,0.0,0.0,0.0,0.0,0.0,0.0,0.0,0.0,0.0,0.0,0.0,0.0,32.13,500.0,0.67,1,0.01,0.198,30000,0.0,0.0,0.0,119.95865888178444,0.33533457796993216
69c148d1a3603e6d7d9ad77c,69c148d1a3603e6d7d9ad77c,69c148d1a3603e6d7d9ad77d,0.0,0.0,0.0,0.0,0.1,0.0,0.0,0.0,0.0,0.0,0.0,0.0,0.0,0.0,0.0,0.0,0.0,0.9,0.0,0.0,0.0,0.0,0.0,0.0,0.0,0.0,0.0,0.0,0.0,0.0,32.13,500.0,0.67,1,0.01,0.198,30000,0.0,0.0,0.0,139.96590900326254,0.5236710228947627
69c148d1a3603e6d7d9ad77c,69c148d1a3603e6d7d9ad77c,69c148d1a3603e6d7d9ad77d,0.0,0.0,0.0,0.0,0.1,0.0,0.0,0.0,0.0,0.0,0.0,0.0,0.0,0.0,0.0,0.0,0.0,0.9,0.0,0.0,0.0,0.0,0.0,0.0,0.0,0.0,0.0,0.0,0.0,0.0,32.13,500.0,0.67,1,0.01,0.198,30000,0.0,0.0,0.0,159.8478245779118,0.8816055812125382
69c148d1a3603e6d7d9ad77c,69c148d1a3603e6d7d9ad77c,69c148d1a3603e6d7d9ad77d,0.0,0.0,0.0,0.0,0.1,0.0,0.0,0.0,0.0,0.0,0.0,0.0,0.0,0.0,0.0,0.0,0.0,0.9,0.0,0.0,0.0,0.0,0.0,0.0,0.0,0.0,0.0,0.0,0.0,0.0,32.13,500.0,0.67,1,0.01,0.198,30000,0.0,0.0,0.0,179.87821338495831,0.9247027611280338
69c148d1a3603e6d7d9ad77c,69c148d1a3603e6d7d9ad77c,69c148d1a3603e6d7d9ad77d,0.0,0.0,0.0,0.0,0.1,0.0,0.0,0.0,0.0,0.0,0.0,0.0,0.0,0.0,0.0,0.0,0.0,0.9,0.0,0.0,0.0,0.0,0.0,0.0,0.0,0.0,0.0,0.0,0.0,0.0,32.13,500.0,0.67,1,0.01,0.198,30000,0.0,0.0,0.0,200.42343794590175,0.955104647735089
69c148d2a3603e6d7d9ad77e,69c148d2a3603e6d7d9ad77e,69c148d2a3603e6d7d9ad77f,0.0,0.0,0.0,0.0,0.2,0.0,0.0,0.0,0.0,0.0,0.0,0.0,0.0,0.0,0.0,0.0,0.0,0.8,0.0,0.0,0.0,0.0,0.0,0.0,0.0,0.0,0.0,0.0,0.0,0.0,77.89,500.0,0.67,1,0.01,0.198,30000,0.0,0.0,0.0,20.15765157767271,0.0011005207821558416
69c148d2a3603e6d7d9ad77e,69c148d2a3603e6d7d9ad77e,69c148d2a3603e6d7d9ad77f,0.0,0.0,0.0,0.0,0.2,0.0,0.0,0.0,0.0,0.0,0.0,0.0,0.0,0.0,0.0,0.0,0.0,0.8,0.0,0.0,0.0,0.0,0.0,0.0,0.0,0.0,0.0,0.0,0.0,0.0,77.89,500.0,0.67,1,0.01,0.198,30000,0.0,0.0,0.0,40.26709756041125,0.10349808391470966
69c148d2a3603e6d7d9ad77e,69c148d2a3603e6d7d9ad77e,69c148d2a3603e6d7d9ad77f,0.0,0.0,0.0,0.0,0.2,0.0,0.0,0.0,0.0,0.0,0.0,0.0,0.0,0.0,0.0,0.0,0.0,0.8,0.0,0.0,0.0,0.0,0.0,0.0,0.0,0.0,0.0,0.0,0.0,0.0,77.89,500.0,0.67,1,0.01,0.198,30000,0.0,0.0,0.0,60.172151820628905,0.2068389505748256
69c148d2a3603e6d7d9ad77e,69c148d2a3603e6d7d9ad77e,69c148d2a3603e6d7d9ad77f,0.0,0.0,0.0,0.0,0.2,0.0,0.0,0.0,0.0,0.0,0.0,0.0,0.0,0.0,0.0,0.0,0.0,0.8,0.0,0.0,0.0,0.0,0.0,0.0,0.0,0.0,0.0,0.0,0.0,0.0,77.89,500.0,0.67,1,0.01,0.198,30000,0.0,0.0,0.0,79.94223041503089,0.7805541908224428
69c148d2a3603e6d7d9ad77e,69c148d2a3603e6d7d9ad77e,69c148d2a3603e6d7d9ad77f,0.0,0.0,0.0,0.0,0.2,0.0,0.0,0.0,0.0,0.0,0.0,0.0,0.0,0.0,0.0,0.0,0.0,0.8,0.0,0.0,0.0,0.0,0.0,0.0,0.0,0.0,0.0,0.0,0.0,0.0,77.89,500.0,0.67,1,0.01,0.198,30000,0.0,0.0,0.0,100.2040060777614,0.8970325243195441
69c148d2a3603e6d7d9ad77e,69c148d2a3603e6d7d9ad77e,69c148d2a3603e6d7d9ad77f,0.0,0.0,0.0,0.0,0.2,0.0,0.0,0.0,0.0,0.0,0.0,0.0,0.0,0.0,0.0,0.0,0.0,0.8,0.0,0.0,0.0,0.0,0.0,0.0,0.0,0.0,0.0,0.0,0.0,0.0,77.89,500.0,0.67,1,0.01,0.198,30000,0.0,0.0,0.0,120.19583040886057,0.9572467328289281
69c148d2a3603e6d7d9ad77e,69c148d2a3603e6d7d9ad77e,69c148d2a3603e6d7d9ad77f,0.0,0.0,0.0,0.0,0.2,0.0,0.0,0.0,0.0,0.0,0.0,0.0,0.0,0.0,0.0,0.0,0.0,0.8,0.0,0.0,0.0,0.0,0.0,0.0,0.0,0.0,0.0,0.0,0.0,0.0,77.89,500.0,0.67,1,0.01,0.198,30000,0.0,0.0,0.0,139.89456472275998,0.9798761914120075
69c148d2a3603e6d7d9ad780,69c148d2a3603e6d7d9ad780,69c148d3a3603e6d7d9ad781,0.0,0.0,0.0,0.0,0.0,0.0,0.4,0.0,0.0,0.0,0.0,0.0,0.0,0.0,0.0,0.0,0.0,0.6,0.0,0.0,0.0,0.0,0.0,0.0,0.0,0.0,0.0,0.0,0.0,0.0,83.9,500.0,0.67,0,0.01,0.198,30000,0.0,0.0,0.0,39.72063403863307,0.01768255884127942
69c148d2a3603e6d7d9ad780,69c148d2a3603e6d7d9ad780,69c148d3a3603e6d7d9ad781,0.0,0.0,0.0,0.0,0.0,0.0,0.4,0.0,0.0,0.0,0.0,0.0,0.0,0.0,0.0,0.0,0.0,0.6,0.0,0.0,0.0,0.0,0.0,0.0,0.0,0.0,0.0,0.0,0.0,0.0,83.9,500.0,0.67,0,0.01,0.198,30000,0.0,0.0,0.0,60.270957930600844,0.04257694628847314
69c148d2a3603e6d7d9ad780,69c148d2a3603e6d7d9ad780,69c148d3a3603e6d7d9ad781,0.0,0.0,0.0,0.0,0.0,0.0,0.4,0.0,0.0,0.0,0.0,0.0,0.0,0.0,0.0,0.0,0.0,0.6,0.0,0.0,0.0,0.0,0.0,0.0,0.0,0.0,0.0,0.0,0.0,0.0,83.9,500.0,0.67,0,0.01,0.198,30000,0.0,0.0,0.0,80.2893824849752,0.1924864212432106
69c148d2a3603e6d7d9ad780,69c148d2a3603e6d7d9ad780,69c148d3a3603e6d7d9ad781,0.0,0.0,0.0,0.0,0.0,0.0,0.4,0.0,0.0,0.0,0.0,0.0,0.0,0.0,0.0,0.0,0.0,0.6,0.0,0.0,0.0,0.0,0.0,0.0,0.0,0.0,0.0,0.0,0.0,0.0,83.9,500.0,0.67,0,0.01,0.198,30000,0.0,0.0,0.0,100.1213680962756,0.36762220881110436
69c148d2a3603e6d7d9ad780,69c148d2a3603e6d7d9ad780,69c148d3a3603e6d7d9ad781,0.0,0.0,0.0,0.0,0.0,0.0,0.4,0.0,0.0,0.0,0.0,0.0,0.0,0.0,0.0,0.0,0.0,0.6,0.0,0.0,0.0,0.0,0.0,0.0,0.0,0.0,0.0,0.0,0.0,0.0,83.9,500.0,0.67,0,0.01,0.198,30000,0.0,0.0,0.0,120.09044116571863,0.5595151880909274
69c148d2a3603e6d7d9ad780,69c148d2a3603e6d7d9ad780,69c148d3a3603e6d7d9ad781,0.0,0.0,0.0,0.0,0.0,0.0,0.4,0.0,0.0,0.0,0.0,0.0,0.0,0.0,0.0,0.0,0.0,0.6,0.0,0.0,0.0,0.0,0.0,0.0,0.0,0.0,0.0,0.0,0.0,0.0,83.9,500.0,0.67,0,0.01,0.198,30000,0.0,0.0,0.0,140.139938877272,0.7551800442566887
69c148d2a3603e6d7d9ad780,69c148d2a3603e6d7d9ad780,69c148d3a3603e6d7d9ad781,0.0,0.0,0.0,0.0,0.0,0.0,0.4,0.0,0.0,0.0,0.0,0.0,0.0,0.0,0.0,0.0,0.0,0.6,0.0,0.0,0.0,0.0,0.0,0.0,0.0,0.0,0.0,0.0,0.0,0.0,83.9,500.0,0.67,0,0.01,0.198,30000,0.0,0.0,0.0,160.26437773261,0.8924763629048481
69c148d2a3603e6d7d9ad780,69c148d2a3603e6d7d9ad780,69c148d3a3603e6d7d9ad781,0.0,0.0,0.0,0.0,0.0,0.0,0.4,0.0,0.0,0.0,0.0,0.0,0.0,0.0,0.0,0.0,0.0,0.6,0.0,0.0,0.0,0.0,0.0,0.0,0.0,0.0,0.0,0.0,0.0,0.0,83.9,500.0,0.67,0,0.01,0.198,30000,0.0,0.0,0.0,180.20968897597496,0.9713236773285052
69c148d3a3603e6d7d9ad782,69c148d3a3603e6d7d9ad782,69c148d3a3603e6d7d9ad783,0.0,0.0,0.0,0.0,0.0,0.0,0.35,0.0,0.0,0.0,0.0,0.0,0.0,0.0,0.0,0.0,0.0,0.65,0.0,0.0,0.0,0.0,0.0,0.0,0.0,0.0,0.0,0.0,0.0,0.0,54.56,500.0,0.67,0,0.01,0.198,30000,0.0,0.0,0.0,60.02099535102942,0.15432846104631134
69c148d3a3603e6d7d9ad782,69c148d3a3603e6d7d9ad782,69c148d3a3603e6d7d9ad783,0.0,0.0,0.0,0.0,0.0,0.0,0.35,0.0,0.0,0.0,0.0,0.0,0.0,0.0,0.0,0.0,0.0,0.65,0.0,0.0,0.0,0.0,0.0,0.0,0.0,0.0,0.0,0.0,0.0,0.0,54.56,500.0,0.67,0,0.01,0.198,30000,0.0,0.0,0.0,80.39934014611052,0.6357202618239086
69c148d3a3603e6d7d9ad782,69c148d3a3603e6d7d9ad782,69c148d3a3603e6d7d9ad783,0.0,0.0,0.0,0.0,0.0,0.0,0.35,0.0,0.0,0.0,0.0,0.0,0.0,0.0,0.0,0.0,0.0,0.65,0.0,0.0,0.0,0.0,0.0,0.0,0.0,0.0,0.0,0.0,0.0,0.0,54.56,500.0,0.67,0,0.01,0.198,30000,0.0,0.0,0.0,100.03856288964587,0.9517495939760815
69c148d3a3603e6d7d9ad782,69c148d3a3603e6d7d9ad782,69c148d3a3603e6d7d9ad783,0.0,0.0,0.0,0.0,0.0,0.0,0.35,0.0,0.0,0.0,0.0,0.0,0.0,0.0,0.0,0.0,0.0,0.65,0.0,0.0,0.0,0.0,0.0,0.0,0.0,0.0,0.0,0.0,0.0,0.0,54.56,500.0,0.67,0,0.01,0.198,30000,0.0,0.0,0.0,120.08698073997901,0.979516708499434
69c148d3a3603e6d7d9ad782,69c148d3a3603e6d7d9ad782,69c148d3a3603e6d7d9ad783,0.0,0.0,0.0,0.0,0.0,0.0,0.35,0.0,0.0,0.0,0.0,0.0,0.0,0.0,0.0,0.0,0.0,0.65,0.0,0.0,0.0,0.0,0.0,0.0,0.0,0.0,0.0,0.0,0.0,0.0,54.56,500.0,0.67,0,0.01,0.198,30000,0.0,0.0,0.0,140.38819975576837,0.9894482996210443
69c148d3a3603e6d7d9ad782,69c148d3a3603e6d7d9ad782,69c148d3a3603e6d7d9ad783,0.0,0.0,0.0,0.0,0.0,0.0,0.35,0.0,0.0,0.0,0.0,0.0,0.0,0.0,0.0,0.0,0.0,0.65,0.0,0.0,0.0,0.0,0.0,0.0,0.0,0.0,0.0,0.0,0.0,0.0,54.56,500.0,0.67,0,0.01,0.198,30000,0.0,0.0,0.0,40.338924952331986,0.026694227078104236
69cd2ff329cce59b64a176ff,69cd2ff329cce59b64a176ff,69cd2ff329cce59b64a17700,0.0,0.0,0.0,0.0,0.0,0.0,0.0,0.0,0.0,0.0,0.0,0.0,0.0,0.0,0.0,0.0,0.0,0.9,0.1,0.0,0.0,0.0,0.0,0.0,0.0,0.0,0.0,0.0,0.0,0.0,30.0,900.0,4.0,1,0.01,0.01,9600,0.0,0.0,0.0,100.20593024833764,0.15939433409312928
69cd2ff329cce59b64a176ff,69cd2ff329cce59b64a176ff,69cd2ff329cce59b64a17700,0.0,0.0,0.0,0.0,0.0,0.0,0.0,0.0,0.0,0.0,0.0,0.0,0.0,0.0,0.0,0.0,0.0,0.9,0.1,0.0,0.0,0.0,0.0,0.0,0.0,0.0,0.0,0.0,0.0,0.0,30.0,900.0,4.0,1,0.01,0.01,9600,0.0,0.0,0.0,120.07361921563306,0.21866799471335263
69cd2ff329cce59b64a176ff,69cd2ff329cce59b64a176ff,69cd2ff329cce59b64a17700,0.0,0.0,0.0,0.0,0.0,0.0,0.0,0.0,0.0,0.0,0.0,0.0,0.0,0.0,0.0,0.0,0.0,0.9,0.1,0.0,0.0,0.0,0.0,0.0,0.0,0.0,0.0,0.0,0.0,0.0,30.0,900.0,4.0,1,0.01,0.01,9600,0.0,0.0,0.0,140.15979101642012,0.27219529948091253
69cd2ff329cce59b64a176ff,69cd2ff329cce59b64a176ff,69cd2ff329cce59b64a17700,0.0,0.0,0.0,0.0,0.0,0.0,0.0,0.0,0.0,0.0,0.0,0.0,0.0,0.0,0.0,0.0,0.0,0.9,0.1,0.0,0.0,0.0,0.0,0.0,0.0,0.0,0.0,0.0,0.0,0.0,30.0,900.0,4.0,1,0.01,0.01,9600,0.0,0.0,0.0,180.0542814493147,0.4647844158829275
69cd2ff329cce59b64a176ff,69cd2ff329cce59b64a176ff,69cd2ff329cce59b64a17700,0.0,0.0,0.0,0.0,0.0,0.0,0.0,0.0,0.0,0.0,0.0,0.0,0.0,0.0,0.0,0.0,0.0,0.9,0.1,0.0,0.0,0.0,0.0,0.0,0.0,0.0,0.0,0.0,0.0,0.0,30.0,900.0,4.0,1,0.01,0.01,9600,0.0,0.0,0.0,220.02951553806486,0.6743061275307909
69cd2ff329cce59b64a176ff,69cd2ff329cce59b64a176ff,69cd2ff329cce59b64a17700,0.0,0.0,0.0,0.0,0.0,0.0,0.0,0.0,0.0,0.0,0.0,0.0,0.0,0.0,0.0,0.0,0.0,0.9,0.1,0.0,0.0,0.0,0.0,0.0,0.0,0.0,0.0,0.0,0.0,0.0,30.0,900.0,4.0,1,0.01,0.01,9600,0.0,0.0,0.0,239.9138281992129,0.7940027199417702
69cd2ff329cce59b64a176ff,69cd2ff329cce59b64a176ff,69cd2ff329cce59b64a17700,0.0,0.0,0.0,0.0,0.0,0.0,0.0,0.0,0.0,0.0,0.0,0.0,0.0,0.0,0.0,0.0,0.0,0.9,0.1,0.0,0.0,0.0,0.0,0.0,0.0,0.0,0.0,0.0,0.0,0.0,30.0,900.0,4.0,1,0.01,0.01,9600,0.0,0.0,0.0,259.738770525173,0.9231903767693987
69cd2ff329cce59b64a176ff,69cd2ff329cce59b64a176ff,69cd2ff329cce59b64a17700,0.0,0.0,0.0,0.0,0.0,0.0,0.0,0.0,0.0,0.0,0.0,0.0,0.0,0.0,0.0,0.0,0.0,0.9,0.1,0.0,0.0,0.0,0.0,0.0,0.0,0.0,0.0,0.0,0.0,0.0,30.0,900.0,4.0,1,0.01,0.01,9600,0.0,0.0,0.0,279.7845704980323,0.9999712682207367
69cd2ff329cce59b64a176ff,69cd2ff329cce59b64a176ff,69cd2ff329cce59b64a17700,0.0,0.0,0.0,0.0,0.0,0.0,0.0,0.0,0.0,0.0,0.0,0.0,0.0,0.0,0.0,0.0,0.0,0.9,0.1,0.0,0.0,0.0,0.0,0.0,0.0,0.0,0.0,0.0,0.0,0.0,30.0,900.0,4.0,1,0.01,0.01,9600,0.0,0.0,0.0,319.6363142895915,1.0
69cd2ff429cce59b64a17701,69cd2ff429cce59b64a17701,69cd2ff429cce59b64a17702,0.0,0.0,0.0,0.0,0.0,0.0,0.0,0.0,0.05,0.0,0.0,0.0,0.0,0.0,0.0,0.0,0.0,0.95,0.0,0.0,0.0,0.0,0.0,0.0,0.0,0.0,0.0,0.0,0.0,0.0,2.0,900.0,4.0,1,0.01,0.01,9600,0.0,0.0,0.0,80.16487990229339,0.08397341352692168
69cd2ff429cce59b64a17701,69cd2ff429cce59b64a17701,69cd2ff429cce59b64a17702,0.0,0.0,0.0,0.0,0.0,0.0,0.0,0.0,0.05,0.0,0.0,0.0,0.0,0.0,0.0,0.0,0.0,0.95,0.0,0.0,0.0,0.0,0.0,0.0,0.0,0.0,0.0,0.0,0.0,0.0,2.0,900.0,4.0,1,0.01,0.01,9600,0.0,0.0,0.0,100.06581625729407,0.22527630394391557
69cd2ff429cce59b64a17701,69cd2ff429cce59b64a17701,69cd2ff429cce59b64a17702,0.0,0.0,0.0,0.0,0.0,0.0,0.0,0.0,0.05,0.0,0.0,0.0,0.0,0.0,0.0,0.0,0.0,0.95,0.0,0.0,0.0,0.0,0.0,0.0,0.0,0.0,0.0,0.0,0.0,0.0,2.0,900.0,4.0,1,0.01,0.01,9600,0.0,0.0,0.0,120.41559234631565,0.43147470645698854
69cd2ff429cce59b64a17701,69cd2ff429cce59b64a17701,69cd2ff429cce59b64a17702,0.0,0.0,0.0,0.0,0.0,0.0,0.0,0.0,0.05,0.0,0.0,0.0,0.0,0.0,0.0,0.0,0.0,0.95,0.0,0.0,0.0,0.0,0.0,0.0,0.0,0.0,0.0,0.0,0.0,0.0,2.0,900.0,4.0,1,0.01,0.01,9600,0.0,0.0,0.0,140.22628579183063,0.6107993180991055
69cd2ff429cce59b64a17701,69cd2ff429cce59b64a17701,69cd2ff429cce59b64a17702,0.0,0.0,0.0,0.0,0.0,0.0,0.0,0.0,0.05,0.0,0.0,0.0,0.0,0.0,0.0,0.0,0.0,0.95,0.0,0.0,0.0,0.0,0.0,0.0,0.0,0.0,0.0,0.0,0.0,0.0,2.0,900.0,4.0,1,0.01,0.01,9600,0.0,0.0,0.0,180.1753969330981,0.834284674468941
69cd2ff429cce59b64a17701,69cd2ff429cce59b64a17701,69cd2ff429cce59b64a17702,0.0,0.0,0.0,0.0,0.0,0.0,0.0,0.0,0.05,0.0,0.0,0.0,0.0,0.0,0.0,0.0,0.0,0.95,0.0,0.0,0.0,0.0,0.0,0.0,0.0,0.0,0.0,0.0,0.0,0.0,2.0,900.0,4.0,1,0.01,0.01,9600,0.0,0.0,0.0,200.21644727914236,0.8932614400367767
69cd2ff429cce59b64a17701,69cd2ff429cce59b64a17701,69cd2ff429cce59b64a17702,0.0,0.0,0.0,0.0,0.0,0.0,0.0,0.0,0.05,0.0,0.0,0.0,0.0,0.0,0.0,0.0,0.0,0.95,0.0,0.0,0.0,0.0,0.0,0.0,0.0,0.0,0.0,0.0,0.0,0.0,2.0,900.0,4.0,1,0.01,0.01,9600,0.0,0.0,0.0,259.95012891844215,0.9996743731683491
69cd2ff429cce59b64a17703,69cd2ff429cce59b64a17703,69cd2ff429cce59b64a17704,0.0,0.0,0.0,0.0,0.0,0.0,0.0,0.0,0.05,0.0,0.0,0.0,0.0,0.0,0.0,0.0,0.0,0.9,0.05,0.0,0.0,0.0,0.0,0.0,0.0,0.0,0.0,0.0,0.0,0.0,8.0,900.0,4.0,1,0.01,0.01,9600,0.0,0.0,0.0,60.02883701994843,0.05986745072499856
69cd2ff429cce59b64a17703,69cd2ff429cce59b64a17703,69cd2ff429cce59b64a17704,0.0,0.0,0.0,0.0,0.0,0.0,0.0,0.0,0.05,0.0,0.0,0.0,0.0,0.0,0.0,0.0,0.0,0.9,0.05,0.0,0.0,0.0,0.0,0.0,0.0,0.0,0.0,0.0,0.0,0.0,8.0,900.0,4.0,1,0.01,0.01,9600,0.0,0.0,0.0,80.04376441850997,0.2312429367709311
69cd2ff429cce59b64a17703,69cd2ff429cce59b64a17703,69cd2ff429cce59b64a17704,0.0,0.0,0.0,0.0,0.0,0.0,0.0,0.0,0.05,0.0,0.0,0.0,0.0,0.0,0.0,0.0,0.0,0.9,0.05,0.0,0.0,0.0,0.0,0.0,0.0,0.0,0.0,0.0,0.0,0.0,8.0,900.0,4.0,1,0.01,0.01,9600,0.0,0.0,0.0,100.23917763604288,0.6546823222939453
69cd2ff429cce59b64a17703,69cd2ff429cce59b64a17703,69cd2ff429cce59b64a17704,0.0,0.0,0.0,0.0,0.0,0.0,0.0,0.0,0.05,0.0,0.0,0.0,0.0,0.0,0.0,0.0,0.0,0.9,0.05,0.0,0.0,0.0,0.0,0.0,0.0,0.0,0.0,0.0,0.0,0.0,8.0,900.0,4.0,1,0.01,0.01,9600,0.0,0.0,0.0,120.04987108155788,0.958578351562051
69cd2ff429cce59b64a17703,69cd2ff429cce59b64a17703,69cd2ff429cce59b64a17704,0.0,0.0,0.0,0.0,0.0,0.0,0.0,0.0,0.05,0.0,0.0,0.0,0.0,0.0,0.0,0.0,0.0,0.9,0.05,0.0,0.0,0.0,0.0,0.0,0.0,0.0,0.0,0.0,0.0,0.0,8.0,900.0,4.0,1,0.01,0.01,9600,0.0,0.0,0.0,140.0861718007871,0.9965138774493841
69cd300529cce59b64a17737,69cd300529cce59b64a17737,69cd300629cce59b64a17738,0.0,0.0,0.0,0.0,0.1,0.0,0.0,0.0,0.0,0.0,0.0,0.0,0.0,0.0,0.0,0.0,0.0,0.9,0.0,0.0,0.0,0.0,0.0,0.0,0.0,0.0,0.0,0.0,0.0,0.0,70.0,400.0,1.0,1,0.004,0.1,30000,0.0,0.0,0.0,90.40695612703726,0.006529333028631126
69cd300529cce59b64a17737,69cd300529cce59b64a17737,69cd300629cce59b64a17738,0.0,0.0,0.0,0.0,0.1,0.0,0.0,0.0,0.0,0.0,0.0,0.0,0.0,0.0,0.0,0.0,0.0,0.9,0.0,0.0,0.0,0.0,0.0,0.0,0.0,0.0,0.0,0.0,0.0,0.0,70.0,400.0,1.0,1,0.004,0.1,30000,0.0,0.0,0.0,94.94106299380132,0.013230061049263817
69cd300529cce59b64a17737,69cd300529cce59b64a17737,69cd300629cce59b64a17738,0.0,0.0,0.0,0.0,0.1,0.0,0.0,0.0,0.0,0.0,0.0,0.0,0.0,0.0,0.0,0.0,0.0,0.9,0.0,0.0,0.0,0.0,0.0,0.0,0.0,0.0,0.0,0.0,0.0,0.0,70.0,400.0,1.0,1,0.004,0.1,30000,0.0,0.0,0.0,99.97304926311011,0.024803303842512486
69cd300529cce59b64a17737,69cd300529cce59b64a17737,69cd300629cce59b64a17738,0.0,0.0,0.0,0.0,0.1,0.0,0.0,0.0,0.0,0.0,0.0,0.0,0.0,0.0,0.0,0.0,0.0,0.9,0.0,0.0,0.0,0.0,0.0,0.0,0.0,0.0,0.0,0.0,0.0,0.0,70.0,400.0,1.0,1,0.004,0.1,30000,0.0,0.0,0.0,105.15184612547696,0.027496653716822826
69cd300529cce59b64a17737,69cd300529cce59b64a17737,69cd300629cce59b64a17738,0.0,0.0,0.0,0.0,0.1,0.0,0.0,0.0,0.0,0.0,0.0,0.0,0.0,0.0,0.0,0.0,0.0,0.9,0.0,0.0,0.0,0.0,0.0,0.0,0.0,0.0,0.0,0.0,0.0,0.0,70.0,400.0,1.0,1,0.004,0.1,30000,0.0,0.0,0.0,110.12638477141519,0.04154288139466553
69cd300529cce59b64a17737,69cd300529cce59b64a17737,69cd300629cce59b64a17738,0.0,0.0,0.0,0.0,0.1,0.0,0.0,0.0,0.0,0.0,0.0,0.0,0.0,0.0,0.0,0.0,0.0,0.9,0.0,0.0,0.0,0.0,0.0,0.0,0.0,0.0,0.0,0.0,0.0,0.0,70.0,400.0,1.0,1,0.004,0.1,30000,0.0,0.0,0.0,115.20943559483113,0.05703372400509288
69cd300529cce59b64a17737,69cd300529cce59b64a17737,69cd300629cce59b64a17738,0.0,0.0,0.0,0.0,0.1,0.0,0.0,0.0,0.0,0.0,0.0,0.0,0.0,0.0,0.0,0.0,0.0,0.9,0.0,0.0,0.0,0.0,0.0,0.0,0.0,0.0,0.0,0.0,0.0,0.0,70.0,400.0,1.0,1,0.004,0.1,30000,0.0,0.0,0.0,120.15844196371579,0.07479350984296955
69cd300529cce59b64a17737,69cd300529cce59b64a17737,69cd300629cce59b64a17738,0.0,0.0,0.0,0.0,0.1,0.0,0.0,0.0,0.0,0.0,0.0,0.0,0.0,0.0,0.0,0.0,0.0,0.9,0.0,0.0,0.0,0.0,0.0,0.0,0.0,0.0,0.0,0.0,0.0,0.0,70.0,400.0,1.0,1,0.004,0.1,30000,0.0,0.0,0.0,125.08617143505582,0.10015996865920146
69cd300529cce59b64a17737,69cd300529cce59b64a17737,69cd300629cce59b64a17738,0.0,0.0,0.0,0.0,0.1,0.0,0.0,0.0,0.0,0.0,0.0,0.0,0.0,0.0,0.0,0.0,0.0,0.9,0.0,0.0,0.0,0.0,0.0,0.0,0.0,0.0,0.0,0.0,0.0,0.0,70.0,400.0,1.0,1,0.004,0.1,30000,0.0,0.0,0.0,130.20539298429765,0.1252244458228592
69cd300529cce59b64a17737,69cd300529cce59b64a17737,69cd300629cce59b64a17738,0.0,0.0,0.0,0.0,0.1,0.0,0.0,0.0,0.0,0.0,0.0,0.0,0.0,0.0,0.0,0.0,0.0,0.9,0.0,0.0,0.0,0.0,0.0,0.0,0.0,0.0,0.0,0.0,0.0,0.0,70.0,400.0,1.0,1,0.004,0.1,30000,0.0,0.0,0.0,135.15227166342783,0.15563481440370866
69cd300529cce59b64a17737,69cd300529cce59b64a17737,69cd300629cce59b64a17738,0.0,0.0,0.0,0.0,0.1,0.0,0.0,0.0,0.0,0.0,0.0,0.0,0.0,0.0,0.0,0.0,0.0,0.9,0.0,0.0,0.0,0.0,0.0,0.0,0.0,0.0,0.0,0.0,0.0,0.0,70.0,400.0,1.0,1,0.004,0.1,30000,0.0,0.0,0.0,140.3310685257947,0.19517808755835592
69cd300529cce59b64a17737,69cd300529cce59b64a17737,69cd300629cce59b64a17738,0.0,0.0,0.0,0.0,0.1,0.0,0.0,0.0,0.0,0.0,0.0,0.0,0.0,0.0,0.0,0.0,0.0,0.9,0.0,0.0,0.0,0.0,0.0,0.0,0.0,0.0,0.0,0.0,0.0,0.0,70.0,400.0,1.0,1,0.004,0.1,30000,0.0,0.0,0.0,145.4034809004383,0.23199536417354966
69cd300529cce59b64a17737,69cd300529cce59b64a17737,69cd300629cce59b64a17738,0.0,0.0,0.0,0.0,0.1,0.0,0.0,0.0,0.0,0.0,0.0,0.0,0.0,0.0,0.0,0.0,0.0,0.9,0.0,0.0,0.0,0.0,0.0,0.0,0.0,0.0,0.0,0.0,0.0,0.0,70.0,400.0,1.0,1,0.004,0.1,30000,0.0,0.0,0.0,150.17163364019348,0.26564591426985734
69cd300529cce59b64a17737,69cd300529cce59b64a17737,69cd300629cce59b64a17738,0.0,0.0,0.0,0.0,0.1,0.0,0.0,0.0,0.0,0.0,0.0,0.0,0.0,0.0,0.0,0.0,0.0,0.9,0.0,0.0,0.0,0.0,0.0,0.0,0.0,0.0,0.0,0.0,0.0,0.0,70.0,400.0,1.0,1,0.004,0.1,30000,0.0,0.0,0.0,155.1227676988326,0.31011883386112105
69cd300529cce59b64a17737,69cd300529cce59b64a17737,69cd300629cce59b64a17738,0.0,0.0,0.0,0.0,0.1,0.0,0.0,0.0,0.0,0.0,0.0,0.0,0.0,0.0,0.0,0.0,0.0,0.9,0.0,0.0,0.0,0.0,0.0,0.0,0.0,0.0,0.0,0.0,0.0,0.0,70.0,400.0,1.0,1,0.004,0.1,30000,0.0,0.0,0.0,160.09730634477086,0.35188208024550294
69cd300529cce59b64a17737,69cd300529cce59b64a17737,69cd300629cce59b64a17738,0.0,0.0,0.0,0.0,0.1,0.0,0.0,0.0,0.0,0.0,0.0,0.0,0.0,0.0,0.0,0.0,0.0,0.9,0.0,0.0,0.0,0.0,0.0,0.0,0.0,0.0,0.0,0.0,0.0,0.0,70.0,400.0,1.0,1,0.004,0.1,30000,0.0,0.0,0.0,165.12078185506175,0.3979546864287813
69cd300529cce59b64a17737,69cd300529cce59b64a17737,69cd300629cce59b64a17738,0.0,0.0,0.0,0.0,0.1,0.0,0.0,0.0,0.0,0.0,0.0,0.0,0.0,0.0,0.0,0.0,0.0,0.9,0.0,0.0,0.0,0.0,0.0,0.0,0.0,0.0,0.0,0.0,0.0,0.0,70.0,400.0,1.0,1,0.004,0.1,30000,0.0,0.0,0.0,170.27830181988395,0.4381264078874343
69cd300529cce59b64a17737,69cd300529cce59b64a17737,69cd300629cce59b64a17738,0.0,0.0,0.0,0.0,0.1,0.0,0.0,0.0,0.0,0.0,0.0,0.0,0.0,0.0,0.0,0.0,0.0,0.9,0.0,0.0,0.0,0.0,0.0,0.0,0.0,0.0,0.0,0.0,0.0,0.0,70.0,400.0,1.0,1,0.004,0.1,30000,0.0,0.0,0.0,175.08688066497396,0.49298912866050737
69cd300529cce59b64a17737,69cd300529cce59b64a17737,69cd300629cce59b64a17738,0.0,0.0,0.0,0.0,0.1,0.0,0.0,0.0,0.0,0.0,0.0,0.0,0.0,0.0,0.0,0.0,0.0,0.9,0.0,0.0,0.0,0.0,0.0,0.0,0.0,0.0,0.0,0.0,0.0,0.0,70.0,400.0,1.0,1,0.004,0.1,30000,0.0,0.0,0.0,180.15503766010866,0.5483986810747282
69cd300529cce59b64a17737,69cd300529cce59b64a17737,69cd300629cce59b64a17738,0.0,0.0,0.0,0.0,0.1,0.0,0.0,0.0,0.0,0.0,0.0,0.0,0.0,0.0,0.0,0.0,0.0,0.9,0.0,0.0,0.0,0.0,0.0,0.0,0.0,0.0,0.0,0.0,0.0,0.0,70.0,400.0,1.0,1,0.004,0.1,30000,0.0,0.0,0.0,185.1763854806451,0.589892592471679
69cd300529cce59b64a17737,69cd300529cce59b64a17737,69cd300629cce59b64a17738,0.0,0.0,0.0,0.0,0.1,0.0,0.0,0.0,0.0,0.0,0.0,0.0,0.0,0.0,0.0,0.0,0.0,0.9,0.0,0.0,0.0,0.0,0.0,0.0,0.0,0.0,0.0,0.0,0.0,0.0,70.0,400.0,1.0,1,0.004,0.1,30000,0.0,0.0,0.0,190.15092412658336,0.6533413861774019
69cd300529cce59b64a17737,69cd300529cce59b64a17737,69cd300629cce59b64a17738,0.0,0.0,0.0,0.0,0.1,0.0,0.0,0.0,0.0,0.0,0.0,0.0,0.0,0.0,0.0,0.0,0.0,0.9,0.0,0.0,0.0,0.0,0.0,0.0,0.0,0.0,0.0,0.0,0.0,0.0,70.0,400.0,1.0,1,0.004,0.1,30000,0.0,0.0,0.0,195.04248287209748,0.7022950605595638
69cd300529cce59b64a17737,69cd300529cce59b64a17737,69cd300629cce59b64a17738,0.0,0.0,0.0,0.0,0.1,0.0,0.0,0.0,0.0,0.0,0.0,0.0,0.0,0.0,0.0,0.0,0.0,0.9,0.0,0.0,0.0,0.0,0.0,0.0,0.0,0.0,0.0,0.0,0.0,0.0,70.0,400.0,1.0,1,0.004,0.1,30000,0.0,0.0,0.0,200.0893629696875,0.7606754595018118
69cd300529cce59b64a17737,69cd300529cce59b64a17737,69cd300629cce59b64a17738,0.0,0.0,0.0,0.0,0.1,0.0,0.0,0.0,0.0,0.0,0.0,0.0,0.0,0.0,0.0,0.0,0.0,0.9,0.0,0.0,0.0,0.0,0.0,0.0,0.0,0.0,0.0,0.0,0.0,0.0,70.0,400.0,1.0,1,0.004,0.1,30000,0.0,0.0,0.0,205.0660293053802,0.8259034964578368
69cd300529cce59b64a17737,69cd300529cce59b64a17737,69cd300629cce59b64a17738,0.0,0.0,0.0,0.0,0.1,0.0,0.0,0.0,0.0,0.0,0.0,0.0,0.0,0.0,0.0,0.0,0.0,0.9,0.0,0.0,0.0,0.0,0.0,0.0,0.0,0.0,0.0,0.0,0.0,0.0,70.0,400.0,1.0,1,0.004,0.1,30000,0.0,0.0,0.0,210.09588788493454,0.8782932323463158
69cd300529cce59b64a17737,69cd300529cce59b64a17737,69cd300629cce59b64a17738,0.0,0.0,0.0,0.0,0.1,0.0,0.0,0.0,0.0,0.0,0.0,0.0,0.0,0.0,0.0,0.0,0.0,0.9,0.0,0.0,0.0,0.0,0.0,0.0,0.0,0.0,0.0,0.0,0.0,0.0,70.0,400.0,1.0,1,0.004,0.1,30000,0.0,0.0,0.0,215.18106639810492,0.9324785348176684
69cd300529cce59b64a17737,69cd300529cce59b64a17737,69cd300629cce59b64a17738,0.0,0.0,0.0,0.0,0.1,0.0,0.0,0.0,0.0,0.0,0.0,0.0,0.0,0.0,0.0,0.0,0.0,0.9,0.0,0.0,0.0,0.0,0.0,0.0,0.0,0.0,0.0,0.0,0.0,0.0,70.0,400.0,1.0,1,0.004,0.1,30000,0.0,0.0,0.0,220.1236896977262,0.9612565701413601
69cd300529cce59b64a17737,69cd300529cce59b64a17737,69cd300629cce59b64a17738,0.0,0.0,0.0,0.0,0.1,0.0,0.0,0.0,0.0,0.0,0.0,0.0,0.0,0.0,0.0,0.0,0.0,0.9,0.0,0.0,0.0,0.0,0.0,0.0,0.0,0.0,0.0,0.0,0.0,0.0,70.0,400.0,1.0,1,0.004,0.1,30000,0.0,0.0,0.0,225.0343976510305,0.9785674643335183
69cd300529cce59b64a17737,69cd300529cce59b64a17737,69cd300629cce59b64a17738,0.0,0.0,0.0,0.0,0.1,0.0,0.0,0.0,0.0,0.0,0.0,0.0,0.0,0.0,0.0,0.0,0.0,0.9,0.0,0.0,0.0,0.0,0.0,0.0,0.0,0.0,0.0,0.0,0.0,0.0,70.0,400.0,1.0,1,0.004,0.1,30000,0.0,0.0,0.0,230.4259634888438,0.9901896771244817
69cd300629cce59b64a1773a,69cd300629cce59b64a1773a,69cd300629cce59b64a1773b,0.0,0.0,0.0,0.0,0.2,0.0,0.0,0.0,0.0,0.0,0.0,0.0,0.0,0.0,0.0,0.0,0.0,0.8,0.0,0.0,0.0,0.0,0.0,0.0,0.0,0.0,0.0,0.0,0.0,0.0,76.0,400.0,1.0,1,0.004,0.1,30000,0.0,0.0,0.0,60.07248329763543,0.005770298064052757
69cd300629cce59b64a1773a,69cd300629cce59b64a1773a,69cd300629cce59b64a1773b,0.0,0.0,0.0,0.0,0.2,0.0,0.0,0.0,0.0,0.0,0.0,0.0,0.0,0.0,0.0,0.0,0.0,0.8,0.0,0.0,0.0,0.0,0.0,0.0,0.0,0.0,0.0,0.0,0.0,0.0,76.0,400.0,1.0,1,0.004,0.1,30000,0.0,0.0,0.0,65.20234329564958,0.006259998041200091
69cd300629cce59b64a1773a,69cd300629cce59b64a1773a,69cd300629cce59b64a1773b,0.0,0.0,0.0,0.0,0.2,0.0,0.0,0.0,0.0,0.0,0.0,0.0,0.0,0.0,0.0,0.0,0.0,0.8,0.0,0.0,0.0,0.0,0.0,0.0,0.0,0.0,0.0,0.0,0.0,0.0,76.0,400.0,1.0,1,0.004,0.1,30000,0.0,0.0,0.0,69.94283606859672,0.008006594626358917
69cd300629cce59b64a1773a,69cd300629cce59b64a1773a,69cd300629cce59b64a1773b,0.0,0.0,0.0,0.0,0.2,0.0,0.0,0.0,0.0,0.0,0.0,0.0,0.0,0.0,0.0,0.0,0.0,0.8,0.0,0.0,0.0,0.0,0.0,0.0,0.0,0.0,0.0,0.0,0.0,0.0,76.0,400.0,1.0,1,0.004,0.1,30000,0.0,0.0,0.0,55.45326884069277,0.0031095948548855736
69cd300629cce59b64a1773a,69cd300629cce59b64a1773a,69cd300629cce59b64a1773b,0.0,0.0,0.0,0.0,0.2,0.0,0.0,0.0,0.0,0.0,0.0,0.0,0.0,0.0,0.0,0.0,0.0,0.8,0.0,0.0,0.0,0.0,0.0,0.0,0.0,0.0,0.0,0.0,0.0,0.0,76.0,400.0,1.0,1,0.004,0.1,30000,0.0,0.0,0.0,75.19184669286089,0.012087427769253372
69cd300629cce59b64a1773a,69cd300629cce59b64a1773a,69cd300629cce59b64a1773b,0.0,0.0,0.0,0.0,0.2,0.0,0.0,0.0,0.0,0.0,0.0,0.0,0.0,0.0,0.0,0.0,0.0,0.8,0.0,0.0,0.0,0.0,0.0,0.0,0.0,0.0,0.0,0.0,0.0,0.0,76.0,400.0,1.0,1,0.004,0.1,30000,0.0,0.0,0.0,80.02170243549554,0.022469067284776857
69cd300629cce59b64a1773a,69cd300629cce59b64a1773a,69cd300629cce59b64a1773b,0.0,0.0,0.0,0.0,0.2,0.0,0.0,0.0,0.0,0.0,0.0,0.0,0.0,0.0,0.0,0.0,0.0,0.8,0.0,0.0,0.0,0.0,0.0,0.0,0.0,0.0,0.0,0.0,0.0,0.0,76.0,400.0,1.0,1,0.004,0.1,30000,0.0,0.0,0.0,85.25156385196954,0.029194280304266917
69cd300629cce59b64a1773a,69cd300629cce59b64a1773a,69cd300629cce59b64a1773b,0.0,0.0,0.0,0.0,0.2,0.0,0.0,0.0,0.0,0.0,0.0,0.0,0.0,0.0,0.0,0.0,0.0,0.8,0.0,0.0,0.0,0.0,0.0,0.0,0.0,0.0,0.0,0.0,0.0,0.0,76.0,400.0,1.0,1,0.004,0.1,30000,0.0,0.0,0.0,90.18567639257294,0.04376285462440012
69cd300629cce59b64a1773a,69cd300629cce59b64a1773a,69cd300629cce59b64a1773b,0.0,0.0,0.0,0.0,0.2,0.0,0.0,0.0,0.0,0.0,0.0,0.0,0.0,0.0,0.0,0.0,0.0,0.8,0.0,0.0,0.0,0.0,0.0,0.0,0.0,0.0,0.0,0.0,0.0,0.0,76.0,400.0,1.0,1,0.004,0.1,30000,0.0,0.0,0.0,95.24532262868976,0.056307335705657664
69cd300629cce59b64a1773a,69cd300629cce59b64a1773a,69cd300629cce59b64a1773b,0.0,0.0,0.0,0.0,0.2,0.0,0.0,0.0,0.0,0.0,0.0,0.0,0.0,0.0,0.0,0.0,0.0,0.8,0.0,0.0,0.0,0.0,0.0,0.0,0.0,0.0,0.0,0.0,0.0,0.0,76.0,400.0,1.0,1,0.004,0.1,30000,0.0,0.0,0.0,100.32624576235123,0.07771538637328197
69cd300629cce59b64a1773a,69cd300629cce59b64a1773a,69cd300629cce59b64a1773b,0.0,0.0,0.0,0.0,0.2,0.0,0.0,0.0,0.0,0.0,0.0,0.0,0.0,0.0,0.0,0.0,0.0,0.8,0.0,0.0,0.0,0.0,0.0,0.0,0.0,0.0,0.0,0.0,0.0,0.0,76.0,400.0,1.0,1,0.004,0.1,30000,0.0,0.0,0.0,105.06886622505283,0.11185563644673696
69cd300629cce59b64a1773a,69cd300629cce59b64a1773a,69cd300629cce59b64a1773b,0.0,0.0,0.0,0.0,0.2,0.0,0.0,0.0,0.0,0.0,0.0,0.0,0.0,0.0,0.0,0.0,0.0,0.8,0.0,0.0,0.0,0.0,0.0,0.0,0.0,0.0,0.0,0.0,0.0,0.0,76.0,400.0,1.0,1,0.004,0.1,30000,0.0,0.0,0.0,110.34340912637057,0.15636120270314388
69cd300629cce59b64a1773a,69cd300629cce59b64a1773a,69cd300629cce59b64a1773b,0.0,0.0,0.0,0.0,0.2,0.0,0.0,0.0,0.0,0.0,0.0,0.0,0.0,0.0,0.0,0.0,0.0,0.8,0.0,0.0,0.0,0.0,0.0,0.0,0.0,0.0,0.0,0.0,0.0,0.0,76.0,400.0,1.0,1,0.004,0.1,30000,0.0,0.0,0.0,115.13071107391593,0.19362737096405602
69cd300629cce59b64a1773a,69cd300629cce59b64a1773a,69cd300629cce59b64a1773b,0.0,0.0,0.0,0.0,0.2,0.0,0.0,0.0,0.0,0.0,0.0,0.0,0.0,0.0,0.0,0.0,0.0,0.8,0.0,0.0,0.0,0.0,0.0,0.0,0.0,0.0,0.0,0.0,0.0,0.0,76.0,400.0,1.0,1,0.004,0.1,30000,0.0,0.0,0.0,119.95205605753273,0.24324214031536676
69cd300629cce59b64a1773a,69cd300629cce59b64a1773a,69cd300629cce59b64a1773b,0.0,0.0,0.0,0.0,0.2,0.0,0.0,0.0,0.0,0.0,0.0,0.0,0.0,0.0,0.0,0.0,0.0,0.8,0.0,0.0,0.0,0.0,0.0,0.0,0.0,0.0,0.0,0.0,0.0,0.0,76.0,400.0,1.0,1,0.004,0.1,30000,0.0,0.0,0.0,125.30532347976566,0.291061343083804
69cd300629cce59b64a1773a,69cd300629cce59b64a1773a,69cd300629cce59b64a1773b,0.0,0.0,0.0,0.0,0.2,0.0,0.0,0.0,0.0,0.0,0.0,0.0,0.0,0.0,0.0,0.0,0.0,0.8,0.0,0.0,0.0,0.0,0.0,0.0,0.0,0.0,0.0,0.0,0.0,0.0,76.0,400.0,1.0,1,0.004,0.1,30000,0.0,0.0,0.0,130.18198839699852,0.3408719924259737
69cd300629cce59b64a1773a,69cd300629cce59b64a1773a,69cd300629cce59b64a1773b,0.0,0.0,0.0,0.0,0.2,0.0,0.0,0.0,0.0,0.0,0.0,0.0,0.0,0.0,0.0,0.0,0.0,0.8,0.0,0.0,0.0,0.0,0.0,0.0,0.0,0.0,0.0,0.0,0.0,0.0,76.0,400.0,1.0,1,0.004,0.1,30000,0.0,0.0,0.0,135.09695172981176,0.38685482028010837
69cd300629cce59b64a1773a,69cd300629cce59b64a1773a,69cd300629cce59b64a1773b,0.0,0.0,0.0,0.0,0.2,0.0,0.0,0.0,0.0,0.0,0.0,0.0,0.0,0.0,0.0,0.0,0.0,0.8,0.0,0.0,0.0,0.0,0.0,0.0,0.0,0.0,0.0,0.0,0.0,0.0,76.0,400.0,1.0,1,0.004,0.1,30000,0.0,0.0,0.0,140.01404275237945,0.4373836962554275
69cd300629cce59b64a1773a,69cd300629cce59b64a1773a,69cd300629cce59b64a1773b,0.0,0.0,0.0,0.0,0.2,0.0,0.0,0.0,0.0,0.0,0.0,0.0,0.0,0.0,0.0,0.0,0.0,0.8,0.0,0.0,0.0,0.0,0.0,0.0,0.0,0.0,0.0,0.0,0.0,0.0,76.0,400.0,1.0,1,0.004,0.1,30000,0.0,0.0,0.0,145.19071192499183,0.49195259704221217
69cd300629cce59b64a1773a,69cd300629cce59b64a1773a,69cd300629cce59b64a1773b,0.0,0.0,0.0,0.0,0.2,0.0,0.0,0.0,0.0,0.0,0.0,0.0,0.0,0.0,0.0,0.0,0.0,0.8,0.0,0.0,0.0,0.0,0.0,0.0,0.0,0.0,0.0,0.0,0.0,0.0,76.0,400.0,1.0,1,0.004,0.1,30000,0.0,0.0,0.0,150.31418885374262,0.5489699977147334
69cd300629cce59b64a1773a,69cd300629cce59b64a1773a,69cd300629cce59b64a1773b,0.0,0.0,0.0,0.0,0.2,0.0,0.0,0.0,0.0,0.0,0.0,0.0,0.0,0.0,0.0,0.0,0.0,0.8,0.0,0.0,0.0,0.0,0.0,0.0,0.0,0.0,0.0,0.0,0.0,0.0,76.0,400.0,1.0,1,0.004,0.1,30000,0.0,0.0,0.0,154.95042482872097,0.5954833338774445
69cd300629cce59b64a1773a,69cd300629cce59b64a1773a,69cd300629cce59b64a1773b,0.0,0.0,0.0,0.0,0.2,0.0,0.0,0.0,0.0,0.0,0.0,0.0,0.0,0.0,0.0,0.0,0.0,0.8,0.0,0.0,0.0,0.0,0.0,0.0,0.0,0.0,0.0,0.0,0.0,0.0,76.0,400.0,1.0,1,0.004,0.1,30000,0.0,0.0,0.0,160.03560334189137,0.6519212562436746
69cd300629cce59b64a1773a,69cd300629cce59b64a1773a,69cd300629cce59b64a1773b,0.0,0.0,0.0,0.0,0.2,0.0,0.0,0.0,0.0,0.0,0.0,0.0,0.0,0.0,0.0,0.0,0.0,0.8,0.0,0.0,0.0,0.0,0.0,0.0,0.0,0.0,0.0,0.0,0.0,0.0,76.0,400.0,1.0,1,0.004,0.1,30000,0.0,0.0,0.0,165.18248485794123,0.7167167248865529
69cd300629cce59b64a1773a,69cd300629cce59b64a1773a,69cd300629cce59b64a1773b,0.0,0.0,0.0,0.0,0.2,0.0,0.0,0.0,0.0,0.0,0.0,0.0,0.0,0.0,0.0,0.0,0.0,0.8,0.0,0.0,0.0,0.0,0.0,0.0,0.0,0.0,0.0,0.0,0.0,0.0,76.0,400.0,1.0,1,0.004,0.1,30000,0.0,0.0,0.0,170.0591497751741,0.7681760308184519
69cd300629cce59b64a1773a,69cd300629cce59b64a1773a,69cd300629cce59b64a1773b,0.0,0.0,0.0,0.0,0.2,0.0,0.0,0.0,0.0,0.0,0.0,0.0,0.0,0.0,0.0,0.0,0.0,0.8,0.0,0.0,0.0,0.0,0.0,0.0,0.0,0.0,0.0,0.0,0.0,0.0,76.0,400.0,1.0,1,0.004,0.1,30000,0.0,0.0,0.0,175.10390218300967,0.8192190917697757
69cd300629cce59b64a1773a,69cd300629cce59b64a1773a,69cd300629cce59b64a1773b,0.0,0.0,0.0,0.0,0.2,0.0,0.0,0.0,0.0,0.0,0.0,0.0,0.0,0.0,0.0,0.0,0.0,0.8,0.0,0.0,0.0,0.0,0.0,0.0,0.0,0.0,0.0,0.0,0.0,0.0,76.0,400.0,1.0,1,0.004,0.1,30000,0.0,0.0,0.0,180.02737627484078,0.8777219157063106
69cd300629cce59b64a1773a,69cd300629cce59b64a1773a,69cd300629cce59b64a1773b,0.0,0.0,0.0,0.0,0.2,0.0,0.0,0.0,0.0,0.0,0.0,0.0,0.0,0.0,0.0,0.0,0.0,0.8,0.0,0.0,0.0,0.0,0.0,0.0,0.0,0.0,0.0,0.0,0.0,0.0,76.0,400.0,1.0,1,0.004,0.1,30000,0.0,0.0,0.0,185.2253223449978,0.9363145179719892
69cd300629cce59b64a1773a,69cd300629cce59b64a1773a,69cd300629cce59b64a1773b,0.0,0.0,0.0,0.0,0.2,0.0,0.0,0.0,0.0,0.0,0.0,0.0,0.0,0.0,0.0,0.0,0.0,0.8,0.0,0.0,0.0,0.0,0.0,0.0,0.0,0.0,0.0,0.0,0.0,0.0,76.0,400.0,1.0,1,0.004,0.1,30000,0.0,0.0,0.0,190.28709627086909,0.9761842577780679
69cd300629cce59b64a1773a,69cd300629cce59b64a1773a,69cd300629cce59b64a1773b,0.0,0.0,0.0,0.0,0.2,0.0,0.0,0.0,0.0,0.0,0.0,0.0,0.0,0.0,0.0,0.0,0.0,0.8,0.0,0.0,0.0,0.0,0.0,0.0,0.0,0.0,0.0,0.0,0.0,0.0,76.0,400.0,1.0,1,0.004,0.1,30000,0.0,0.0,0.0,194.99567369749926,0.9963925435016813
69cd300629cce59b64a1773a,69cd300629cce59b64a1773a,69cd300629cce59b64a1773b,0.0,0.0,0.0,0.0,0.2,0.0,0.0,0.0,0.0,0.0,0.0,0.0,0.0,0.0,0.0,0.0,0.0,0.8,0.0,0.0,0.0,0.0,0.0,0.0,0.0,0.0,0.0,0.0,0.0,0.0,76.0,400.0,1.0,1,0.004,0.1,30000,0.0,0.0,0.0,202.95536106895133,0.9997551500114262
69cd300629cce59b64a1773a,69cd300629cce59b64a1773a,69cd300629cce59b64a1773b,0.0,0.0,0.0,0.0,0.2,0.0,0.0,0.0,0.0,0.0,0.0,0.0,0.0,0.0,0.0,0.0,0.0,0.8,0.0,0.0,0.0,0.0,0.0,0.0,0.0,0.0,0.0,0.0,0.0,0.0,76.0,400.0,1.0,1,0.004,0.1,30000,0.0,0.0,0.0,214.03211393069404,0.9998122816754268
69cd300729cce59b64a1773d,69cd300729cce59b64a1773d,69cd300729cce59b64a1773e,0.0,0.0,0.0,0.0,0.3,0.0,0.0,0.0,0.0,0.0,0.0,0.0,0.0,0.0,0.0,0.0,0.0,0.7,0.0,0.0,0.0,0.0,0.0,0.0,0.0,0.0,0.0,0.0,0.0,0.0,69.0,400.0,1.0,1,0.004,0.1,30000,0.0,0.0,0.0,75.1195052412091,0.0050765564297607
69cd300729cce59b64a1773d,69cd300729cce59b64a1773d,69cd300729cce59b64a1773e,0.0,0.0,0.0,0.0,0.3,0.0,0.0,0.0,0.0,0.0,0.0,0.0,0.0,0.0,0.0,0.0,0.0,0.7,0.0,0.0,0.0,0.0,0.0,0.0,0.0,0.0,0.0,0.0,0.0,0.0,69.0,400.0,1.0,1,0.004,0.1,30000,0.0,0.0,0.0,80.01531936623215,0.01396461101498482
69cd300729cce59b64a1773d,69cd300729cce59b64a1773d,69cd300729cce59b64a1773e,0.0,0.0,0.0,0.0,0.3,0.0,0.0,0.0,0.0,0.0,0.0,0.0,0.0,0.0,0.0,0.0,0.0,0.7,0.0,0.0,0.0,0.0,0.0,0.0,0.0,0.0,0.0,0.0,0.0,0.0,69.0,400.0,1.0,1,0.004,0.1,30000,0.0,0.0,0.0,85.32603299337579,0.021334595671052205
69cd300729cce59b64a1773d,69cd300729cce59b64a1773d,69cd300729cce59b64a1773e,0.0,0.0,0.0,0.0,0.3,0.0,0.0,0.0,0.0,0.0,0.0,0.0,0.0,0.0,0.0,0.0,0.0,0.7,0.0,0.0,0.0,0.0,0.0,0.0,0.0,0.0,0.0,0.0,0.0,0.0,69.0,400.0,1.0,1,0.004,0.1,30000,0.0,0.0,0.0,89.74311692364431,0.02590512879109399
69cd300729cce59b64a1773d,69cd300729cce59b64a1773d,69cd300729cce59b64a1773e,0.0,0.0,0.0,0.0,0.3,0.0,0.0,0.0,0.0,0.0,0.0,0.0,0.0,0.0,0.0,0.0,0.0,0.7,0.0,0.0,0.0,0.0,0.0,0.0,0.0,0.0,0.0,0.0,0.0,0.0,69.0,400.0,1.0,1,0.004,0.1,30000,0.0,0.0,0.0,95.18574731556475,0.0392168065032157
69cd300729cce59b64a1773d,69cd300729cce59b64a1773d,69cd300729cce59b64a1773e,0.0,0.0,0.0,0.0,0.3,0.0,0.0,0.0,0.0,0.0,0.0,0.0,0.0,0.0,0.0,0.0,0.0,0.7,0.0,0.0,0.0,0.0,0.0,0.0,0.0,0.0,0.0,0.0,0.0,0.0,69.0,400.0,1.0,1,0.004,0.1,30000,0.0,0.0,0.0,100.24539355168159,0.05154908426104274
69cd300729cce59b64a1773d,69cd300729cce59b64a1773d,69cd300729cce59b64a1773e,0.0,0.0,0.0,0.0,0.3,0.0,0.0,0.0,0.0,0.0,0.0,0.0,0.0,0.0,0.0,0.0,0.0,0.7,0.0,0.0,0.0,0.0,0.0,0.0,0.0,0.0,0.0,0.0,0.0,0.0,69.0,400.0,1.0,1,0.004,0.1,30000,0.0,0.0,0.0,105.27099675172697,0.07609937644869577
69cd300729cce59b64a1773d,69cd300729cce59b64a1773d,69cd300729cce59b64a1773e,0.0,0.0,0.0,0.0,0.3,0.0,0.0,0.0,0.0,0.0,0.0,0.0,0.0,0.0,0.0,0.0,0.0,0.7,0.0,0.0,0.0,0.0,0.0,0.0,0.0,0.0,0.0,0.0,0.0,0.0,69.0,400.0,1.0,1,0.004,0.1,30000,0.0,0.0,0.0,110.27532305422773,0.11428781299990205
69cd300729cce59b64a1773d,69cd300729cce59b64a1773d,69cd300729cce59b64a1773e,0.0,0.0,0.0,0.0,0.3,0.0,0.0,0.0,0.0,0.0,0.0,0.0,0.0,0.0,0.0,0.0,0.0,0.7,0.0,0.0,0.0,0.0,0.0,0.0,0.0,0.0,0.0,0.0,0.0,0.0,69.0,400.0,1.0,1,0.004,0.1,30000,0.0,0.0,0.0,114.99879430913913,0.14930952303222225
69cd300729cce59b64a1773d,69cd300729cce59b64a1773d,69cd300729cce59b64a1773e,0.0,0.0,0.0,0.0,0.3,0.0,0.0,0.0,0.0,0.0,0.0,0.0,0.0,0.0,0.0,0.0,0.0,0.7,0.0,0.0,0.0,0.0,0.0,0.0,0.0,0.0,0.0,0.0,0.0,0.0,69.0,400.0,1.0,1,0.004,0.1,30000,0.0,0.0,0.0,119.89886381367111,0.17935261663021124
69cd300729cce59b64a1773d,69cd300729cce59b64a1773d,69cd300729cce59b64a1773e,0.0,0.0,0.0,0.0,0.3,0.0,0.0,0.0,0.0,0.0,0.0,0.0,0.0,0.0,0.0,0.0,0.0,0.7,0.0,0.0,0.0,0.0,0.0,0.0,0.0,0.0,0.0,0.0,0.0,0.0,69.0,400.0,1.0,1,0.004,0.1,30000,0.0,0.0,0.0,125.1712790252344,0.222046292971173
69cd300729cce59b64a1773d,69cd300729cce59b64a1773d,69cd300729cce59b64a1773e,0.0,0.0,0.0,0.0,0.3,0.0,0.0,0.0,0.0,0.0,0.0,0.0,0.0,0.0,0.0,0.0,0.0,0.7,0.0,0.0,0.0,0.0,0.0,0.0,0.0,0.0,0.0,0.0,0.0,0.0,69.0,400.0,1.0,1,0.004,0.1,30000,0.0,0.0,0.0,130.13730691215477,0.25649668636348794
69cd300729cce59b64a1773d,69cd300729cce59b64a1773d,69cd300729cce59b64a1773e,0.0,0.0,0.0,0.0,0.3,0.0,0.0,0.0,0.0,0.0,0.0,0.0,0.0,0.0,0.0,0.0,0.0,0.7,0.0,0.0,0.0,0.0,0.0,0.0,0.0,0.0,0.0,0.0,0.0,0.0,69.0,400.0,1.0,1,0.004,0.1,30000,0.0,0.0,0.0,135.2331238740975,0.3065603473605171
69cd300729cce59b64a1773d,69cd300729cce59b64a1773d,69cd300729cce59b64a1773e,0.0,0.0,0.0,0.0,0.3,0.0,0.0,0.0,0.0,0.0,0.0,0.0,0.0,0.0,0.0,0.0,0.0,0.7,0.0,0.0,0.0,0.0,0.0,0.0,0.0,0.0,0.0,0.0,0.0,0.0,69.0,400.0,1.0,1,0.004,0.1,30000,0.0,0.0,0.0,140.04595809869642,0.3610231464855865
69cd300729cce59b64a1773d,69cd300729cce59b64a1773d,69cd300729cce59b64a1773e,0.0,0.0,0.0,0.0,0.3,0.0,0.0,0.0,0.0,0.0,0.0,0.0,0.0,0.0,0.0,0.0,0.0,0.7,0.0,0.0,0.0,0.0,0.0,0.0,0.0,0.0,0.0,0.0,0.0,0.0,69.0,400.0,1.0,1,0.004,0.1,30000,0.0,0.0,0.0,145.23539340983558,0.4170203388723842
69cd300729cce59b64a1773d,69cd300729cce59b64a1773d,69cd300729cce59b64a1773e,0.0,0.0,0.0,0.0,0.3,0.0,0.0,0.0,0.0,0.0,0.0,0.0,0.0,0.0,0.0,0.0,0.0,0.7,0.0,0.0,0.0,0.0,0.0,0.0,0.0,0.0,0.0,0.0,0.0,0.0,69.0,400.0,1.0,1,0.004,0.1,30000,0.0,0.0,0.0,150.22269819430062,0.4611504684796448
69cd300729cce59b64a1773d,69cd300729cce59b64a1773d,69cd300729cce59b64a1773e,0.0,0.0,0.0,0.0,0.3,0.0,0.0,0.0,0.0,0.0,0.0,0.0,0.0,0.0,0.0,0.0,0.0,0.7,0.0,0.0,0.0,0.0,0.0,0.0,0.0,0.0,0.0,0.0,0.0,0.0,69.0,400.0,1.0,1,0.004,0.1,30000,0.0,0.0,0.0,155.09723542177903,0.5117201527863928
69cd300729cce59b64a1773d,69cd300729cce59b64a1773d,69cd300729cce59b64a1773e,0.0,0.0,0.0,0.0,0.3,0.0,0.0,0.0,0.0,0.0,0.0,0.0,0.0,0.0,0.0,0.0,0.0,0.7,0.0,0.0,0.0,0.0,0.0,0.0,0.0,0.0,0.0,0.0,0.0,0.0,69.0,400.0,1.0,1,0.004,0.1,30000,0.0,0.0,0.0,160.11432786280656,0.5640037870131566
69cd300729cce59b64a1773d,69cd300729cce59b64a1773d,69cd300729cce59b64a1773e,0.0,0.0,0.0,0.0,0.3,0.0,0.0,0.0,0.0,0.0,0.0,0.0,0.0,0.0,0.0,0.0,0.0,0.7,0.0,0.0,0.0,0.0,0.0,0.0,0.0,0.0,0.0,0.0,0.0,0.0,69.0,400.0,1.0,1,0.004,0.1,30000,0.0,0.0,0.0,165.27610320713768,0.617536156181646
69cd300729cce59b64a1773d,69cd300729cce59b64a1773d,69cd300729cce59b64a1773e,0.0,0.0,0.0,0.0,0.3,0.0,0.0,0.0,0.0,0.0,0.0,0.0,0.0,0.0,0.0,0.0,0.0,0.7,0.0,0.0,0.0,0.0,0.0,0.0,0.0,0.0,0.0,0.0,0.0,0.0,69.0,400.0,1.0,1,0.004,0.1,30000,0.0,0.0,0.0,169.92297763088837,0.6645636773203617
69cd300729cce59b64a1773d,69cd300729cce59b64a1773d,69cd300729cce59b64a1773e,0.0,0.0,0.0,0.0,0.3,0.0,0.0,0.0,0.0,0.0,0.0,0.0,0.0,0.0,0.0,0.0,0.0,0.7,0.0,0.0,0.0,0.0,0.0,0.0,0.0,0.0,0.0,0.0,0.0,0.0,69.0,400.0,1.0,1,0.004,0.1,30000,0.0,0.0,0.0,175.12517908055435,0.7324034474878391
69cd300729cce59b64a1773d,69cd300729cce59b64a1773d,69cd300729cce59b64a1773e,0.0,0.0,0.0,0.0,0.3,0.0,0.0,0.0,0.0,0.0,0.0,0.0,0.0,0.0,0.0,0.0,0.0,0.7,0.0,0.0,0.0,0.0,0.0,0.0,0.0,0.0,0.0,0.0,0.0,0.0,69.0,400.0,1.0,1,0.004,0.1,30000,0.0,0.0,0.0,180.0975900367381,0.7959093728575626
69cd300729cce59b64a1773d,69cd300729cce59b64a1773d,69cd300729cce59b64a1773e,0.0,0.0,0.0,0.0,0.3,0.0,0.0,0.0,0.0,0.0,0.0,0.0,0.0,0.0,0.0,0.0,0.0,0.7,0.0,0.0,0.0,0.0,0.0,0.0,0.0,0.0,0.0,0.0,0.0,0.0,69.0,400.0,1.0,1,0.004,0.1,30000,0.0,0.0,0.0,185.15510858310046,0.8535307368352322
69cd300729cce59b64a1773d,69cd300729cce59b64a1773d,69cd300729cce59b64a1773e,0.0,0.0,0.0,0.0,0.3,0.0,0.0,0.0,0.0,0.0,0.0,0.0,0.0,0.0,0.0,0.0,0.0,0.7,0.0,0.0,0.0,0.0,0.0,0.0,0.0,0.0,0.0,0.0,0.0,0.0,69.0,400.0,1.0,1,0.004,0.1,30000,0.0,0.0,0.0,190.24879785528873,0.9154369756129411
69cd300729cce59b64a1773d,69cd300729cce59b64a1773d,69cd300729cce59b64a1773e,0.0,0.0,0.0,0.0,0.3,0.0,0.0,0.0,0.0,0.0,0.0,0.0,0.0,0.0,0.0,0.0,0.0,0.7,0.0,0.0,0.0,0.0,0.0,0.0,0.0,0.0,0.0,0.0,0.0,0.0,69.0,400.0,1.0,1,0.004,0.1,30000,0.0,0.0,0.0,195.08078128767784,0.95499657210016
69cd300729cce59b64a1773d,69cd300729cce59b64a1773d,69cd300729cce59b64a1773e,0.0,0.0,0.0,0.0,0.3,0.0,0.0,0.0,0.0,0.0,0.0,0.0,0.0,0.0,0.0,0.0,0.0,0.7,0.0,0.0,0.0,0.0,0.0,0.0,0.0,0.0,0.0,0.0,0.0,0.0,69.0,400.0,1.0,1,0.004,0.1,30000,0.0,0.0,0.0,199.8297848196428,0.974249942868336
69cd300729cce59b64a1773d,69cd300729cce59b64a1773d,69cd300729cce59b64a1773e,0.0,0.0,0.0,0.0,0.3,0.0,0.0,0.0,0.0,0.0,0.0,0.0,0.0,0.0,0.0,0.0,0.0,0.7,0.0,0.0,0.0,0.0,0.0,0.0,0.0,0.0,0.0,0.0,0.0,0.0,69.0,400.0,1.0,1,0.004,0.1,30000,0.0,0.0,0.0,205.08092313366146,0.985235545689008
69cd300729cce59b64a1773d,69cd300729cce59b64a1773d,69cd300729cce59b64a1773e,0.0,0.0,0.0,0.0,0.3,0.0,0.0,0.0,0.0,0.0,0.0,0.0,0.0,0.0,0.0,0.0,0.0,0.7,0.0,0.0,0.0,0.0,0.0,0.0,0.0,0.0,0.0,0.0,0.0,0.0,69.0,400.0,1.0,1,0.004,0.1,30000,0.0,0.0,0.0,210.0916325054256,0.9932094936502236
69cd300729cce59b64a1773d,69cd300729cce59b64a1773d,69cd300729cce59b64a1773e,0.0,0.0,0.0,0.0,0.3,0.0,0.0,0.0,0.0,0.0,0.0,0.0,0.0,0.0,0.0,0.0,0.0,0.7,0.0,0.0,0.0,0.0,0.0,0.0,0.0,0.0,0.0,0.0,0.0,0.0,69.0,400.0,1.0,1,0.004,0.1,30000,0.0,0.0,0.0,215.0321281152924,0.9977310567725507
69cd300829cce59b64a17740,69cd300829cce59b64a17740,69cd300829cce59b64a17741,0.0,0.0,0.0,0.0,0.4,0.0,0.0,0.0,0.0,0.0,0.0,0.0,0.0,0.0,0.0,0.0,0.0,0.6,0.0,0.0,0.0,0.0,0.0,0.0,0.0,0.0,0.0,0.0,0.0,0.0,58.0,400.0,1.0,1,0.004,0.1,30000,0.0,0.0,0.0,85.00262415069717,0.012903594397832261
69cd300829cce59b64a17740,69cd300829cce59b64a17740,69cd300829cce59b64a17741,0.0,0.0,0.0,0.0,0.4,0.0,0.0,0.0,0.0,0.0,0.0,0.0,0.0,0.0,0.0,0.0,0.0,0.6,0.0,0.0,0.0,0.0,0.0,0.0,0.0,0.0,0.0,0.0,0.0,0.0,58.0,400.0,1.0,1,0.004,0.1,30000,0.0,0.0,0.0,89.79418147775147,0.021481505664196404
69cd300829cce59b64a17740,69cd300829cce59b64a17740,69cd300829cce59b64a17741,0.0,0.0,0.0,0.0,0.4,0.0,0.0,0.0,0.0,0.0,0.0,0.0,0.0,0.0,0.0,0.0,0.0,0.6,0.0,0.0,0.0,0.0,0.0,0.0,0.0,0.0,0.0,0.0,0.0,0.0,58.0,400.0,1.0,1,0.004,0.1,30000,0.0,0.0,0.0,94.77723088270756,0.026778427083673405
69cd300829cce59b64a17740,69cd300829cce59b64a17740,69cd300829cce59b64a17741,0.0,0.0,0.0,0.0,0.4,0.0,0.0,0.0,0.0,0.0,0.0,0.0,0.0,0.0,0.0,0.0,0.0,0.6,0.0,0.0,0.0,0.0,0.0,0.0,0.0,0.0,0.0,0.0,0.0,0.0,58.0,400.0,1.0,1,0.004,0.1,30000,0.0,0.0,0.0,99.97092157335564,0.03515229669289282
69cd300829cce59b64a17740,69cd300829cce59b64a17740,69cd300829cce59b64a17741,0.0,0.0,0.0,0.0,0.4,0.0,0.0,0.0,0.0,0.0,0.0,0.0,0.0,0.0,0.0,0.0,0.0,0.6,0.0,0.0,0.0,0.0,0.0,0.0,0.0,0.0,0.0,0.0,0.0,0.0,58.0,400.0,1.0,1,0.004,0.1,30000,0.0,0.0,0.0,105.15184612547696,0.04874147105873135
69cd300829cce59b64a17740,69cd300829cce59b64a17740,69cd300829cce59b64a17741,0.0,0.0,0.0,0.0,0.4,0.0,0.0,0.0,0.0,0.0,0.0,0.0,0.0,0.0,0.0,0.0,0.0,0.6,0.0,0.0,0.0,0.0,0.0,0.0,0.0,0.0,0.0,0.0,0.0,0.0,58.0,400.0,1.0,1,0.004,0.1,30000,0.0,0.0,0.0,110.06255407878126,0.07148803499722503
69cd300829cce59b64a17740,69cd300829cce59b64a17740,69cd300829cce59b64a17741,0.0,0.0,0.0,0.0,0.4,0.0,0.0,0.0,0.0,0.0,0.0,0.0,0.0,0.0,0.0,0.0,0.0,0.6,0.0,0.0,0.0,0.0,0.0,0.0,0.0,0.0,0.0,0.0,0.0,0.0,58.0,400.0,1.0,1,0.004,0.1,30000,0.0,0.0,0.0,115.21369097434005,0.10424896346838171
69cd300829cce59b64a17740,69cd300829cce59b64a17740,69cd300829cce59b64a17741,0.0,0.0,0.0,0.0,0.4,0.0,0.0,0.0,0.0,0.0,0.0,0.0,0.0,0.0,0.0,0.0,0.0,0.6,0.0,0.0,0.0,0.0,0.0,0.0,0.0,0.0,0.0,0.0,0.0,0.0,58.0,400.0,1.0,1,0.004,0.1,30000,0.0,0.0,0.0,119.9478006780238,0.13524697202180797
69cd300829cce59b64a17740,69cd300829cce59b64a17740,69cd300829cce59b64a17741,0.0,0.0,0.0,0.0,0.4,0.0,0.0,0.0,0.0,0.0,0.0,0.0,0.0,0.0,0.0,0.0,0.0,0.6,0.0,0.0,0.0,0.0,0.0,0.0,0.0,0.0,0.0,0.0,0.0,0.0,58.0,400.0,1.0,1,0.004,0.1,30000,0.0,0.0,0.0,125.18830054327012,0.1692076654369756
69cd300829cce59b64a17740,69cd300829cce59b64a17740,69cd300829cce59b64a17741,0.0,0.0,0.0,0.0,0.4,0.0,0.0,0.0,0.0,0.0,0.0,0.0,0.0,0.0,0.0,0.0,0.0,0.6,0.0,0.0,0.0,0.0,0.0,0.0,0.0,0.0,0.0,0.0,0.0,0.0,58.0,400.0,1.0,1,0.004,0.1,30000,0.0,0.0,0.0,130.42667271876195,0.20443341712644053
69cd300829cce59b64a17740,69cd300829cce59b64a17740,69cd300829cce59b64a17741,0.0,0.0,0.0,0.0,0.4,0.0,0.0,0.0,0.0,0.0,0.0,0.0,0.0,0.0,0.0,0.0,0.0,0.6,0.0,0.0,0.0,0.0,0.0,0.0,0.0,0.0,0.0,0.0,0.0,0.0,58.0,400.0,1.0,1,0.004,0.1,30000,0.0,0.0,0.0,135.3246145335395,0.2321912441644086
69cd300829cce59b64a17740,69cd300829cce59b64a17740,69cd300829cce59b64a17741,0.0,0.0,0.0,0.0,0.4,0.0,0.0,0.0,0.0,0.0,0.0,0.0,0.0,0.0,0.0,0.0,0.0,0.6,0.0,0.0,0.0,0.0,0.0,0.0,0.0,0.0,0.0,0.0,0.0,0.0,58.0,400.0,1.0,1,0.004,0.1,30000,0.0,0.0,0.0,140.35660080284828,0.2811857268779994
69cd300829cce59b64a17740,69cd300829cce59b64a17740,69cd300829cce59b64a17741,0.0,0.0,0.0,0.0,0.4,0.0,0.0,0.0,0.0,0.0,0.0,0.0,0.0,0.0,0.0,0.0,0.0,0.6,0.0,0.0,0.0,0.0,0.0,0.0,0.0,0.0,0.0,0.0,0.0,0.0,58.0,400.0,1.0,1,0.004,0.1,30000,0.0,0.0,0.0,145.301351792224,0.32336521824295644
69cd300829cce59b64a17740,69cd300829cce59b64a17740,69cd300829cce59b64a17741,0.0,0.0,0.0,0.0,0.4,0.0,0.0,0.0,0.0,0.0,0.0,0.0,0.0,0.0,0.0,0.0,0.0,0.6,0.0,0.0,0.0,0.0,0.0,0.0,0.0,0.0,0.0,0.0,0.0,0.0,58.0,400.0,1.0,1,0.004,0.1,30000,0.0,0.0,0.0,150.2078043660194,0.3766282524240149
69cd300829cce59b64a17740,69cd300829cce59b64a17740,69cd300829cce59b64a17741,0.0,0.0,0.0,0.0,0.4,0.0,0.0,0.0,0.0,0.0,0.0,0.0,0.0,0.0,0.0,0.0,0.0,0.6,0.0,0.0,0.0,0.0,0.0,0.0,0.0,0.0,0.0,0.0,0.0,0.0,58.0,400.0,1.0,1,0.004,0.1,30000,0.0,0.0,0.0,155.01425552135493,0.4374326662531422
69cd300829cce59b64a17740,69cd300829cce59b64a17740,69cd300829cce59b64a17741,0.0,0.0,0.0,0.0,0.4,0.0,0.0,0.0,0.0,0.0,0.0,0.0,0.0,0.0,0.0,0.0,0.0,0.6,0.0,0.0,0.0,0.0,0.0,0.0,0.0,0.0,0.0,0.0,0.0,0.0,58.0,400.0,1.0,1,0.004,0.1,30000,0.0,0.0,0.0,160.088795585753,0.4812689758741145
69cd300829cce59b64a17740,69cd300829cce59b64a17740,69cd300829cce59b64a17741,0.0,0.0,0.0,0.0,0.4,0.0,0.0,0.0,0.0,0.0,0.0,0.0,0.0,0.0,0.0,0.0,0.0,0.6,0.0,0.0,0.0,0.0,0.0,0.0,0.0,0.0,0.0,0.0,0.0,0.0,58.0,400.0,1.0,1,0.004,0.1,30000,0.0,0.0,0.0,165.16759102966,0.535805229995756
69cd300829cce59b64a17740,69cd300829cce59b64a17740,69cd300829cce59b64a17741,0.0,0.0,0.0,0.0,0.4,0.0,0.0,0.0,0.0,0.0,0.0,0.0,0.0,0.0,0.0,0.0,0.0,0.6,0.0,0.0,0.0,0.0,0.0,0.0,0.0,0.0,0.0,0.0,0.0,0.0,58.0,400.0,1.0,1,0.004,0.1,30000,0.0,0.0,0.0,169.9038284230982,0.5826042244784695
69cd300829cce59b64a17740,69cd300829cce59b64a17740,69cd300829cce59b64a17741,0.0,0.0,0.0,0.0,0.4,0.0,0.0,0.0,0.0,0.0,0.0,0.0,0.0,0.0,0.0,0.0,0.0,0.6,0.0,0.0,0.0,0.0,0.0,0.0,0.0,0.0,0.0,0.0,0.0,0.0,58.0,400.0,1.0,1,0.004,0.1,30000,0.0,0.0,0.0,174.8145363764025,0.6357285103326695
69cd300829cce59b64a17740,69cd300829cce59b64a17740,69cd300829cce59b64a17741,0.0,0.0,0.0,0.0,0.4,0.0,0.0,0.0,0.0,0.0,0.0,0.0,0.0,0.0,0.0,0.0,0.0,0.6,0.0,0.0,0.0,0.0,0.0,0.0,0.0,0.0,0.0,0.0,0.0,0.0,58.0,400.0,1.0,1,0.004,0.1,30000,0.0,0.0,0.0,180.16567610888097,0.6845352747216872
69cd300829cce59b64a17740,69cd300829cce59b64a17740,69cd300829cce59b64a17741,0.0,0.0,0.0,0.0,0.4,0.0,0.0,0.0,0.0,0.0,0.0,0.0,0.0,0.0,0.0,0.0,0.0,0.6,0.0,0.0,0.0,0.0,0.0,0.0,0.0,0.0,0.0,0.0,0.0,0.0,58.0,400.0,1.0,1,0.004,0.1,30000,0.0,0.0,0.0,185.06361792365848,0.7341173974078548
69cd300829cce59b64a17740,69cd300829cce59b64a17740,69cd300829cce59b64a17741,0.0,0.0,0.0,0.0,0.4,0.0,0.0,0.0,0.0,0.0,0.0,0.0,0.0,0.0,0.0,0.0,0.0,0.6,0.0,0.0,0.0,0.0,0.0,0.0,0.0,0.0,0.0,0.0,0.0,0.0,58.0,400.0,1.0,1,0.004,0.1,30000,0.0,0.0,0.0,190.13390260854763,0.7836913584277366
69cd300829cce59b64a17740,69cd300829cce59b64a17740,69cd300829cce59b64a17741,0.0,0.0,0.0,0.0,0.4,0.0,0.0,0.0,0.0,0.0,0.0,0.0,0.0,0.0,0.0,0.0,0.0,0.6,0.0,0.0,0.0,0.0,0.0,0.0,0.0,0.0,0.0,0.0,0.0,0.0,58.0,400.0,1.0,1,0.004,0.1,30000,0.0,0.0,0.0,195.0297167335707,0.8376399725768013
69cd300829cce59b64a17740,69cd300829cce59b64a17740,69cd300829cce59b64a17741,0.0,0.0,0.0,0.0,0.4,0.0,0.0,0.0,0.0,0.0,0.0,0.0,0.0,0.0,0.0,0.0,0.0,0.6,0.0,0.0,0.0,0.0,0.0,0.0,0.0,0.0,0.0,0.0,0.0,0.0,58.0,400.0,1.0,1,0.004,0.1,30000,0.0,0.0,0.0,200.2765996680804,0.8841533087395121
69cd300829cce59b64a17740,69cd300829cce59b64a17740,69cd300829cce59b64a17741,0.0,0.0,0.0,0.0,0.4,0.0,0.0,0.0,0.0,0.0,0.0,0.0,0.0,0.0,0.0,0.0,0.0,0.6,0.0,0.0,0.0,0.0,0.0,0.0,0.0,0.0,0.0,0.0,0.0,0.0,58.0,400.0,1.0,1,0.004,0.1,30000,0.0,0.0,0.0,205.11709385948737,0.9296464366164996
69cd300829cce59b64a17740,69cd300829cce59b64a17740,69cd300829cce59b64a17741,0.0,0.0,0.0,0.0,0.4,0.0,0.0,0.0,0.0,0.0,0.0,0.0,0.0,0.0,0.0,0.0,0.0,0.6,0.0,0.0,0.0,0.0,0.0,0.0,0.0,0.0,0.0,0.0,0.0,0.0,58.0,400.0,1.0,1,0.004,0.1,30000,0.0,0.0,0.0,210.06397253861755,0.9590692435767686
69cd300829cce59b64a17740,69cd300829cce59b64a17740,69cd300829cce59b64a17741,0.0,0.0,0.0,0.0,0.4,0.0,0.0,0.0,0.0,0.0,0.0,0.0,0.0,0.0,0.0,0.0,0.0,0.6,0.0,0.0,0.0,0.0,0.0,0.0,0.0,0.0,0.0,0.0,0.0,0.0,58.0,400.0,1.0,1,0.004,0.1,30000,0.0,0.0,0.0,215.22149250343975,0.9813832392021155
69cd300829cce59b64a17740,69cd300829cce59b64a17740,69cd300829cce59b64a17741,0.0,0.0,0.0,0.0,0.4,0.0,0.0,0.0,0.0,0.0,0.0,0.0,0.0,0.0,0.0,0.0,0.0,0.6,0.0,0.0,0.0,0.0,0.0,0.0,0.0,0.0,0.0,0.0,0.0,0.0,58.0,400.0,1.0,1,0.004,0.1,30000,0.0,0.0,0.0,220.09602973091816,0.9946704319153798
69cd300829cce59b64a17740,69cd300829cce59b64a17740,69cd300829cce59b64a17741,0.0,0.0,0.0,0.0,0.4,0.0,0.0,0.0,0.0,0.0,0.0,0.0,0.0,0.0,0.0,0.0,0.0,0.6,0.0,0.0,0.0,0.0,0.0,0.0,0.0,0.0,0.0,0.0,0.0,0.0,58.0,400.0,1.0,1,0.004,0.1,30000,0.0,0.0,0.0,225.38546646051716,0.9957232868662466
69cd300829cce59b64a17743,69cd300829cce59b64a17743,69cd300929cce59b64a17744,0.0,0.0,0.0,0.0,0.5,0.0,0.0,0.0,0.0,0.0,0.0,0.0,0.0,0.0,0.0,0.0,0.0,0.5,0.0,0.0,0.0,0.0,0.0,0.0,0.0,0.0,0.0,0.0,0.0,0.0,77.0,400.0,1.0,1,0.004,0.1,30000,0.0,0.0,0.0,90.0495042482872,0.00603963305148379
69cd300829cce59b64a17743,69cd300829cce59b64a17743,69cd300929cce59b64a17744,0.0,0.0,0.0,0.0,0.5,0.0,0.0,0.0,0.0,0.0,0.0,0.0,0.0,0.0,0.0,0.0,0.0,0.5,0.0,0.0,0.0,0.0,0.0,0.0,0.0,0.0,0.0,0.0,0.0,0.0,77.0,400.0,1.0,1,0.004,0.1,30000,0.0,0.0,0.0,94.8942538192031,0.007565864646926317
69cd300829cce59b64a17743,69cd300829cce59b64a17743,69cd300929cce59b64a17744,0.0,0.0,0.0,0.0,0.5,0.0,0.0,0.0,0.0,0.0,0.0,0.0,0.0,0.0,0.0,0.0,0.0,0.5,0.0,0.0,0.0,0.0,0.0,0.0,0.0,0.0,0.0,0.0,0.0,0.0,77.0,400.0,1.0,1,0.004,0.1,30000,0.0,0.0,0.0,100.17305210002979,0.008741144592079919
69cd300829cce59b64a17743,69cd300829cce59b64a17743,69cd300929cce59b64a17744,0.0,0.0,0.0,0.0,0.5,0.0,0.0,0.0,0.0,0.0,0.0,0.0,0.0,0.0,0.0,0.0,0.0,0.5,0.0,0.0,0.0,0.0,0.0,0.0,0.0,0.0,0.0,0.0,0.0,0.0,77.0,400.0,1.0,1,0.004,0.1,30000,0.0,0.0,0.0,105.2156768181109,0.010830531161241878
69cd300829cce59b64a17743,69cd300829cce59b64a17743,69cd300929cce59b64a17744,0.0,0.0,0.0,0.0,0.5,0.0,0.0,0.0,0.0,0.0,0.0,0.0,0.0,0.0,0.0,0.0,0.0,0.5,0.0,0.0,0.0,0.0,0.0,0.0,0.0,0.0,0.0,0.0,0.0,0.0,77.0,400.0,1.0,1,0.004,0.1,30000,0.0,0.0,0.0,110.50085816820096,0.019922627403610723
69cd300829cce59b64a17743,69cd300829cce59b64a17743,69cd300929cce59b64a17744,0.0,0.0,0.0,0.0,0.5,0.0,0.0,0.0,0.0,0.0,0.0,0.0,0.0,0.0,0.0,0.0,0.0,0.5,0.0,0.0,0.0,0.0,0.0,0.0,0.0,0.0,0.0,0.0,0.0,0.0,77.0,400.0,1.0,1,0.004,0.1,30000,0.0,0.0,0.0,115.12858338416147,0.032197773497437236
69cd300829cce59b64a17743,69cd300829cce59b64a17743,69cd300929cce59b64a17744,0.0,0.0,0.0,0.0,0.5,0.0,0.0,0.0,0.0,0.0,0.0,0.0,0.0,0.0,0.0,0.0,0.0,0.5,0.0,0.0,0.0,0.0,0.0,0.0,0.0,0.0,0.0,0.0,0.0,0.0,77.0,400.0,1.0,1,0.004,0.1,30000,0.0,0.0,0.0,120.34355097235421,0.039453494825503574
69cd300829cce59b64a17743,69cd300829cce59b64a17743,69cd300929cce59b64a17744,0.0,0.0,0.0,0.0,0.5,0.0,0.0,0.0,0.0,0.0,0.0,0.0,0.0,0.0,0.0,0.0,0.0,0.5,0.0,0.0,0.0,0.0,0.0,0.0,0.0,0.0,0.0,0.0,0.0,0.0,77.0,400.0,1.0,1,0.004,0.1,30000,0.0,0.0,0.0,125.55000780152909,0.05305083085762789
69cd300829cce59b64a17743,69cd300829cce59b64a17743,69cd300929cce59b64a17744,0.0,0.0,0.0,0.0,0.5,0.0,0.0,0.0,0.0,0.0,0.0,0.0,0.0,0.0,0.0,0.0,0.0,0.5,0.0,0.0,0.0,0.0,0.0,0.0,0.0,0.0,0.0,0.0,0.0,0.0,77.0,400.0,1.0,1,0.004,0.1,30000,0.0,0.0,0.0,130.06709315025745,0.07045150337892984
69cd300829cce59b64a17743,69cd300829cce59b64a17743,69cd300929cce59b64a17744,0.0,0.0,0.0,0.0,0.5,0.0,0.0,0.0,0.0,0.0,0.0,0.0,0.0,0.0,0.0,0.0,0.0,0.5,0.0,0.0,0.0,0.0,0.0,0.0,0.0,0.0,0.0,0.0,0.0,0.0,77.0,400.0,1.0,1,0.004,0.1,30000,0.0,0.0,0.0,135.39695598519125,0.09280630733570566
69cd300829cce59b64a17743,69cd300829cce59b64a17743,69cd300929cce59b64a17744,0.0,0.0,0.0,0.0,0.5,0.0,0.0,0.0,0.0,0.0,0.0,0.0,0.0,0.0,0.0,0.0,0.0,0.5,0.0,0.0,0.0,0.0,0.0,0.0,0.0,0.0,0.0,0.0,0.0,0.0,77.0,400.0,1.0,1,0.004,0.1,30000,0.0,0.0,0.0,140.33319621554915,0.11474486631190624
69cd300829cce59b64a17743,69cd300829cce59b64a17743,69cd300929cce59b64a17744,0.0,0.0,0.0,0.0,0.5,0.0,0.0,0.0,0.0,0.0,0.0,0.0,0.0,0.0,0.0,0.0,0.0,0.5,0.0,0.0,0.0,0.0,0.0,0.0,0.0,0.0,0.0,0.0,0.0,0.0,77.0,400.0,1.0,1,0.004,0.1,30000,0.0,0.0,0.0,145.2715641356615,0.14505729489732622
69cd300829cce59b64a17743,69cd300829cce59b64a17743,69cd300929cce59b64a17744,0.0,0.0,0.0,0.0,0.5,0.0,0.0,0.0,0.0,0.0,0.0,0.0,0.0,0.0,0.0,0.0,0.0,0.5,0.0,0.0,0.0,0.0,0.0,0.0,0.0,0.0,0.0,0.0,0.0,0.0,77.0,400.0,1.0,1,0.004,0.1,30000,0.0,0.0,0.0,150.25035816110866,0.18071561489993798
69cd300829cce59b64a17743,69cd300829cce59b64a17743,69cd300929cce59b64a17744,0.0,0.0,0.0,0.0,0.5,0.0,0.0,0.0,0.0,0.0,0.0,0.0,0.0,0.0,0.0,0.0,0.0,0.5,0.0,0.0,0.0,0.0,0.0,0.0,0.0,0.0,0.0,0.0,0.0,0.0,77.0,400.0,1.0,1,0.004,0.1,30000,0.0,0.0,0.0,155.2185137377835,0.21528843328653977
69cd300829cce59b64a17743,69cd300829cce59b64a17743,69cd300929cce59b64a17744,0.0,0.0,0.0,0.0,0.5,0.0,0.0,0.0,0.0,0.0,0.0,0.0,0.0,0.0,0.0,0.0,0.0,0.5,0.0,0.0,0.0,0.0,0.0,0.0,0.0,0.0,0.0,0.0,0.0,0.0,77.0,400.0,1.0,1,0.004,0.1,30000,0.0,0.0,0.0,160.09517865501638,0.2534687081714603
69cd300829cce59b64a17743,69cd300829cce59b64a17743,69cd300929cce59b64a17744,0.0,0.0,0.0,0.0,0.5,0.0,0.0,0.0,0.0,0.0,0.0,0.0,0.0,0.0,0.0,0.0,0.0,0.5,0.0,0.0,0.0,0.0,0.0,0.0,0.0,0.0,0.0,0.0,0.0,0.0,77.0,400.0,1.0,1,0.004,0.1,30000,0.0,0.0,0.0,164.85269294599922,0.2896412131500767
69cd300829cce59b64a17743,69cd300829cce59b64a17743,69cd300929cce59b64a17744,0.0,0.0,0.0,0.0,0.5,0.0,0.0,0.0,0.0,0.0,0.0,0.0,0.0,0.0,0.0,0.0,0.0,0.5,0.0,0.0,0.0,0.0,0.0,0.0,0.0,0.0,0.0,0.0,0.0,0.0,77.0,400.0,1.0,1,0.004,0.1,30000,0.0,0.0,0.0,170.21447112725002,0.33284907446704315
69cd300829cce59b64a17743,69cd300829cce59b64a17743,69cd300929cce59b64a17744,0.0,0.0,0.0,0.0,0.5,0.0,0.0,0.0,0.0,0.0,0.0,0.0,0.0,0.0,0.0,0.0,0.0,0.5,0.0,0.0,0.0,0.0,0.0,0.0,0.0,0.0,0.0,0.0,0.0,0.0,77.0,400.0,1.0,1,0.004,0.1,30000,0.0,0.0,0.0,175.21241436048737,0.3880382618915478
69cd300829cce59b64a17743,69cd300829cce59b64a17743,69cd300929cce59b64a17744,0.0,0.0,0.0,0.0,0.5,0.0,0.0,0.0,0.0,0.0,0.0,0.0,0.0,0.0,0.0,0.0,0.0,0.5,0.0,0.0,0.0,0.0,0.0,0.0,0.0,0.0,0.0,0.0,0.0,0.0,77.0,400.0,1.0,1,0.004,0.1,30000,0.0,0.0,0.0,180.49121264131406,0.4434314909731971
69cd300829cce59b64a17743,69cd300829cce59b64a17743,69cd300929cce59b64a17744,0.0,0.0,0.0,0.0,0.5,0.0,0.0,0.0,0.0,0.0,0.0,0.0,0.0,0.0,0.0,0.0,0.0,0.5,0.0,0.0,0.0,0.0,0.0,0.0,0.0,0.0,0.0,0.0,0.0,0.0,77.0,400.0,1.0,1,0.004,0.1,30000,0.0,0.0,0.0,185.49979432332373,0.4811465508798276
69cd300829cce59b64a17743,69cd300829cce59b64a17743,69cd300929cce59b64a17744,0.0,0.0,0.0,0.0,0.5,0.0,0.0,0.0,0.0,0.0,0.0,0.0,0.0,0.0,0.0,0.0,0.0,0.5,0.0,0.0,0.0,0.0,0.0,0.0,0.0,0.0,0.0,0.0,0.0,0.0,77.0,400.0,1.0,1,0.004,0.1,30000,0.0,0.0,0.0,190.18071178314585,0.5433710946426822
69cd300829cce59b64a17743,69cd300829cce59b64a17743,69cd300929cce59b64a17744,0.0,0.0,0.0,0.0,0.5,0.0,0.0,0.0,0.0,0.0,0.0,0.0,0.0,0.0,0.0,0.0,0.0,0.5,0.0,0.0,0.0,0.0,0.0,0.0,0.0,0.0,0.0,0.0,0.0,0.0,77.0,400.0,1.0,1,0.004,0.1,30000,0.0,0.0,0.0,195.19142115491,0.5930838039894225
69cd300829cce59b64a17743,69cd300829cce59b64a17743,69cd300929cce59b64a17744,0.0,0.0,0.0,0.0,0.5,0.0,0.0,0.0,0.0,0.0,0.0,0.0,0.0,0.0,0.0,0.0,0.0,0.5,0.0,0.0,0.0,0.0,0.0,0.0,0.0,0.0,0.0,0.0,0.0,0.0,77.0,400.0,1.0,1,0.004,0.1,30000,0.0,0.0,0.0,200.3489411197322,0.6554879044105644
69cd300829cce59b64a17743,69cd300829cce59b64a17743,69cd300929cce59b64a17744,0.0,0.0,0.0,0.0,0.5,0.0,0.0,0.0,0.0,0.0,0.0,0.0,0.0,0.0,0.0,0.0,0.0,0.5,0.0,0.0,0.0,0.0,0.0,0.0,0.0,0.0,0.0,0.0,0.0,0.0,77.0,400.0,1.0,1,0.004,0.1,30000,0.0,0.0,0.0,205.1447538262954,0.7215729163265973
69cd300829cce59b64a17743,69cd300829cce59b64a17743,69cd300929cce59b64a17744,0.0,0.0,0.0,0.0,0.5,0.0,0.0,0.0,0.0,0.0,0.0,0.0,0.0,0.0,0.0,0.0,0.0,0.5,0.0,0.0,0.0,0.0,0.0,0.0,0.0,0.0,0.0,0.0,0.0,0.0,77.0,400.0,1.0,1,0.004,0.1,30000,0.0,0.0,0.0,210.37461524276938,0.7719140739773432
69cd300829cce59b64a17743,69cd300829cce59b64a17743,69cd300929cce59b64a17744,0.0,0.0,0.0,0.0,0.5,0.0,0.0,0.0,0.0,0.0,0.0,0.0,0.0,0.0,0.0,0.0,0.0,0.5,0.0,0.0,0.0,0.0,0.0,0.0,0.0,0.0,0.0,0.0,0.0,0.0,77.0,400.0,1.0,1,0.004,0.1,30000,0.0,0.0,0.0,215.1534064312969,0.8345058927230583
69cd300829cce59b64a17743,69cd300829cce59b64a17743,69cd300929cce59b64a17744,0.0,0.0,0.0,0.0,0.5,0.0,0.0,0.0,0.0,0.0,0.0,0.0,0.0,0.0,0.0,0.0,0.0,0.5,0.0,0.0,0.0,0.0,0.0,0.0,0.0,0.0,0.0,0.0,0.0,0.0,77.0,400.0,1.0,1,0.004,0.1,30000,0.0,0.0,0.0,220.44497085065035,0.8985260030687866
69cd300829cce59b64a17743,69cd300829cce59b64a17743,69cd300929cce59b64a17744,0.0,0.0,0.0,0.0,0.5,0.0,0.0,0.0,0.0,0.0,0.0,0.0,0.0,0.0,0.0,0.0,0.0,0.5,0.0,0.0,0.0,0.0,0.0,0.0,0.0,0.0,0.0,0.0,0.0,0.0,77.0,400.0,1.0,1,0.004,0.1,30000,0.0,0.0,0.0,224.84503326288316,0.945055662564069
69cd300829cce59b64a17743,69cd300829cce59b64a17743,69cd300929cce59b64a17744,0.0,0.0,0.0,0.0,0.5,0.0,0.0,0.0,0.0,0.0,0.0,0.0,0.0,0.0,0.0,0.0,0.0,0.5,0.0,0.0,0.0,0.0,0.0,0.0,0.0,0.0,0.0,0.0,0.0,0.0,77.0,400.0,1.0,1,0.004,0.1,30000,0.0,0.0,0.0,230.38128200400004,0.9718667363128856
69cd300829cce59b64a17743,69cd300829cce59b64a17743,69cd300929cce59b64a17744,0.0,0.0,0.0,0.0,0.5,0.0,0.0,0.0,0.0,0.0,0.0,0.0,0.0,0.0,0.0,0.0,0.0,0.5,0.0,0.0,0.0,0.0,0.0,0.0,0.0,0.0,0.0,0.0,0.0,0.0,77.0,400.0,1.0,1,0.004,0.1,30000,0.0,0.0,0.0,235.38135292699187,0.9864597956318762
69cd300829cce59b64a17743,69cd300829cce59b64a17743,69cd300929cce59b64a17744,0.0,0.0,0.0,0.0,0.5,0.0,0.0,0.0,0.0,0.0,0.0,0.0,0.0,0.0,0.0,0.0,0.0,0.5,0.0,0.0,0.0,0.0,0.0,0.0,0.0,0.0,0.0,0.0,0.0,0.0,77.0,400.0,1.0,1,0.004,0.1,30000,0.0,0.0,0.0,240.0792919048497,0.9986370017302733
69cd300829cce59b64a17743,69cd300829cce59b64a17743,69cd300929cce59b64a17744,0.0,0.0,0.0,0.0,0.5,0.0,0.0,0.0,0.0,0.0,0.0,0.0,0.0,0.0,0.0,0.0,0.0,0.5,0.0,0.0,0.0,0.0,0.0,0.0,0.0,0.0,0.0,0.0,0.0,0.0,77.0,400.0,1.0,1,0.004,0.1,30000,0.0,0.0,0.0,249.9070908807217,0.9992246417028501
69cd300829cce59b64a17743,69cd300829cce59b64a17743,69cd300929cce59b64a17744,0.0,0.0,0.0,0.0,0.5,0.0,0.0,0.0,0.0,0.0,0.0,0.0,0.0,0.0,0.0,0.0,0.0,0.5,0.0,0.0,0.0,0.0,0.0,0.0,0.0,0.0,0.0,0.0,0.0,0.0,77.0,400.0,1.0,1,0.004,0.1,30000,0.0,0.0,0.0,259.5093547426204,0.9999183833371421
69cd301529cce59b64a17775,69cd301529cce59b64a17775,69cd301529cce59b64a17776,0.0,0.0,0.0,0.0,0.0,0.0,0.0,0.0,0.0,0.0,0.0,0.0,0.0,0.5,0.0,0.0,0.0,0.5,0.0,0.0,0.0,0.0,0.0,0.0,0.0,0.0,0.0,0.0,0.0,0.0,61.4,500.0,4.0,1,0.01,0.2,30000,0.0,0.0,0.0,168.359173126615,0.002568215405687921
69cd301529cce59b64a17775,69cd301529cce59b64a17775,69cd301529cce59b64a17776,0.0,0.0,0.0,0.0,0.0,0.0,0.0,0.0,0.0,0.0,0.0,0.0,0.0,0.5,0.0,0.0,0.0,0.5,0.0,0.0,0.0,0.0,0.0,0.0,0.0,0.0,0.0,0.0,0.0,0.0,61.4,500.0,4.0,1,0.01,0.2,30000,0.0,0.0,0.0,266.33591731266154,0.09269905922214614
69cd301529cce59b64a17775,69cd301529cce59b64a17775,69cd301529cce59b64a17776,0.0,0.0,0.0,0.0,0.0,0.0,0.0,0.0,0.0,0.0,0.0,0.0,0.0,0.5,0.0,0.0,0.0,0.5,0.0,0.0,0.0,0.0,0.0,0.0,0.0,0.0,0.0,0.0,0.0,0.0,61.4,500.0,4.0,1,0.01,0.2,30000,0.0,0.0,0.0,294.1963824289406,0.2928486465054248
69cd301529cce59b64a17775,69cd301529cce59b64a17775,69cd301529cce59b64a17776,0.0,0.0,0.0,0.0,0.0,0.0,0.0,0.0,0.0,0.0,0.0,0.0,0.0,0.5,0.0,0.0,0.0,0.5,0.0,0.0,0.0,0.0,0.0,0.0,0.0,0.0,0.0,0.0,0.0,0.0,61.4,500.0,4.0,1,0.01,0.2,30000,0.0,0.0,0.0,329.51679586563307,0.7697437191363588
69cd301529cce59b64a17775,69cd301529cce59b64a17775,69cd301529cce59b64a17776,0.0,0.0,0.0,0.0,0.0,0.0,0.0,0.0,0.0,0.0,0.0,0.0,0.0,0.5,0.0,0.0,0.0,0.5,0.0,0.0,0.0,0.0,0.0,0.0,0.0,0.0,0.0,0.0,0.0,0.0,61.4,500.0,4.0,1,0.01,0.2,30000,0.0,0.0,0.0,360.2687338501292,0.8786901200302779
69cd301529cce59b64a17775,69cd301529cce59b64a17775,69cd301529cce59b64a17776,0.0,0.0,0.0,0.0,0.0,0.0,0.0,0.0,0.0,0.0,0.0,0.0,0.0,0.5,0.0,0.0,0.0,0.5,0.0,0.0,0.0,0.0,0.0,0.0,0.0,0.0,0.0,0.0,0.0,0.0,61.4,500.0,4.0,1,0.01,0.2,30000,0.0,0.0,0.0,382.02583979328165,0.9345961143351477
69cd301529cce59b64a17775,69cd301529cce59b64a17775,69cd301529cce59b64a17776,0.0,0.0,0.0,0.0,0.0,0.0,0.0,0.0,0.0,0.0,0.0,0.0,0.0,0.5,0.0,0.0,0.0,0.5,0.0,0.0,0.0,0.0,0.0,0.0,0.0,0.0,0.0,0.0,0.0,0.0,61.4,500.0,4.0,1,0.01,0.2,30000,0.0,0.0,0.0,409.8036175710595,0.962936596618967
69cd301529cce59b64a17775,69cd301529cce59b64a17775,69cd301529cce59b64a17776,0.0,0.0,0.0,0.0,0.0,0.0,0.0,0.0,0.0,0.0,0.0,0.0,0.0,0.5,0.0,0.0,0.0,0.5,0.0,0.0,0.0,0.0,0.0,0.0,0.0,0.0,0.0,0.0,0.0,0.0,61.4,500.0,4.0,1,0.01,0.2,30000,0.0,0.0,0.0,451.9560723514212,0.9928991096853261
69cd301529cce59b64a17775,69cd301529cce59b64a17775,69cd301529cce59b64a17776,0.0,0.0,0.0,0.0,0.0,0.0,0.0,0.0,0.0,0.0,0.0,0.0,0.0,0.5,0.0,0.0,0.0,0.5,0.0,0.0,0.0,0.0,0.0,0.0,0.0,0.0,0.0,0.0,0.0,0.0,61.4,500.0,4.0,1,0.01,0.2,30000,0.0,0.0,0.0,502.78552971576227,0.9987023753739683
69cd301629cce59b64a1777a,69cd301629cce59b64a1777a,69cd301629cce59b64a1777b,0.0,0.0,0.0,0.0,0.0,0.0,0.0,0.0,0.0,0.0,0.0,0.0,0.0,0.5,0.0,0.0,0.0,0.5,0.0,0.0,0.0,0.0,0.0,0.0,0.0,0.0,0.0,0.0,0.0,0.0,136.0,500.0,4.0,1,0.01,0.2,30000,0.0,0.0,0.0,197.62532299741602,0.015472371409004072
69cd301629cce59b64a1777a,69cd301629cce59b64a1777a,69cd301629cce59b64a1777b,0.0,0.0,0.0,0.0,0.0,0.0,0.0,0.0,0.0,0.0,0.0,0.0,0.0,0.5,0.0,0.0,0.0,0.5,0.0,0.0,0.0,0.0,0.0,0.0,0.0,0.0,0.0,0.0,0.0,0.0,136.0,500.0,4.0,1,0.01,0.2,30000,0.0,0.0,0.0,235.4702842377261,0.04420033882420791
69cd301629cce59b64a1777a,69cd301629cce59b64a1777a,69cd301629cce59b64a1777b,0.0,0.0,0.0,0.0,0.0,0.0,0.0,0.0,0.0,0.0,0.0,0.0,0.0,0.5,0.0,0.0,0.0,0.5,0.0,0.0,0.0,0.0,0.0,0.0,0.0,0.0,0.0,0.0,0.0,0.0,136.0,500.0,4.0,1,0.01,0.2,30000,0.0,0.0,0.0,267.89405684754524,0.19398587030962766
69cd301629cce59b64a1777a,69cd301629cce59b64a1777a,69cd301629cce59b64a1777b,0.0,0.0,0.0,0.0,0.0,0.0,0.0,0.0,0.0,0.0,0.0,0.0,0.0,0.5,0.0,0.0,0.0,0.5,0.0,0.0,0.0,0.0,0.0,0.0,0.0,0.0,0.0,0.0,0.0,0.0,136.0,500.0,4.0,1,0.01,0.2,30000,0.0,0.0,0.0,305.6020671834625,0.8683631907147749
69cd301629cce59b64a1777a,69cd301629cce59b64a1777a,69cd301629cce59b64a1777b,0.0,0.0,0.0,0.0,0.0,0.0,0.0,0.0,0.0,0.0,0.0,0.0,0.0,0.5,0.0,0.0,0.0,0.5,0.0,0.0,0.0,0.0,0.0,0.0,0.0,0.0,0.0,0.0,0.0,0.0,136.0,500.0,4.0,1,0.01,0.2,30000,0.0,0.0,0.0,329.8888888888889,0.9578722560645929
69cd301629cce59b64a1777a,69cd301629cce59b64a1777a,69cd301629cce59b64a1777b,0.0,0.0,0.0,0.0,0.0,0.0,0.0,0.0,0.0,0.0,0.0,0.0,0.0,0.5,0.0,0.0,0.0,0.5,0.0,0.0,0.0,0.0,0.0,0.0,0.0,0.0,0.0,0.0,0.0,0.0,136.0,500.0,4.0,1,0.01,0.2,30000,0.0,0.0,0.0,345.0645994832041,0.9836265003784739
69cd301629cce59b64a1777a,69cd301629cce59b64a1777a,69cd301629cce59b64a1777b,0.0,0.0,0.0,0.0,0.0,0.0,0.0,0.0,0.0,0.0,0.0,0.0,0.0,0.5,0.0,0.0,0.0,0.5,0.0,0.0,0.0,0.0,0.0,0.0,0.0,0.0,0.0,0.0,0.0,0.0,136.0,500.0,4.0,1,0.01,0.2,30000,0.0,0.0,0.0,386.73643410852713,0.9925566809645677
69cd301629cce59b64a1777a,69cd301629cce59b64a1777a,69cd301629cce59b64a1777b,0.0,0.0,0.0,0.0,0.0,0.0,0.0,0.0,0.0,0.0,0.0,0.0,0.0,0.5,0.0,0.0,0.0,0.5,0.0,0.0,0.0,0.0,0.0,0.0,0.0,0.0,0.0,0.0,0.0,0.0,136.0,500.0,4.0,1,0.01,0.2,30000,0.0,0.0,0.0,423.74160206718346,0.9916735753162961
69cd301729cce59b64a1777f,69cd301729cce59b64a1777f,69cd301829cce59b64a17780,0.0,0.0,0.0,0.0,0.0,0.0,0.0,0.0,0.0,0.0,0.0,0.0,0.0,0.5,0.0,0.0,0.0,0.5,0.0,0.0,0.0,0.0,0.0,0.0,0.0,0.0,0.0,0.0,0.0,0.0,126.0,500.0,4.0,1,0.01,0.2,30000,0.0,0.0,0.0,166.94573643410854,0.0026493169448149083
69cd301729cce59b64a1777f,69cd301729cce59b64a1777f,69cd301829cce59b64a17780,0.0,0.0,0.0,0.0,0.0,0.0,0.0,0.0,0.0,0.0,0.0,0.0,0.0,0.5,0.0,0.0,0.0,0.5,0.0,0.0,0.0,0.0,0.0,0.0,0.0,0.0,0.0,0.0,0.0,0.0,126.0,500.0,4.0,1,0.01,0.2,30000,0.0,0.0,0.0,213.8811369509044,0.009335688281728725
69cd301729cce59b64a1777f,69cd301729cce59b64a1777f,69cd301829cce59b64a17780,0.0,0.0,0.0,0.0,0.0,0.0,0.0,0.0,0.0,0.0,0.0,0.0,0.0,0.5,0.0,0.0,0.0,0.5,0.0,0.0,0.0,0.0,0.0,0.0,0.0,0.0,0.0,0.0,0.0,0.0,126.0,500.0,4.0,1,0.01,0.2,30000,0.0,0.0,0.0,252.9018087855297,0.050282954258731936
69cd301729cce59b64a1777f,69cd301729cce59b64a1777f,69cd301829cce59b64a17780,0.0,0.0,0.0,0.0,0.0,0.0,0.0,0.0,0.0,0.0,0.0,0.0,0.0,0.5,0.0,0.0,0.0,0.5,0.0,0.0,0.0,0.0,0.0,0.0,0.0,0.0,0.0,0.0,0.0,0.0,126.0,500.0,4.0,1,0.01,0.2,30000,0.0,0.0,0.0,290.9121447028424,0.2221821720794435
69cd301729cce59b64a1777f,69cd301729cce59b64a1777f,69cd301829cce59b64a17780,0.0,0.0,0.0,0.0,0.0,0.0,0.0,0.0,0.0,0.0,0.0,0.0,0.0,0.5,0.0,0.0,0.0,0.5,0.0,0.0,0.0,0.0,0.0,0.0,0.0,0.0,0.0,0.0,0.0,0.0,126.0,500.0,4.0,1,0.01,0.2,30000,0.0,0.0,0.0,345.6046511627907,0.6450365858054284
69cd301729cce59b64a1777f,69cd301729cce59b64a1777f,69cd301829cce59b64a17780,0.0,0.0,0.0,0.0,0.0,0.0,0.0,0.0,0.0,0.0,0.0,0.0,0.0,0.5,0.0,0.0,0.0,0.5,0.0,0.0,0.0,0.0,0.0,0.0,0.0,0.0,0.0,0.0,0.0,0.0,126.0,500.0,4.0,1,0.01,0.2,30000,0.0,0.0,0.0,385.80620155038764,0.7589211693039687
69cd301729cce59b64a1777f,69cd301729cce59b64a1777f,69cd301829cce59b64a17780,0.0,0.0,0.0,0.0,0.0,0.0,0.0,0.0,0.0,0.0,0.0,0.0,0.0,0.5,0.0,0.0,0.0,0.5,0.0,0.0,0.0,0.0,0.0,0.0,0.0,0.0,0.0,0.0,0.0,0.0,126.0,500.0,4.0,1,0.01,0.2,30000,0.0,0.0,0.0,427.4573643410853,0.8579461485780198
69cd301729cce59b64a1777f,69cd301729cce59b64a1777f,69cd301829cce59b64a17780,0.0,0.0,0.0,0.0,0.0,0.0,0.0,0.0,0.0,0.0,0.0,0.0,0.0,0.5,0.0,0.0,0.0,0.5,0.0,0.0,0.0,0.0,0.0,0.0,0.0,0.0,0.0,0.0,0.0,0.0,126.0,500.0,4.0,1,0.01,0.2,30000,0.0,0.0,0.0,466.4857881136951,0.9779764264859605
69cd301729cce59b64a1777f,69cd301729cce59b64a1777f,69cd301829cce59b64a17780,0.0,0.0,0.0,0.0,0.0,0.0,0.0,0.0,0.0,0.0,0.0,0.0,0.0,0.5,0.0,0.0,0.0,0.5,0.0,0.0,0.0,0.0,0.0,0.0,0.0,0.0,0.0,0.0,0.0,0.0,126.0,500.0,4.0,1,0.01,0.2,30000,0.0,0.0,0.0,500.24289405684755,0.998035540496702
69cd302129cce59b64a177a0,69cd302129cce59b64a177a0,69cd302129cce59b64a177a1,0.0,0.0,0.0,0.0,0.0,0.0,0.0,0.07,0.0,0.0,0.0,0.0,0.0,0.0,0.0,0.0,0.0,0.93,0.0,0.0,0.0,0.0,0.0,0.0,0.0,0.0,0.0,0.0,0.0,0.0,54.0,400.0,3.0,0,0.01,0.01,72000,0.0,0.0,0.0,22.189642223678113,0.0006809921152599667
69cd302129cce59b64a177a0,69cd302129cce59b64a177a0,69cd302129cce59b64a177a1,0.0,0.0,0.0,0.0,0.0,0.0,0.0,0.07,0.0,0.0,0.0,0.0,0.0,0.0,0.0,0.0,0.0,0.93,0.0,0.0,0.0,0.0,0.0,0.0,0.0,0.0,0.0,0.0,0.0,0.0,54.0,400.0,3.0,0,0.01,0.01,72000,0.0,0.0,0.0,150.0207730780908,0.27774632633470353
69cd302129cce59b64a177a0,69cd302129cce59b64a177a0,69cd302129cce59b64a177a1,0.0,0.0,0.0,0.0,0.0,0.0,0.0,0.07,0.0,0.0,0.0,0.0,0.0,0.0,0.0,0.0,0.0,0.93,0.0,0.0,0.0,0.0,0.0,0.0,0.0,0.0,0.0,0.0,0.0,0.0,54.0,400.0,3.0,0,0.01,0.01,72000,0.0,0.0,0.0,199.59812083539734,0.6943658158367587
69cd302129cce59b64a177a0,69cd302129cce59b64a177a0,69cd302129cce59b64a177a1,0.0,0.0,0.0,0.0,0.0,0.0,0.0,0.07,0.0,0.0,0.0,0.0,0.0,0.0,0.0,0.0,0.0,0.93,0.0,0.0,0.0,0.0,0.0,0.0,0.0,0.0,0.0,0.0,0.0,0.0,54.0,400.0,3.0,0,0.01,0.01,72000,0.0,0.0,0.0,224.6919991690769,0.910026993542882
69cd302129cce59b64a177a0,69cd302129cce59b64a177a0,69cd302129cce59b64a177a1,0.0,0.0,0.0,0.0,0.0,0.0,0.0,0.07,0.0,0.0,0.0,0.0,0.0,0.0,0.0,0.0,0.0,0.93,0.0,0.0,0.0,0.0,0.0,0.0,0.0,0.0,0.0,0.0,0.0,0.0,54.0,400.0,3.0,0,0.01,0.01,72000,0.0,0.0,0.0,249.8721656732874,0.9993354173333004
69cd302229cce59b64a177a4,69cd302229cce59b64a177a4,69cd302229cce59b64a177a5,0.0,0.0,0.0,0.0,0.0,0.0,0.0,0.03,0.0,0.0,0.0,0.0,0.0,0.0,0.0,0.0,0.0,0.97,0.0,0.0,0.0,0.0,0.0,0.0,0.0,0.0,0.0,0.0,0.0,0.0,51.0,400.0,3.0,1,0.01,0.01,72000,0.0,0.0,0.0,74.87336412010035,0.0018132440659331642
69cd302229cce59b64a177a4,69cd302229cce59b64a177a4,69cd302229cce59b64a177a5,0.0,0.0,0.0,0.0,0.0,0.0,0.0,0.03,0.0,0.0,0.0,0.0,0.0,0.0,0.0,0.0,0.0,0.97,0.0,0.0,0.0,0.0,0.0,0.0,0.0,0.0,0.0,0.0,0.0,0.0,51.0,400.0,3.0,1,0.01,0.01,72000,0.0,0.0,0.0,100.87806203160704,0.002059385794340381
69cd302229cce59b64a177a4,69cd302229cce59b64a177a4,69cd302229cce59b64a177a5,0.0,0.0,0.0,0.0,0.0,0.0,0.0,0.03,0.0,0.0,0.0,0.0,0.0,0.0,0.0,0.0,0.0,0.97,0.0,0.0,0.0,0.0,0.0,0.0,0.0,0.0,0.0,0.0,0.0,0.0,51.0,400.0,3.0,1,0.01,0.01,72000,0.0,0.0,0.0,149.96644348923795,0.059566298274546486
69cd302229cce59b64a177a4,69cd302229cce59b64a177a4,69cd302229cce59b64a177a5,0.0,0.0,0.0,0.0,0.0,0.0,0.0,0.03,0.0,0.0,0.0,0.0,0.0,0.0,0.0,0.0,0.0,0.97,0.0,0.0,0.0,0.0,0.0,0.0,0.0,0.0,0.0,0.0,0.0,0.0,51.0,400.0,3.0,1,0.01,0.01,72000,0.0,0.0,0.0,199.6364711334111,0.25119583856384503
69cd302229cce59b64a177a4,69cd302229cce59b64a177a4,69cd302229cce59b64a177a5,0.0,0.0,0.0,0.0,0.0,0.0,0.0,0.03,0.0,0.0,0.0,0.0,0.0,0.0,0.0,0.0,0.0,0.97,0.0,0.0,0.0,0.0,0.0,0.0,0.0,0.0,0.0,0.0,0.0,0.0,51.0,400.0,3.0,1,0.01,0.01,72000,0.0,0.0,0.0,249.88175324779087,0.6805490601488338
69cd302229cce59b64a177a4,69cd302229cce59b64a177a4,69cd302229cce59b64a177a5,0.0,0.0,0.0,0.0,0.0,0.0,0.0,0.03,0.0,0.0,0.0,0.0,0.0,0.0,0.0,0.0,0.0,0.97,0.0,0.0,0.0,0.0,0.0,0.0,0.0,0.0,0.0,0.0,0.0,0.0,51.0,400.0,3.0,1,0.01,0.01,72000,0.0,0.0,0.0,299.7722951055432,0.8324431207489272
69cd302229cce59b64a177a4,69cd302229cce59b64a177a4,69cd302229cce59b64a177a5,0.0,0.0,0.0,0.0,0.0,0.0,0.0,0.03,0.0,0.0,0.0,0.0,0.0,0.0,0.0,0.0,0.0,0.97,0.0,0.0,0.0,0.0,0.0,0.0,0.0,0.0,0.0,0.0,0.0,0.0,51.0,400.0,3.0,1,0.01,0.01,72000,0.0,0.0,0.0,349.845000878861,0.9988759527736071
69cd302329cce59b64a177a8,69cd302329cce59b64a177a8,69cd302329cce59b64a177a9,0.0,0.0,0.0,0.0,0.0,0.0,0.0,0.09,0.0,0.0,0.0,0.0,0.0,0.0,0.0,0.0,0.0,0.91,0.0,0.0,0.0,0.0,0.0,0.0,0.0,0.0,0.0,0.0,0.0,0.0,55.0,400.0,3.0,0,0.01,0.01,72000,0.0,0.0,0.0,40.42201307105991,0.0012881417119977685
69cd302329cce59b64a177a8,69cd302329cce59b64a177a8,69cd302329cce59b64a177a9,0.0,0.0,0.0,0.0,0.0,0.0,0.0,0.09,0.0,0.0,0.0,0.0,0.0,0.0,0.0,0.0,0.0,0.91,0.0,0.0,0.0,0.0,0.0,0.0,0.0,0.0,0.0,0.0,0.0,0.0,55.0,400.0,3.0,0,0.01,0.01,72000,0.0,0.0,0.0,100.15579808568096,0.010108220313256373
69cd302329cce59b64a177a8,69cd302329cce59b64a177a8,69cd302329cce59b64a177a9,0.0,0.0,0.0,0.0,0.0,0.0,0.0,0.09,0.0,0.0,0.0,0.0,0.0,0.0,0.0,0.0,0.0,0.91,0.0,0.0,0.0,0.0,0.0,0.0,0.0,0.0,0.0,0.0,0.0,0.0,55.0,400.0,3.0,0,0.01,0.01,72000,0.0,0.0,0.0,125.06751250379509,0.019584676856934224
69cd302329cce59b64a177a8,69cd302329cce59b64a177a8,69cd302329cce59b64a177a9,0.0,0.0,0.0,0.0,0.0,0.0,0.0,0.09,0.0,0.0,0.0,0.0,0.0,0.0,0.0,0.0,0.0,0.91,0.0,0.0,0.0,0.0,0.0,0.0,0.0,0.0,0.0,0.0,0.0,0.0,55.0,400.0,3.0,0,0.01,0.01,72000,0.0,0.0,0.0,150.03355651076205,0.08275284909050631
69cd302329cce59b64a177a8,69cd302329cce59b64a177a8,69cd302329cce59b64a177a9,0.0,0.0,0.0,0.0,0.0,0.0,0.0,0.09,0.0,0.0,0.0,0.0,0.0,0.0,0.0,0.0,0.0,0.91,0.0,0.0,0.0,0.0,0.0,0.0,0.0,0.0,0.0,0.0,0.0,0.0,55.0,400.0,3.0,0,0.01,0.01,72000,0.0,0.0,0.0,175.1434141352807,0.1586219345098908
69cd302329cce59b64a177a8,69cd302329cce59b64a177a8,69cd302329cce59b64a177a9,0.0,0.0,0.0,0.0,0.0,0.0,0.0,0.09,0.0,0.0,0.0,0.0,0.0,0.0,0.0,0.0,0.0,0.91,0.0,0.0,0.0,0.0,0.0,0.0,0.0,0.0,0.0,0.0,0.0,0.0,55.0,400.0,3.0,0,0.01,0.01,72000,0.0,0.0,0.0,200.24688004346368,0.3606960888079356
69cd302329cce59b64a177a8,69cd302329cce59b64a177a8,69cd302329cce59b64a177a9,0.0,0.0,0.0,0.0,0.0,0.0,0.0,0.09,0.0,0.0,0.0,0.0,0.0,0.0,0.0,0.0,0.0,0.91,0.0,0.0,0.0,0.0,0.0,0.0,0.0,0.0,0.0,0.0,0.0,0.0,55.0,400.0,3.0,0,0.01,0.01,72000,0.0,0.0,0.0,224.42035122481263,0.5852265734609988
69cd302329cce59b64a177a8,69cd302329cce59b64a177a8,69cd302329cce59b64a177a9,0.0,0.0,0.0,0.0,0.0,0.0,0.0,0.09,0.0,0.0,0.0,0.0,0.0,0.0,0.0,0.0,0.0,0.91,0.0,0.0,0.0,0.0,0.0,0.0,0.0,0.0,0.0,0.0,0.0,0.0,55.0,400.0,3.0,0,0.01,0.01,72000,0.0,0.0,0.0,250.13422604304822,0.7776355625569202
69cd302329cce59b64a177a8,69cd302329cce59b64a177a8,69cd302329cce59b64a177a9,0.0,0.0,0.0,0.0,0.0,0.0,0.0,0.09,0.0,0.0,0.0,0.0,0.0,0.0,0.0,0.0,0.0,0.91,0.0,0.0,0.0,0.0,0.0,0.0,0.0,0.0,0.0,0.0,0.0,0.0,55.0,400.0,3.0,0,0.01,0.01,72000,0.0,0.0,0.0,274.96284814879914,0.8973260803570696
69cd302329cce59b64a177a8,69cd302329cce59b64a177a8,69cd302329cce59b64a177a9,0.0,0.0,0.0,0.0,0.0,0.0,0.0,0.09,0.0,0.0,0.0,0.0,0.0,0.0,0.0,0.0,0.0,0.91,0.0,0.0,0.0,0.0,0.0,0.0,0.0,0.0,0.0,0.0,0.0,0.0,55.0,400.0,3.0,0,0.01,0.01,72000,0.0,0.0,0.0,299.7914702545501,0.9396624576431108
69cd302329cce59b64a177a8,69cd302329cce59b64a177a8,69cd302329cce59b64a177a9,0.0,0.0,0.0,0.0,0.0,0.0,0.0,0.09,0.0,0.0,0.0,0.0,0.0,0.0,0.0,0.0,0.0,0.91,0.0,0.0,0.0,0.0,0.0,0.0,0.0,0.0,0.0,0.0,0.0,0.0,55.0,400.0,3.0,0,0.01,0.01,72000,0.0,0.0,0.0,349.57335293459676,1.0007384251852216
69cd304d29cce59b64a1785a,69cd304d29cce59b64a1785a,69cd304e29cce59b64a1785b,0.0,0.0,0.0,0.0,0.0,0.0,0.0,0.0,0.0,0.0,0.0,0.0,0.0,0.0,0.0,0.0,0.0,1.0,0.0,0.0,0.0,0.0,0.0,0.0,0.0,0.0,0.0,0.0,0.0,0.0,83.0,500.0,5.0,1,0.01,0.2,65454,250.0,5.0,1.0,131.28311980737465,6.179542184203324e-05
69cd304d29cce59b64a1785a,69cd304d29cce59b64a1785a,69cd304e29cce59b64a1785b,0.0,0.0,0.0,0.0,0.0,0.0,0.0,0.0,0.0,0.0,0.0,0.0,0.0,0.0,0.0,0.0,0.0,1.0,0.0,0.0,0.0,0.0,0.0,0.0,0.0,0.0,0.0,0.0,0.0,0.0,83.0,500.0,5.0,1,0.01,0.2,65454,250.0,5.0,1.0,150.67056464536063,0.0026483752218014246
69cd304d29cce59b64a1785a,69cd304d29cce59b64a1785a,69cd304e29cce59b64a1785b,0.0,0.0,0.0,0.0,0.0,0.0,0.0,0.0,0.0,0.0,0.0,0.0,0.0,0.0,0.0,0.0,0.0,1.0,0.0,0.0,0.0,0.0,0.0,0.0,0.0,0.0,0.0,0.0,0.0,0.0,83.0,500.0,5.0,1,0.01,0.2,65454,250.0,5.0,1.0,174.37071338762564,0.004661140390370507
69cd304d29cce59b64a1785a,69cd304d29cce59b64a1785a,69cd304e29cce59b64a1785b,0.0,0.0,0.0,0.0,0.0,0.0,0.0,0.0,0.0,0.0,0.0,0.0,0.0,0.0,0.0,0.0,0.0,1.0,0.0,0.0,0.0,0.0,0.0,0.0,0.0,0.0,0.0,0.0,0.0,0.0,83.0,500.0,5.0,1,0.01,0.2,65454,250.0,5.0,1.0,191.66097446728082,0.016570000971070913
69cd304d29cce59b64a1785a,69cd304d29cce59b64a1785a,69cd304e29cce59b64a1785b,0.0,0.0,0.0,0.0,0.0,0.0,0.0,0.0,0.0,0.0,0.0,0.0,0.0,0.0,0.0,0.0,0.0,1.0,0.0,0.0,0.0,0.0,0.0,0.0,0.0,0.0,0.0,0.0,0.0,0.0,83.0,500.0,5.0,1,0.01,0.2,65454,250.0,5.0,1.0,217.49775243041574,0.04994835668317487
69cd304d29cce59b64a1785a,69cd304d29cce59b64a1785a,69cd304e29cce59b64a1785b,0.0,0.0,0.0,0.0,0.0,0.0,0.0,0.0,0.0,0.0,0.0,0.0,0.0,0.0,0.0,0.0,0.0,1.0,0.0,0.0,0.0,0.0,0.0,0.0,0.0,0.0,0.0,0.0,0.0,0.0,83.0,500.0,5.0,1,0.01,0.2,65454,250.0,5.0,1.0,238.60107488885419,0.09244595107568174
69cd304d29cce59b64a1785a,69cd304d29cce59b64a1785a,69cd304e29cce59b64a1785b,0.0,0.0,0.0,0.0,0.0,0.0,0.0,0.0,0.0,0.0,0.0,0.0,0.0,0.0,0.0,0.0,0.0,1.0,0.0,0.0,0.0,0.0,0.0,0.0,0.0,0.0,0.0,0.0,0.0,0.0,83.0,500.0,5.0,1,0.01,0.2,65454,250.0,5.0,1.0,254.23133941998734,0.14859150577787195
69cd304d29cce59b64a1785a,69cd304d29cce59b64a1785a,69cd304e29cce59b64a1785b,0.0,0.0,0.0,0.0,0.0,0.0,0.0,0.0,0.0,0.0,0.0,0.0,0.0,0.0,0.0,0.0,0.0,1.0,0.0,0.0,0.0,0.0,0.0,0.0,0.0,0.0,0.0,0.0,0.0,0.0,83.0,500.0,5.0,1,0.01,0.2,65454,250.0,5.0,1.0,268.7900022188073,0.2298348296653336
69cd304d29cce59b64a1785a,69cd304d29cce59b64a1785a,69cd304e29cce59b64a1785b,0.0,0.0,0.0,0.0,0.0,0.0,0.0,0.0,0.0,0.0,0.0,0.0,0.0,0.0,0.0,0.0,0.0,1.0,0.0,0.0,0.0,0.0,0.0,0.0,0.0,0.0,0.0,0.0,0.0,0.0,83.0,500.0,5.0,1,0.01,0.2,65454,250.0,5.0,1.0,282.4710034761314,0.32168048235740704
69cd304d29cce59b64a1785a,69cd304d29cce59b64a1785a,69cd304e29cce59b64a1785b,0.0,0.0,0.0,0.0,0.0,0.0,0.0,0.0,0.0,0.0,0.0,0.0,0.0,0.0,0.0,0.0,0.0,1.0,0.0,0.0,0.0,0.0,0.0,0.0,0.0,0.0,0.0,0.0,0.0,0.0,83.0,500.0,5.0,1,0.01,0.2,65454,250.0,5.0,1.0,293.0259518272288,0.39749463704017585
69cd304d29cce59b64a1785a,69cd304d29cce59b64a1785a,69cd304e29cce59b64a1785b,0.0,0.0,0.0,0.0,0.0,0.0,0.0,0.0,0.0,0.0,0.0,0.0,0.0,0.0,0.0,0.0,0.0,1.0,0.0,0.0,0.0,0.0,0.0,0.0,0.0,0.0,0.0,0.0,0.0,0.0,83.0,500.0,5.0,1,0.01,0.2,65454,250.0,5.0,1.0,306.70366596267473,0.4830724683739859
69cd304d29cce59b64a1785a,69cd304d29cce59b64a1785a,69cd304e29cce59b64a1785b,0.0,0.0,0.0,0.0,0.0,0.0,0.0,0.0,0.0,0.0,0.0,0.0,0.0,0.0,0.0,0.0,0.0,1.0,0.0,0.0,0.0,0.0,0.0,0.0,0.0,0.0,0.0,0.0,0.0,0.0,83.0,500.0,5.0,1,0.01,0.2,65454,250.0,5.0,1.0,321.57131821805126,0.5773987658571467
69cd304d29cce59b64a1785a,69cd304d29cce59b64a1785a,69cd304e29cce59b64a1785b,0.0,0.0,0.0,0.0,0.0,0.0,0.0,0.0,0.0,0.0,0.0,0.0,0.0,0.0,0.0,0.0,0.0,1.0,0.0,0.0,0.0,0.0,0.0,0.0,0.0,0.0,0.0,0.0,0.0,0.0,83.0,500.0,5.0,1,0.01,0.2,65454,250.0,5.0,1.0,338.3257784315498,0.6594719139807728
69cd304d29cce59b64a1785a,69cd304d29cce59b64a1785a,69cd304e29cce59b64a1785b,0.0,0.0,0.0,0.0,0.0,0.0,0.0,0.0,0.0,0.0,0.0,0.0,0.0,0.0,0.0,0.0,0.0,1.0,0.0,0.0,0.0,0.0,0.0,0.0,0.0,0.0,0.0,0.0,0.0,0.0,83.0,500.0,5.0,1,0.01,0.2,65454,250.0,5.0,1.0,357.85128238842276,0.7537982114639336
69cd304d29cce59b64a1785a,69cd304d29cce59b64a1785a,69cd304e29cce59b64a1785b,0.0,0.0,0.0,0.0,0.0,0.0,0.0,0.0,0.0,0.0,0.0,0.0,0.0,0.0,0.0,0.0,0.0,1.0,0.0,0.0,0.0,0.0,0.0,0.0,0.0,0.0,0.0,0.0,0.0,0.0,83.0,500.0,5.0,1,0.01,0.2,65454,250.0,5.0,1.0,377.3636378577827,0.8293387007071162
69cd304d29cce59b64a1785a,69cd304d29cce59b64a1785a,69cd304e29cce59b64a1785b,0.0,0.0,0.0,0.0,0.0,0.0,0.0,0.0,0.0,0.0,0.0,0.0,0.0,0.0,0.0,0.0,0.0,1.0,0.0,0.0,0.0,0.0,0.0,0.0,0.0,0.0,0.0,0.0,0.0,0.0,83.0,500.0,5.0,1,0.01,0.2,65454,250.0,5.0,1.0,400.7876683622737,0.8925730730863282
69cd304d29cce59b64a1785a,69cd304d29cce59b64a1785a,69cd304e29cce59b64a1785b,0.0,0.0,0.0,0.0,0.0,0.0,0.0,0.0,0.0,0.0,0.0,0.0,0.0,0.0,0.0,0.0,0.0,1.0,0.0,0.0,0.0,0.0,0.0,0.0,0.0,0.0,0.0,0.0,0.0,0.0,83.0,500.0,5.0,1,0.01,0.2,65454,250.0,5.0,1.0,425.64159688380846,0.9434836727667576
69cd304d29cce59b64a1785a,69cd304d29cce59b64a1785a,69cd304e29cce59b64a1785b,0.0,0.0,0.0,0.0,0.0,0.0,0.0,0.0,0.0,0.0,0.0,0.0,0.0,0.0,0.0,0.0,0.0,1.0,0.0,0.0,0.0,0.0,0.0,0.0,0.0,0.0,0.0,0.0,0.0,0.0,83.0,500.0,5.0,1,0.01,0.2,65454,250.0,5.0,1.0,448.280005259395,0.9654828429425214
69cd304d29cce59b64a1785a,69cd304d29cce59b64a1785a,69cd304e29cce59b64a1785b,0.0,0.0,0.0,0.0,0.0,0.0,0.0,0.0,0.0,0.0,0.0,0.0,0.0,0.0,0.0,0.0,0.0,1.0,0.0,0.0,0.0,0.0,0.0,0.0,0.0,0.0,0.0,0.0,0.0,0.0,83.0,500.0,5.0,1,0.01,0.2,65454,250.0,5.0,1.0,468.41033964186806,0.9769061680658915
69cd304d29cce59b64a1785a,69cd304d29cce59b64a1785a,69cd304e29cce59b64a1785b,0.0,0.0,0.0,0.0,0.0,0.0,0.0,0.0,0.0,0.0,0.0,0.0,0.0,0.0,0.0,0.0,0.0,1.0,0.0,0.0,0.0,0.0,0.0,0.0,0.0,0.0,0.0,0.0,0.0,0.0,83.0,500.0,5.0,1,0.01,0.2,65454,250.0,5.0,1.0,485.63814540583627,0.9827149377190426
69cd305229cce59b64a17871,69cd305229cce59b64a17871,69cd305329cce59b64a17872,0.0,0.0,0.0,0.0,0.0,0.0,0.0,0.0,0.0,0.0,0.0,0.0,0.0,0.0,0.0,0.0,0.08826049700085689,0.9117395029991431,0.0,0.0,0.0,0.0,0.0,0.0,0.0,0.0,0.0,0.0,0.0,0.0,98.0,300.0,2.0,1,0.034,0.21,31500,400.0,21.0,1.0,234.51787430973195,0.00913278995595606
69cd305229cce59b64a17871,69cd305229cce59b64a17871,69cd305329cce59b64a17872,0.0,0.0,0.0,0.0,0.0,0.0,0.0,0.0,0.0,0.0,0.0,0.0,0.0,0.0,0.0,0.0,0.08826049700085689,0.9117395029991431,0.0,0.0,0.0,0.0,0.0,0.0,0.0,0.0,0.0,0.0,0.0,0.0,98.0,300.0,2.0,1,0.034,0.21,31500,400.0,21.0,1.0,247.27469874130878,0.014858502505948471
69cd305229cce59b64a17871,69cd305229cce59b64a17871,69cd305329cce59b64a17872,0.0,0.0,0.0,0.0,0.0,0.0,0.0,0.0,0.0,0.0,0.0,0.0,0.0,0.0,0.0,0.0,0.08826049700085689,0.9117395029991431,0.0,0.0,0.0,0.0,0.0,0.0,0.0,0.0,0.0,0.0,0.0,0.0,98.0,300.0,2.0,1,0.034,0.21,31500,400.0,21.0,1.0,258.8063672337857,0.020948716650635354
69cd305229cce59b64a17871,69cd305229cce59b64a17871,69cd305329cce59b64a17872,0.0,0.0,0.0,0.0,0.0,0.0,0.0,0.0,0.0,0.0,0.0,0.0,0.0,0.0,0.0,0.0,0.08826049700085689,0.9117395029991431,0.0,0.0,0.0,0.0,0.0,0.0,0.0,0.0,0.0,0.0,0.0,0.0,98.0,300.0,2.0,1,0.034,0.21,31500,400.0,21.0,1.0,270.3179145520803,0.02341669619804587
69cd305229cce59b64a17871,69cd305229cce59b64a17871,69cd305329cce59b64a17872,0.0,0.0,0.0,0.0,0.0,0.0,0.0,0.0,0.0,0.0,0.0,0.0,0.0,0.0,0.0,0.0,0.08826049700085689,0.9117395029991431,0.0,0.0,0.0,0.0,0.0,0.0,0.0,0.0,0.0,0.0,0.0,0.0,98.0,300.0,2.0,1,0.034,0.21,31500,400.0,21.0,1.0,283.47939815332336,0.03784488432136891
69cd305229cce59b64a17871,69cd305229cce59b64a17871,69cd305329cce59b64a17872,0.0,0.0,0.0,0.0,0.0,0.0,0.0,0.0,0.0,0.0,0.0,0.0,0.0,0.0,0.0,0.0,0.08826049700085689,0.9117395029991431,0.0,0.0,0.0,0.0,0.0,0.0,0.0,0.0,0.0,0.0,0.0,0.0,98.0,300.0,2.0,1,0.034,0.21,31500,400.0,21.0,1.0,295.26593485210935,0.05717865640662178
69cd305229cce59b64a17871,69cd305229cce59b64a17871,69cd305329cce59b64a17872,0.0,0.0,0.0,0.0,0.0,0.0,0.0,0.0,0.0,0.0,0.0,0.0,0.0,0.0,0.0,0.0,0.08826049700085689,0.9117395029991431,0.0,0.0,0.0,0.0,0.0,0.0,0.0,0.0,0.0,0.0,0.0,0.0,98.0,300.0,2.0,1,0.034,0.21,31500,400.0,21.0,1.0,307.86849694828857,0.09325672049815217
69cd305229cce59b64a17871,69cd305229cce59b64a17871,69cd305329cce59b64a17872,0.0,0.0,0.0,0.0,0.0,0.0,0.0,0.0,0.0,0.0,0.0,0.0,0.0,0.0,0.0,0.0,0.08826049700085689,0.9117395029991431,0.0,0.0,0.0,0.0,0.0,0.0,0.0,0.0,0.0,0.0,0.0,0.0,98.0,300.0,2.0,1,0.034,0.21,31500,400.0,21.0,1.0,314.5386661897203,0.11865033159520072
69cd305229cce59b64a17871,69cd305229cce59b64a17871,69cd305329cce59b64a17872,0.0,0.0,0.0,0.0,0.0,0.0,0.0,0.0,0.0,0.0,0.0,0.0,0.0,0.0,0.0,0.0,0.08826049700085689,0.9117395029991431,0.0,0.0,0.0,0.0,0.0,0.0,0.0,0.0,0.0,0.0,0.0,0.0,98.0,300.0,2.0,1,0.034,0.21,31500,400.0,21.0,1.0,321.89183751034005,0.15767478357717815
69cd305229cce59b64a17871,69cd305229cce59b64a17871,69cd305329cce59b64a17872,0.0,0.0,0.0,0.0,0.0,0.0,0.0,0.0,0.0,0.0,0.0,0.0,0.0,0.0,0.0,0.0,0.08826049700085689,0.9117395029991431,0.0,0.0,0.0,0.0,0.0,0.0,0.0,0.0,0.0,0.0,0.0,0.0,98.0,300.0,2.0,1,0.034,0.21,31500,400.0,21.0,1.0,329.0818037514812,0.2144231256011745
69cd305229cce59b64a17871,69cd305229cce59b64a17871,69cd305329cce59b64a17872,0.0,0.0,0.0,0.0,0.0,0.0,0.0,0.0,0.0,0.0,0.0,0.0,0.0,0.0,0.0,0.0,0.08826049700085689,0.9117395029991431,0.0,0.0,0.0,0.0,0.0,0.0,0.0,0.0,0.0,0.0,0.0,0.0,98.0,300.0,2.0,1,0.034,0.21,31500,400.0,21.0,1.0,336.5445236870934,0.27543158001316254
69cd305229cce59b64a17871,69cd305229cce59b64a17871,69cd305329cce59b64a17872,0.0,0.0,0.0,0.0,0.0,0.0,0.0,0.0,0.0,0.0,0.0,0.0,0.0,0.0,0.0,0.0,0.08826049700085689,0.9117395029991431,0.0,0.0,0.0,0.0,0.0,0.0,0.0,0.0,0.0,0.0,0.0,0.0,98.0,300.0,2.0,1,0.034,0.21,31500,400.0,21.0,1.0,343.12973685975544,0.3406166151976915
69cd305229cce59b64a17871,69cd305229cce59b64a17871,69cd305329cce59b64a17872,0.0,0.0,0.0,0.0,0.0,0.0,0.0,0.0,0.0,0.0,0.0,0.0,0.0,0.0,0.0,0.0,0.08826049700085689,0.9117395029991431,0.0,0.0,0.0,0.0,0.0,0.0,0.0,0.0,0.0,0.0,0.0,0.0,98.0,300.0,2.0,1,0.034,0.21,31500,400.0,21.0,1.0,350.3945985825751,0.4116564572470004
69cd305229cce59b64a17871,69cd305229cce59b64a17871,69cd305329cce59b64a17872,0.0,0.0,0.0,0.0,0.0,0.0,0.0,0.0,0.0,0.0,0.0,0.0,0.0,0.0,0.0,0.0,0.08826049700085689,0.9117395029991431,0.0,0.0,0.0,0.0,0.0,0.0,0.0,0.0,0.0,0.0,0.0,0.0,98.0,300.0,2.0,1,0.034,0.21,31500,400.0,21.0,1.0,357.8405508730354,0.4982559611198299
69cd305229cce59b64a17871,69cd305229cce59b64a17871,69cd305329cce59b64a17872,0.0,0.0,0.0,0.0,0.0,0.0,0.0,0.0,0.0,0.0,0.0,0.0,0.0,0.0,0.0,0.0,0.08826049700085689,0.9117395029991431,0.0,0.0,0.0,0.0,0.0,0.0,0.0,0.0,0.0,0.0,0.0,0.0,98.0,300.0,2.0,1,0.034,0.21,31500,400.0,21.0,1.0,364.9612108475486,0.5766845542449248
69cd305229cce59b64a17871,69cd305229cce59b64a17871,69cd305329cce59b64a17872,0.0,0.0,0.0,0.0,0.0,0.0,0.0,0.0,0.0,0.0,0.0,0.0,0.0,0.0,0.0,0.0,0.08826049700085689,0.9117395029991431,0.0,0.0,0.0,0.0,0.0,0.0,0.0,0.0,0.0,0.0,0.0,0.0,98.0,300.0,2.0,1,0.034,0.21,31500,400.0,21.0,1.0,372.30767511010754,0.6515136941224117
69cd305229cce59b64a17871,69cd305229cce59b64a17871,69cd305329cce59b64a17872,0.0,0.0,0.0,0.0,0.0,0.0,0.0,0.0,0.0,0.0,0.0,0.0,0.0,0.0,0.0,0.0,0.08826049700085689,0.9117395029991431,0.0,0.0,0.0,0.0,0.0,0.0,0.0,0.0,0.0,0.0,0.0,0.0,98.0,300.0,2.0,1,0.034,0.21,31500,400.0,21.0,1.0,379.08627512352166,0.7207234344150255
69cd305229cce59b64a17871,69cd305229cce59b64a17871,69cd305329cce59b64a17872,0.0,0.0,0.0,0.0,0.0,0.0,0.0,0.0,0.0,0.0,0.0,0.0,0.0,0.0,0.0,0.0,0.08826049700085689,0.9117395029991431,0.0,0.0,0.0,0.0,0.0,0.0,0.0,0.0,0.0,0.0,0.0,0.0,98.0,300.0,2.0,1,0.034,0.21,31500,400.0,21.0,1.0,385.88052493907753,0.7719359084695995
69cd305229cce59b64a17871,69cd305229cce59b64a17871,69cd305329cce59b64a17872,0.0,0.0,0.0,0.0,0.0,0.0,0.0,0.0,0.0,0.0,0.0,0.0,0.0,0.0,0.0,0.0,0.08826049700085689,0.9117395029991431,0.0,0.0,0.0,0.0,0.0,0.0,0.0,0.0,0.0,0.0,0.0,0.0,98.0,300.0,2.0,1,0.034,0.21,31500,400.0,21.0,1.0,391.9694158152429,0.8193287095631042
69cd305229cce59b64a17871,69cd305229cce59b64a17871,69cd305329cce59b64a17872,0.0,0.0,0.0,0.0,0.0,0.0,0.0,0.0,0.0,0.0,0.0,0.0,0.0,0.0,0.0,0.0,0.08826049700085689,0.9117395029991431,0.0,0.0,0.0,0.0,0.0,0.0,0.0,0.0,0.0,0.0,0.0,0.0,98.0,300.0,2.0,1,0.034,0.21,31500,400.0,21.0,1.0,399.24992734020435,0.8617703639953425
69cd305329cce59b64a17875,69cd305329cce59b64a17875,69cd305429cce59b64a17876,0.0,0.0,0.0,0.0,0.0,0.0,0.0,0.0,0.0,0.0,0.0,0.0,0.0,0.0,0.0,0.0,0.0,0.896814404432133,0.0,0.0,0.0,0.0,0.10318559556786704,0.0,0.0,0.0,0.0,0.0,0.0,0.0,96.0,300.0,2.0,1,0.034,0.21,31500,400.0,21.0,1.0,247.22551364886317,0.012398116741760746
69cd305329cce59b64a17875,69cd305329cce59b64a17875,69cd305429cce59b64a17876,0.0,0.0,0.0,0.0,0.0,0.0,0.0,0.0,0.0,0.0,0.0,0.0,0.0,0.0,0.0,0.0,0.0,0.896814404432133,0.0,0.0,0.0,0.0,0.10318559556786704,0.0,0.0,0.0,0.0,0.0,0.0,0.0,96.0,300.0,2.0,1,0.034,0.21,31500,400.0,21.0,1.0,253.73918486887703,0.012914494000911264
69cd305329cce59b64a17875,69cd305329cce59b64a17875,69cd305429cce59b64a17876,0.0,0.0,0.0,0.0,0.0,0.0,0.0,0.0,0.0,0.0,0.0,0.0,0.0,0.0,0.0,0.0,0.0,0.896814404432133,0.0,0.0,0.0,0.0,0.10318559556786704,0.0,0.0,0.0,0.0,0.0,0.0,0.0,96.0,300.0,2.0,1,0.034,0.21,31500,400.0,21.0,1.0,265.2328466990096,0.017744140130613067
69cd305329cce59b64a17875,69cd305329cce59b64a17875,69cd305429cce59b64a17876,0.0,0.0,0.0,0.0,0.0,0.0,0.0,0.0,0.0,0.0,0.0,0.0,0.0,0.0,0.0,0.0,0.0,0.896814404432133,0.0,0.0,0.0,0.0,0.10318559556786704,0.0,0.0,0.0,0.0,0.0,0.0,0.0,96.0,300.0,2.0,1,0.034,0.21,31500,400.0,21.0,1.0,271.85942006304634,0.02672758568318737
69cd305329cce59b64a17875,69cd305329cce59b64a17875,69cd305429cce59b64a17876,0.0,0.0,0.0,0.0,0.0,0.0,0.0,0.0,0.0,0.0,0.0,0.0,0.0,0.0,0.0,0.0,0.0,0.896814404432133,0.0,0.0,0.0,0.0,0.10318559556786704,0.0,0.0,0.0,0.0,0.0,0.0,0.0,96.0,300.0,2.0,1,0.034,0.21,31500,400.0,21.0,1.0,278.4200406894856,0.03445046322077659
69cd305329cce59b64a17875,69cd305329cce59b64a17875,69cd305429cce59b64a17876,0.0,0.0,0.0,0.0,0.0,0.0,0.0,0.0,0.0,0.0,0.0,0.0,0.0,0.0,0.0,0.0,0.0,0.896814404432133,0.0,0.0,0.0,0.0,0.10318559556786704,0.0,0.0,0.0,0.0,0.0,0.0,0.0,96.0,300.0,2.0,1,0.034,0.21,31500,400.0,21.0,1.0,284.7760960450714,0.04255302991950591
69cd305329cce59b64a17875,69cd305329cce59b64a17875,69cd305429cce59b64a17876,0.0,0.0,0.0,0.0,0.0,0.0,0.0,0.0,0.0,0.0,0.0,0.0,0.0,0.0,0.0,0.0,0.0,0.896814404432133,0.0,0.0,0.0,0.0,0.10318559556786704,0.0,0.0,0.0,0.0,0.0,0.0,0.0,96.0,300.0,2.0,1,0.034,0.21,31500,400.0,21.0,1.0,290.5832904826846,0.04697261175517643
69cd305329cce59b64a17875,69cd305329cce59b64a17875,69cd305429cce59b64a17876,0.0,0.0,0.0,0.0,0.0,0.0,0.0,0.0,0.0,0.0,0.0,0.0,0.0,0.0,0.0,0.0,0.0,0.896814404432133,0.0,0.0,0.0,0.0,0.10318559556786704,0.0,0.0,0.0,0.0,0.0,0.0,0.0,96.0,300.0,2.0,1,0.034,0.21,31500,400.0,21.0,1.0,296.3971919783586,0.06310940110362984
69cd305329cce59b64a17875,69cd305329cce59b64a17875,69cd305429cce59b64a17876,0.0,0.0,0.0,0.0,0.0,0.0,0.0,0.0,0.0,0.0,0.0,0.0,0.0,0.0,0.0,0.0,0.0,0.896814404432133,0.0,0.0,0.0,0.0,0.10318559556786704,0.0,0.0,0.0,0.0,0.0,0.0,0.0,96.0,300.0,2.0,1,0.034,0.21,31500,400.0,21.0,1.0,302.7219477296609,0.07415835569280615
69cd305329cce59b64a17875,69cd305329cce59b64a17875,69cd305429cce59b64a17876,0.0,0.0,0.0,0.0,0.0,0.0,0.0,0.0,0.0,0.0,0.0,0.0,0.0,0.0,0.0,0.0,0.0,0.896814404432133,0.0,0.0,0.0,0.0,0.10318559556786704,0.0,0.0,0.0,0.0,0.0,0.0,0.0,96.0,300.0,2.0,1,0.034,0.21,31500,400.0,21.0,1.0,307.8472579310962,0.0999772186503316
69cd305329cce59b64a17875,69cd305329cce59b64a17875,69cd305429cce59b64a17876,0.0,0.0,0.0,0.0,0.0,0.0,0.0,0.0,0.0,0.0,0.0,0.0,0.0,0.0,0.0,0.0,0.0,0.896814404432133,0.0,0.0,0.0,0.0,0.10318559556786704,0.0,0.0,0.0,0.0,0.0,0.0,0.0,96.0,300.0,2.0,1,0.034,0.21,31500,400.0,21.0,1.0,315.01374946902456,0.1290538146104389
69cd305329cce59b64a17875,69cd305329cce59b64a17875,69cd305429cce59b64a17876,0.0,0.0,0.0,0.0,0.0,0.0,0.0,0.0,0.0,0.0,0.0,0.0,0.0,0.0,0.0,0.0,0.0,0.896814404432133,0.0,0.0,0.0,0.0,0.10318559556786704,0.0,0.0,0.0,0.0,0.0,0.0,0.0,96.0,300.0,2.0,1,0.034,0.21,31500,400.0,21.0,1.0,322.1444700306289,0.17906647091581024
69cd305329cce59b64a17875,69cd305329cce59b64a17875,69cd305429cce59b64a17876,0.0,0.0,0.0,0.0,0.0,0.0,0.0,0.0,0.0,0.0,0.0,0.0,0.0,0.0,0.0,0.0,0.0,0.896814404432133,0.0,0.0,0.0,0.0,0.10318559556786704,0.0,0.0,0.0,0.0,0.0,0.0,0.0,96.0,300.0,2.0,1,0.034,0.21,31500,400.0,21.0,1.0,328.6234881173288,0.23592112590492584
69cd305329cce59b64a17875,69cd305329cce59b64a17875,69cd305429cce59b64a17876,0.0,0.0,0.0,0.0,0.0,0.0,0.0,0.0,0.0,0.0,0.0,0.0,0.0,0.0,0.0,0.0,0.0,0.896814404432133,0.0,0.0,0.0,0.0,0.10318559556786704,0.0,0.0,0.0,0.0,0.0,0.0,0.0,96.0,300.0,2.0,1,0.034,0.21,31500,400.0,21.0,1.0,335.4266806769657,0.3027008555662431
69cd305329cce59b64a17875,69cd305329cce59b64a17875,69cd305429cce59b64a17876,0.0,0.0,0.0,0.0,0.0,0.0,0.0,0.0,0.0,0.0,0.0,0.0,0.0,0.0,0.0,0.0,0.0,0.896814404432133,0.0,0.0,0.0,0.0,0.10318559556786704,0.0,0.0,0.0,0.0,0.0,0.0,0.0,96.0,300.0,2.0,1,0.034,0.21,31500,400.0,21.0,1.0,341.4686221467057,0.3742418873082569
69cd305329cce59b64a17875,69cd305329cce59b64a17875,69cd305429cce59b64a17876,0.0,0.0,0.0,0.0,0.0,0.0,0.0,0.0,0.0,0.0,0.0,0.0,0.0,0.0,0.0,0.0,0.0,0.896814404432133,0.0,0.0,0.0,0.0,0.10318559556786704,0.0,0.0,0.0,0.0,0.0,0.0,0.0,96.0,300.0,2.0,1,0.034,0.21,31500,400.0,21.0,1.0,348.57810369111763,0.44836480534602335
69cd305329cce59b64a17875,69cd305329cce59b64a17875,69cd305429cce59b64a17876,0.0,0.0,0.0,0.0,0.0,0.0,0.0,0.0,0.0,0.0,0.0,0.0,0.0,0.0,0.0,0.0,0.0,0.896814404432133,0.0,0.0,0.0,0.0,0.10318559556786704,0.0,0.0,0.0,0.0,0.0,0.0,0.0,96.0,300.0,2.0,1,0.034,0.21,31500,400.0,21.0,1.0,354.6133381027969,0.5307953222295347
69cd305329cce59b64a17875,69cd305329cce59b64a17875,69cd305429cce59b64a17876,0.0,0.0,0.0,0.0,0.0,0.0,0.0,0.0,0.0,0.0,0.0,0.0,0.0,0.0,0.0,0.0,0.0,0.896814404432133,0.0,0.0,0.0,0.0,0.10318559556786704,0.0,0.0,0.0,0.0,0.0,0.0,0.0,96.0,300.0,2.0,1,0.034,0.21,31500,400.0,21.0,1.0,361.86031433745444,0.6126031488887764
69cd305329cce59b64a17875,69cd305329cce59b64a17875,69cd305429cce59b64a17876,0.0,0.0,0.0,0.0,0.0,0.0,0.0,0.0,0.0,0.0,0.0,0.0,0.0,0.0,0.0,0.0,0.0,0.896814404432133,0.0,0.0,0.0,0.0,0.10318559556786704,0.0,0.0,0.0,0.0,0.0,0.0,0.0,96.0,300.0,2.0,1,0.034,0.21,31500,400.0,21.0,1.0,369.1698897806792,0.6827317369513491
69cd305329cce59b64a17875,69cd305329cce59b64a17875,69cd305429cce59b64a17876,0.0,0.0,0.0,0.0,0.0,0.0,0.0,0.0,0.0,0.0,0.0,0.0,0.0,0.0,0.0,0.0,0.0,0.896814404432133,0.0,0.0,0.0,0.0,0.10318559556786704,0.0,0.0,0.0,0.0,0.0,0.0,0.0,96.0,300.0,2.0,1,0.034,0.21,31500,400.0,21.0,1.0,375.0340942118089,0.7537867665671036
69cd305329cce59b64a17875,69cd305329cce59b64a17875,69cd305429cce59b64a17876,0.0,0.0,0.0,0.0,0.0,0.0,0.0,0.0,0.0,0.0,0.0,0.0,0.0,0.0,0.0,0.0,0.0,0.896814404432133,0.0,0.0,0.0,0.0,0.10318559556786704,0.0,0.0,0.0,0.0,0.0,0.0,0.0,96.0,300.0,2.0,1,0.034,0.21,31500,400.0,21.0,1.0,381.812694225223,0.8056143370627246
69cd305329cce59b64a17875,69cd305329cce59b64a17875,69cd305429cce59b64a17876,0.0,0.0,0.0,0.0,0.0,0.0,0.0,0.0,0.0,0.0,0.0,0.0,0.0,0.0,0.0,0.0,0.0,0.896814404432133,0.0,0.0,0.0,0.0,0.10318559556786704,0.0,0.0,0.0,0.0,0.0,0.0,0.0,96.0,300.0,2.0,1,0.034,0.21,31500,400.0,21.0,1.0,388.8674014621387,0.8515871006935655
69cd305329cce59b64a17875,69cd305329cce59b64a17875,69cd305429cce59b64a17876,0.0,0.0,0.0,0.0,0.0,0.0,0.0,0.0,0.0,0.0,0.0,0.0,0.0,0.0,0.0,0.0,0.0,0.896814404432133,0.0,0.0,0.0,0.0,0.10318559556786704,0.0,0.0,0.0,0.0,0.0,0.0,0.0,96.0,300.0,2.0,1,0.034,0.21,31500,400.0,21.0,1.0,394.5672829707796,0.8949400091125398
69cd305e29cce59b64a1789f,69cd305e29cce59b64a1789f,69cd305f29cce59b64a178a0,0.0,0.0,0.0,0.0,0.0,0.0,0.0,0.0,0.0,0.0,0.0,0.0,0.0,0.0,0.0,0.0,0.1,0.9,0.0,0.0,0.0,0.0,0.0,0.0,0.0,0.0,0.0,0.0,0.0,0.0,155.0,400.0,4.0,1,0.02,0.03,60000,0.0,0.0,0.0,189.9089945542926,0.029184541636312945
69cd305e29cce59b64a1789f,69cd305e29cce59b64a1789f,69cd305f29cce59b64a178a0,0.0,0.0,0.0,0.0,0.0,0.0,0.0,0.0,0.0,0.0,0.0,0.0,0.0,0.0,0.0,0.0,0.1,0.9,0.0,0.0,0.0,0.0,0.0,0.0,0.0,0.0,0.0,0.0,0.0,0.0,155.0,400.0,4.0,1,0.02,0.03,60000,0.0,0.0,0.0,232.4147509228464,0.10131397890079055
69cd305e29cce59b64a1789f,69cd305e29cce59b64a1789f,69cd305f29cce59b64a178a0,0.0,0.0,0.0,0.0,0.0,0.0,0.0,0.0,0.0,0.0,0.0,0.0,0.0,0.0,0.0,0.0,0.1,0.9,0.0,0.0,0.0,0.0,0.0,0.0,0.0,0.0,0.0,0.0,0.0,0.0,155.0,400.0,4.0,1,0.02,0.03,60000,0.0,0.0,0.0,251.0525931069771,0.184460693054169
69cd305e29cce59b64a1789f,69cd305e29cce59b64a1789f,69cd305f29cce59b64a178a0,0.0,0.0,0.0,0.0,0.0,0.0,0.0,0.0,0.0,0.0,0.0,0.0,0.0,0.0,0.0,0.0,0.1,0.9,0.0,0.0,0.0,0.0,0.0,0.0,0.0,0.0,0.0,0.0,0.0,0.0,155.0,400.0,4.0,1,0.02,0.03,60000,0.0,0.0,0.0,264.68148094002413,0.29113491442498807
69cd305e29cce59b64a1789f,69cd305e29cce59b64a1789f,69cd305f29cce59b64a178a0,0.0,0.0,0.0,0.0,0.0,0.0,0.0,0.0,0.0,0.0,0.0,0.0,0.0,0.0,0.0,0.0,0.1,0.9,0.0,0.0,0.0,0.0,0.0,0.0,0.0,0.0,0.0,0.0,0.0,0.0,155.0,400.0,4.0,1,0.02,0.03,60000,0.0,0.0,0.0,274.8547202222141,0.3786075960751514
69cd305e29cce59b64a1789f,69cd305e29cce59b64a1789f,69cd305f29cce59b64a178a0,0.0,0.0,0.0,0.0,0.0,0.0,0.0,0.0,0.0,0.0,0.0,0.0,0.0,0.0,0.0,0.0,0.1,0.9,0.0,0.0,0.0,0.0,0.0,0.0,0.0,0.0,0.0,0.0,0.0,0.0,155.0,400.0,4.0,1,0.02,0.03,60000,0.0,0.0,0.0,284.9091772961515,0.46393977821547094
69cd305e29cce59b64a1789f,69cd305e29cce59b64a1789f,69cd305f29cce59b64a178a0,0.0,0.0,0.0,0.0,0.0,0.0,0.0,0.0,0.0,0.0,0.0,0.0,0.0,0.0,0.0,0.0,0.1,0.9,0.0,0.0,0.0,0.0,0.0,0.0,0.0,0.0,0.0,0.0,0.0,0.0,155.0,400.0,4.0,1,0.02,0.03,60000,0.0,0.0,0.0,294.8503344176017,0.5426166257453525
69cd305e29cce59b64a1789f,69cd305e29cce59b64a1789f,69cd305f29cce59b64a178a0,0.0,0.0,0.0,0.0,0.0,0.0,0.0,0.0,0.0,0.0,0.0,0.0,0.0,0.0,0.0,0.0,0.1,0.9,0.0,0.0,0.0,0.0,0.0,0.0,0.0,0.0,0.0,0.0,0.0,0.0,155.0,400.0,4.0,1,0.02,0.03,60000,0.0,0.0,0.0,309.8717152150872,0.6526454955076492
69cd305e29cce59b64a1789f,69cd305e29cce59b64a1789f,69cd305f29cce59b64a178a0,0.0,0.0,0.0,0.0,0.0,0.0,0.0,0.0,0.0,0.0,0.0,0.0,0.0,0.0,0.0,0.0,0.1,0.9,0.0,0.0,0.0,0.0,0.0,0.0,0.0,0.0,0.0,0.0,0.0,0.0,155.0,400.0,4.0,1,0.02,0.03,60000,0.0,0.0,0.0,324.81817185044406,0.7468634487224456
69cd305e29cce59b64a1789f,69cd305e29cce59b64a1789f,69cd305f29cce59b64a178a0,0.0,0.0,0.0,0.0,0.0,0.0,0.0,0.0,0.0,0.0,0.0,0.0,0.0,0.0,0.0,0.0,0.1,0.9,0.0,0.0,0.0,0.0,0.0,0.0,0.0,0.0,0.0,0.0,0.0,0.0,155.0,400.0,4.0,1,0.02,0.03,60000,0.0,0.0,0.0,339.93823325170865,0.8173200586388941
69cd305e29cce59b64a1789f,69cd305e29cce59b64a1789f,69cd305f29cce59b64a178a0,0.0,0.0,0.0,0.0,0.0,0.0,0.0,0.0,0.0,0.0,0.0,0.0,0.0,0.0,0.0,0.0,0.1,0.9,0.0,0.0,0.0,0.0,0.0,0.0,0.0,0.0,0.0,0.0,0.0,0.0,155.0,400.0,4.0,1,0.02,0.03,60000,0.0,0.0,0.0,360.14400058477395,0.8868413242317136
69cd305f29cce59b64a178a1,69cd305f29cce59b64a178a1,69cd305f29cce59b64a178a2,0.0,0.0,0.0,0.0,0.0,0.0,0.0,0.0,0.0,0.0,0.0,0.0,0.0,0.1,0.0,0.0,0.0,0.9,0.0,0.0,0.0,0.0,0.0,0.0,0.0,0.0,0.0,0.0,0.0,0.0,100.0,400.0,4.0,1,0.02,0.03,60000,0.0,0.0,0.0,169.60089178027118,0.028653913606561804
69cd305f29cce59b64a178a1,69cd305f29cce59b64a178a1,69cd305f29cce59b64a178a2,0.0,0.0,0.0,0.0,0.0,0.0,0.0,0.0,0.0,0.0,0.0,0.0,0.0,0.1,0.0,0.0,0.0,0.9,0.0,0.0,0.0,0.0,0.0,0.0,0.0,0.0,0.0,0.0,0.0,0.0,100.0,400.0,4.0,1,0.02,0.03,60000,0.0,0.0,0.0,215.1584371916231,0.06747070303717095
69cd305f29cce59b64a178a1,69cd305f29cce59b64a178a1,69cd305f29cce59b64a178a2,0.0,0.0,0.0,0.0,0.0,0.0,0.0,0.0,0.0,0.0,0.0,0.0,0.0,0.1,0.0,0.0,0.0,0.9,0.0,0.0,0.0,0.0,0.0,0.0,0.0,0.0,0.0,0.0,0.0,0.0,100.0,400.0,4.0,1,0.02,0.03,60000,0.0,0.0,0.0,234.83242571543437,0.10432686686632671
69cd305f29cce59b64a178a1,69cd305f29cce59b64a178a1,69cd305f29cce59b64a178a2,0.0,0.0,0.0,0.0,0.0,0.0,0.0,0.0,0.0,0.0,0.0,0.0,0.0,0.1,0.0,0.0,0.0,0.9,0.0,0.0,0.0,0.0,0.0,0.0,0.0,0.0,0.0,0.0,0.0,0.0,100.0,400.0,4.0,1,0.02,0.03,60000,0.0,0.0,0.0,260.06907642264537,0.1993632463642986
69cd305f29cce59b64a178a1,69cd305f29cce59b64a178a1,69cd305f29cce59b64a178a2,0.0,0.0,0.0,0.0,0.0,0.0,0.0,0.0,0.0,0.0,0.0,0.0,0.0,0.1,0.0,0.0,0.0,0.9,0.0,0.0,0.0,0.0,0.0,0.0,0.0,0.0,0.0,0.0,0.0,0.0,100.0,400.0,4.0,1,0.02,0.03,60000,0.0,0.0,0.0,284.969482109572,0.29933716464758203
69cd305f29cce59b64a178a1,69cd305f29cce59b64a178a1,69cd305f29cce59b64a178a2,0.0,0.0,0.0,0.0,0.0,0.0,0.0,0.0,0.0,0.0,0.0,0.0,0.0,0.1,0.0,0.0,0.0,0.9,0.0,0.0,0.0,0.0,0.0,0.0,0.0,0.0,0.0,0.0,0.0,0.0,100.0,400.0,4.0,1,0.02,0.03,60000,0.0,0.0,0.0,309.73100398377255,0.4452688665245663
69cd305f29cce59b64a178a1,69cd305f29cce59b64a178a1,69cd305f29cce59b64a178a2,0.0,0.0,0.0,0.0,0.0,0.0,0.0,0.0,0.0,0.0,0.0,0.0,0.0,0.1,0.0,0.0,0.0,0.9,0.0,0.0,0.0,0.0,0.0,0.0,0.0,0.0,0.0,0.0,0.0,0.0,100.0,400.0,4.0,1,0.02,0.03,60000,0.0,0.0,0.0,329.8307810387047,0.5929453453129356
69cd305f29cce59b64a178a1,69cd305f29cce59b64a178a1,69cd305f29cce59b64a178a2,0.0,0.0,0.0,0.0,0.0,0.0,0.0,0.0,0.0,0.0,0.0,0.0,0.0,0.1,0.0,0.0,0.0,0.9,0.0,0.0,0.0,0.0,0.0,0.0,0.0,0.0,0.0,0.0,0.0,0.0,100.0,400.0,4.0,1,0.02,0.03,60000,0.0,0.0,0.0,349.89766455904385,0.7372042198418909
69cd306029cce59b64a178a3,69cd306029cce59b64a178a3,69cd306029cce59b64a178a4,0.0,0.0,0.0,0.0,0.0,0.0,0.0,0.0,0.0,0.0,0.0,0.0,0.0,0.0,0.0,0.0,0.0,0.9,0.1,0.0,0.0,0.0,0.0,0.0,0.0,0.0,0.0,0.0,0.0,0.0,140.0,400.0,4.0,1,0.02,0.03,60000,0.0,0.0,0.0,170.0942947991667,0.041038232199228336
69cd306029cce59b64a178a3,69cd306029cce59b64a178a3,69cd306029cce59b64a178a4,0.0,0.0,0.0,0.0,0.0,0.0,0.0,0.0,0.0,0.0,0.0,0.0,0.0,0.0,0.0,0.0,0.0,0.9,0.1,0.0,0.0,0.0,0.0,0.0,0.0,0.0,0.0,0.0,0.0,0.0,140.0,400.0,4.0,1,0.02,0.03,60000,0.0,0.0,0.0,184.5418661598626,0.06992598188669744
69cd306029cce59b64a178a3,69cd306029cce59b64a178a3,69cd306029cce59b64a178a4,0.0,0.0,0.0,0.0,0.0,0.0,0.0,0.0,0.0,0.0,0.0,0.0,0.0,0.0,0.0,0.0,0.0,0.9,0.1,0.0,0.0,0.0,0.0,0.0,0.0,0.0,0.0,0.0,0.0,0.0,140.0,400.0,4.0,1,0.02,0.03,60000,0.0,0.0,0.0,199.88121779174736,0.1352921601957028
69cd306029cce59b64a178a3,69cd306029cce59b64a178a3,69cd306029cce59b64a178a4,0.0,0.0,0.0,0.0,0.0,0.0,0.0,0.0,0.0,0.0,0.0,0.0,0.0,0.0,0.0,0.0,0.0,0.9,0.1,0.0,0.0,0.0,0.0,0.0,0.0,0.0,0.0,0.0,0.0,0.0,140.0,400.0,4.0,1,0.02,0.03,60000,0.0,0.0,0.0,214.60838419648405,0.292681830037144
69cd306029cce59b64a178a3,69cd306029cce59b64a178a3,69cd306029cce59b64a178a4,0.0,0.0,0.0,0.0,0.0,0.0,0.0,0.0,0.0,0.0,0.0,0.0,0.0,0.0,0.0,0.0,0.0,0.9,0.1,0.0,0.0,0.0,0.0,0.0,0.0,0.0,0.0,0.0,0.0,0.0,140.0,400.0,4.0,1,0.02,0.03,60000,0.0,0.0,0.0,229.72113592339463,0.5518261698549317
69cd306029cce59b64a178a3,69cd306029cce59b64a178a3,69cd306029cce59b64a178a4,0.0,0.0,0.0,0.0,0.0,0.0,0.0,0.0,0.0,0.0,0.0,0.0,0.0,0.0,0.0,0.0,0.0,0.9,0.1,0.0,0.0,0.0,0.0,0.0,0.0,0.0,0.0,0.0,0.0,0.0,140.0,400.0,4.0,1,0.02,0.03,60000,0.0,0.0,0.0,244.68952158181352,0.6657583034292961
69cd306029cce59b64a178a3,69cd306029cce59b64a178a3,69cd306029cce59b64a178a4,0.0,0.0,0.0,0.0,0.0,0.0,0.0,0.0,0.0,0.0,0.0,0.0,0.0,0.0,0.0,0.0,0.0,0.9,0.1,0.0,0.0,0.0,0.0,0.0,0.0,0.0,0.0,0.0,0.0,0.0,140.0,400.0,4.0,1,0.02,0.03,60000,0.0,0.0,0.0,259.8296845875516,0.7665956164728526
69cd306029cce59b64a178a3,69cd306029cce59b64a178a3,69cd306029cce59b64a178a4,0.0,0.0,0.0,0.0,0.0,0.0,0.0,0.0,0.0,0.0,0.0,0.0,0.0,0.0,0.0,0.0,0.0,0.9,0.1,0.0,0.0,0.0,0.0,0.0,0.0,0.0,0.0,0.0,0.0,0.0,140.0,400.0,4.0,1,0.02,0.03,60000,0.0,0.0,0.0,274.7615218742005,0.8058261158927591
69cd306029cce59b64a178a3,69cd306029cce59b64a178a3,69cd306029cce59b64a178a4,0.0,0.0,0.0,0.0,0.0,0.0,0.0,0.0,0.0,0.0,0.0,0.0,0.0,0.0,0.0,0.0,0.0,0.9,0.1,0.0,0.0,0.0,0.0,0.0,0.0,0.0,0.0,0.0,0.0,0.0,140.0,400.0,4.0,1,0.02,0.03,60000,0.0,0.0,0.0,289.66960271919885,0.8735666297925155
69cd306029cce59b64a178a3,69cd306029cce59b64a178a3,69cd306029cce59b64a178a4,0.0,0.0,0.0,0.0,0.0,0.0,0.0,0.0,0.0,0.0,0.0,0.0,0.0,0.0,0.0,0.0,0.0,0.9,0.1,0.0,0.0,0.0,0.0,0.0,0.0,0.0,0.0,0.0,0.0,0.0,140.0,400.0,4.0,1,0.02,0.03,60000,0.0,0.0,0.0,304.5612367969007,0.9138493915765049
69cd306029cce59b64a178a3,69cd306029cce59b64a178a3,69cd306029cce59b64a178a4,0.0,0.0,0.0,0.0,0.0,0.0,0.0,0.0,0.0,0.0,0.0,0.0,0.0,0.0,0.0,0.0,0.0,0.9,0.1,0.0,0.0,0.0,0.0,0.0,0.0,0.0,0.0,0.0,0.0,0.0,140.0,400.0,4.0,1,0.02,0.03,60000,0.0,0.0,0.0,319.85855780124996,0.9338423764940776
69cd306029cce59b64a178a3,69cd306029cce59b64a178a3,69cd306029cce59b64a178a4,0.0,0.0,0.0,0.0,0.0,0.0,0.0,0.0,0.0,0.0,0.0,0.0,0.0,0.0,0.0,0.0,0.0,0.9,0.1,0.0,0.0,0.0,0.0,0.0,0.0,0.0,0.0,0.0,0.0,0.0,140.0,400.0,4.0,1,0.02,0.03,60000,0.0,0.0,0.0,334.7154709257702,0.9519556790689727
69cd306029cce59b64a178a3,69cd306029cce59b64a178a3,69cd306029cce59b64a178a4,0.0,0.0,0.0,0.0,0.0,0.0,0.0,0.0,0.0,0.0,0.0,0.0,0.0,0.0,0.0,0.0,0.0,0.9,0.1,0.0,0.0,0.0,0.0,0.0,0.0,0.0,0.0,0.0,0.0,0.0,140.0,400.0,4.0,1,0.02,0.03,60000,0.0,0.0,0.0,349.7569533277292,0.9634766029013662
69cd306029cce59b64a178a3,69cd306029cce59b64a178a3,69cd306029cce59b64a178a4,0.0,0.0,0.0,0.0,0.0,0.0,0.0,0.0,0.0,0.0,0.0,0.0,0.0,0.0,0.0,0.0,0.0,0.9,0.1,0.0,0.0,0.0,0.0,0.0,0.0,0.0,0.0,0.0,0.0,0.0,140.0,400.0,4.0,1,0.02,0.03,60000,0.0,0.0,0.0,364.7180293117941,0.9726501722292673
69cd306029cce59b64a178a5,69cd306029cce59b64a178a5,69cd306129cce59b64a178a6,0.0,0.0,0.0,0.0,0.0,0.0,0.0,0.0,0.0,0.0,0.0,0.0,0.0,0.0,0.0,0.1,0.0,0.9,0.0,0.0,0.0,0.0,0.0,0.0,0.0,0.0,0.0,0.0,0.0,0.0,144.0,400.0,4.0,1,0.02,0.03,60000,0.0,0.0,0.0,154.87738021271153,0.01304985205371035
69cd306029cce59b64a178a5,69cd306029cce59b64a178a5,69cd306129cce59b64a178a6,0.0,0.0,0.0,0.0,0.0,0.0,0.0,0.0,0.0,0.0,0.0,0.0,0.0,0.0,0.0,0.1,0.0,0.9,0.0,0.0,0.0,0.0,0.0,0.0,0.0,0.0,0.0,0.0,0.0,0.0,144.0,400.0,4.0,1,0.02,0.03,60000,0.0,0.0,0.0,184.8689740872044,0.08470262346095386
69cd306029cce59b64a178a5,69cd306029cce59b64a178a5,69cd306129cce59b64a178a6,0.0,0.0,0.0,0.0,0.0,0.0,0.0,0.0,0.0,0.0,0.0,0.0,0.0,0.0,0.0,0.1,0.0,0.9,0.0,0.0,0.0,0.0,0.0,0.0,0.0,0.0,0.0,0.0,0.0,0.0,144.0,400.0,4.0,1,0.02,0.03,60000,0.0,0.0,0.0,199.68568400277766,0.3832753239978775
69cd306029cce59b64a178a5,69cd306029cce59b64a178a5,69cd306129cce59b64a178a6,0.0,0.0,0.0,0.0,0.0,0.0,0.0,0.0,0.0,0.0,0.0,0.0,0.0,0.0,0.0,0.1,0.0,0.9,0.0,0.0,0.0,0.0,0.0,0.0,0.0,0.0,0.0,0.0,0.0,0.0,144.0,400.0,4.0,1,0.02,0.03,60000,0.0,0.0,0.0,214.93183728664889,0.8250726240905125
69cd306029cce59b64a178a5,69cd306029cce59b64a178a5,69cd306129cce59b64a178a6,0.0,0.0,0.0,0.0,0.0,0.0,0.0,0.0,0.0,0.0,0.0,0.0,0.0,0.0,0.0,0.1,0.0,0.9,0.0,0.0,0.0,0.0,0.0,0.0,0.0,0.0,0.0,0.0,0.0,0.0,144.0,400.0,4.0,1,0.02,0.03,60000,0.0,0.0,0.0,229.83626329447023,0.913516624845983
69cd306029cce59b64a178a5,69cd306029cce59b64a178a5,69cd306129cce59b64a178a6,0.0,0.0,0.0,0.0,0.0,0.0,0.0,0.0,0.0,0.0,0.0,0.0,0.0,0.0,0.0,0.1,0.0,0.9,0.0,0.0,0.0,0.0,0.0,0.0,0.0,0.0,0.0,0.0,0.0,0.0,144.0,400.0,4.0,1,0.02,0.03,60000,0.0,0.0,0.0,244.72606995358356,0.9549235985574113
69cd306029cce59b64a178a5,69cd306029cce59b64a178a5,69cd306129cce59b64a178a6,0.0,0.0,0.0,0.0,0.0,0.0,0.0,0.0,0.0,0.0,0.0,0.0,0.0,0.0,0.0,0.1,0.0,0.9,0.0,0.0,0.0,0.0,0.0,0.0,0.0,0.0,0.0,0.0,0.0,0.0,144.0,400.0,4.0,1,0.02,0.03,60000,0.0,0.0,0.0,259.65059756587846,0.974916583474984
69cd306029cce59b64a178a5,69cd306029cce59b64a178a5,69cd306129cce59b64a178a6,0.0,0.0,0.0,0.0,0.0,0.0,0.0,0.0,0.0,0.0,0.0,0.0,0.0,0.0,0.0,0.1,0.0,0.9,0.0,0.0,0.0,0.0,0.0,0.0,0.0,0.0,0.0,0.0,0.0,0.0,144.0,400.0,4.0,1,0.02,0.03,60000,0.0,0.0,0.0,274.81451701326705,0.988101340959987
69cd306029cce59b64a178a5,69cd306029cce59b64a178a5,69cd306129cce59b64a178a6,0.0,0.0,0.0,0.0,0.0,0.0,0.0,0.0,0.0,0.0,0.0,0.0,0.0,0.0,0.0,0.1,0.0,0.9,0.0,0.0,0.0,0.0,0.0,0.0,0.0,0.0,0.0,0.0,0.0,0.0,144.0,400.0,4.0,1,0.02,0.03,60000,0.0,0.0,0.0,289.5325463250612,0.9921395102033475
69cd306029cce59b64a178a5,69cd306029cce59b64a178a5,69cd306129cce59b64a178a6,0.0,0.0,0.0,0.0,0.0,0.0,0.0,0.0,0.0,0.0,0.0,0.0,0.0,0.0,0.0,0.1,0.0,0.9,0.0,0.0,0.0,0.0,0.0,0.0,0.0,0.0,0.0,0.0,0.0,0.0,144.0,400.0,4.0,1,0.02,0.03,60000,0.0,0.0,0.0,304.5923029129052,0.9968072381260736
69cd306129cce59b64a178a7,69cd306129cce59b64a178a7,69cd306129cce59b64a178a8,0.0,0.0,0.0,0.0,0.0,0.0,0.0,0.0,0.0,0.0,0.0,0.0,0.0,0.0,0.0,0.0,0.0,1.0,0.0,0.0,0.0,0.0,0.0,0.0,0.0,0.0,0.0,0.0,0.0,0.0,166.0,400.0,4.0,1,0.02,0.03,60000,0.0,0.0,0.0,169.68678045393077,0.05108418998282204
69cd306129cce59b64a178a7,69cd306129cce59b64a178a7,69cd306129cce59b64a178a8,0.0,0.0,0.0,0.0,0.0,0.0,0.0,0.0,0.0,0.0,0.0,0.0,0.0,0.0,0.0,0.0,0.0,1.0,0.0,0.0,0.0,0.0,0.0,0.0,0.0,0.0,0.0,0.0,0.0,0.0,166.0,400.0,4.0,1,0.02,0.03,60000,0.0,0.0,0.0,199.99269032564598,0.11300578294615475
69cd306129cce59b64a178a7,69cd306129cce59b64a178a7,69cd306129cce59b64a178a8,0.0,0.0,0.0,0.0,0.0,0.0,0.0,0.0,0.0,0.0,0.0,0.0,0.0,0.0,0.0,0.0,0.0,1.0,0.0,0.0,0.0,0.0,0.0,0.0,0.0,0.0,0.0,0.0,0.0,0.0,166.0,400.0,4.0,1,0.02,0.03,60000,0.0,0.0,0.0,214.84777603157778,0.1777783773574724
69cd306129cce59b64a178a7,69cd306129cce59b64a178a7,69cd306129cce59b64a178a8,0.0,0.0,0.0,0.0,0.0,0.0,0.0,0.0,0.0,0.0,0.0,0.0,0.0,0.0,0.0,0.0,0.0,1.0,0.0,0.0,0.0,0.0,0.0,0.0,0.0,0.0,0.0,0.0,0.0,0.0,166.0,400.0,4.0,1,0.02,0.03,60000,0.0,0.0,0.0,230.03362450202843,0.27079117538605435
69cd306129cce59b64a178a7,69cd306129cce59b64a178a7,69cd306129cce59b64a178a8,0.0,0.0,0.0,0.0,0.0,0.0,0.0,0.0,0.0,0.0,0.0,0.0,0.0,0.0,0.0,0.0,0.0,1.0,0.0,0.0,0.0,0.0,0.0,0.0,0.0,0.0,0.0,0.0,0.0,0.0,166.0,400.0,4.0,1,0.02,0.03,60000,0.0,0.0,0.0,244.63104418698146,0.42305443883837435
69cd306129cce59b64a178a7,69cd306129cce59b64a178a7,69cd306129cce59b64a178a8,0.0,0.0,0.0,0.0,0.0,0.0,0.0,0.0,0.0,0.0,0.0,0.0,0.0,0.0,0.0,0.0,0.0,1.0,0.0,0.0,0.0,0.0,0.0,0.0,0.0,0.0,0.0,0.0,0.0,0.0,166.0,400.0,4.0,1,0.02,0.03,60000,0.0,0.0,0.0,259.7858265414276,0.5542904423998777
69cd306129cce59b64a178a7,69cd306129cce59b64a178a7,69cd306129cce59b64a178a8,0.0,0.0,0.0,0.0,0.0,0.0,0.0,0.0,0.0,0.0,0.0,0.0,0.0,0.0,0.0,0.0,0.0,1.0,0.0,0.0,0.0,0.0,0.0,0.0,0.0,0.0,0.0,0.0,0.0,0.0,166.0,400.0,4.0,1,0.02,0.03,60000,0.0,0.0,0.0,274.62994773582835,0.6798064556745722
69cd306129cce59b64a178a7,69cd306129cce59b64a178a7,69cd306129cce59b64a178a8,0.0,0.0,0.0,0.0,0.0,0.0,0.0,0.0,0.0,0.0,0.0,0.0,0.0,0.0,0.0,0.0,0.0,1.0,0.0,0.0,0.0,0.0,0.0,0.0,0.0,0.0,0.0,0.0,0.0,0.0,166.0,400.0,4.0,1,0.02,0.03,60000,0.0,0.0,0.0,289.90351229852706,0.7763717633938608
69cd306129cce59b64a178a7,69cd306129cce59b64a178a7,69cd306129cce59b64a178a8,0.0,0.0,0.0,0.0,0.0,0.0,0.0,0.0,0.0,0.0,0.0,0.0,0.0,0.0,0.0,0.0,0.0,1.0,0.0,0.0,0.0,0.0,0.0,0.0,0.0,0.0,0.0,0.0,0.0,0.0,166.0,400.0,4.0,1,0.02,0.03,60000,0.0,0.0,0.0,304.6599174006798,0.823354828265386
69cd306129cce59b64a178a7,69cd306129cce59b64a178a7,69cd306129cce59b64a178a8,0.0,0.0,0.0,0.0,0.0,0.0,0.0,0.0,0.0,0.0,0.0,0.0,0.0,0.0,0.0,0.0,0.0,1.0,0.0,0.0,0.0,0.0,0.0,0.0,0.0,0.0,0.0,0.0,0.0,0.0,166.0,400.0,4.0,1,0.02,0.03,60000,0.0,0.0,0.0,320.0321625671576,0.8761568140733347
69cd306129cce59b64a178a7,69cd306129cce59b64a178a7,69cd306129cce59b64a178a8,0.0,0.0,0.0,0.0,0.0,0.0,0.0,0.0,0.0,0.0,0.0,0.0,0.0,0.0,0.0,0.0,0.0,1.0,0.0,0.0,0.0,0.0,0.0,0.0,0.0,0.0,0.0,0.0,0.0,0.0,166.0,400.0,4.0,1,0.02,0.03,60000,0.0,0.0,0.0,334.6697854610577,0.9040732446554965
69cd306129cce59b64a178a7,69cd306129cce59b64a178a7,69cd306129cce59b64a178a8,0.0,0.0,0.0,0.0,0.0,0.0,0.0,0.0,0.0,0.0,0.0,0.0,0.0,0.0,0.0,0.0,0.0,1.0,0.0,0.0,0.0,0.0,0.0,0.0,0.0,0.0,0.0,0.0,0.0,0.0,166.0,400.0,4.0,1,0.02,0.03,60000,0.0,0.0,0.0,349.98172581411495,0.9299660937682686
69cd306129cce59b64a178a7,69cd306129cce59b64a178a7,69cd306129cce59b64a178a8,0.0,0.0,0.0,0.0,0.0,0.0,0.0,0.0,0.0,0.0,0.0,0.0,0.0,0.0,0.0,0.0,0.0,1.0,0.0,0.0,0.0,0.0,0.0,0.0,0.0,0.0,0.0,0.0,0.0,0.0,166.0,400.0,4.0,1,0.02,0.03,60000,0.0,0.0,0.0,364.73630349767916,0.9462177013913247
69cd306129cce59b64a178a7,69cd306129cce59b64a178a7,69cd306129cce59b64a178a8,0.0,0.0,0.0,0.0,0.0,0.0,0.0,0.0,0.0,0.0,0.0,0.0,0.0,0.0,0.0,0.0,0.0,1.0,0.0,0.0,0.0,0.0,0.0,0.0,0.0,0.0,0.0,0.0,0.0,0.0,166.0,400.0,4.0,1,0.02,0.03,60000,0.0,0.0,0.0,380.06651803662146,0.9613810718686202
